user,rating_bucket,attempts,solved,solve_rate,user_avg_rating,target_bucket,target
-1e11,800,452,450,0.9956,1493.57,1400,0
-1e11,1000,193,191,0.9896,1493.57,1400,0
-1e11,1200,212,210,0.9906,1493.57,1400,0
-1e11,1400,230,225,0.9783,1493.57,1400,1
-1e11,1600,228,221,0.9693,1493.57,1400,0
-1e11,1800,224,212,0.9464,1493.57,1400,0
-1e11,2000,176,163,0.9261,1493.57,1400,0
-1e11,2200,146,123,0.8425,1493.57,1400,0
-1e11,2400,117,100,0.8547,1493.57,1400,0
-1e11,2600,42,28,0.6667,1493.57,1400,0
-1e11,2800,21,12,0.5714,1493.57,1400,0
-1e11,3000,8,2,0.25,1493.57,1400,0
-1e11,3200,6,5,0.8333,1493.57,1400,0
-1e11,3400,1,1,1.0,1493.57,1400,0
-Armageddon-,800,22,22,1.0,1490.29,1400,0
-Armageddon-,1000,13,13,1.0,1490.29,1400,0
-Armageddon-,1200,13,13,1.0,1490.29,1400,0
-Armageddon-,1400,9,8,0.8889,1490.29,1400,1
-Armageddon-,1600,13,13,1.0,1490.29,1400,0
-Armageddon-,1800,11,10,0.9091,1490.29,1400,0
-Armageddon-,2000,7,7,1.0,1490.29,1400,0
-Armageddon-,2200,11,8,0.7273,1490.29,1400,0
-Armageddon-,2400,7,7,1.0,1490.29,1400,0
-Armageddon-,2600,5,1,0.2,1490.29,1400,0
-Armageddon-,2800,2,1,0.5,1490.29,1400,0
-Armageddon-,3200,2,0,0.0,1490.29,1400,0
-Armageddon-,3400,1,0,0.0,1490.29,1400,0
-Shu-,800,50,50,1.0,1611.52,1600,0
-Shu-,1000,24,23,0.9583,1611.52,1600,0
-Shu-,1200,37,37,1.0,1611.52,1600,0
-Shu-,1400,23,23,1.0,1611.52,1600,0
-Shu-,1600,28,28,1.0,1611.52,1600,1
-Shu-,1800,31,31,1.0,1611.52,1600,0
-Shu-,2000,17,16,0.9412,1611.52,1600,0
-Shu-,2200,30,27,0.9,1611.52,1600,0
-Shu-,2400,15,15,1.0,1611.52,1600,0
-Shu-,2600,6,6,1.0,1611.52,1600,0
-Shu-,2800,8,8,1.0,1611.52,1600,0
-Shu-,3000,3,3,1.0,1611.52,1600,0
-Shu-,3200,2,2,1.0,1611.52,1600,0
-firefly-,800,240,238,0.9917,1475.98,1400,0
-firefly-,1000,104,104,1.0,1475.98,1400,0
-firefly-,1200,109,107,0.9817,1475.98,1400,0
-firefly-,1400,108,105,0.9722,1475.98,1400,1
-firefly-,1600,125,124,0.992,1475.98,1400,0
-firefly-,1800,138,133,0.9638,1475.98,1400,0
-firefly-,2000,94,87,0.9255,1475.98,1400,0
-firefly-,2200,86,80,0.9302,1475.98,1400,0
-firefly-,2400,36,30,0.8333,1475.98,1400,0
-firefly-,2600,10,7,0.7,1475.98,1400,0
-firefly-,2800,5,3,0.6,1475.98,1400,0
-firefly-,3000,1,1,1.0,1475.98,1400,0
-firefly-,3200,1,1,1.0,1475.98,1400,0
0.1w33hw3,800,109,107,0.9817,1821.81,1800,0
0.1w33hw3,1000,44,42,0.9545,1821.81,1800,0
0.1w33hw3,1200,49,48,0.9796,1821.81,1800,0
0.1w33hw3,1400,55,53,0.9636,1821.81,1800,0
0.1w33hw3,1600,59,57,0.9661,1821.81,1800,0
0.1w33hw3,1800,56,55,0.9821,1821.81,1800,1
0.1w33hw3,2000,55,55,1.0,1821.81,1800,0
0.1w33hw3,2200,62,60,0.9677,1821.81,1800,0
0.1w33hw3,2400,65,63,0.9692,1821.81,1800,0
0.1w33hw3,2600,42,42,1.0,1821.81,1800,0
0.1w33hw3,2800,35,34,0.9714,1821.81,1800,0
0.1w33hw3,3000,23,23,1.0,1821.81,1800,0
0.1w33hw3,3200,9,7,0.7778,1821.81,1800,0
0.1w33hw3,3400,6,5,0.8333,1821.81,1800,0
08kevin,800,76,75,0.9868,1594.76,1400,0
08kevin,1000,31,31,1.0,1594.76,1400,0
08kevin,1200,26,26,1.0,1594.76,1400,0
08kevin,1400,19,19,1.0,1594.76,1400,1
08kevin,1600,25,25,1.0,1594.76,1400,0
08kevin,1800,26,25,0.9615,1594.76,1400,0
08kevin,2000,21,20,0.9524,1594.76,1400,0
08kevin,2200,16,15,0.9375,1594.76,1400,0
08kevin,2400,21,16,0.7619,1594.76,1400,0
08kevin,2600,9,9,1.0,1594.76,1400,0
08kevin,2800,11,9,0.8182,1594.76,1400,0
08kevin,3000,9,7,0.7778,1594.76,1400,0
08kevin,3200,3,3,1.0,1594.76,1400,0
08kevin,3400,6,6,1.0,1594.76,1400,0
0htoAi,800,83,83,1.0,1465.08,1400,0
0htoAi,1000,32,32,1.0,1465.08,1400,0
0htoAi,1200,37,37,1.0,1465.08,1400,0
0htoAi,1400,28,27,0.9643,1465.08,1400,1
0htoAi,1600,30,30,1.0,1465.08,1400,0
0htoAi,1800,46,43,0.9348,1465.08,1400,0
0htoAi,2000,28,23,0.8214,1465.08,1400,0
0htoAi,2200,18,16,0.8889,1465.08,1400,0
0htoAi,2400,14,11,0.7857,1465.08,1400,0
0htoAi,2600,7,5,0.7143,1465.08,1400,0
0htoAi,2800,7,7,1.0,1465.08,1400,0
0htoAi,3000,2,1,0.5,1465.08,1400,0
0wuming0,800,304,304,1.0,1765.61,1600,0
0wuming0,1000,184,184,1.0,1765.61,1600,0
0wuming0,1200,172,172,1.0,1765.61,1600,0
0wuming0,1400,183,183,1.0,1765.61,1600,0
0wuming0,1600,211,211,1.0,1765.61,1600,1
0wuming0,1800,214,214,1.0,1765.61,1600,0
0wuming0,2000,218,218,1.0,1765.61,1600,0
0wuming0,2200,216,216,1.0,1765.61,1600,0
0wuming0,2400,195,195,1.0,1765.61,1600,0
0wuming0,2600,110,110,1.0,1765.61,1600,0
0wuming0,2800,67,67,1.0,1765.61,1600,0
0wuming0,3000,42,42,1.0,1765.61,1600,0
0wuming0,3200,21,21,1.0,1765.61,1600,0
0wuming0,3400,9,9,1.0,1765.61,1600,0
0x0c5cbae8,800,60,60,1.0,1630.61,1600,0
0x0c5cbae8,1000,36,36,1.0,1630.61,1600,0
0x0c5cbae8,1200,32,32,1.0,1630.61,1600,0
0x0c5cbae8,1400,35,35,1.0,1630.61,1600,0
0x0c5cbae8,1600,51,51,1.0,1630.61,1600,1
0x0c5cbae8,1800,47,46,0.9787,1630.61,1600,0
0x0c5cbae8,2000,40,39,0.975,1630.61,1600,0
0x0c5cbae8,2200,41,41,1.0,1630.61,1600,0
0x0c5cbae8,2400,27,24,0.8889,1630.61,1600,0
0x0c5cbae8,2600,11,11,1.0,1630.61,1600,0
0x0c5cbae8,2800,4,4,1.0,1630.61,1600,0
111445,800,30,30,1.0,1711.76,1600,0
111445,1000,15,15,1.0,1711.76,1600,0
111445,1200,21,21,1.0,1711.76,1600,0
111445,1400,13,13,1.0,1711.76,1600,0
111445,1600,11,11,1.0,1711.76,1600,1
111445,1800,16,16,1.0,1711.76,1600,0
111445,2000,16,16,1.0,1711.76,1600,0
111445,2200,9,9,1.0,1711.76,1600,0
111445,2400,16,16,1.0,1711.76,1600,0
111445,2600,11,10,0.9091,1711.76,1600,0
111445,2800,12,9,0.75,1711.76,1600,0
111445,3000,4,3,0.75,1711.76,1600,0
111445,3200,2,1,0.5,1711.76,1600,0
1225Xia,800,32,32,1.0,1941.57,1800,0
1225Xia,1000,11,11,1.0,1941.57,1800,0
1225Xia,1200,15,14,0.9333,1941.57,1800,0
1225Xia,1400,11,10,0.9091,1941.57,1800,0
1225Xia,1600,14,13,0.9286,1941.57,1800,0
1225Xia,1800,7,4,0.5714,1941.57,1800,1
1225Xia,2000,14,14,1.0,1941.57,1800,0
1225Xia,2200,10,7,0.7,1941.57,1800,0
1225Xia,2400,12,11,0.9167,1941.57,1800,0
1225Xia,2600,13,11,0.8462,1941.57,1800,0
1225Xia,2800,13,11,0.8462,1941.57,1800,0
1225Xia,3000,11,9,0.8182,1941.57,1800,0
1225Xia,3200,9,8,0.8889,1941.57,1800,0
1225Xia,3400,12,11,0.9167,1941.57,1800,0
1459007298,800,322,320,0.9938,1534.52,1400,0
1459007298,1000,143,143,1.0,1534.52,1400,0
1459007298,1200,130,130,1.0,1534.52,1400,0
1459007298,1400,130,130,1.0,1534.52,1400,1
1459007298,1600,146,145,0.9932,1534.52,1400,0
1459007298,1800,126,121,0.9603,1534.52,1400,0
1459007298,2000,118,106,0.8983,1534.52,1400,0
1459007298,2200,114,104,0.9123,1534.52,1400,0
1459007298,2400,98,87,0.8878,1534.52,1400,0
1459007298,2600,43,37,0.8605,1534.52,1400,0
1459007298,2800,21,19,0.9048,1534.52,1400,0
1459007298,3000,8,7,0.875,1534.52,1400,0
1459007298,3200,4,4,1.0,1534.52,1400,0
1459007298,3400,4,0,0.0,1534.52,1400,0
2026_revenger,800,18,18,1.0,1531.17,1400,0
2026_revenger,1000,9,9,1.0,1531.17,1400,0
2026_revenger,1200,9,9,1.0,1531.17,1400,0
2026_revenger,1400,5,5,1.0,1531.17,1400,1
2026_revenger,1600,5,5,1.0,1531.17,1400,0
2026_revenger,1800,9,9,1.0,1531.17,1400,0
2026_revenger,2000,5,5,1.0,1531.17,1400,0
2026_revenger,2200,8,8,1.0,1531.17,1400,0
2026_revenger,2400,7,7,1.0,1531.17,1400,0
2026_revenger,2600,3,2,0.6667,1531.17,1400,0
24Records,800,28,28,1.0,1257.32,1200,0
24Records,1000,12,11,0.9167,1257.32,1200,0
24Records,1200,12,12,1.0,1257.32,1200,1
24Records,1400,12,12,1.0,1257.32,1200,0
24Records,1600,6,6,1.0,1257.32,1200,0
24Records,1800,6,6,1.0,1257.32,1200,0
24Records,2000,6,4,0.6667,1257.32,1200,0
24Records,2200,3,3,1.0,1257.32,1200,0
24Records,2600,1,0,0.0,1257.32,1200,0
24Records,2800,1,0,0.0,1257.32,1200,0
24Records,3200,1,0,0.0,1257.32,1200,0
2730883287,800,236,236,1.0,1647.49,1600,0
2730883287,1000,105,105,1.0,1647.49,1600,0
2730883287,1200,102,102,1.0,1647.49,1600,0
2730883287,1400,91,88,0.967,1647.49,1600,0
2730883287,1600,101,99,0.9802,1647.49,1600,1
2730883287,1800,101,99,0.9802,1647.49,1600,0
2730883287,2000,156,150,0.9615,1647.49,1600,0
2730883287,2200,135,134,0.9926,1647.49,1600,0
2730883287,2400,125,124,0.992,1647.49,1600,0
2730883287,2600,43,43,1.0,1647.49,1600,0
2730883287,2800,12,11,0.9167,1647.49,1600,0
2730883287,3000,3,2,0.6667,1647.49,1600,0
2730883287,3200,1,1,1.0,1647.49,1600,0
2sqrt3,800,5,5,1.0,1490.91,1400,0
2sqrt3,1000,2,2,1.0,1490.91,1400,0
2sqrt3,1200,4,4,1.0,1490.91,1400,0
2sqrt3,1400,1,1,1.0,1490.91,1400,1
2sqrt3,1600,2,2,1.0,1490.91,1400,0
2sqrt3,1800,4,3,0.75,1490.91,1400,0
2sqrt3,2000,1,1,1.0,1490.91,1400,0
2sqrt3,2200,3,3,1.0,1490.91,1400,0
2sqrt3,2600,2,1,0.5,1490.91,1400,0
2sqrt3,2800,1,0,0.0,1490.91,1400,0
300iq,800,251,249,0.992,1640.65,1600,0
300iq,1000,158,153,0.9684,1640.65,1600,0
300iq,1200,163,145,0.8896,1640.65,1600,0
300iq,1400,151,138,0.9139,1640.65,1600,0
300iq,1600,162,152,0.9383,1640.65,1600,1
300iq,1800,146,132,0.9041,1640.65,1600,0
300iq,2000,151,133,0.8808,1640.65,1600,0
300iq,2200,112,90,0.8036,1640.65,1600,0
300iq,2400,109,95,0.8716,1640.65,1600,0
300iq,2600,72,53,0.7361,1640.65,1600,0
300iq,2800,51,39,0.7647,1640.65,1600,0
300iq,3000,32,23,0.7188,1640.65,1600,0
300iq,3200,26,16,0.6154,1640.65,1600,0
300iq,3400,11,4,0.3636,1640.65,1600,0
36champ,800,597,596,0.9983,1443.93,1400,0
36champ,1000,238,237,0.9958,1443.93,1400,0
36champ,1200,286,286,1.0,1443.93,1400,0
36champ,1400,281,277,0.9858,1443.93,1400,1
36champ,1600,266,264,0.9925,1443.93,1400,0
36champ,1800,259,250,0.9653,1443.93,1400,0
36champ,2000,200,193,0.965,1443.93,1400,0
36champ,2200,156,146,0.9359,1443.93,1400,0
36champ,2400,99,86,0.8687,1443.93,1400,0
36champ,2600,30,22,0.7333,1443.93,1400,0
36champ,2800,11,8,0.7273,1443.93,1400,0
36champ,3000,6,3,0.5,1443.93,1400,0
36champ,3200,6,4,0.6667,1443.93,1400,0
36champ,3400,3,0,0.0,1443.93,1400,0
79brue,800,88,84,0.9545,1623.55,1600,0
79brue,1000,33,33,1.0,1623.55,1600,0
79brue,1200,60,58,0.9667,1623.55,1600,0
79brue,1400,60,58,0.9667,1623.55,1600,0
79brue,1600,65,63,0.9692,1623.55,1600,1
79brue,1800,70,64,0.9143,1623.55,1600,0
79brue,2000,46,38,0.8261,1623.55,1600,0
79brue,2200,51,41,0.8039,1623.55,1600,0
79brue,2400,41,35,0.8537,1623.55,1600,0
79brue,2600,23,17,0.7391,1623.55,1600,0
79brue,2800,16,9,0.5625,1623.55,1600,0
79brue,3000,1,0,0.0,1623.55,1600,0
79brue,3200,3,1,0.3333,1623.55,1600,0
8Conan8,800,80,80,1.0,1697.57,1600,0
8Conan8,1000,26,26,1.0,1697.57,1600,0
8Conan8,1200,33,33,1.0,1697.57,1600,0
8Conan8,1400,19,19,1.0,1697.57,1600,0
8Conan8,1600,31,31,1.0,1697.57,1600,1
8Conan8,1800,43,42,0.9767,1697.57,1600,0
8Conan8,2000,30,29,0.9667,1697.57,1600,0
8Conan8,2200,35,34,0.9714,1697.57,1600,0
8Conan8,2400,44,42,0.9545,1697.57,1600,0
8Conan8,2600,11,10,0.9091,1697.57,1600,0
8Conan8,2800,18,15,0.8333,1697.57,1600,0
8Conan8,3000,5,5,1.0,1697.57,1600,0
8Conan8,3200,4,4,1.0,1697.57,1600,0
8Conan8,3400,2,1,0.5,1697.57,1600,0
A.D.,800,297,294,0.9899,1489.0,1400,0
A.D.,1000,167,161,0.9641,1489.0,1400,0
A.D.,1200,166,162,0.9759,1489.0,1400,0
A.D.,1400,186,176,0.9462,1489.0,1400,1
A.D.,1600,174,165,0.9483,1489.0,1400,0
A.D.,1800,138,129,0.9348,1489.0,1400,0
A.D.,2000,116,105,0.9052,1489.0,1400,0
A.D.,2200,92,88,0.9565,1489.0,1400,0
A.D.,2400,80,74,0.925,1489.0,1400,0
A.D.,2600,31,28,0.9032,1489.0,1400,0
A.D.,2800,10,8,0.8,1489.0,1400,0
A.D.,3000,1,1,1.0,1489.0,1400,0
A.D.,3200,1,0,0.0,1489.0,1400,0
A.D.,3400,1,0,0.0,1489.0,1400,0
A10ne,800,8,8,1.0,1688.24,1600,0
A10ne,1000,2,2,1.0,1688.24,1600,0
A10ne,1200,4,4,1.0,1688.24,1600,0
A10ne,1400,1,1,1.0,1688.24,1600,0
A10ne,1600,1,1,1.0,1688.24,1600,1
A10ne,1800,5,5,1.0,1688.24,1600,0
A10ne,2000,3,3,1.0,1688.24,1600,0
A10ne,2200,2,2,1.0,1688.24,1600,0
A10ne,2400,3,3,1.0,1688.24,1600,0
A10ne,2600,5,5,1.0,1688.24,1600,0
AA-2007,800,43,43,1.0,1838.97,1800,0
AA-2007,1000,20,20,1.0,1838.97,1800,0
AA-2007,1200,27,27,1.0,1838.97,1800,0
AA-2007,1400,14,14,1.0,1838.97,1800,0
AA-2007,1600,21,21,1.0,1838.97,1800,0
AA-2007,1800,25,25,1.0,1838.97,1800,1
AA-2007,2000,22,22,1.0,1838.97,1800,0
AA-2007,2200,20,20,1.0,1838.97,1800,0
AA-2007,2400,24,24,1.0,1838.97,1800,0
AA-2007,2600,20,20,1.0,1838.97,1800,0
AA-2007,2800,24,24,1.0,1838.97,1800,0
AA-2007,3000,6,6,1.0,1838.97,1800,0
AA-2007,3200,4,4,1.0,1838.97,1800,0
AA-2007,3400,2,2,1.0,1838.97,1800,0
AAhaoxuan,800,60,57,0.95,1663.04,1600,0
AAhaoxuan,1000,27,27,1.0,1663.04,1600,0
AAhaoxuan,1200,33,31,0.9394,1663.04,1600,0
AAhaoxuan,1400,24,24,1.0,1663.04,1600,0
AAhaoxuan,1600,26,21,0.8077,1663.04,1600,1
AAhaoxuan,1800,18,15,0.8333,1663.04,1600,0
AAhaoxuan,2000,26,26,1.0,1663.04,1600,0
AAhaoxuan,2200,23,18,0.7826,1663.04,1600,0
AAhaoxuan,2400,27,24,0.8889,1663.04,1600,0
AAhaoxuan,2600,18,14,0.7778,1663.04,1600,0
AAhaoxuan,2800,9,6,0.6667,1663.04,1600,0
AAhaoxuan,3000,14,12,0.8571,1663.04,1600,0
AAhaoxuan,3400,3,1,0.3333,1663.04,1600,0
AIGAL30H7WM97CI,800,93,92,0.9892,1602.15,1600,0
AIGAL30H7WM97CI,1000,39,37,0.9487,1602.15,1600,0
AIGAL30H7WM97CI,1200,46,46,1.0,1602.15,1600,0
AIGAL30H7WM97CI,1400,37,37,1.0,1602.15,1600,0
AIGAL30H7WM97CI,1600,46,43,0.9348,1602.15,1600,1
AIGAL30H7WM97CI,1800,57,53,0.9298,1602.15,1600,0
AIGAL30H7WM97CI,2000,72,67,0.9306,1602.15,1600,0
AIGAL30H7WM97CI,2200,58,53,0.9138,1602.15,1600,0
AIGAL30H7WM97CI,2400,31,26,0.8387,1602.15,1600,0
AIGAL30H7WM97CI,2600,9,8,0.8889,1602.15,1600,0
AIGAL30H7WM97CI,2800,2,2,1.0,1602.15,1600,0
AIGAL30H7WM97CI,3000,2,2,1.0,1602.15,1600,0
AKSLEGION,800,203,203,1.0,1346.68,1200,0
AKSLEGION,1000,105,105,1.0,1346.68,1200,0
AKSLEGION,1200,96,96,1.0,1346.68,1200,1
AKSLEGION,1400,112,112,1.0,1346.68,1200,0
AKSLEGION,1600,97,97,1.0,1346.68,1200,0
AKSLEGION,1800,83,76,0.9157,1346.68,1200,0
AKSLEGION,2000,60,44,0.7333,1346.68,1200,0
AKSLEGION,2200,36,22,0.6111,1346.68,1200,0
AKSLEGION,2400,21,13,0.619,1346.68,1200,0
AKSLEGION,2600,3,1,0.3333,1346.68,1200,0
AKSLEGION,3000,1,0,0.0,1346.68,1200,0
AKSLEGION,3200,1,0,0.0,1346.68,1200,0
ALAov,800,164,163,0.9939,1521.41,1400,0
ALAov,1000,74,71,0.9595,1521.41,1400,0
ALAov,1200,79,77,0.9747,1521.41,1400,0
ALAov,1400,67,60,0.8955,1521.41,1400,1
ALAov,1600,57,48,0.8421,1521.41,1400,0
ALAov,1800,84,76,0.9048,1521.41,1400,0
ALAov,2000,62,53,0.8548,1521.41,1400,0
ALAov,2200,55,48,0.8727,1521.41,1400,0
ALAov,2400,44,40,0.9091,1521.41,1400,0
ALAov,2600,16,12,0.75,1521.41,1400,0
ALAov,2800,16,14,0.875,1521.41,1400,0
ALAov,3000,3,3,1.0,1521.41,1400,0
ALAov,3200,3,3,1.0,1521.41,1400,0
ALPHAwule,800,45,45,1.0,1319.55,1200,0
ALPHAwule,1000,21,19,0.9048,1319.55,1200,0
ALPHAwule,1200,24,20,0.8333,1319.55,1200,1
ALPHAwule,1400,12,9,0.75,1319.55,1200,0
ALPHAwule,1600,13,8,0.6154,1319.55,1200,0
ALPHAwule,1800,21,10,0.4762,1319.55,1200,0
ALPHAwule,2000,15,11,0.7333,1319.55,1200,0
ALPHAwule,2200,9,4,0.4444,1319.55,1200,0
ALPHAwule,2400,10,3,0.3,1319.55,1200,0
ALPHAwule,2600,4,2,0.5,1319.55,1200,0
ALPHAwule,2800,4,1,0.25,1319.55,1200,0
ALPHAwule,3000,1,1,1.0,1319.55,1200,0
A_G,800,619,618,0.9984,1826.85,1800,0
A_G,1000,273,273,1.0,1826.85,1800,0
A_G,1200,272,272,1.0,1826.85,1800,0
A_G,1400,234,234,1.0,1826.85,1800,0
A_G,1600,265,265,1.0,1826.85,1800,0
A_G,1800,253,252,0.996,1826.85,1800,1
A_G,2000,220,220,1.0,1826.85,1800,0
A_G,2200,222,220,0.991,1826.85,1800,0
A_G,2400,271,271,1.0,1826.85,1800,0
A_G,2600,202,202,1.0,1826.85,1800,0
A_G,2800,160,160,1.0,1826.85,1800,0
A_G,3000,119,118,0.9916,1826.85,1800,0
A_G,3200,118,118,1.0,1826.85,1800,0
A_G,3400,104,103,0.9904,1826.85,1800,0
Acheronlt,800,11,10,0.9091,2147.3,2000,0
Acheronlt,1000,6,5,0.8333,2147.3,2000,0
Acheronlt,1200,5,4,0.8,2147.3,2000,0
Acheronlt,1400,3,3,1.0,2147.3,2000,0
Acheronlt,1600,6,6,1.0,2147.3,2000,0
Acheronlt,1800,3,0,0.0,2147.3,2000,0
Acheronlt,2000,6,6,1.0,2147.3,2000,1
Acheronlt,2200,6,5,0.8333,2147.3,2000,0
Acheronlt,2400,7,4,0.5714,2147.3,2000,0
Acheronlt,2600,6,6,1.0,2147.3,2000,0
Acheronlt,2800,9,8,0.8889,2147.3,2000,0
Acheronlt,3000,11,10,0.9091,2147.3,2000,0
Acheronlt,3200,4,4,1.0,2147.3,2000,0
Acheronlt,3400,4,3,0.75,2147.3,2000,0
AdamAlt,800,16,16,1.0,1411.48,1400,0
AdamAlt,1000,6,5,0.8333,1411.48,1400,0
AdamAlt,1200,12,10,0.8333,1411.48,1400,0
AdamAlt,1400,8,8,1.0,1411.48,1400,1
AdamAlt,1600,9,7,0.7778,1411.48,1400,0
AdamAlt,1800,7,5,0.7143,1411.48,1400,0
AdamAlt,2000,8,6,0.75,1411.48,1400,0
AdamAlt,2200,4,1,0.25,1411.48,1400,0
AdamAlt,2400,5,1,0.2,1411.48,1400,0
AdamAlt,2600,1,1,1.0,1411.48,1400,0
AdamAlt,3000,3,1,0.3333,1411.48,1400,0
AdamAlt,3200,2,0,0.0,1411.48,1400,0
AdamAlt,3400,1,0,0.0,1411.48,1400,0
Adam_GS,800,590,584,0.9898,1471.78,1400,0
Adam_GS,1000,208,199,0.9567,1471.78,1400,0
Adam_GS,1200,171,165,0.9649,1471.78,1400,0
Adam_GS,1400,160,154,0.9625,1471.78,1400,1
Adam_GS,1600,142,136,0.9577,1471.78,1400,0
Adam_GS,1800,163,140,0.8589,1471.78,1400,0
Adam_GS,2000,137,126,0.9197,1471.78,1400,0
Adam_GS,2200,122,112,0.918,1471.78,1400,0
Adam_GS,2400,94,80,0.8511,1471.78,1400,0
Adam_GS,2600,75,66,0.88,1471.78,1400,0
Adam_GS,2800,51,40,0.7843,1471.78,1400,0
Adam_GS,3000,30,24,0.8,1471.78,1400,0
Adam_GS,3200,16,11,0.6875,1471.78,1400,0
Adam_GS,3400,7,2,0.2857,1471.78,1400,0
Adrian_B,800,31,30,0.9677,1522.3,1400,0
Adrian_B,1000,13,13,1.0,1522.3,1400,0
Adrian_B,1200,17,16,0.9412,1522.3,1400,0
Adrian_B,1400,13,13,1.0,1522.3,1400,1
Adrian_B,1600,13,13,1.0,1522.3,1400,0
Adrian_B,1800,20,18,0.9,1522.3,1400,0
Adrian_B,2000,15,15,1.0,1522.3,1400,0
Adrian_B,2200,10,9,0.9,1522.3,1400,0
Adrian_B,2400,15,11,0.7333,1522.3,1400,0
Adrian_B,2600,1,1,1.0,1522.3,1400,0
Adrian_B,2800,2,0,0.0,1522.3,1400,0
Aegleseekers,800,38,38,1.0,1362.5,1200,0
Aegleseekers,1000,17,17,1.0,1362.5,1200,0
Aegleseekers,1200,18,18,1.0,1362.5,1200,1
Aegleseekers,1400,20,20,1.0,1362.5,1200,0
Aegleseekers,1600,9,9,1.0,1362.5,1200,0
Aegleseekers,1800,20,17,0.85,1362.5,1200,0
Aegleseekers,2000,9,6,0.6667,1362.5,1200,0
Aegleseekers,2200,5,5,1.0,1362.5,1200,0
Aegleseekers,2400,4,4,1.0,1362.5,1200,0
Aegleseekers,2600,3,2,0.6667,1362.5,1200,0
Aegleseekers,2800,1,0,0.0,1362.5,1200,0
Aestivate,800,495,493,0.996,1474.36,1400,0
Aestivate,1000,208,203,0.976,1474.36,1400,0
Aestivate,1200,187,186,0.9947,1474.36,1400,0
Aestivate,1400,182,178,0.978,1474.36,1400,1
Aestivate,1600,215,209,0.9721,1474.36,1400,0
Aestivate,1800,206,199,0.966,1474.36,1400,0
Aestivate,2000,167,160,0.9581,1474.36,1400,0
Aestivate,2200,146,137,0.9384,1474.36,1400,0
Aestivate,2400,116,98,0.8448,1474.36,1400,0
Aestivate,2600,32,24,0.75,1474.36,1400,0
Aestivate,2800,13,11,0.8462,1474.36,1400,0
Aestivate,3000,8,5,0.625,1474.36,1400,0
Aestivate,3200,1,0,0.0,1474.36,1400,0
Aink,800,62,62,1.0,1328.1,1200,0
Aink,1000,28,28,1.0,1328.1,1200,0
Aink,1200,28,28,1.0,1328.1,1200,1
Aink,1400,24,22,0.9167,1328.1,1200,0
Aink,1600,24,24,1.0,1328.1,1200,0
Aink,1800,27,25,0.9259,1328.1,1200,0
Aink,2000,15,10,0.6667,1328.1,1200,0
Aink,2200,9,8,0.8889,1328.1,1200,0
Aink,2400,7,2,0.2857,1328.1,1200,0
Aink,2600,2,0,0.0,1328.1,1200,0
Aink,2800,1,0,0.0,1328.1,1200,0
Aink,3000,1,1,1.0,1328.1,1200,0
AkramElOmrani,800,385,380,0.987,1417.3,1400,0
AkramElOmrani,1000,172,170,0.9884,1417.3,1400,0
AkramElOmrani,1200,141,131,0.9291,1417.3,1400,0
AkramElOmrani,1400,136,132,0.9706,1417.3,1400,1
AkramElOmrani,1600,177,173,0.9774,1417.3,1400,0
AkramElOmrani,1800,185,175,0.9459,1417.3,1400,0
AkramElOmrani,2000,132,121,0.9167,1417.3,1400,0
AkramElOmrani,2200,81,72,0.8889,1417.3,1400,0
AkramElOmrani,2400,46,35,0.7609,1417.3,1400,0
AkramElOmrani,2600,16,12,0.75,1417.3,1400,0
AkramElOmrani,2800,3,3,1.0,1417.3,1400,0
AkramElOmrani,3000,3,1,0.3333,1417.3,1400,0
Akulyat,800,442,439,0.9932,1628.6,1600,0
Akulyat,1000,239,239,1.0,1628.6,1600,0
Akulyat,1200,299,295,0.9866,1628.6,1600,0
Akulyat,1400,281,278,0.9893,1628.6,1600,0
Akulyat,1600,321,316,0.9844,1628.6,1600,1
Akulyat,1800,309,301,0.9741,1628.6,1600,0
Akulyat,2000,285,272,0.9544,1628.6,1600,0
Akulyat,2200,220,206,0.9364,1628.6,1600,0
Akulyat,2400,216,193,0.8935,1628.6,1600,0
Akulyat,2600,117,98,0.8376,1628.6,1600,0
Akulyat,2800,59,41,0.6949,1628.6,1600,0
Akulyat,3000,30,15,0.5,1628.6,1600,0
Akulyat,3200,5,3,0.6,1628.6,1600,0
Akulyat,3400,4,3,0.75,1628.6,1600,0
Aldk,800,517,514,0.9942,1450.21,1400,0
Aldk,1000,203,196,0.9655,1450.21,1400,0
Aldk,1200,267,265,0.9925,1450.21,1400,0
Aldk,1400,163,162,0.9939,1450.21,1400,1
Aldk,1600,167,164,0.982,1450.21,1400,0
Aldk,1800,178,168,0.9438,1450.21,1400,0
Aldk,2000,213,203,0.9531,1450.21,1400,0
Aldk,2200,126,116,0.9206,1450.21,1400,0
Aldk,2400,96,83,0.8646,1450.21,1400,0
Aldk,2600,33,28,0.8485,1450.21,1400,0
Aldk,2800,17,10,0.5882,1450.21,1400,0
Aldk,3000,8,4,0.5,1450.21,1400,0
Aldk,3200,1,1,1.0,1450.21,1400,0
Aldk,3400,2,2,1.0,1450.21,1400,0
AlesL0,800,127,123,0.9685,1349.47,1200,0
AlesL0,1000,44,39,0.8864,1349.47,1200,0
AlesL0,1200,46,43,0.9348,1349.47,1200,1
AlesL0,1400,50,47,0.94,1349.47,1200,0
AlesL0,1600,46,39,0.8478,1349.47,1200,0
AlesL0,1800,38,32,0.8421,1349.47,1200,0
AlesL0,2000,38,29,0.7632,1349.47,1200,0
AlesL0,2200,25,17,0.68,1349.47,1200,0
AlesL0,2400,10,6,0.6,1349.47,1200,0
AlesL0,2600,6,5,0.8333,1349.47,1200,0
AlesL0,2800,2,0,0.0,1349.47,1200,0
AlexSkv,800,35,31,0.8857,1217.05,1200,0
AlexSkv,1000,16,15,0.9375,1217.05,1200,0
AlexSkv,1200,16,15,0.9375,1217.05,1200,1
AlexSkv,1400,7,6,0.8571,1217.05,1200,0
AlexSkv,1600,11,8,0.7273,1217.05,1200,0
AlexSkv,1800,11,8,0.7273,1217.05,1200,0
AlexSkv,2000,5,2,0.4,1217.05,1200,0
AlexSkv,2200,5,3,0.6,1217.05,1200,0
AlexSkv,2400,2,0,0.0,1217.05,1200,0
AlexSkv,2600,1,0,0.0,1217.05,1200,0
AlexSkv,3400,1,0,0.0,1217.05,1200,0
Alexanderter10,800,187,180,0.9626,1240.91,1200,0
Alexanderter10,1000,64,61,0.9531,1240.91,1200,0
Alexanderter10,1200,77,71,0.9221,1240.91,1200,1
Alexanderter10,1400,46,39,0.8478,1240.91,1200,0
Alexanderter10,1600,46,41,0.8913,1240.91,1200,0
Alexanderter10,1800,33,25,0.7576,1240.91,1200,0
Alexanderter10,2000,24,15,0.625,1240.91,1200,0
Alexanderter10,2200,22,17,0.7727,1240.91,1200,0
Alexanderter10,2400,12,9,0.75,1240.91,1200,0
Alexanderter10,2600,4,2,0.5,1240.91,1200,0
Alexanderter10,2800,2,0,0.0,1240.91,1200,0
Alexanderter10,3200,2,1,0.5,1240.91,1200,0
Alexanderter10,3400,1,1,1.0,1240.91,1200,0
Alwoosh,800,413,399,0.9661,1416.12,1400,0
Alwoosh,1000,165,155,0.9394,1416.12,1400,0
Alwoosh,1200,157,140,0.8917,1416.12,1400,0
Alwoosh,1400,143,123,0.8601,1416.12,1400,1
Alwoosh,1600,151,127,0.8411,1416.12,1400,0
Alwoosh,1800,158,142,0.8987,1416.12,1400,0
Alwoosh,2000,170,148,0.8706,1416.12,1400,0
Alwoosh,2200,78,67,0.859,1416.12,1400,0
Alwoosh,2400,58,49,0.8448,1416.12,1400,0
Alwoosh,2600,19,12,0.6316,1416.12,1400,0
Alwoosh,2800,10,5,0.5,1416.12,1400,0
Alwoosh,3000,3,3,1.0,1416.12,1400,0
Alwoosh,3200,2,0,0.0,1416.12,1400,0
Alwoosh,3400,2,1,0.5,1416.12,1400,0
AmShZ,800,171,163,0.9532,1882.98,1800,0
AmShZ,1000,94,91,0.9681,1882.98,1800,0
AmShZ,1200,118,110,0.9322,1882.98,1800,0
AmShZ,1400,138,123,0.8913,1882.98,1800,0
AmShZ,1600,129,109,0.845,1882.98,1800,0
AmShZ,1800,165,146,0.8848,1882.98,1800,1
AmShZ,2000,177,166,0.9379,1882.98,1800,0
AmShZ,2200,179,169,0.9441,1882.98,1800,0
AmShZ,2400,173,161,0.9306,1882.98,1800,0
AmShZ,2600,123,112,0.9106,1882.98,1800,0
AmShZ,2800,75,68,0.9067,1882.98,1800,0
AmShZ,3000,42,38,0.9048,1882.98,1800,0
AmShZ,3200,16,11,0.6875,1882.98,1800,0
AmShZ,3400,8,8,1.0,1882.98,1800,0
Amit-S-Sahu,800,69,68,0.9855,1104.88,1000,0
Amit-S-Sahu,1000,25,25,1.0,1104.88,1000,1
Amit-S-Sahu,1200,9,9,1.0,1104.88,1000,0
Amit-S-Sahu,1400,1,1,1.0,1104.88,1000,0
Amit-S-Sahu,1600,7,6,0.8571,1104.88,1000,0
Amit-S-Sahu,1800,7,6,0.8571,1104.88,1000,0
Amit-S-Sahu,2000,2,2,1.0,1104.88,1000,0
Amit-S-Sahu,2200,1,0,0.0,1104.88,1000,0
Amit-S-Sahu,2400,2,2,1.0,1104.88,1000,0
Amit-S-Sahu,2600,1,1,1.0,1104.88,1000,0
Amit-S-Sahu,2800,3,2,0.6667,1104.88,1000,0
Amit-S-Sahu,3200,1,1,1.0,1104.88,1000,0
Andimeo,800,240,240,1.0,1446.42,1400,0
Andimeo,1000,119,119,1.0,1446.42,1400,0
Andimeo,1200,131,129,0.9847,1446.42,1400,0
Andimeo,1400,122,120,0.9836,1446.42,1400,1
Andimeo,1600,139,139,1.0,1446.42,1400,0
Andimeo,1800,157,148,0.9427,1446.42,1400,0
Andimeo,2000,95,90,0.9474,1446.42,1400,0
Andimeo,2200,67,59,0.8806,1446.42,1400,0
Andimeo,2400,29,24,0.8276,1446.42,1400,0
Andimeo,2600,5,5,1.0,1446.42,1400,0
Andimeo,2800,2,2,1.0,1446.42,1400,0
Andreasyan,800,528,524,0.9924,1839.27,1800,0
Andreasyan,1000,254,251,0.9882,1839.27,1800,0
Andreasyan,1200,313,308,0.984,1839.27,1800,0
Andreasyan,1400,320,319,0.9969,1839.27,1800,0
Andreasyan,1600,388,380,0.9794,1839.27,1800,0
Andreasyan,1800,501,495,0.988,1839.27,1800,1
Andreasyan,2000,462,457,0.9892,1839.27,1800,0
Andreasyan,2200,582,581,0.9983,1839.27,1800,0
Andreasyan,2400,546,540,0.989,1839.27,1800,0
Andreasyan,2600,295,289,0.9797,1839.27,1800,0
Andreasyan,2800,148,139,0.9392,1839.27,1800,0
Andreasyan,3000,47,42,0.8936,1839.27,1800,0
Andreasyan,3200,18,8,0.4444,1839.27,1800,0
Andreasyan,3400,4,4,1.0,1839.27,1800,0
Andrew-13,800,129,129,1.0,1592.89,1400,0
Andrew-13,1000,59,58,0.9831,1592.89,1400,0
Andrew-13,1200,65,63,0.9692,1592.89,1400,0
Andrew-13,1400,65,64,0.9846,1592.89,1400,1
Andrew-13,1600,70,69,0.9857,1592.89,1400,0
Andrew-13,1800,86,82,0.9535,1592.89,1400,0
Andrew-13,2000,74,70,0.9459,1592.89,1400,0
Andrew-13,2200,57,53,0.9298,1592.89,1400,0
Andrew-13,2400,63,51,0.8095,1592.89,1400,0
Andrew-13,2600,15,14,0.9333,1592.89,1400,0
Andrew-13,2800,9,4,0.4444,1592.89,1400,0
Andrew-13,3000,4,3,0.75,1592.89,1400,0
Andrew-13,3200,1,1,1.0,1592.89,1400,0
Andwerp,800,307,307,1.0,1582.5,1400,0
Andwerp,1000,119,118,0.9916,1582.5,1400,0
Andwerp,1200,170,170,1.0,1582.5,1400,0
Andwerp,1400,171,170,0.9942,1582.5,1400,1
Andwerp,1600,313,309,0.9872,1582.5,1400,0
Andwerp,1800,181,179,0.989,1582.5,1400,0
Andwerp,2000,130,129,0.9923,1582.5,1400,0
Andwerp,2200,147,141,0.9592,1582.5,1400,0
Andwerp,2400,133,128,0.9624,1582.5,1400,0
Andwerp,2600,35,34,0.9714,1582.5,1400,0
Andwerp,2800,4,4,1.0,1582.5,1400,0
Andwerp,3000,3,2,0.6667,1582.5,1400,0
Anemone_,800,545,545,1.0,1511.01,1400,0
Anemone_,1000,237,237,1.0,1511.01,1400,0
Anemone_,1200,220,219,0.9955,1511.01,1400,0
Anemone_,1400,181,180,0.9945,1511.01,1400,1
Anemone_,1600,191,191,1.0,1511.01,1400,0
Anemone_,1800,198,196,0.9899,1511.01,1400,0
Anemone_,2000,155,154,0.9935,1511.01,1400,0
Anemone_,2200,143,140,0.979,1511.01,1400,0
Anemone_,2400,140,136,0.9714,1511.01,1400,0
Anemone_,2600,74,74,1.0,1511.01,1400,0
Anemone_,2800,30,30,1.0,1511.01,1400,0
Anemone_,3000,9,9,1.0,1511.01,1400,0
Anemone_,3200,3,3,1.0,1511.01,1400,0
Anemone_,3400,2,2,1.0,1511.01,1400,0
AngelOlan,800,232,229,0.9871,1473.42,1400,0
AngelOlan,1000,103,98,0.9515,1473.42,1400,0
AngelOlan,1200,88,87,0.9886,1473.42,1400,0
AngelOlan,1400,75,73,0.9733,1473.42,1400,1
AngelOlan,1600,105,103,0.981,1473.42,1400,0
AngelOlan,1800,175,172,0.9829,1473.42,1400,0
AngelOlan,2000,116,112,0.9655,1473.42,1400,0
AngelOlan,2200,40,38,0.95,1473.42,1400,0
AngelOlan,2400,29,26,0.8966,1473.42,1400,0
AngelOlan,2600,7,6,0.8571,1473.42,1400,0
AngelOlan,2800,5,4,0.8,1473.42,1400,0
AngryKid,800,41,39,0.9512,1200.0,1200,0
AngryKid,1000,10,8,0.8,1200.0,1200,0
AngryKid,1200,16,14,0.875,1200.0,1200,1
AngryKid,1400,9,7,0.7778,1200.0,1200,0
AngryKid,1600,9,8,0.8889,1200.0,1200,0
AngryKid,1800,9,7,0.7778,1200.0,1200,0
AngryKid,2000,5,4,0.8,1200.0,1200,0
AngryKid,2200,2,2,1.0,1200.0,1200,0
Anhdung147,800,86,85,0.9884,1562.43,1400,0
Anhdung147,1000,43,42,0.9767,1562.43,1400,0
Anhdung147,1200,35,35,1.0,1562.43,1400,0
Anhdung147,1400,31,30,0.9677,1562.43,1400,1
Anhdung147,1600,19,17,0.8947,1562.43,1400,0
Anhdung147,1800,43,35,0.814,1562.43,1400,0
Anhdung147,2000,52,48,0.9231,1562.43,1400,0
Anhdung147,2200,26,22,0.8462,1562.43,1400,0
Anhdung147,2400,27,25,0.9259,1562.43,1400,0
Anhdung147,2600,14,13,0.9286,1562.43,1400,0
Anhdung147,2800,5,5,1.0,1562.43,1400,0
Anhdung147,3000,4,4,1.0,1562.43,1400,0
Anhdung147,3200,1,1,1.0,1562.43,1400,0
Anhdung147,3400,1,0,0.0,1562.43,1400,0
Anoth3r,800,64,64,1.0,1401.27,1400,0
Anoth3r,1000,31,31,1.0,1401.27,1400,0
Anoth3r,1200,31,31,1.0,1401.27,1400,0
Anoth3r,1400,22,22,1.0,1401.27,1400,1
Anoth3r,1600,24,24,1.0,1401.27,1400,0
Anoth3r,1800,28,26,0.9286,1401.27,1400,0
Anoth3r,2000,16,13,0.8125,1401.27,1400,0
Anoth3r,2200,16,13,0.8125,1401.27,1400,0
Anoth3r,2400,8,5,0.625,1401.27,1400,0
Anoth3r,2600,11,7,0.6364,1401.27,1400,0
Anoth3r,2800,3,0,0.0,1401.27,1400,0
Anoth3r,3000,3,0,0.0,1401.27,1400,0
Anoth3r,3200,1,0,0.0,1401.27,1400,0
Anoth3r,3400,3,0,0.0,1401.27,1400,0
AntiBsayer,800,594,592,0.9966,1682.84,1600,0
AntiBsayer,1000,346,344,0.9942,1682.84,1600,0
AntiBsayer,1200,330,327,0.9909,1682.84,1600,0
AntiBsayer,1400,360,354,0.9833,1682.84,1600,0
AntiBsayer,1600,375,367,0.9787,1682.84,1600,1
AntiBsayer,1800,381,375,0.9843,1682.84,1600,0
AntiBsayer,2000,329,319,0.9696,1682.84,1600,0
AntiBsayer,2200,297,284,0.9562,1682.84,1600,0
AntiBsayer,2400,301,281,0.9336,1682.84,1600,0
AntiBsayer,2600,204,185,0.9069,1682.84,1600,0
AntiBsayer,2800,116,103,0.8879,1682.84,1600,0
AntiBsayer,3000,55,46,0.8364,1682.84,1600,0
AntiBsayer,3200,27,21,0.7778,1682.84,1600,0
AntiBsayer,3400,10,9,0.9,1682.84,1600,0
Antiamuny,800,52,50,0.9615,1435.96,1400,0
Antiamuny,1000,16,16,1.0,1435.96,1400,0
Antiamuny,1200,21,21,1.0,1435.96,1400,0
Antiamuny,1400,17,15,0.8824,1435.96,1400,1
Antiamuny,1600,19,19,1.0,1435.96,1400,0
Antiamuny,1800,22,21,0.9545,1435.96,1400,0
Antiamuny,2000,21,19,0.9048,1435.96,1400,0
Antiamuny,2200,10,6,0.6,1435.96,1400,0
Antiamuny,2400,14,8,0.5714,1435.96,1400,0
Antiamuny,2600,6,2,0.3333,1435.96,1400,0
Antiamuny,2800,2,1,0.5,1435.96,1400,0
Aotsuki,800,52,51,0.9808,1712.82,1600,0
Aotsuki,1000,21,21,1.0,1712.82,1600,0
Aotsuki,1200,39,39,1.0,1712.82,1600,0
Aotsuki,1400,30,29,0.9667,1712.82,1600,0
Aotsuki,1600,44,43,0.9773,1712.82,1600,1
Aotsuki,1800,48,46,0.9583,1712.82,1600,0
Aotsuki,2000,32,31,0.9688,1712.82,1600,0
Aotsuki,2200,33,29,0.8788,1712.82,1600,0
Aotsuki,2400,39,35,0.8974,1712.82,1600,0
Aotsuki,2600,17,15,0.8824,1712.82,1600,0
Aotsuki,2800,14,9,0.6429,1712.82,1600,0
Aotsuki,3000,1,1,1.0,1712.82,1600,0
Aotsuki,3200,3,2,0.6667,1712.82,1600,0
Aotsuki,3400,1,0,0.0,1712.82,1600,0
AphelIO,800,202,202,1.0,1491.45,1400,0
AphelIO,1000,46,46,1.0,1491.45,1400,0
AphelIO,1200,44,43,0.9773,1491.45,1400,0
AphelIO,1400,32,31,0.9688,1491.45,1400,1
AphelIO,1600,66,66,1.0,1491.45,1400,0
AphelIO,1800,100,100,1.0,1491.45,1400,0
AphelIO,2000,112,112,1.0,1491.45,1400,0
AphelIO,2200,68,68,1.0,1491.45,1400,0
AphelIO,2400,7,7,1.0,1491.45,1400,0
AphelIO,2600,3,3,1.0,1491.45,1400,0
AphelIO,3000,1,0,0.0,1491.45,1400,0
ApraCadabra,800,471,466,0.9894,1665.67,1600,0
ApraCadabra,1000,205,201,0.9805,1665.67,1600,0
ApraCadabra,1200,242,233,0.9628,1665.67,1600,0
ApraCadabra,1400,222,217,0.9775,1665.67,1600,0
ApraCadabra,1600,288,282,0.9792,1665.67,1600,1
ApraCadabra,1800,309,302,0.9773,1665.67,1600,0
ApraCadabra,2000,311,304,0.9775,1665.67,1600,0
ApraCadabra,2200,292,284,0.9726,1665.67,1600,0
ApraCadabra,2400,242,240,0.9917,1665.67,1600,0
ApraCadabra,2600,85,84,0.9882,1665.67,1600,0
ApraCadabra,2800,26,23,0.8846,1665.67,1600,0
ApraCadabra,3000,16,16,1.0,1665.67,1600,0
ApraCadabra,3200,4,1,0.25,1665.67,1600,0
ApraCadabra,3400,2,1,0.5,1665.67,1600,0
Arnav_Singhal1,800,343,342,0.9971,1641.01,1600,0
Arnav_Singhal1,1000,137,137,1.0,1641.01,1600,0
Arnav_Singhal1,1200,180,180,1.0,1641.01,1600,0
Arnav_Singhal1,1400,150,147,0.98,1641.01,1600,0
Arnav_Singhal1,1600,182,177,0.9725,1641.01,1600,1
Arnav_Singhal1,1800,228,217,0.9518,1641.01,1600,0
Arnav_Singhal1,2000,231,217,0.9394,1641.01,1600,0
Arnav_Singhal1,2200,241,218,0.9046,1641.01,1600,0
Arnav_Singhal1,2400,166,151,0.9096,1641.01,1600,0
Arnav_Singhal1,2600,55,45,0.8182,1641.01,1600,0
Arnav_Singhal1,2800,20,17,0.85,1641.01,1600,0
Arnav_Singhal1,3000,5,4,0.8,1641.01,1600,0
Arnav_Singhal1,3200,1,1,1.0,1641.01,1600,0
ArsenGotov,800,238,235,0.9874,1532.1,1400,0
ArsenGotov,1000,131,120,0.916,1532.1,1400,0
ArsenGotov,1200,133,121,0.9098,1532.1,1400,0
ArsenGotov,1400,112,99,0.8839,1532.1,1400,1
ArsenGotov,1600,113,91,0.8053,1532.1,1400,0
ArsenGotov,1800,108,100,0.9259,1532.1,1400,0
ArsenGotov,2000,119,105,0.8824,1532.1,1400,0
ArsenGotov,2200,81,74,0.9136,1532.1,1400,0
ArsenGotov,2400,70,57,0.8143,1532.1,1400,0
ArsenGotov,2600,26,20,0.7692,1532.1,1400,0
ArsenGotov,2800,22,16,0.7273,1532.1,1400,0
ArsenGotov,3000,12,10,0.8333,1532.1,1400,0
ArsenGotov,3200,5,3,0.6,1532.1,1400,0
ArsenGotov,3400,5,2,0.4,1532.1,1400,0
Art.ogo,800,219,219,1.0,1428.95,1400,0
Art.ogo,1000,87,87,1.0,1428.95,1400,0
Art.ogo,1200,77,77,1.0,1428.95,1400,0
Art.ogo,1400,74,74,1.0,1428.95,1400,1
Art.ogo,1600,97,96,0.9897,1428.95,1400,0
Art.ogo,1800,78,76,0.9744,1428.95,1400,0
Art.ogo,2000,70,69,0.9857,1428.95,1400,0
Art.ogo,2200,49,47,0.9592,1428.95,1400,0
Art.ogo,2400,27,24,0.8889,1428.95,1400,0
Art.ogo,2600,12,11,0.9167,1428.95,1400,0
Art.ogo,2800,6,3,0.5,1428.95,1400,0
Art.ogo,3000,1,1,1.0,1428.95,1400,0
Arterm,800,55,55,1.0,1818.37,1800,0
Arterm,1000,56,54,0.9643,1818.37,1800,0
Arterm,1200,79,76,0.962,1818.37,1800,0
Arterm,1400,99,92,0.9293,1818.37,1800,0
Arterm,1600,159,155,0.9748,1818.37,1800,0
Arterm,1800,155,144,0.929,1818.37,1800,1
Arterm,2000,127,117,0.9213,1818.37,1800,0
Arterm,2200,95,84,0.8842,1818.37,1800,0
Arterm,2400,98,84,0.8571,1818.37,1800,0
Arterm,2600,80,60,0.75,1818.37,1800,0
Arterm,2800,29,16,0.5517,1818.37,1800,0
Arterm,3000,10,5,0.5,1818.37,1800,0
Arterm,3200,7,3,0.4286,1818.37,1800,0
Arterm,3400,4,2,0.5,1818.37,1800,0
Arxyj,800,41,41,1.0,1334.33,1200,0
Arxyj,1000,18,18,1.0,1334.33,1200,0
Arxyj,1200,16,16,1.0,1334.33,1200,1
Arxyj,1400,16,15,0.9375,1334.33,1200,0
Arxyj,1600,14,14,1.0,1334.33,1200,0
Arxyj,1800,13,11,0.8462,1334.33,1200,0
Arxyj,2000,12,9,0.75,1334.33,1200,0
Arxyj,2200,8,7,0.875,1334.33,1200,0
Arxyj,2400,4,2,0.5,1334.33,1200,0
Arxyj,2600,1,1,1.0,1334.33,1200,0
AshenWitch,800,41,41,1.0,1498.67,1400,0
AshenWitch,1000,20,20,1.0,1498.67,1400,0
AshenWitch,1200,16,16,1.0,1498.67,1400,0
AshenWitch,1400,10,10,1.0,1498.67,1400,1
AshenWitch,1600,12,9,0.75,1498.67,1400,0
AshenWitch,1800,17,17,1.0,1498.67,1400,0
AshenWitch,2000,10,9,0.9,1498.67,1400,0
AshenWitch,2200,13,12,0.9231,1498.67,1400,0
AshenWitch,2400,7,7,1.0,1498.67,1400,0
AshenWitch,2600,4,4,1.0,1498.67,1400,0
AshenWitch,2800,2,1,0.5,1498.67,1400,0
AshenWitch,3000,1,1,1.0,1498.67,1400,0
AshenWitch,3200,1,1,1.0,1498.67,1400,0
AshenWitch,3400,2,2,1.0,1498.67,1400,0
Auchenai01,800,196,195,0.9949,1705.58,1600,0
Auchenai01,1000,94,93,0.9894,1705.58,1600,0
Auchenai01,1200,120,118,0.9833,1705.58,1600,0
Auchenai01,1400,114,113,0.9912,1705.58,1600,0
Auchenai01,1600,125,125,1.0,1705.58,1600,1
Auchenai01,1800,122,121,0.9918,1705.58,1600,0
Auchenai01,2000,128,124,0.9688,1705.58,1600,0
Auchenai01,2200,126,122,0.9683,1705.58,1600,0
Auchenai01,2400,125,118,0.944,1705.58,1600,0
Auchenai01,2600,75,72,0.96,1705.58,1600,0
Auchenai01,2800,30,26,0.8667,1705.58,1600,0
Auchenai01,3000,5,3,0.6,1705.58,1600,0
Auchenai01,3200,5,5,1.0,1705.58,1600,0
Auchenai01,3400,1,1,1.0,1705.58,1600,0
Autocrat2005,800,44,44,1.0,1470.14,1400,0
Autocrat2005,1000,26,26,1.0,1470.14,1400,0
Autocrat2005,1200,24,24,1.0,1470.14,1400,0
Autocrat2005,1400,30,30,1.0,1470.14,1400,1
Autocrat2005,1600,39,39,1.0,1470.14,1400,0
Autocrat2005,1800,24,24,1.0,1470.14,1400,0
Autocrat2005,2000,11,10,0.9091,1470.14,1400,0
Autocrat2005,2200,13,9,0.6923,1470.14,1400,0
Autocrat2005,2400,8,8,1.0,1470.14,1400,0
Autocrat2005,2600,8,3,0.375,1470.14,1400,0
Autocrat2005,2800,5,3,0.6,1470.14,1400,0
Autocrat2005,3000,2,0,0.0,1470.14,1400,0
Autocrat2005,3200,1,0,0.0,1470.14,1400,0
Autocrat2005,3400,2,1,0.5,1470.14,1400,0
Ayush79,800,23,21,0.913,1397.18,1200,0
Ayush79,1000,5,5,1.0,1397.18,1200,0
Ayush79,1200,11,9,0.8182,1397.18,1200,1
Ayush79,1400,12,10,0.8333,1397.18,1200,0
Ayush79,1600,3,3,1.0,1397.18,1200,0
Ayush79,1800,15,14,0.9333,1397.18,1200,0
Ayush79,2000,6,4,0.6667,1397.18,1200,0
Ayush79,2200,2,1,0.5,1397.18,1200,0
Ayush79,2400,2,1,0.5,1397.18,1200,0
Ayush79,2600,3,3,1.0,1397.18,1200,0
BakaC1rn0,800,12,12,1.0,1362.16,1200,0
BakaC1rn0,1000,2,2,1.0,1362.16,1200,0
BakaC1rn0,1200,4,4,1.0,1362.16,1200,1
BakaC1rn0,1400,6,6,1.0,1362.16,1200,0
BakaC1rn0,1600,2,2,1.0,1362.16,1200,0
BakaC1rn0,1800,6,6,1.0,1362.16,1200,0
BakaC1rn0,2000,2,2,1.0,1362.16,1200,0
BakaC1rn0,2200,3,3,1.0,1362.16,1200,0
Baraa-Ahmed,800,452,433,0.958,1380.07,1200,0
Baraa-Ahmed,1000,244,234,0.959,1380.07,1200,0
Baraa-Ahmed,1200,207,191,0.9227,1380.07,1200,1
Baraa-Ahmed,1400,146,134,0.9178,1380.07,1200,0
Baraa-Ahmed,1600,244,224,0.918,1380.07,1200,0
Baraa-Ahmed,1800,201,177,0.8806,1380.07,1200,0
Baraa-Ahmed,2000,143,127,0.8881,1380.07,1200,0
Baraa-Ahmed,2200,74,59,0.7973,1380.07,1200,0
Baraa-Ahmed,2400,33,24,0.7273,1380.07,1200,0
Baraa-Ahmed,2600,17,11,0.6471,1380.07,1200,0
Baraa-Ahmed,2800,3,2,0.6667,1380.07,1200,0
Baraa-Ahmed,3000,4,4,1.0,1380.07,1200,0
Baraa-Ahmed,3200,2,1,0.5,1380.07,1200,0
Baraa-Ahmed,3400,1,0,0.0,1380.07,1200,0
BasicTH,800,142,140,0.9859,1152.68,1000,0
BasicTH,1000,52,50,0.9615,1152.68,1000,1
BasicTH,1200,39,38,0.9744,1152.68,1000,0
BasicTH,1400,29,28,0.9655,1152.68,1000,0
BasicTH,1600,35,29,0.8286,1152.68,1000,0
BasicTH,1800,22,16,0.7273,1152.68,1000,0
BasicTH,2000,16,12,0.75,1152.68,1000,0
BasicTH,2200,7,4,0.5714,1152.68,1000,0
BasicTH,2400,2,0,0.0,1152.68,1000,0
BasicTH,2800,2,0,0.0,1152.68,1000,0
Baskot,800,188,186,0.9894,1604.14,1600,0
Baskot,1000,87,84,0.9655,1604.14,1600,0
Baskot,1200,91,87,0.956,1604.14,1600,0
Baskot,1400,91,85,0.9341,1604.14,1600,0
Baskot,1600,89,82,0.9213,1604.14,1600,1
Baskot,1800,114,102,0.8947,1604.14,1600,0
Baskot,2000,96,86,0.8958,1604.14,1600,0
Baskot,2200,95,88,0.9263,1604.14,1600,0
Baskot,2400,77,66,0.8571,1604.14,1600,0
Baskot,2600,42,36,0.8571,1604.14,1600,0
Baskot,2800,17,15,0.8824,1604.14,1600,0
Baskot,3000,1,0,0.0,1604.14,1600,0
BennyLaw,800,111,108,0.973,1098.41,1000,0
BennyLaw,1000,71,70,0.9859,1098.41,1000,1
BennyLaw,1200,35,35,1.0,1098.41,1000,0
BennyLaw,1400,11,8,0.7273,1098.41,1000,0
BennyLaw,1600,11,10,0.9091,1098.41,1000,0
BennyLaw,1800,13,6,0.4615,1098.41,1000,0
BennyLaw,2000,10,6,0.6,1098.41,1000,0
BennyLaw,2200,6,5,0.8333,1098.41,1000,0
BennyLaw,2400,5,1,0.2,1098.41,1000,0
BennyLaw,2600,2,1,0.5,1098.41,1000,0
BennyLaw,2800,3,0,0.0,1098.41,1000,0
BennyLaw,3000,1,1,1.0,1098.41,1000,0
BestCrazyNoob,800,24,23,0.9583,1549.57,1400,0
BestCrazyNoob,1000,12,12,1.0,1549.57,1400,0
BestCrazyNoob,1200,12,11,0.9167,1549.57,1400,0
BestCrazyNoob,1400,12,11,0.9167,1549.57,1400,1
BestCrazyNoob,1600,17,16,0.9412,1549.57,1400,0
BestCrazyNoob,1800,12,11,0.9167,1549.57,1400,0
BestCrazyNoob,2000,14,13,0.9286,1549.57,1400,0
BestCrazyNoob,2200,14,10,0.7143,1549.57,1400,0
BestCrazyNoob,2400,1,1,1.0,1549.57,1400,0
BestCrazyNoob,2600,5,5,1.0,1549.57,1400,0
BestCrazyNoob,2800,2,2,1.0,1549.57,1400,0
Betwixt,800,11,10,0.9091,1578.57,1400,0
Betwixt,1000,4,2,0.5,1578.57,1400,0
Betwixt,1200,8,7,0.875,1578.57,1400,0
Betwixt,1400,2,1,0.5,1578.57,1400,1
Betwixt,1600,6,5,0.8333,1578.57,1400,0
Betwixt,1800,7,5,0.7143,1578.57,1400,0
Betwixt,2000,7,4,0.5714,1578.57,1400,0
Betwixt,2200,6,4,0.6667,1578.57,1400,0
Betwixt,2400,6,1,0.1667,1578.57,1400,0
Betwixt,2600,4,1,0.25,1578.57,1400,0
Betwixt,2800,1,1,1.0,1578.57,1400,0
Betwixt,3200,1,0,0.0,1578.57,1400,0
Betwixt,3400,2,1,0.5,1578.57,1400,0
BiggestOtaku,800,138,137,0.9928,1711.75,1600,0
BiggestOtaku,1000,81,81,1.0,1711.75,1600,0
BiggestOtaku,1200,104,104,1.0,1711.75,1600,0
BiggestOtaku,1400,102,101,0.9902,1711.75,1600,0
BiggestOtaku,1600,119,116,0.9748,1711.75,1600,1
BiggestOtaku,1800,160,157,0.9812,1711.75,1600,0
BiggestOtaku,2000,142,137,0.9648,1711.75,1600,0
BiggestOtaku,2200,143,139,0.972,1711.75,1600,0
BiggestOtaku,2400,111,105,0.9459,1711.75,1600,0
BiggestOtaku,2600,29,26,0.8966,1711.75,1600,0
BiggestOtaku,2800,14,11,0.7857,1711.75,1600,0
BiggestOtaku,3000,4,1,0.25,1711.75,1600,0
Billlly,800,79,78,0.9873,1494.53,1400,0
Billlly,1000,33,29,0.8788,1494.53,1400,0
Billlly,1200,42,40,0.9524,1494.53,1400,0
Billlly,1400,39,37,0.9487,1494.53,1400,1
Billlly,1600,40,37,0.925,1494.53,1400,0
Billlly,1800,37,32,0.8649,1494.53,1400,0
Billlly,2000,33,27,0.8182,1494.53,1400,0
Billlly,2200,32,27,0.8438,1494.53,1400,0
Billlly,2400,18,12,0.6667,1494.53,1400,0
Billlly,2600,8,6,0.75,1494.53,1400,0
Billlly,2800,3,2,0.6667,1494.53,1400,0
Billlly,3000,1,1,1.0,1494.53,1400,0
Billlly,3400,1,1,1.0,1494.53,1400,0
Binary-grid-colouring,800,77,77,1.0,1575.29,1400,0
Binary-grid-colouring,1000,62,62,1.0,1575.29,1400,0
Binary-grid-colouring,1200,56,56,1.0,1575.29,1400,0
Binary-grid-colouring,1400,68,66,0.9706,1575.29,1400,1
Binary-grid-colouring,1600,67,67,1.0,1575.29,1400,0
Binary-grid-colouring,1800,63,63,1.0,1575.29,1400,0
Binary-grid-colouring,2000,53,53,1.0,1575.29,1400,0
Binary-grid-colouring,2200,37,37,1.0,1575.29,1400,0
Binary-grid-colouring,2400,27,25,0.9259,1575.29,1400,0
Binary-grid-colouring,2600,13,13,1.0,1575.29,1400,0
Binary-grid-colouring,2800,7,7,1.0,1575.29,1400,0
Binary-grid-colouring,3200,1,0,0.0,1575.29,1400,0
BlackAnt,800,141,141,1.0,1443.23,1400,0
BlackAnt,1000,68,67,0.9853,1443.23,1400,0
BlackAnt,1200,82,81,0.9878,1443.23,1400,0
BlackAnt,1400,80,73,0.9125,1443.23,1400,1
BlackAnt,1600,84,80,0.9524,1443.23,1400,0
BlackAnt,1800,61,58,0.9508,1443.23,1400,0
BlackAnt,2000,58,50,0.8621,1443.23,1400,0
BlackAnt,2200,41,34,0.8293,1443.23,1400,0
BlackAnt,2400,30,20,0.6667,1443.23,1400,0
BlackAnt,2600,8,6,0.75,1443.23,1400,0
BlackAnt,2800,1,1,1.0,1443.23,1400,0
BlackAnt,3000,1,1,1.0,1443.23,1400,0
BlackAnt,3200,1,1,1.0,1443.23,1400,0
BluoCaroot,800,469,465,0.9915,1382.35,1200,0
BluoCaroot,1000,198,193,0.9747,1382.35,1200,0
BluoCaroot,1200,198,193,0.9747,1382.35,1200,1
BluoCaroot,1400,182,180,0.989,1382.35,1200,0
BluoCaroot,1600,192,188,0.9792,1382.35,1200,0
BluoCaroot,1800,182,178,0.978,1382.35,1200,0
BluoCaroot,2000,111,107,0.964,1382.35,1200,0
BluoCaroot,2200,67,61,0.9104,1382.35,1200,0
BluoCaroot,2400,48,46,0.9583,1382.35,1200,0
BluoCaroot,2600,22,21,0.9545,1382.35,1200,0
BluoCaroot,2800,7,4,0.5714,1382.35,1200,0
BluoCaroot,3000,1,1,1.0,1382.35,1200,0
BluoCaroot,3400,1,0,0.0,1382.35,1200,0
Boa_Hancock,800,52,52,1.0,1367.89,1200,0
Boa_Hancock,1000,25,25,1.0,1367.89,1200,0
Boa_Hancock,1200,25,24,0.96,1367.89,1200,1
Boa_Hancock,1400,23,22,0.9565,1367.89,1200,0
Boa_Hancock,1600,20,19,0.95,1367.89,1200,0
Boa_Hancock,1800,23,20,0.8696,1367.89,1200,0
Boa_Hancock,2000,16,15,0.9375,1367.89,1200,0
Boa_Hancock,2200,9,8,0.8889,1367.89,1200,0
Boa_Hancock,2400,9,5,0.5556,1367.89,1200,0
Boa_Hancock,2800,2,0,0.0,1367.89,1200,0
Boboge,800,765,763,0.9974,1600.15,1600,0
Boboge,1000,325,324,0.9969,1600.15,1600,0
Boboge,1200,329,329,1.0,1600.15,1600,0
Boboge,1400,309,309,1.0,1600.15,1600,0
Boboge,1600,327,327,1.0,1600.15,1600,1
Boboge,1800,300,295,0.9833,1600.15,1600,0
Boboge,2000,270,268,0.9926,1600.15,1600,0
Boboge,2200,261,255,0.977,1600.15,1600,0
Boboge,2400,280,278,0.9929,1600.15,1600,0
Boboge,2600,151,147,0.9735,1600.15,1600,0
Boboge,2800,86,85,0.9884,1600.15,1600,0
Boboge,3000,34,31,0.9118,1600.15,1600,0
Boboge,3200,7,7,1.0,1600.15,1600,0
Boboge,3400,7,4,0.5714,1600.15,1600,0
BullyPrime,800,7,7,1.0,1895.35,1800,0
BullyPrime,1000,3,3,1.0,1895.35,1800,0
BullyPrime,1200,3,3,1.0,1895.35,1800,0
BullyPrime,1400,1,1,1.0,1895.35,1800,0
BullyPrime,1600,3,3,1.0,1895.35,1800,0
BullyPrime,1800,3,3,1.0,1895.35,1800,1
BullyPrime,2000,3,3,1.0,1895.35,1800,0
BullyPrime,2200,3,3,1.0,1895.35,1800,0
BullyPrime,2400,3,3,1.0,1895.35,1800,0
BullyPrime,2600,14,13,0.9286,1895.35,1800,0
BullyPrime,2800,1,1,1.0,1895.35,1800,0
BullyPrime,3200,1,0,0.0,1895.35,1800,0
CCCCOrz,800,74,74,1.0,1632.64,1600,0
CCCCOrz,1000,35,35,1.0,1632.64,1600,0
CCCCOrz,1200,43,43,1.0,1632.64,1600,0
CCCCOrz,1400,31,31,1.0,1632.64,1600,0
CCCCOrz,1600,41,38,0.9268,1632.64,1600,1
CCCCOrz,1800,46,45,0.9783,1632.64,1600,0
CCCCOrz,2000,31,30,0.9677,1632.64,1600,0
CCCCOrz,2200,38,35,0.9211,1632.64,1600,0
CCCCOrz,2400,22,17,0.7727,1632.64,1600,0
CCCCOrz,2600,18,17,0.9444,1632.64,1600,0
CCCCOrz,2800,12,11,0.9167,1632.64,1600,0
CCCCOrz,3000,7,7,1.0,1632.64,1600,0
CCCCOrz,3200,2,2,1.0,1632.64,1600,0
CCCCOrz,3400,1,1,1.0,1632.64,1600,0
Caelith,800,99,99,1.0,1520.0,1400,0
Caelith,1000,52,52,1.0,1520.0,1400,0
Caelith,1200,57,57,1.0,1520.0,1400,0
Caelith,1400,36,36,1.0,1520.0,1400,1
Caelith,1600,33,33,1.0,1520.0,1400,0
Caelith,1800,94,94,1.0,1520.0,1400,0
Caelith,2000,64,62,0.9688,1520.0,1400,0
Caelith,2200,44,44,1.0,1520.0,1400,0
Caelith,2400,14,13,0.9286,1520.0,1400,0
Calculatelove,800,116,114,0.9828,1895.36,1800,0
Calculatelove,1000,56,56,1.0,1895.36,1800,0
Calculatelove,1200,64,64,1.0,1895.36,1800,0
Calculatelove,1400,68,67,0.9853,1895.36,1800,0
Calculatelove,1600,77,75,0.974,1895.36,1800,0
Calculatelove,1800,72,69,0.9583,1895.36,1800,1
Calculatelove,2000,76,75,0.9868,1895.36,1800,0
Calculatelove,2200,62,62,1.0,1895.36,1800,0
Calculatelove,2400,180,178,0.9889,1895.36,1800,0
Calculatelove,2600,85,85,1.0,1895.36,1800,0
Calculatelove,2800,29,28,0.9655,1895.36,1800,0
Calculatelove,3000,17,16,0.9412,1895.36,1800,0
Calculatelove,3200,12,11,0.9167,1895.36,1800,0
Calculatelove,3400,6,6,1.0,1895.36,1800,0
CareCare,800,139,138,0.9928,1454.63,1400,0
CareCare,1000,50,50,1.0,1454.63,1400,0
CareCare,1200,65,65,1.0,1454.63,1400,0
CareCare,1400,57,56,0.9825,1454.63,1400,1
CareCare,1600,54,54,1.0,1454.63,1400,0
CareCare,1800,65,64,0.9846,1454.63,1400,0
CareCare,2000,43,43,1.0,1454.63,1400,0
CareCare,2200,28,28,1.0,1454.63,1400,0
CareCare,2400,13,11,0.8462,1454.63,1400,0
CareCare,2600,10,9,0.9,1454.63,1400,0
CareCare,2800,9,8,0.8889,1454.63,1400,0
CareCare,3000,2,2,1.0,1454.63,1400,0
CareCare,3200,1,1,1.0,1454.63,1400,0
ChatGPT4.0,800,17,15,0.8824,1572.41,1400,0
ChatGPT4.0,1000,6,5,0.8333,1572.41,1400,0
ChatGPT4.0,1200,5,5,1.0,1572.41,1400,0
ChatGPT4.0,1400,6,5,0.8333,1572.41,1400,1
ChatGPT4.0,1600,5,5,1.0,1572.41,1400,0
ChatGPT4.0,1800,7,6,0.8571,1572.41,1400,0
ChatGPT4.0,2000,5,5,1.0,1572.41,1400,0
ChatGPT4.0,2200,5,4,0.8,1572.41,1400,0
ChatGPT4.0,2400,3,3,1.0,1572.41,1400,0
ChatGPT4.0,2600,4,3,0.75,1572.41,1400,0
ChatGPT4.0,2800,1,1,1.0,1572.41,1400,0
ChatGPT4.0,3200,1,1,1.0,1572.41,1400,0
CirnoNine,800,226,225,0.9956,1506.68,1400,0
CirnoNine,1000,111,111,1.0,1506.68,1400,0
CirnoNine,1200,108,108,1.0,1506.68,1400,0
CirnoNine,1400,90,90,1.0,1506.68,1400,1
CirnoNine,1600,91,91,1.0,1506.68,1400,0
CirnoNine,1800,118,116,0.9831,1506.68,1400,0
CirnoNine,2000,99,99,1.0,1506.68,1400,0
CirnoNine,2200,83,80,0.9639,1506.68,1400,0
CirnoNine,2400,51,50,0.9804,1506.68,1400,0
CirnoNine,2600,12,10,0.8333,1506.68,1400,0
CirnoNine,2800,6,6,1.0,1506.68,1400,0
CirnoNine,3200,2,2,1.0,1506.68,1400,0
CodigoL,800,304,303,0.9967,1588.75,1400,0
CodigoL,1000,152,151,0.9934,1588.75,1400,0
CodigoL,1200,181,177,0.9779,1588.75,1400,0
CodigoL,1400,228,223,0.9781,1588.75,1400,1
CodigoL,1600,250,240,0.96,1588.75,1400,0
CodigoL,1800,263,247,0.9392,1588.75,1400,0
CodigoL,2000,189,170,0.8995,1588.75,1400,0
CodigoL,2200,152,140,0.9211,1588.75,1400,0
CodigoL,2400,103,82,0.7961,1588.75,1400,0
CodigoL,2600,60,45,0.75,1588.75,1400,0
CodigoL,2800,30,21,0.7,1588.75,1400,0
CodigoL,3000,7,4,0.5714,1588.75,1400,0
CodigoL,3200,4,2,0.5,1588.75,1400,0
CodigoL,3400,1,0,0.0,1588.75,1400,0
Cody473,800,46,43,0.9348,1299.19,1200,0
Cody473,1000,22,20,0.9091,1299.19,1200,0
Cody473,1200,21,17,0.8095,1299.19,1200,1
Cody473,1400,13,9,0.6923,1299.19,1200,0
Cody473,1600,16,11,0.6875,1299.19,1200,0
Cody473,1800,13,8,0.6154,1299.19,1200,0
Cody473,2000,11,4,0.3636,1299.19,1200,0
Cody473,2200,6,3,0.5,1299.19,1200,0
Cody473,2400,5,4,0.8,1299.19,1200,0
Cody473,2600,4,4,1.0,1299.19,1200,0
Cody473,2800,1,1,1.0,1299.19,1200,0
Cody473,3000,1,0,0.0,1299.19,1200,0
Coffee_zzz,800,65,65,1.0,1474.26,1400,0
Coffee_zzz,1000,33,31,0.9394,1474.26,1400,0
Coffee_zzz,1200,26,24,0.9231,1474.26,1400,0
Coffee_zzz,1400,23,23,1.0,1474.26,1400,1
Coffee_zzz,1600,22,21,0.9545,1474.26,1400,0
Coffee_zzz,1800,21,19,0.9048,1474.26,1400,0
Coffee_zzz,2000,11,9,0.8182,1474.26,1400,0
Coffee_zzz,2200,21,19,0.9048,1474.26,1400,0
Coffee_zzz,2400,9,8,0.8889,1474.26,1400,0
Coffee_zzz,2600,11,11,1.0,1474.26,1400,0
Coffee_zzz,2800,4,2,0.5,1474.26,1400,0
Coffee_zzz,3000,4,4,1.0,1474.26,1400,0
Coffee_zzz,3200,1,1,1.0,1474.26,1400,0
ConstructibleNumber,800,10,10,1.0,1618.37,1600,0
ConstructibleNumber,1000,5,5,1.0,1618.37,1600,0
ConstructibleNumber,1200,7,7,1.0,1618.37,1600,0
ConstructibleNumber,1400,2,2,1.0,1618.37,1600,0
ConstructibleNumber,1600,3,3,1.0,1618.37,1600,1
ConstructibleNumber,1800,8,8,1.0,1618.37,1600,0
ConstructibleNumber,2000,4,3,0.75,1618.37,1600,0
ConstructibleNumber,2200,3,2,0.6667,1618.37,1600,0
ConstructibleNumber,2400,8,6,0.75,1618.37,1600,0
ConstructibleNumber,2600,1,1,1.0,1618.37,1600,0
ConstructibleNumber,3000,1,1,1.0,1618.37,1600,0
ConstructibleNumber,3200,2,1,0.5,1618.37,1600,0
Cubber,800,140,140,1.0,1627.01,1600,0
Cubber,1000,72,72,1.0,1627.01,1600,0
Cubber,1200,61,61,1.0,1627.01,1600,0
Cubber,1400,62,62,1.0,1627.01,1600,0
Cubber,1600,59,59,1.0,1627.01,1600,1
Cubber,1800,51,47,0.9216,1627.01,1600,0
Cubber,2000,48,45,0.9375,1627.01,1600,0
Cubber,2200,57,54,0.9474,1627.01,1600,0
Cubber,2400,56,55,0.9821,1627.01,1600,0
Cubber,2600,27,24,0.8889,1627.01,1600,0
Cubber,2800,23,23,1.0,1627.01,1600,0
Cubber,3000,7,7,1.0,1627.01,1600,0
Cubber,3200,9,9,1.0,1627.01,1600,0
Cubber,3400,2,1,0.5,1627.01,1600,0
CutSandstone,800,213,206,0.9671,1586.77,1400,0
CutSandstone,1000,97,96,0.9897,1586.77,1400,0
CutSandstone,1200,107,105,0.9813,1586.77,1400,0
CutSandstone,1400,94,91,0.9681,1586.77,1400,1
CutSandstone,1600,113,108,0.9558,1586.77,1400,0
CutSandstone,1800,151,138,0.9139,1586.77,1400,0
CutSandstone,2000,141,125,0.8865,1586.77,1400,0
CutSandstone,2200,103,87,0.8447,1586.77,1400,0
CutSandstone,2400,85,70,0.8235,1586.77,1400,0
CutSandstone,2600,28,22,0.7857,1586.77,1400,0
CutSandstone,2800,12,5,0.4167,1586.77,1400,0
CutSandstone,3000,5,4,0.8,1586.77,1400,0
CutSandstone,3200,1,1,1.0,1586.77,1400,0
CutSandstone,3400,1,0,0.0,1586.77,1400,0
CutieSmileHaruka,800,159,159,1.0,1933.46,1800,0
CutieSmileHaruka,1000,63,62,0.9841,1933.46,1800,0
CutieSmileHaruka,1200,78,78,1.0,1933.46,1800,0
CutieSmileHaruka,1400,65,61,0.9385,1933.46,1800,0
CutieSmileHaruka,1600,93,91,0.9785,1933.46,1800,0
CutieSmileHaruka,1800,90,86,0.9556,1933.46,1800,1
CutieSmileHaruka,2000,91,89,0.978,1933.46,1800,0
CutieSmileHaruka,2200,104,101,0.9712,1933.46,1800,0
CutieSmileHaruka,2400,104,102,0.9808,1933.46,1800,0
CutieSmileHaruka,2600,73,73,1.0,1933.46,1800,0
CutieSmileHaruka,2800,51,49,0.9608,1933.46,1800,0
CutieSmileHaruka,3000,55,54,0.9818,1933.46,1800,0
CutieSmileHaruka,3200,42,40,0.9524,1933.46,1800,0
CutieSmileHaruka,3400,28,28,1.0,1933.46,1800,0
Cwulaek,800,63,63,1.0,1383.84,1200,0
Cwulaek,1000,34,34,1.0,1383.84,1200,0
Cwulaek,1200,26,26,1.0,1383.84,1200,1
Cwulaek,1400,22,22,1.0,1383.84,1200,0
Cwulaek,1600,23,22,0.9565,1383.84,1200,0
Cwulaek,1800,24,23,0.9583,1383.84,1200,0
Cwulaek,2000,21,17,0.8095,1383.84,1200,0
Cwulaek,2200,14,13,0.9286,1383.84,1200,0
Cwulaek,2400,9,5,0.5556,1383.84,1200,0
Cwulaek,2600,6,4,0.6667,1383.84,1200,0
Cwulaek,2800,1,0,0.0,1383.84,1200,0
Cwulaek,3000,1,0,0.0,1383.84,1200,0
DAleksa,800,389,382,0.982,1407.45,1400,0
DAleksa,1000,151,149,0.9868,1407.45,1400,0
DAleksa,1200,181,168,0.9282,1407.45,1400,0
DAleksa,1400,141,129,0.9149,1407.45,1400,1
DAleksa,1600,144,126,0.875,1407.45,1400,0
DAleksa,1800,129,105,0.814,1407.45,1400,0
DAleksa,2000,132,114,0.8636,1407.45,1400,0
DAleksa,2200,79,60,0.7595,1407.45,1400,0
DAleksa,2400,65,51,0.7846,1407.45,1400,0
DAleksa,2600,28,18,0.6429,1407.45,1400,0
DAleksa,2800,7,5,0.7143,1407.45,1400,0
DAleksa,3000,5,4,0.8,1407.45,1400,0
DAleksa,3200,2,2,1.0,1407.45,1400,0
DAleksa,3400,2,2,1.0,1407.45,1400,0
DJeniUp,800,291,286,0.9828,1441.96,1400,0
DJeniUp,1000,134,126,0.9403,1441.96,1400,0
DJeniUp,1200,156,146,0.9359,1441.96,1400,0
DJeniUp,1400,136,125,0.9191,1441.96,1400,1
DJeniUp,1600,135,115,0.8519,1441.96,1400,0
DJeniUp,1800,125,103,0.824,1441.96,1400,0
DJeniUp,2000,120,103,0.8583,1441.96,1400,0
DJeniUp,2200,95,83,0.8737,1441.96,1400,0
DJeniUp,2400,70,48,0.6857,1441.96,1400,0
DJeniUp,2600,11,5,0.4545,1441.96,1400,0
DJeniUp,2800,5,4,0.8,1441.96,1400,0
DJeniUp,3000,1,0,0.0,1441.96,1400,0
DaddySoulMyKing667,800,78,78,1.0,1320.17,1200,0
DaddySoulMyKing667,1000,27,26,0.963,1320.17,1200,0
DaddySoulMyKing667,1200,37,34,0.9189,1320.17,1200,1
DaddySoulMyKing667,1400,23,19,0.8261,1320.17,1200,0
DaddySoulMyKing667,1600,31,27,0.871,1320.17,1200,0
DaddySoulMyKing667,1800,24,19,0.7917,1320.17,1200,0
DaddySoulMyKing667,2000,16,12,0.75,1320.17,1200,0
DaddySoulMyKing667,2200,14,11,0.7857,1320.17,1200,0
DaddySoulMyKing667,2400,10,6,0.6,1320.17,1200,0
DaddySoulMyKing667,2600,3,0,0.0,1320.17,1200,0
DaddySoulMyKing667,2800,2,0,0.0,1320.17,1200,0
DaddySoulMyKing667,3000,6,1,0.1667,1320.17,1200,0
DaddySoulMyKing667,3400,1,0,0.0,1320.17,1200,0
Dalek_of_Rivia,800,124,123,0.9919,1565.14,1400,0
Dalek_of_Rivia,1000,61,61,1.0,1565.14,1400,0
Dalek_of_Rivia,1200,73,73,1.0,1565.14,1400,0
Dalek_of_Rivia,1400,67,66,0.9851,1565.14,1400,1
Dalek_of_Rivia,1600,62,58,0.9355,1565.14,1400,0
Dalek_of_Rivia,1800,79,74,0.9367,1565.14,1400,0
Dalek_of_Rivia,2000,51,43,0.8431,1565.14,1400,0
Dalek_of_Rivia,2200,43,37,0.8605,1565.14,1400,0
Dalek_of_Rivia,2400,45,40,0.8889,1565.14,1400,0
Dalek_of_Rivia,2600,23,19,0.8261,1565.14,1400,0
Dalek_of_Rivia,2800,11,6,0.5455,1565.14,1400,0
Dalek_of_Rivia,3000,4,3,0.75,1565.14,1400,0
Dalek_of_Rivia,3200,7,6,0.8571,1565.14,1400,0
Dalek_of_Rivia,3400,4,2,0.5,1565.14,1400,0
DanielAnker,800,115,114,0.9913,1561.4,1400,0
DanielAnker,1000,52,51,0.9808,1561.4,1400,0
DanielAnker,1200,56,54,0.9643,1561.4,1400,0
DanielAnker,1400,51,50,0.9804,1561.4,1400,1
DanielAnker,1600,53,49,0.9245,1561.4,1400,0
DanielAnker,1800,51,49,0.9608,1561.4,1400,0
DanielAnker,2000,49,47,0.9592,1561.4,1400,0
DanielAnker,2200,46,39,0.8478,1561.4,1400,0
DanielAnker,2400,38,32,0.8421,1561.4,1400,0
DanielAnker,2600,12,8,0.6667,1561.4,1400,0
DanielAnker,2800,15,9,0.6,1561.4,1400,0
DanielAnker,3000,14,10,0.7143,1561.4,1400,0
DanielAnker,3400,1,1,1.0,1561.4,1400,0
DanielChang,800,345,342,0.9913,1732.85,1600,0
DanielChang,1000,149,148,0.9933,1732.85,1600,0
DanielChang,1200,179,173,0.9665,1732.85,1600,0
DanielChang,1400,172,168,0.9767,1732.85,1600,0
DanielChang,1600,221,211,0.9548,1732.85,1600,1
DanielChang,1800,307,288,0.9381,1732.85,1600,0
DanielChang,2000,244,216,0.8852,1732.85,1600,0
DanielChang,2200,229,209,0.9127,1732.85,1600,0
DanielChang,2400,409,366,0.8949,1732.85,1600,0
DanielChang,2600,109,89,0.8165,1732.85,1600,0
DanielChang,2800,18,9,0.5,1732.85,1600,0
DanielChang,3000,8,3,0.375,1732.85,1600,0
DanielChang,3200,1,0,0.0,1732.85,1600,0
DanielChang,3400,1,0,0.0,1732.85,1600,0
Darius1414,800,97,92,0.9485,1458.33,1400,0
Darius1414,1000,42,41,0.9762,1458.33,1400,0
Darius1414,1200,53,51,0.9623,1458.33,1400,0
Darius1414,1400,40,34,0.85,1458.33,1400,1
Darius1414,1600,26,22,0.8462,1458.33,1400,0
Darius1414,1800,47,40,0.8511,1458.33,1400,0
Darius1414,2000,48,47,0.9792,1458.33,1400,0
Darius1414,2200,36,27,0.75,1458.33,1400,0
Darius1414,2400,18,15,0.8333,1458.33,1400,0
Darius1414,2600,4,3,0.75,1458.33,1400,0
Dark__Seith,800,296,296,1.0,1249.23,1200,0
Dark__Seith,1000,118,118,1.0,1249.23,1200,0
Dark__Seith,1200,107,107,1.0,1249.23,1200,1
Dark__Seith,1400,70,70,1.0,1249.23,1200,0
Dark__Seith,1600,56,56,1.0,1249.23,1200,0
Dark__Seith,1800,59,59,1.0,1249.23,1200,0
Dark__Seith,2000,30,29,0.9667,1249.23,1200,0
Dark__Seith,2200,24,24,1.0,1249.23,1200,0
Dark__Seith,2400,15,15,1.0,1249.23,1200,0
Dark__Seith,2600,8,6,0.75,1249.23,1200,0
Dark__Seith,2800,4,3,0.75,1249.23,1200,0
Dark__Seith,3000,1,1,1.0,1249.23,1200,0
Darknef,800,4,4,1.0,1958.97,1800,0
Darknef,1000,1,1,1.0,1958.97,1800,0
Darknef,1200,5,4,0.8,1958.97,1800,0
Darknef,1400,3,3,1.0,1958.97,1800,0
Darknef,1600,5,5,1.0,1958.97,1800,0
Darknef,1800,3,3,1.0,1958.97,1800,1
Darknef,2000,4,4,1.0,1958.97,1800,0
Darknef,2200,3,3,1.0,1958.97,1800,0
Darknef,2400,4,4,1.0,1958.97,1800,0
Darknef,2600,1,1,1.0,1958.97,1800,0
Darknef,2800,4,4,1.0,1958.97,1800,0
Darknef,3000,1,1,1.0,1958.97,1800,0
Darknef,3200,2,1,0.5,1958.97,1800,0
Darknef,3400,3,1,0.3333,1958.97,1800,0
Darko2026,800,31,31,1.0,1444.26,1400,0
Darko2026,1000,17,17,1.0,1444.26,1400,0
Darko2026,1200,13,13,1.0,1444.26,1400,0
Darko2026,1400,9,8,0.8889,1444.26,1400,1
Darko2026,1600,12,12,1.0,1444.26,1400,0
Darko2026,1800,16,16,1.0,1444.26,1400,0
Darko2026,2000,9,9,1.0,1444.26,1400,0
Darko2026,2200,10,10,1.0,1444.26,1400,0
Darko2026,2400,5,4,0.8,1444.26,1400,0
Darko2026,2600,3,2,0.6667,1444.26,1400,0
Darren0725,800,28,26,0.9286,1454.44,1400,0
Darren0725,1000,14,10,0.7143,1454.44,1400,0
Darren0725,1200,9,9,1.0,1454.44,1400,0
Darren0725,1400,10,9,0.9,1454.44,1400,1
Darren0725,1600,9,8,0.8889,1454.44,1400,0
Darren0725,1800,7,7,1.0,1454.44,1400,0
Darren0725,2000,11,10,0.9091,1454.44,1400,0
Darren0725,2200,6,2,0.3333,1454.44,1400,0
Darren0725,2400,8,6,0.75,1454.44,1400,0
Darren0725,2600,3,2,0.6667,1454.44,1400,0
Darren0725,3400,1,1,1.0,1454.44,1400,0
Dart-Xeyter,800,211,211,1.0,1630.93,1600,0
Dart-Xeyter,1000,106,106,1.0,1630.93,1600,0
Dart-Xeyter,1200,116,116,1.0,1630.93,1600,0
Dart-Xeyter,1400,136,134,0.9853,1630.93,1600,0
Dart-Xeyter,1600,155,152,0.9806,1630.93,1600,1
Dart-Xeyter,1800,124,122,0.9839,1630.93,1600,0
Dart-Xeyter,2000,108,107,0.9907,1630.93,1600,0
Dart-Xeyter,2200,101,99,0.9802,1630.93,1600,0
Dart-Xeyter,2400,87,81,0.931,1630.93,1600,0
Dart-Xeyter,2600,40,35,0.875,1630.93,1600,0
Dart-Xeyter,2800,28,22,0.7857,1630.93,1600,0
Dart-Xeyter,3000,18,16,0.8889,1630.93,1600,0
Dart-Xeyter,3200,9,6,0.6667,1630.93,1600,0
Dart-Xeyter,3400,2,2,1.0,1630.93,1600,0
David-M,800,238,231,0.9706,1399.38,1200,0
David-M,1000,141,134,0.9504,1399.38,1200,0
David-M,1200,161,146,0.9068,1399.38,1200,1
David-M,1400,137,123,0.8978,1399.38,1200,0
David-M,1600,134,114,0.8507,1399.38,1200,0
David-M,1800,96,72,0.75,1399.38,1200,0
David-M,2000,77,58,0.7532,1399.38,1200,0
David-M,2200,50,33,0.66,1399.38,1200,0
David-M,2400,49,34,0.6939,1399.38,1200,0
David-M,2600,21,12,0.5714,1399.38,1200,0
David-M,2800,11,7,0.6364,1399.38,1200,0
David-M,3000,3,2,0.6667,1399.38,1200,0
David-M,3200,2,1,0.5,1399.38,1200,0
David-M,3400,3,3,1.0,1399.38,1200,0
DavidGeo,800,117,116,0.9915,1296.13,1200,0
DavidGeo,1000,50,49,0.98,1296.13,1200,0
DavidGeo,1200,63,55,0.873,1296.13,1200,1
DavidGeo,1400,35,33,0.9429,1296.13,1200,0
DavidGeo,1600,37,32,0.8649,1296.13,1200,0
DavidGeo,1800,42,40,0.9524,1296.13,1200,0
DavidGeo,2000,24,19,0.7917,1296.13,1200,0
DavidGeo,2200,14,12,0.8571,1296.13,1200,0
DavidGeo,2400,8,5,0.625,1296.13,1200,0
DavidGeo,2600,2,1,0.5,1296.13,1200,0
Dby2dian,800,94,94,1.0,1513.7,1400,0
Dby2dian,1000,41,41,1.0,1513.7,1400,0
Dby2dian,1200,56,56,1.0,1513.7,1400,0
Dby2dian,1400,69,68,0.9855,1513.7,1400,1
Dby2dian,1600,65,64,0.9846,1513.7,1400,0
Dby2dian,1800,68,68,1.0,1513.7,1400,0
Dby2dian,2000,36,34,0.9444,1513.7,1400,0
Dby2dian,2200,35,34,0.9714,1513.7,1400,0
Dby2dian,2400,24,23,0.9583,1513.7,1400,0
Dby2dian,2600,7,5,0.7143,1513.7,1400,0
Dby2dian,2800,2,2,1.0,1513.7,1400,0
Dck,800,157,147,0.9363,1317.13,1200,0
Dck,1000,57,55,0.9649,1317.13,1200,0
Dck,1200,58,57,0.9828,1317.13,1200,1
Dck,1400,48,44,0.9167,1317.13,1200,0
Dck,1600,36,29,0.8056,1317.13,1200,0
Dck,1800,49,40,0.8163,1317.13,1200,0
Dck,2000,40,28,0.7,1317.13,1200,0
Dck,2200,24,19,0.7917,1317.13,1200,0
Dck,2400,14,7,0.5,1317.13,1200,0
Dck,2600,5,3,0.6,1317.13,1200,0
Dck,2800,4,3,0.75,1317.13,1200,0
Dck,3000,2,0,0.0,1317.13,1200,0
Dck,3400,1,0,0.0,1317.13,1200,0
Deflect.,800,23,23,1.0,1439.19,1400,0
Deflect.,1000,5,5,1.0,1439.19,1400,0
Deflect.,1200,6,6,1.0,1439.19,1400,0
Deflect.,1400,8,8,1.0,1439.19,1400,1
Deflect.,1600,7,6,0.8571,1439.19,1400,0
Deflect.,1800,15,14,0.9333,1439.19,1400,0
Deflect.,2000,4,2,0.5,1439.19,1400,0
Deflect.,2200,11,6,0.5455,1439.19,1400,0
Deflect.,2400,5,4,0.8,1439.19,1400,0
Deflect.,2600,2,0,0.0,1439.19,1400,0
Denislav_Manev,800,310,310,1.0,1357.77,1200,0
Denislav_Manev,1000,102,102,1.0,1357.77,1200,0
Denislav_Manev,1200,106,105,0.9906,1357.77,1200,1
Denislav_Manev,1400,84,84,1.0,1357.77,1200,0
Denislav_Manev,1600,83,83,1.0,1357.77,1200,0
Denislav_Manev,1800,108,108,1.0,1357.77,1200,0
Denislav_Manev,2000,64,62,0.9688,1357.77,1200,0
Denislav_Manev,2200,41,38,0.9268,1357.77,1200,0
Denislav_Manev,2400,27,25,0.9259,1357.77,1200,0
Denislav_Manev,2600,11,11,1.0,1357.77,1200,0
Denislav_Manev,2800,4,4,1.0,1357.77,1200,0
Denislav_Manev,3200,1,1,1.0,1357.77,1200,0
Denisov,800,253,252,0.996,1642.37,1600,0
Denisov,1000,135,134,0.9926,1642.37,1600,0
Denisov,1200,166,161,0.9699,1642.37,1600,0
Denisov,1400,138,134,0.971,1642.37,1600,0
Denisov,1600,141,138,0.9787,1642.37,1600,1
Denisov,1800,132,126,0.9545,1642.37,1600,0
Denisov,2000,141,132,0.9362,1642.37,1600,0
Denisov,2200,105,97,0.9238,1642.37,1600,0
Denisov,2400,116,108,0.931,1642.37,1600,0
Denisov,2600,52,47,0.9038,1642.37,1600,0
Denisov,2800,40,34,0.85,1642.37,1600,0
Denisov,3000,22,20,0.9091,1642.37,1600,0
Denisov,3200,16,14,0.875,1642.37,1600,0
Denisov,3400,6,5,0.8333,1642.37,1600,0
DeoMuonCodeNuaDau,800,66,64,0.9697,1350.86,1200,0
DeoMuonCodeNuaDau,1000,21,16,0.7619,1350.86,1200,0
DeoMuonCodeNuaDau,1200,25,24,0.96,1350.86,1200,1
DeoMuonCodeNuaDau,1400,16,13,0.8125,1350.86,1200,0
DeoMuonCodeNuaDau,1600,15,13,0.8667,1350.86,1200,0
DeoMuonCodeNuaDau,1800,21,17,0.8095,1350.86,1200,0
DeoMuonCodeNuaDau,2000,11,10,0.9091,1350.86,1200,0
DeoMuonCodeNuaDau,2200,10,8,0.8,1350.86,1200,0
DeoMuonCodeNuaDau,2400,10,7,0.7,1350.86,1200,0
DeoMuonCodeNuaDau,2800,4,2,0.5,1350.86,1200,0
DeoMuonCodeNuaDau,3000,1,1,1.0,1350.86,1200,0
DeoMuonCodeNuaDau,3200,1,0,0.0,1350.86,1200,0
Dhakshith1189,800,96,93,0.9688,1491.53,1400,0
Dhakshith1189,1000,48,46,0.9583,1491.53,1400,0
Dhakshith1189,1200,48,46,0.9583,1491.53,1400,0
Dhakshith1189,1400,53,52,0.9811,1491.53,1400,1
Dhakshith1189,1600,52,49,0.9423,1491.53,1400,0
Dhakshith1189,1800,61,55,0.9016,1491.53,1400,0
Dhakshith1189,2000,34,31,0.9118,1491.53,1400,0
Dhakshith1189,2200,21,19,0.9048,1491.53,1400,0
Dhakshith1189,2400,14,11,0.7857,1491.53,1400,0
Dhakshith1189,2600,9,9,1.0,1491.53,1400,0
Dhakshith1189,2800,17,12,0.7059,1491.53,1400,0
Dhakshith1189,3000,3,2,0.6667,1491.53,1400,0
DigitalVest,800,177,173,0.9774,1620.46,1600,0
DigitalVest,1000,75,74,0.9867,1620.46,1600,0
DigitalVest,1200,96,93,0.9688,1620.46,1600,0
DigitalVest,1400,71,70,0.9859,1620.46,1600,0
DigitalVest,1600,80,77,0.9625,1620.46,1600,1
DigitalVest,1800,95,92,0.9684,1620.46,1600,0
DigitalVest,2000,104,99,0.9519,1620.46,1600,0
DigitalVest,2200,72,63,0.875,1620.46,1600,0
DigitalVest,2400,77,74,0.961,1620.46,1600,0
DigitalVest,2600,25,24,0.96,1620.46,1600,0
DigitalVest,2800,14,12,0.8571,1620.46,1600,0
DigitalVest,3000,12,10,0.8333,1620.46,1600,0
DigitalVest,3200,4,2,0.5,1620.46,1600,0
DigitalVest,3400,3,2,0.6667,1620.46,1600,0
DimaTomsk,800,120,119,0.9917,1387.23,1200,0
DimaTomsk,1000,48,48,1.0,1387.23,1200,0
DimaTomsk,1200,46,45,0.9783,1387.23,1200,1
DimaTomsk,1400,57,52,0.9123,1387.23,1200,0
DimaTomsk,1600,49,43,0.8776,1387.23,1200,0
DimaTomsk,1800,49,43,0.8776,1387.23,1200,0
DimaTomsk,2000,38,33,0.8684,1387.23,1200,0
DimaTomsk,2200,28,10,0.3571,1387.23,1200,0
DimaTomsk,2400,22,13,0.5909,1387.23,1200,0
DimaTomsk,2600,13,7,0.5385,1387.23,1200,0
DimaTomsk,2800,4,1,0.25,1387.23,1200,0
DimaTomsk,3000,2,0,0.0,1387.23,1200,0
DimaTomsk,3200,4,1,0.25,1387.23,1200,0
DinnerHunt,800,193,189,0.9793,1498.02,1400,0
DinnerHunt,1000,96,94,0.9792,1498.02,1400,0
DinnerHunt,1200,111,104,0.9369,1498.02,1400,0
DinnerHunt,1400,116,112,0.9655,1498.02,1400,1
DinnerHunt,1600,112,104,0.9286,1498.02,1400,0
DinnerHunt,1800,119,111,0.9328,1498.02,1400,0
DinnerHunt,2000,89,85,0.9551,1498.02,1400,0
DinnerHunt,2200,55,50,0.9091,1498.02,1400,0
DinnerHunt,2400,40,38,0.95,1498.02,1400,0
DinnerHunt,2600,19,16,0.8421,1498.02,1400,0
DinnerHunt,2800,6,4,0.6667,1498.02,1400,0
DinnerHunt,3200,2,1,0.5,1498.02,1400,0
Dinprosperity,800,93,92,0.9892,2093.19,2000,0
Dinprosperity,1000,39,39,1.0,2093.19,2000,0
Dinprosperity,1200,57,57,1.0,2093.19,2000,0
Dinprosperity,1400,49,46,0.9388,2093.19,2000,0
Dinprosperity,1600,59,59,1.0,2093.19,2000,0
Dinprosperity,1800,70,69,0.9857,2093.19,2000,0
Dinprosperity,2000,64,62,0.9688,2093.19,2000,1
Dinprosperity,2200,76,72,0.9474,2093.19,2000,0
Dinprosperity,2400,98,95,0.9694,2093.19,2000,0
Dinprosperity,2600,78,77,0.9872,2093.19,2000,0
Dinprosperity,2800,75,75,1.0,2093.19,2000,0
Dinprosperity,3000,64,64,1.0,2093.19,2000,0
Dinprosperity,3200,35,35,1.0,2093.19,2000,0
Dinprosperity,3400,28,25,0.8929,2093.19,2000,0
Dispensable,800,228,227,0.9956,1600.65,1600,0
Dispensable,1000,90,90,1.0,1600.65,1600,0
Dispensable,1200,89,89,1.0,1600.65,1600,0
Dispensable,1400,80,80,1.0,1600.65,1600,0
Dispensable,1600,73,72,0.9863,1600.65,1600,1
Dispensable,1800,84,80,0.9524,1600.65,1600,0
Dispensable,2000,51,49,0.9608,1600.65,1600,0
Dispensable,2200,72,68,0.9444,1600.65,1600,0
Dispensable,2400,70,64,0.9143,1600.65,1600,0
Dispensable,2600,49,48,0.9796,1600.65,1600,0
Dispensable,2800,31,31,1.0,1600.65,1600,0
Dispensable,3000,10,10,1.0,1600.65,1600,0
Dispensable,3200,10,10,1.0,1600.65,1600,0
Dispensable,3400,4,4,1.0,1600.65,1600,0
Djangle,800,74,73,0.9865,1374.14,1200,0
Djangle,1000,25,24,0.96,1374.14,1200,0
Djangle,1200,30,30,1.0,1374.14,1200,1
Djangle,1400,26,24,0.9231,1374.14,1200,0
Djangle,1600,24,23,0.9583,1374.14,1200,0
Djangle,1800,27,23,0.8519,1374.14,1200,0
Djangle,2000,18,15,0.8333,1374.14,1200,0
Djangle,2200,7,6,0.8571,1374.14,1200,0
Djangle,2400,10,8,0.8,1374.14,1200,0
Djangle,2600,3,3,1.0,1374.14,1200,0
Djangle,2800,3,2,0.6667,1374.14,1200,0
Djangle,3000,1,1,1.0,1374.14,1200,0
DmitryLzr,800,265,260,0.9811,1645.17,1600,0
DmitryLzr,1000,118,113,0.9576,1645.17,1600,0
DmitryLzr,1200,121,118,0.9752,1645.17,1600,0
DmitryLzr,1400,111,105,0.9459,1645.17,1600,0
DmitryLzr,1600,111,107,0.964,1645.17,1600,1
DmitryLzr,1800,131,118,0.9008,1645.17,1600,0
DmitryLzr,2000,137,129,0.9416,1645.17,1600,0
DmitryLzr,2200,152,148,0.9737,1645.17,1600,0
DmitryLzr,2400,124,114,0.9194,1645.17,1600,0
DmitryLzr,2600,47,43,0.9149,1645.17,1600,0
DmitryLzr,2800,30,28,0.9333,1645.17,1600,0
DmitryLzr,3000,10,9,0.9,1645.17,1600,0
DmitryLzr,3200,3,3,1.0,1645.17,1600,0
Dog_King,800,64,63,0.9844,1532.43,1400,0
Dog_King,1000,20,19,0.95,1532.43,1400,0
Dog_King,1200,30,28,0.9333,1532.43,1400,0
Dog_King,1400,20,19,0.95,1532.43,1400,1
Dog_King,1600,15,14,0.9333,1532.43,1400,0
Dog_King,1800,18,17,0.9444,1532.43,1400,0
Dog_King,2000,22,16,0.7273,1532.43,1400,0
Dog_King,2200,17,14,0.8235,1532.43,1400,0
Dog_King,2400,18,14,0.7778,1532.43,1400,0
Dog_King,2600,9,6,0.6667,1532.43,1400,0
Dog_King,2800,6,4,0.6667,1532.43,1400,0
Dog_King,3000,5,4,0.8,1532.43,1400,0
Dog_King,3200,1,1,1.0,1532.43,1400,0
Dog_King,3400,5,3,0.6,1532.43,1400,0
Donaldqian0712,800,72,71,0.9861,1907.47,1800,0
Donaldqian0712,1000,28,28,1.0,1907.47,1800,0
Donaldqian0712,1200,26,26,1.0,1907.47,1800,0
Donaldqian0712,1400,30,29,0.9667,1907.47,1800,0
Donaldqian0712,1600,35,35,1.0,1907.47,1800,0
Donaldqian0712,1800,51,49,0.9608,1907.47,1800,1
Donaldqian0712,2000,52,49,0.9423,1907.47,1800,0
Donaldqian0712,2200,73,71,0.9726,1907.47,1800,0
Donaldqian0712,2400,51,47,0.9216,1907.47,1800,0
Donaldqian0712,2600,42,41,0.9762,1907.47,1800,0
Donaldqian0712,2800,27,25,0.9259,1907.47,1800,0
Donaldqian0712,3000,8,6,0.75,1907.47,1800,0
Donaldqian0712,3200,10,10,1.0,1907.47,1800,0
Donaldqian0712,3400,8,8,1.0,1907.47,1800,0
DownRat,800,20,19,0.95,2180.87,2000,0
DownRat,1000,6,5,0.8333,2180.87,2000,0
DownRat,1200,24,22,0.9167,2180.87,2000,0
DownRat,1400,9,8,0.8889,2180.87,2000,0
DownRat,1600,20,18,0.9,2180.87,2000,0
DownRat,1800,32,28,0.875,2180.87,2000,0
DownRat,2000,28,27,0.9643,2180.87,2000,1
DownRat,2200,44,40,0.9091,2180.87,2000,0
DownRat,2400,40,38,0.95,2180.87,2000,0
DownRat,2600,36,34,0.9444,2180.87,2000,0
DownRat,2800,22,20,0.9091,2180.87,2000,0
DownRat,3000,23,21,0.913,2180.87,2000,0
DownRat,3200,11,11,1.0,2180.87,2000,0
DownRat,3400,7,7,1.0,2180.87,2000,0
Dragokj03,800,286,279,0.9755,1409.54,1400,0
Dragokj03,1000,122,117,0.959,1409.54,1400,0
Dragokj03,1200,112,108,0.9643,1409.54,1400,0
Dragokj03,1400,109,104,0.9541,1409.54,1400,1
Dragokj03,1600,114,105,0.9211,1409.54,1400,0
Dragokj03,1800,133,116,0.8722,1409.54,1400,0
Dragokj03,2000,81,72,0.8889,1409.54,1400,0
Dragokj03,2200,80,66,0.825,1409.54,1400,0
Dragokj03,2400,46,30,0.6522,1409.54,1400,0
Dragokj03,2600,10,9,0.9,1409.54,1400,0
Dragokj03,2800,4,0,0.0,1409.54,1400,0
Dragokj03,3000,1,0,0.0,1409.54,1400,0
Dragokj03,3400,1,0,0.0,1409.54,1400,0
DylanSmith,800,473,469,0.9915,1604.47,1600,0
DylanSmith,1000,200,193,0.965,1604.47,1600,0
DylanSmith,1200,189,184,0.9735,1604.47,1600,0
DylanSmith,1400,170,167,0.9824,1604.47,1600,0
DylanSmith,1600,202,195,0.9653,1604.47,1600,1
DylanSmith,1800,198,187,0.9444,1604.47,1600,0
DylanSmith,2000,173,166,0.9595,1604.47,1600,0
DylanSmith,2200,170,160,0.9412,1604.47,1600,0
DylanSmith,2400,151,143,0.947,1604.47,1600,0
DylanSmith,2600,91,82,0.9011,1604.47,1600,0
DylanSmith,2800,47,43,0.9149,1604.47,1600,0
DylanSmith,3000,34,30,0.8824,1604.47,1600,0
DylanSmith,3200,14,13,0.9286,1604.47,1600,0
DylanSmith,3400,5,5,1.0,1604.47,1600,0
ETO_leader,800,74,74,1.0,2086.89,2000,0
ETO_leader,1000,39,39,1.0,2086.89,2000,0
ETO_leader,1200,45,45,1.0,2086.89,2000,0
ETO_leader,1400,31,31,1.0,2086.89,2000,0
ETO_leader,1600,54,54,1.0,2086.89,2000,0
ETO_leader,1800,50,50,1.0,2086.89,2000,0
ETO_leader,2000,41,41,1.0,2086.89,2000,1
ETO_leader,2200,60,58,0.9667,2086.89,2000,0
ETO_leader,2400,71,70,0.9859,2086.89,2000,0
ETO_leader,2600,82,81,0.9878,2086.89,2000,0
ETO_leader,2800,54,54,1.0,2086.89,2000,0
ETO_leader,3000,42,42,1.0,2086.89,2000,0
ETO_leader,3200,35,35,1.0,2086.89,2000,0
ETO_leader,3400,20,20,1.0,2086.89,2000,0
EasonTAO,800,194,192,0.9897,1718.64,1600,0
EasonTAO,1000,99,97,0.9798,1718.64,1600,0
EasonTAO,1200,120,117,0.975,1718.64,1600,0
EasonTAO,1400,126,120,0.9524,1718.64,1600,0
EasonTAO,1600,150,140,0.9333,1718.64,1600,1
EasonTAO,1800,132,119,0.9015,1718.64,1600,0
EasonTAO,2000,136,124,0.9118,1718.64,1600,0
EasonTAO,2200,109,99,0.9083,1718.64,1600,0
EasonTAO,2400,121,106,0.876,1718.64,1600,0
EasonTAO,2600,74,66,0.8919,1718.64,1600,0
EasonTAO,2800,47,43,0.9149,1718.64,1600,0
EasonTAO,3000,17,17,1.0,1718.64,1600,0
EasonTAO,3200,10,6,0.6,1718.64,1600,0
EasonTAO,3400,7,4,0.5714,1718.64,1600,0
Edu175,800,370,366,0.9892,1525.5,1400,0
Edu175,1000,150,148,0.9867,1525.5,1400,0
Edu175,1200,145,143,0.9862,1525.5,1400,0
Edu175,1400,126,126,1.0,1525.5,1400,1
Edu175,1600,140,139,0.9929,1525.5,1400,0
Edu175,1800,153,147,0.9608,1525.5,1400,0
Edu175,2000,111,108,0.973,1525.5,1400,0
Edu175,2200,109,96,0.8807,1525.5,1400,0
Edu175,2400,94,82,0.8723,1525.5,1400,0
Edu175,2600,53,46,0.8679,1525.5,1400,0
Edu175,2800,31,26,0.8387,1525.5,1400,0
Edu175,3000,12,10,0.8333,1525.5,1400,0
Edu175,3200,8,5,0.625,1525.5,1400,0
Edu175,3400,2,1,0.5,1525.5,1400,0
Egor,800,347,345,0.9942,1735.03,1600,0
Egor,1000,189,189,1.0,1735.03,1600,0
Egor,1200,252,249,0.9881,1735.03,1600,0
Egor,1400,270,270,1.0,1735.03,1600,0
Egor,1600,321,308,0.9595,1735.03,1600,1
Egor,1800,352,339,0.9631,1735.03,1600,0
Egor,2000,288,269,0.934,1735.03,1600,0
Egor,2200,272,250,0.9191,1735.03,1600,0
Egor,2400,228,192,0.8421,1735.03,1600,0
Egor,2600,162,136,0.8395,1735.03,1600,0
Egor,2800,98,74,0.7551,1735.03,1600,0
Egor,3000,48,33,0.6875,1735.03,1600,0
Egor,3200,32,18,0.5625,1735.03,1600,0
Egor,3400,17,6,0.3529,1735.03,1600,0
El_Medonho,800,202,201,0.995,1323.82,1200,0
El_Medonho,1000,96,96,1.0,1323.82,1200,0
El_Medonho,1200,86,85,0.9884,1323.82,1200,1
El_Medonho,1400,64,61,0.9531,1323.82,1200,0
El_Medonho,1600,76,69,0.9079,1323.82,1200,0
El_Medonho,1800,72,68,0.9444,1323.82,1200,0
El_Medonho,2000,37,34,0.9189,1323.82,1200,0
El_Medonho,2200,37,26,0.7027,1323.82,1200,0
El_Medonho,2400,14,7,0.5,1323.82,1200,0
El_Medonho,2600,6,5,0.8333,1323.82,1200,0
El_Medonho,2800,3,3,1.0,1323.82,1200,0
Eldar_H1,800,60,60,1.0,1558.11,1400,0
Eldar_H1,1000,34,32,0.9412,1558.11,1400,0
Eldar_H1,1200,31,31,1.0,1558.11,1400,0
Eldar_H1,1400,30,29,0.9667,1558.11,1400,1
Eldar_H1,1600,32,29,0.9062,1558.11,1400,0
Eldar_H1,1800,40,36,0.9,1558.11,1400,0
Eldar_H1,2000,29,29,1.0,1558.11,1400,0
Eldar_H1,2200,19,18,0.9474,1558.11,1400,0
Eldar_H1,2400,24,21,0.875,1558.11,1400,0
Eldar_H1,2600,6,5,0.8333,1558.11,1400,0
Eldar_H1,2800,5,3,0.6,1558.11,1400,0
Eldar_H1,3000,3,3,1.0,1558.11,1400,0
Eldar_H1,3200,1,0,0.0,1558.11,1400,0
ElderlyPassionFruit,800,12,12,1.0,1335.48,1200,0
ElderlyPassionFruit,1000,4,4,1.0,1335.48,1200,0
ElderlyPassionFruit,1200,3,3,1.0,1335.48,1200,1
ElderlyPassionFruit,1400,2,2,1.0,1335.48,1200,0
ElderlyPassionFruit,1800,4,4,1.0,1335.48,1200,0
ElderlyPassionFruit,2000,2,2,1.0,1335.48,1200,0
ElderlyPassionFruit,2200,3,3,1.0,1335.48,1200,0
ElderlyPassionFruit,2600,3,1,0.3333,1335.48,1200,0
Emikooh,800,129,129,1.0,1538.08,1400,0
Emikooh,1000,71,71,1.0,1538.08,1400,0
Emikooh,1200,51,51,1.0,1538.08,1400,0
Emikooh,1400,37,36,0.973,1538.08,1400,1
Emikooh,1600,30,30,1.0,1538.08,1400,0
Emikooh,1800,35,35,1.0,1538.08,1400,0
Emikooh,2000,30,27,0.9,1538.08,1400,0
Emikooh,2200,18,17,0.9444,1538.08,1400,0
Emikooh,2400,28,27,0.9643,1538.08,1400,0
Emikooh,2600,12,11,0.9167,1538.08,1400,0
Emikooh,2800,19,18,0.9474,1538.08,1400,0
Emikooh,3000,9,8,0.8889,1538.08,1400,0
Emikooh,3200,8,8,1.0,1538.08,1400,0
Emikooh,3400,11,10,0.9091,1538.08,1400,0
Empty_Dust,800,190,189,0.9947,1526.9,1400,0
Empty_Dust,1000,86,85,0.9884,1526.9,1400,0
Empty_Dust,1200,88,88,1.0,1526.9,1400,0
Empty_Dust,1400,79,78,0.9873,1526.9,1400,1
Empty_Dust,1600,103,103,1.0,1526.9,1400,0
Empty_Dust,1800,106,106,1.0,1526.9,1400,0
Empty_Dust,2000,78,76,0.9744,1526.9,1400,0
Empty_Dust,2200,54,51,0.9444,1526.9,1400,0
Empty_Dust,2400,49,49,1.0,1526.9,1400,0
Empty_Dust,2600,23,22,0.9565,1526.9,1400,0
Empty_Dust,2800,6,5,0.8333,1526.9,1400,0
Empty_Dust,3000,2,2,1.0,1526.9,1400,0
Empty_Dust,3200,1,1,1.0,1526.9,1400,0
Enigma27,800,291,288,0.9897,1361.1,1200,0
Enigma27,1000,223,221,0.991,1361.1,1200,0
Enigma27,1200,232,231,0.9957,1361.1,1200,1
Enigma27,1400,226,223,0.9867,1361.1,1200,0
Enigma27,1600,233,222,0.9528,1361.1,1200,0
Enigma27,1800,172,145,0.843,1361.1,1200,0
Enigma27,2000,94,76,0.8085,1361.1,1200,0
Enigma27,2200,36,27,0.75,1361.1,1200,0
Enigma27,2400,23,14,0.6087,1361.1,1200,0
Enigma27,2600,2,2,1.0,1361.1,1200,0
Enigma27,2800,1,1,1.0,1361.1,1200,0
Enoch006,800,94,93,0.9894,1969.65,1800,0
Enoch006,1000,35,33,0.9429,1969.65,1800,0
Enoch006,1200,45,42,0.9333,1969.65,1800,0
Enoch006,1400,35,35,1.0,1969.65,1800,0
Enoch006,1600,51,48,0.9412,1969.65,1800,0
Enoch006,1800,65,64,0.9846,1969.65,1800,1
Enoch006,2000,72,64,0.8889,1969.65,1800,0
Enoch006,2200,79,71,0.8987,1969.65,1800,0
Enoch006,2400,79,72,0.9114,1969.65,1800,0
Enoch006,2600,60,56,0.9333,1969.65,1800,0
Enoch006,2800,50,47,0.94,1969.65,1800,0
Enoch006,3000,31,31,1.0,1969.65,1800,0
Enoch006,3200,16,13,0.8125,1969.65,1800,0
Enoch006,3400,14,13,0.9286,1969.65,1800,0
Ergodic137,800,119,117,0.9832,1630.18,1600,0
Ergodic137,1000,56,56,1.0,1630.18,1600,0
Ergodic137,1200,79,77,0.9747,1630.18,1600,0
Ergodic137,1400,68,65,0.9559,1630.18,1600,0
Ergodic137,1600,120,116,0.9667,1630.18,1600,1
Ergodic137,1800,103,94,0.9126,1630.18,1600,0
Ergodic137,2000,92,88,0.9565,1630.18,1600,0
Ergodic137,2200,89,78,0.8764,1630.18,1600,0
Ergodic137,2400,79,65,0.8228,1630.18,1600,0
Ergodic137,2600,11,5,0.4545,1630.18,1600,0
Ergodic137,2800,4,1,0.25,1630.18,1600,0
Ergodic137,3000,1,0,0.0,1630.18,1600,0
Ericwan_,800,16,15,0.9375,2092.21,2000,0
Ericwan_,1000,6,6,1.0,2092.21,2000,0
Ericwan_,1200,7,7,1.0,2092.21,2000,0
Ericwan_,1400,3,3,1.0,2092.21,2000,0
Ericwan_,1600,8,7,0.875,2092.21,2000,0
Ericwan_,1800,14,14,1.0,2092.21,2000,0
Ericwan_,2000,10,10,1.0,2092.21,2000,1
Ericwan_,2200,37,35,0.9459,2092.21,2000,0
Ericwan_,2400,27,23,0.8519,2092.21,2000,0
Ericwan_,2600,15,13,0.8667,2092.21,2000,0
Ericwan_,2800,11,11,1.0,2092.21,2000,0
Ericwan_,3000,6,4,0.6667,2092.21,2000,0
Ericwan_,3200,5,4,0.8,2092.21,2000,0
Ericwan_,3400,3,2,0.6667,2092.21,2000,0
ErrorAssassin,800,172,168,0.9767,1169.32,1000,0
ErrorAssassin,1000,93,92,0.9892,1169.32,1000,1
ErrorAssassin,1200,61,54,0.8852,1169.32,1000,0
ErrorAssassin,1400,27,25,0.9259,1169.32,1000,0
ErrorAssassin,1600,43,38,0.8837,1169.32,1000,0
ErrorAssassin,1800,29,25,0.8621,1169.32,1000,0
ErrorAssassin,2000,25,20,0.8,1169.32,1000,0
ErrorAssassin,2200,6,1,0.1667,1169.32,1000,0
ErrorAssassin,2400,4,3,0.75,1169.32,1000,0
ErrorAssassin,2600,2,1,0.5,1169.32,1000,0
Escapisst,800,92,88,0.9565,1238.53,1200,0
Escapisst,1000,43,39,0.907,1238.53,1200,0
Escapisst,1200,27,22,0.8148,1238.53,1200,1
Escapisst,1400,32,28,0.875,1238.53,1200,0
Escapisst,1600,15,11,0.7333,1238.53,1200,0
Escapisst,1800,25,20,0.8,1238.53,1200,0
Escapisst,2000,15,11,0.7333,1238.53,1200,0
Escapisst,2200,13,9,0.6923,1238.53,1200,0
Escapisst,2400,4,2,0.5,1238.53,1200,0
Escapisst,2600,3,1,0.3333,1238.53,1200,0
Escapisst,2800,1,0,0.0,1238.53,1200,0
Escapisst,3400,1,0,0.0,1238.53,1200,0
EverlastingEternity,800,26,26,1.0,2459.31,2400,0
EverlastingEternity,1000,12,12,1.0,2459.31,2400,0
EverlastingEternity,1200,15,14,0.9333,2459.31,2400,0
EverlastingEternity,1400,24,23,0.9583,2459.31,2400,0
EverlastingEternity,1600,25,24,0.96,2459.31,2400,0
EverlastingEternity,1800,46,45,0.9783,2459.31,2400,0
EverlastingEternity,2000,70,67,0.9571,2459.31,2400,0
EverlastingEternity,2200,111,109,0.982,2459.31,2400,0
EverlastingEternity,2400,124,121,0.9758,2459.31,2400,1
EverlastingEternity,2600,130,126,0.9692,2459.31,2400,0
EverlastingEternity,2800,85,83,0.9765,2459.31,2400,0
EverlastingEternity,3000,85,84,0.9882,2459.31,2400,0
EverlastingEternity,3200,60,60,1.0,2459.31,2400,0
EverlastingEternity,3400,45,44,0.9778,2459.31,2400,0
ExplodingKonjac,800,48,48,1.0,2302.25,2200,0
ExplodingKonjac,1000,22,21,0.9545,2302.25,2200,0
ExplodingKonjac,1200,20,20,1.0,2302.25,2200,0
ExplodingKonjac,1400,12,12,1.0,2302.25,2200,0
ExplodingKonjac,1600,25,25,1.0,2302.25,2200,0
ExplodingKonjac,1800,39,38,0.9744,2302.25,2200,0
ExplodingKonjac,2000,51,51,1.0,2302.25,2200,0
ExplodingKonjac,2200,56,54,0.9643,2302.25,2200,1
ExplodingKonjac,2400,74,74,1.0,2302.25,2200,0
ExplodingKonjac,2600,54,54,1.0,2302.25,2200,0
ExplodingKonjac,2800,51,50,0.9804,2302.25,2200,0
ExplodingKonjac,3000,49,48,0.9796,2302.25,2200,0
ExplodingKonjac,3200,48,48,1.0,2302.25,2200,0
ExplodingKonjac,3400,35,35,1.0,2302.25,2200,0
ExtraNumber,800,83,80,0.9639,1609.17,1600,0
ExtraNumber,1000,25,24,0.96,1609.17,1600,0
ExtraNumber,1200,30,28,0.9333,1609.17,1600,0
ExtraNumber,1400,30,29,0.9667,1609.17,1600,0
ExtraNumber,1600,40,37,0.925,1609.17,1600,1
ExtraNumber,1800,41,35,0.8537,1609.17,1600,0
ExtraNumber,2000,37,34,0.9189,1609.17,1600,0
ExtraNumber,2200,34,30,0.8824,1609.17,1600,0
ExtraNumber,2400,20,15,0.75,1609.17,1600,0
ExtraNumber,2600,12,9,0.75,1609.17,1600,0
ExtraNumber,2800,2,2,1.0,1609.17,1600,0
ExtraNumber,3000,12,10,0.8333,1609.17,1600,0
ExtraNumber,3200,3,3,1.0,1609.17,1600,0
ExtraNumber,3400,2,2,1.0,1609.17,1600,0
Eyes_on_me,800,289,278,0.9619,1391.18,1200,0
Eyes_on_me,1000,159,148,0.9308,1391.18,1200,0
Eyes_on_me,1200,159,144,0.9057,1391.18,1200,1
Eyes_on_me,1400,171,164,0.9591,1391.18,1200,0
Eyes_on_me,1600,179,156,0.8715,1391.18,1200,0
Eyes_on_me,1800,139,127,0.9137,1391.18,1200,0
Eyes_on_me,2000,123,112,0.9106,1391.18,1200,0
Eyes_on_me,2200,37,35,0.9459,1391.18,1200,0
Eyes_on_me,2400,15,13,0.8667,1391.18,1200,0
Eyes_on_me,2600,3,2,0.6667,1391.18,1200,0
Eyes_on_me,2800,4,0,0.0,1391.18,1200,0
FLY_lai,800,117,116,0.9915,2093.68,2000,0
FLY_lai,1000,60,58,0.9667,2093.68,2000,0
FLY_lai,1200,53,51,0.9623,2093.68,2000,0
FLY_lai,1400,49,49,1.0,2093.68,2000,0
FLY_lai,1600,61,60,0.9836,2093.68,2000,0
FLY_lai,1800,84,80,0.9524,2093.68,2000,0
FLY_lai,2000,109,105,0.9633,2093.68,2000,1
FLY_lai,2200,131,125,0.9542,2093.68,2000,0
FLY_lai,2400,135,132,0.9778,2093.68,2000,0
FLY_lai,2600,108,103,0.9537,2093.68,2000,0
FLY_lai,2800,74,73,0.9865,2093.68,2000,0
FLY_lai,3000,61,61,1.0,2093.68,2000,0
FLY_lai,3200,52,51,0.9808,2093.68,2000,0
FLY_lai,3400,29,28,0.9655,2093.68,2000,0
FableWeaver,800,11,10,0.9091,1484.62,1400,0
FableWeaver,1000,5,4,0.8,1484.62,1400,0
FableWeaver,1200,5,5,1.0,1484.62,1400,0
FableWeaver,1400,5,5,1.0,1484.62,1400,1
FableWeaver,1600,1,1,1.0,1484.62,1400,0
FableWeaver,1800,8,7,0.875,1484.62,1400,0
FableWeaver,2200,2,2,1.0,1484.62,1400,0
FableWeaver,2400,3,2,0.6667,1484.62,1400,0
FableWeaver,2600,2,1,0.5,1484.62,1400,0
FableWeaver,2800,2,2,1.0,1484.62,1400,0
Farhod,800,542,539,0.9945,1559.92,1400,0
Farhod,1000,417,416,0.9976,1559.92,1400,0
Farhod,1200,458,450,0.9825,1559.92,1400,0
Farhod,1400,435,414,0.9517,1559.92,1400,1
Farhod,1600,461,426,0.9241,1559.92,1400,0
Farhod,1800,380,336,0.8842,1559.92,1400,0
Farhod,2000,326,297,0.911,1559.92,1400,0
Farhod,2200,246,210,0.8537,1559.92,1400,0
Farhod,2400,239,186,0.7782,1559.92,1400,0
Farhod,2600,114,85,0.7456,1559.92,1400,0
Farhod,2800,70,46,0.6571,1559.92,1400,0
Farhod,3000,38,19,0.5,1559.92,1400,0
Farhod,3200,24,10,0.4167,1559.92,1400,0
Farhod,3400,16,4,0.25,1559.92,1400,0
FelixMP,800,177,174,0.9831,1529.55,1400,0
FelixMP,1000,100,97,0.97,1529.55,1400,0
FelixMP,1200,129,120,0.9302,1529.55,1400,0
FelixMP,1400,104,96,0.9231,1529.55,1400,1
FelixMP,1600,120,108,0.9,1529.55,1400,0
FelixMP,1800,118,98,0.8305,1529.55,1400,0
FelixMP,2000,106,89,0.8396,1529.55,1400,0
FelixMP,2200,83,68,0.8193,1529.55,1400,0
FelixMP,2400,62,42,0.6774,1529.55,1400,0
FelixMP,2600,27,16,0.5926,1529.55,1400,0
FelixMP,2800,14,4,0.2857,1529.55,1400,0
FelixMP,3000,5,3,0.6,1529.55,1400,0
FelixMP,3200,3,1,0.3333,1529.55,1400,0
FelixMP,3400,5,1,0.2,1529.55,1400,0
FinrodF,800,84,84,1.0,1548.07,1400,0
FinrodF,1000,33,32,0.9697,1548.07,1400,0
FinrodF,1200,47,43,0.9149,1548.07,1400,0
FinrodF,1400,42,42,1.0,1548.07,1400,1
FinrodF,1600,49,44,0.898,1548.07,1400,0
FinrodF,1800,78,71,0.9103,1548.07,1400,0
FinrodF,2000,55,44,0.8,1548.07,1400,0
FinrodF,2200,39,29,0.7436,1548.07,1400,0
FinrodF,2400,25,18,0.72,1548.07,1400,0
FinrodF,2600,12,6,0.5,1548.07,1400,0
FinrodF,3000,1,1,1.0,1548.07,1400,0
Fizonel,800,48,48,1.0,1624.73,1600,0
Fizonel,1000,20,20,1.0,1624.73,1600,0
Fizonel,1200,27,27,1.0,1624.73,1600,0
Fizonel,1400,19,19,1.0,1624.73,1600,0
Fizonel,1600,26,26,1.0,1624.73,1600,1
Fizonel,1800,69,66,0.9565,1624.73,1600,0
Fizonel,2000,25,25,1.0,1624.73,1600,0
Fizonel,2200,14,14,1.0,1624.73,1600,0
Fizonel,2400,16,16,1.0,1624.73,1600,0
Fizonel,2600,6,6,1.0,1624.73,1600,0
Fizonel,2800,6,5,0.8333,1624.73,1600,0
Fizonel,3000,2,2,1.0,1624.73,1600,0
Fizonel,3400,2,1,0.5,1624.73,1600,0
Forested,800,112,112,1.0,1651.89,1600,0
Forested,1000,46,45,0.9783,1651.89,1600,0
Forested,1200,55,54,0.9818,1651.89,1600,0
Forested,1400,49,48,0.9796,1651.89,1600,0
Forested,1600,52,51,0.9808,1651.89,1600,1
Forested,1800,63,62,0.9841,1651.89,1600,0
Forested,2000,54,51,0.9444,1651.89,1600,0
Forested,2200,37,36,0.973,1651.89,1600,0
Forested,2400,46,40,0.8696,1651.89,1600,0
Forested,2600,27,26,0.963,1651.89,1600,0
Forested,2800,26,18,0.6923,1651.89,1600,0
Forested,3000,11,8,0.7273,1651.89,1600,0
Forested,3200,5,4,0.8,1651.89,1600,0
Forested,3400,3,0,0.0,1651.89,1600,0
Fostok,800,621,621,1.0,1301.84,1200,0
Fostok,1000,268,268,1.0,1301.84,1200,0
Fostok,1200,261,261,1.0,1301.84,1200,1
Fostok,1400,225,224,0.9956,1301.84,1200,0
Fostok,1600,199,191,0.9598,1301.84,1200,0
Fostok,1800,191,181,0.9476,1301.84,1200,0
Fostok,2000,141,131,0.9291,1301.84,1200,0
Fostok,2200,69,60,0.8696,1301.84,1200,0
Fostok,2400,26,18,0.6923,1301.84,1200,0
Fostok,2600,8,3,0.375,1301.84,1200,0
Fostok,2800,2,1,0.5,1301.84,1200,0
Fostok,3000,4,1,0.25,1301.84,1200,0
Fostok,3400,2,1,0.5,1301.84,1200,0
Francesco4203,800,213,203,0.9531,1460.43,1400,0
Francesco4203,1000,96,90,0.9375,1460.43,1400,0
Francesco4203,1200,90,86,0.9556,1460.43,1400,0
Francesco4203,1400,75,71,0.9467,1460.43,1400,1
Francesco4203,1600,80,78,0.975,1460.43,1400,0
Francesco4203,1800,93,83,0.8925,1460.43,1400,0
Francesco4203,2000,84,77,0.9167,1460.43,1400,0
Francesco4203,2200,49,41,0.8367,1460.43,1400,0
Francesco4203,2400,53,39,0.7358,1460.43,1400,0
Francesco4203,2600,15,14,0.9333,1460.43,1400,0
Francesco4203,2800,7,2,0.2857,1460.43,1400,0
Francesco4203,3000,3,2,0.6667,1460.43,1400,0
Francesco4203,3200,1,0,0.0,1460.43,1400,0
Francesco4203,3400,2,0,0.0,1460.43,1400,0
Franuch,800,131,130,0.9924,1511.52,1400,0
Franuch,1000,54,52,0.963,1511.52,1400,0
Franuch,1200,67,63,0.9403,1511.52,1400,0
Franuch,1400,48,48,1.0,1511.52,1400,1
Franuch,1600,55,54,0.9818,1511.52,1400,0
Franuch,1800,60,60,1.0,1511.52,1400,0
Franuch,2000,50,46,0.92,1511.52,1400,0
Franuch,2200,51,49,0.9608,1511.52,1400,0
Franuch,2400,39,34,0.8718,1511.52,1400,0
Franuch,2600,12,7,0.5833,1511.52,1400,0
Franuch,2800,4,3,0.75,1511.52,1400,0
Franuch,3000,3,1,0.3333,1511.52,1400,0
FugiPig,800,53,53,1.0,1655.65,1600,0
FugiPig,1000,19,19,1.0,1655.65,1600,0
FugiPig,1200,21,20,0.9524,1655.65,1600,0
FugiPig,1400,22,20,0.9091,1655.65,1600,0
FugiPig,1600,21,21,1.0,1655.65,1600,1
FugiPig,1800,23,23,1.0,1655.65,1600,0
FugiPig,2000,14,13,0.9286,1655.65,1600,0
FugiPig,2200,26,21,0.8077,1655.65,1600,0
FugiPig,2400,15,12,0.8,1655.65,1600,0
FugiPig,2600,11,9,0.8182,1655.65,1600,0
FugiPig,2800,9,9,1.0,1655.65,1600,0
FugiPig,3000,5,5,1.0,1655.65,1600,0
FugiPig,3200,2,2,1.0,1655.65,1600,0
FugiPig,3400,3,3,1.0,1655.65,1600,0
FurinaHateComma,800,88,83,0.9432,1543.75,1400,0
FurinaHateComma,1000,39,38,0.9744,1543.75,1400,0
FurinaHateComma,1200,47,46,0.9787,1543.75,1400,0
FurinaHateComma,1400,54,48,0.8889,1543.75,1400,1
FurinaHateComma,1600,34,32,0.9412,1543.75,1400,0
FurinaHateComma,1800,38,33,0.8684,1543.75,1400,0
FurinaHateComma,2000,37,31,0.8378,1543.75,1400,0
FurinaHateComma,2200,32,31,0.9688,1543.75,1400,0
FurinaHateComma,2400,24,21,0.875,1543.75,1400,0
FurinaHateComma,2600,14,12,0.8571,1543.75,1400,0
FurinaHateComma,2800,7,5,0.7143,1543.75,1400,0
FurinaHateComma,3000,6,4,0.6667,1543.75,1400,0
Furioso_Slient,800,26,25,0.9615,1975.23,1800,0
Furioso_Slient,1000,11,11,1.0,1975.23,1800,0
Furioso_Slient,1200,13,11,0.8462,1975.23,1800,0
Furioso_Slient,1400,20,18,0.9,1975.23,1800,0
Furioso_Slient,1600,16,15,0.9375,1975.23,1800,0
Furioso_Slient,1800,27,27,1.0,1975.23,1800,1
Furioso_Slient,2000,24,21,0.875,1975.23,1800,0
Furioso_Slient,2200,20,19,0.95,1975.23,1800,0
Furioso_Slient,2400,30,26,0.8667,1975.23,1800,0
Furioso_Slient,2600,22,17,0.7727,1975.23,1800,0
Furioso_Slient,2800,16,14,0.875,1975.23,1800,0
Furioso_Slient,3000,11,11,1.0,1975.23,1800,0
Furioso_Slient,3200,7,6,0.8571,1975.23,1800,0
Furioso_Slient,3400,1,1,1.0,1975.23,1800,0
GKarthik26,800,8,7,0.875,1517.65,1400,0
GKarthik26,1000,8,7,0.875,1517.65,1400,0
GKarthik26,1200,5,4,0.8,1517.65,1400,0
GKarthik26,1400,1,1,1.0,1517.65,1400,1
GKarthik26,1600,3,3,1.0,1517.65,1400,0
GKarthik26,1800,3,3,1.0,1517.65,1400,0
GKarthik26,2000,3,2,0.6667,1517.65,1400,0
GKarthik26,2200,3,3,1.0,1517.65,1400,0
GKarthik26,2400,1,1,1.0,1517.65,1400,0
GKarthik26,2600,1,1,1.0,1517.65,1400,0
GKarthik26,2800,2,1,0.5,1517.65,1400,0
GKarthik26,3000,1,1,1.0,1517.65,1400,0
GOTKAKO,800,396,396,1.0,1506.85,1400,0
GOTKAKO,1000,178,178,1.0,1506.85,1400,0
GOTKAKO,1200,190,189,0.9947,1506.85,1400,0
GOTKAKO,1400,161,161,1.0,1506.85,1400,1
GOTKAKO,1600,165,164,0.9939,1506.85,1400,0
GOTKAKO,1800,176,172,0.9773,1506.85,1400,0
GOTKAKO,2000,130,129,0.9923,1506.85,1400,0
GOTKAKO,2200,122,118,0.9672,1506.85,1400,0
GOTKAKO,2400,91,86,0.9451,1506.85,1400,0
GOTKAKO,2600,45,39,0.8667,1506.85,1400,0
GOTKAKO,2800,29,28,0.9655,1506.85,1400,0
GOTKAKO,3000,5,3,0.6,1506.85,1400,0
GOTKAKO,3200,4,2,0.5,1506.85,1400,0
GOTKAKO,3400,1,0,0.0,1506.85,1400,0
GUAIKATTO,800,193,192,0.9948,1509.49,1400,0
GUAIKATTO,1000,98,98,1.0,1509.49,1400,0
GUAIKATTO,1200,102,102,1.0,1509.49,1400,0
GUAIKATTO,1400,80,80,1.0,1509.49,1400,1
GUAIKATTO,1600,113,110,0.9735,1509.49,1400,0
GUAIKATTO,1800,98,97,0.9898,1509.49,1400,0
GUAIKATTO,2000,83,81,0.9759,1509.49,1400,0
GUAIKATTO,2200,61,61,1.0,1509.49,1400,0
GUAIKATTO,2400,40,38,0.95,1509.49,1400,0
GUAIKATTO,2600,14,13,0.9286,1509.49,1400,0
GUAIKATTO,2800,9,9,1.0,1509.49,1400,0
GUAIKATTO,3000,2,2,1.0,1509.49,1400,0
GUAIKATTO,3200,1,1,1.0,1509.49,1400,0
GUAIKATTO,3400,1,1,1.0,1509.49,1400,0
Galetx,800,78,76,0.9744,2304.04,2200,0
Galetx,1000,26,25,0.9615,2304.04,2200,0
Galetx,1200,37,37,1.0,2304.04,2200,0
Galetx,1400,33,33,1.0,2304.04,2200,0
Galetx,1600,40,40,1.0,2304.04,2200,0
Galetx,1800,61,58,0.9508,2304.04,2200,0
Galetx,2000,57,56,0.9825,2304.04,2200,0
Galetx,2200,76,75,0.9868,2304.04,2200,1
Galetx,2400,93,91,0.9785,2304.04,2200,0
Galetx,2600,79,78,0.9873,2304.04,2200,0
Galetx,2800,87,86,0.9885,2304.04,2200,0
Galetx,3000,94,92,0.9787,2304.04,2200,0
Galetx,3200,65,62,0.9538,2304.04,2200,0
Galetx,3400,58,58,1.0,2304.04,2200,0
Gassa,800,427,426,0.9977,1561.58,1400,0
Gassa,1000,241,241,1.0,1561.58,1400,0
Gassa,1200,299,298,0.9967,1561.58,1400,0
Gassa,1400,336,333,0.9911,1561.58,1400,1
Gassa,1600,386,381,0.987,1561.58,1400,0
Gassa,1800,375,367,0.9787,1561.58,1400,0
Gassa,2000,290,269,0.9276,1561.58,1400,0
Gassa,2200,251,215,0.8566,1561.58,1400,0
Gassa,2400,147,105,0.7143,1561.58,1400,0
Gassa,2600,57,33,0.5789,1561.58,1400,0
Gassa,2800,31,12,0.3871,1561.58,1400,0
Gassa,3000,12,6,0.5,1561.58,1400,0
Gassa,3200,5,0,0.0,1561.58,1400,0
Gassa,3400,2,0,0.0,1561.58,1400,0
Gazza,800,16,16,1.0,1381.25,1200,0
Gazza,1000,4,4,1.0,1381.25,1200,0
Gazza,1200,7,7,1.0,1381.25,1200,1
Gazza,1400,4,4,1.0,1381.25,1200,0
Gazza,1600,2,2,1.0,1381.25,1200,0
Gazza,1800,8,7,0.875,1381.25,1200,0
Gazza,2000,4,2,0.5,1381.25,1200,0
Gazza,2200,3,3,1.0,1381.25,1200,0
Gazza,2400,2,2,1.0,1381.25,1200,0
Gazza,2600,1,1,1.0,1381.25,1200,0
GdxMilk,800,40,35,0.875,2100.0,2000,0
GdxMilk,1000,8,8,1.0,2100.0,2000,0
GdxMilk,1200,5,5,1.0,2100.0,2000,0
GdxMilk,1400,7,6,0.8571,2100.0,2000,0
GdxMilk,1600,11,11,1.0,2100.0,2000,0
GdxMilk,1800,17,15,0.8824,2100.0,2000,0
GdxMilk,2000,27,27,1.0,2100.0,2000,1
GdxMilk,2200,59,56,0.9492,2100.0,2000,0
GdxMilk,2400,54,53,0.9815,2100.0,2000,0
GdxMilk,2600,40,40,1.0,2100.0,2000,0
GdxMilk,2800,17,17,1.0,2100.0,2000,0
GdxMilk,3000,5,4,0.8,2100.0,2000,0
GdxMilk,3200,3,2,0.6667,2100.0,2000,0
GdxMilk,3400,3,3,1.0,2100.0,2000,0
Geforgs,800,217,215,0.9908,1442.41,1400,0
Geforgs,1000,75,72,0.96,1442.41,1400,0
Geforgs,1200,90,88,0.9778,1442.41,1400,0
Geforgs,1400,68,68,1.0,1442.41,1400,1
Geforgs,1600,67,62,0.9254,1442.41,1400,0
Geforgs,1800,73,71,0.9726,1442.41,1400,0
Geforgs,2000,55,53,0.9636,1442.41,1400,0
Geforgs,2200,46,41,0.8913,1442.41,1400,0
Geforgs,2400,33,30,0.9091,1442.41,1400,0
Geforgs,2600,22,21,0.9545,1442.41,1400,0
Geforgs,2800,10,8,0.8,1442.41,1400,0
Geforgs,3000,1,0,0.0,1442.41,1400,0
Geforgs,3200,2,2,1.0,1442.41,1400,0
Gheal,800,357,347,0.972,1496.16,1400,0
Gheal,1000,161,154,0.9565,1496.16,1400,0
Gheal,1200,186,174,0.9355,1496.16,1400,0
Gheal,1400,184,166,0.9022,1496.16,1400,1
Gheal,1600,228,201,0.8816,1496.16,1400,0
Gheal,1800,195,166,0.8513,1496.16,1400,0
Gheal,2000,190,160,0.8421,1496.16,1400,0
Gheal,2200,112,90,0.8036,1496.16,1400,0
Gheal,2400,85,70,0.8235,1496.16,1400,0
Gheal,2600,23,16,0.6957,1496.16,1400,0
Gheal,2800,21,14,0.6667,1496.16,1400,0
Gheal,3000,5,3,0.6,1496.16,1400,0
Gheal,3200,3,1,0.3333,1496.16,1400,0
Glac1er,800,62,61,0.9839,1337.17,1200,0
Glac1er,1000,35,34,0.9714,1337.17,1200,0
Glac1er,1200,36,33,0.9167,1337.17,1200,1
Glac1er,1400,28,25,0.8929,1337.17,1200,0
Glac1er,1600,26,22,0.8462,1337.17,1200,0
Glac1er,1800,31,27,0.871,1337.17,1200,0
Glac1er,2000,22,11,0.5,1337.17,1200,0
Glac1er,2200,17,7,0.4118,1337.17,1200,0
Glac1er,2400,6,5,0.8333,1337.17,1200,0
Glac1er,2600,3,1,0.3333,1337.17,1200,0
Gmt.FFF,800,60,60,1.0,1736.58,1600,0
Gmt.FFF,1000,26,26,1.0,1736.58,1600,0
Gmt.FFF,1200,30,30,1.0,1736.58,1600,0
Gmt.FFF,1400,31,31,1.0,1736.58,1600,0
Gmt.FFF,1600,27,25,0.9259,1736.58,1600,1
Gmt.FFF,1800,37,36,0.973,1736.58,1600,0
Gmt.FFF,2000,29,25,0.8621,1736.58,1600,0
Gmt.FFF,2200,37,33,0.8919,1736.58,1600,0
Gmt.FFF,2400,34,30,0.8824,1736.58,1600,0
Gmt.FFF,2600,23,20,0.8696,1736.58,1600,0
Gmt.FFF,2800,14,11,0.7857,1736.58,1600,0
Gmt.FFF,3000,7,5,0.7143,1736.58,1600,0
Gmt.FFF,3200,6,5,0.8333,1736.58,1600,0
Gmt.FFF,3400,2,2,1.0,1736.58,1600,0
Godelizer,800,34,32,0.9412,1319.61,1200,0
Godelizer,1000,14,14,1.0,1319.61,1200,0
Godelizer,1200,14,12,0.8571,1319.61,1200,1
Godelizer,1400,14,14,1.0,1319.61,1200,0
Godelizer,1600,9,4,0.4444,1319.61,1200,0
Godelizer,1800,17,13,0.7647,1319.61,1200,0
Godelizer,2000,10,7,0.7,1319.61,1200,0
Godelizer,2200,8,4,0.5,1319.61,1200,0
Godelizer,2400,6,2,0.3333,1319.61,1200,0
Godelizer,2600,1,0,0.0,1319.61,1200,0
Godelizer,3000,1,0,0.0,1319.61,1200,0
Gold_Dino,800,27,26,0.963,2211.94,2200,0
Gold_Dino,1000,11,11,1.0,2211.94,2200,0
Gold_Dino,1200,12,11,0.9167,2211.94,2200,0
Gold_Dino,1400,10,10,1.0,2211.94,2200,0
Gold_Dino,1600,14,14,1.0,2211.94,2200,0
Gold_Dino,1800,8,8,1.0,2211.94,2200,0
Gold_Dino,2000,13,11,0.8462,2211.94,2200,0
Gold_Dino,2200,9,7,0.7778,2211.94,2200,1
Gold_Dino,2400,14,13,0.9286,2211.94,2200,0
Gold_Dino,2600,17,16,0.9412,2211.94,2200,0
Gold_Dino,2800,22,21,0.9545,2211.94,2200,0
Gold_Dino,3000,18,17,0.9444,2211.94,2200,0
Gold_Dino,3200,18,18,1.0,2211.94,2200,0
Gold_Dino,3400,18,18,1.0,2211.94,2200,0
Golovanov399,800,445,443,0.9955,1724.87,1600,0
Golovanov399,1000,235,235,1.0,1724.87,1600,0
Golovanov399,1200,292,290,0.9932,1724.87,1600,0
Golovanov399,1400,294,288,0.9796,1724.87,1600,0
Golovanov399,1600,354,345,0.9746,1724.87,1600,1
Golovanov399,1800,377,357,0.9469,1724.87,1600,0
Golovanov399,2000,289,282,0.9758,1724.87,1600,0
Golovanov399,2200,270,245,0.9074,1724.87,1600,0
Golovanov399,2400,248,225,0.9073,1724.87,1600,0
Golovanov399,2600,166,148,0.8916,1724.87,1600,0
Golovanov399,2800,127,103,0.811,1724.87,1600,0
Golovanov399,3000,67,49,0.7313,1724.87,1600,0
Golovanov399,3200,63,29,0.4603,1724.87,1600,0
Golovanov399,3400,20,9,0.45,1724.87,1600,0
Greensheep,800,28,28,1.0,1773.47,1600,0
Greensheep,1000,8,8,1.0,1773.47,1600,0
Greensheep,1200,14,14,1.0,1773.47,1600,0
Greensheep,1400,5,5,1.0,1773.47,1600,0
Greensheep,1600,11,11,1.0,1773.47,1600,1
Greensheep,1800,19,18,0.9474,1773.47,1600,0
Greensheep,2000,13,13,1.0,1773.47,1600,0
Greensheep,2200,19,18,0.9474,1773.47,1600,0
Greensheep,2400,14,13,0.9286,1773.47,1600,0
Greensheep,2600,5,5,1.0,1773.47,1600,0
Greensheep,2800,8,8,1.0,1773.47,1600,0
Greensheep,3000,5,5,1.0,1773.47,1600,0
Greensheep,3200,2,1,0.5,1773.47,1600,0
Gypsies,800,34,31,0.9118,1203.16,1200,0
Gypsies,1000,16,14,0.875,1203.16,1200,0
Gypsies,1200,28,27,0.9643,1203.16,1200,1
Gypsies,1400,6,5,0.8333,1203.16,1200,0
Gypsies,1600,5,5,1.0,1203.16,1200,0
Gypsies,1800,8,7,0.875,1203.16,1200,0
Gypsies,2000,4,4,1.0,1203.16,1200,0
Gypsies,2200,1,1,1.0,1203.16,1200,0
Gypsies,2400,1,0,0.0,1203.16,1200,0
Gypsies,2600,1,1,1.0,1203.16,1200,0
HBPlayer,800,209,209,1.0,1326.12,1200,0
HBPlayer,1000,33,33,1.0,1326.12,1200,0
HBPlayer,1200,46,46,1.0,1326.12,1200,1
HBPlayer,1400,37,37,1.0,1326.12,1200,0
HBPlayer,1600,44,43,0.9773,1326.12,1200,0
HBPlayer,1800,41,40,0.9756,1326.12,1200,0
HBPlayer,2000,30,29,0.9667,1326.12,1200,0
HBPlayer,2200,27,26,0.963,1326.12,1200,0
HBPlayer,2400,13,11,0.8462,1326.12,1200,0
HBPlayer,2600,12,9,0.75,1326.12,1200,0
HBPlayer,2800,2,2,1.0,1326.12,1200,0
HBPlayer,3000,3,3,1.0,1326.12,1200,0
HBPlayer,3200,2,2,1.0,1326.12,1200,0
HIR180,800,112,112,1.0,1992.28,1800,0
HIR180,1000,78,76,0.9744,1992.28,1800,0
HIR180,1200,117,116,0.9915,1992.28,1800,0
HIR180,1400,159,153,0.9623,1992.28,1800,0
HIR180,1600,187,177,0.9465,1992.28,1800,0
HIR180,1800,189,177,0.9365,1992.28,1800,1
HIR180,2000,169,160,0.9467,1992.28,1800,0
HIR180,2200,155,146,0.9419,1992.28,1800,0
HIR180,2400,170,152,0.8941,1992.28,1800,0
HIR180,2600,123,114,0.9268,1992.28,1800,0
HIR180,2800,111,100,0.9009,1992.28,1800,0
HIR180,3000,79,74,0.9367,1992.28,1800,0
HIR180,3200,57,50,0.8772,1992.28,1800,0
HIR180,3400,32,26,0.8125,1992.28,1800,0
Hamed_Ghaffari,800,542,526,0.9705,1790.6,1600,0
Hamed_Ghaffari,1000,214,209,0.9766,1790.6,1600,0
Hamed_Ghaffari,1200,230,221,0.9609,1790.6,1600,0
Hamed_Ghaffari,1400,196,192,0.9796,1790.6,1600,0
Hamed_Ghaffari,1600,222,215,0.9685,1790.6,1600,1
Hamed_Ghaffari,1800,253,242,0.9565,1790.6,1600,0
Hamed_Ghaffari,2000,253,246,0.9723,1790.6,1600,0
Hamed_Ghaffari,2200,264,258,0.9773,1790.6,1600,0
Hamed_Ghaffari,2400,296,286,0.9662,1790.6,1600,0
Hamed_Ghaffari,2600,187,181,0.9679,1790.6,1600,0
Hamed_Ghaffari,2800,162,158,0.9753,1790.6,1600,0
Hamed_Ghaffari,3000,90,87,0.9667,1790.6,1600,0
Hamed_Ghaffari,3200,37,34,0.9189,1790.6,1600,0
Hamed_Ghaffari,3400,11,8,0.7273,1790.6,1600,0
Handsome2004,800,94,94,1.0,1613.51,1600,0
Handsome2004,1000,57,57,1.0,1613.51,1600,0
Handsome2004,1200,61,61,1.0,1613.51,1600,0
Handsome2004,1400,66,66,1.0,1613.51,1600,0
Handsome2004,1600,81,78,0.963,1613.51,1600,1
Handsome2004,1800,94,86,0.9149,1613.51,1600,0
Handsome2004,2000,87,84,0.9655,1613.51,1600,0
Handsome2004,2200,57,56,0.9825,1613.51,1600,0
Handsome2004,2400,40,36,0.9,1613.51,1600,0
Handsome2004,2600,9,6,0.6667,1613.51,1600,0
Handsome2004,2800,3,2,0.6667,1613.51,1600,0
Handsome2004,3000,2,1,0.5,1613.51,1600,0
Handsome2004,3200,2,2,1.0,1613.51,1600,0
Handsome2004,3400,1,0,0.0,1613.51,1600,0
Haorayz4,800,76,75,0.9868,1663.38,1600,0
Haorayz4,1000,32,31,0.9688,1663.38,1600,0
Haorayz4,1200,30,28,0.9333,1663.38,1600,0
Haorayz4,1400,33,29,0.8788,1663.38,1600,0
Haorayz4,1600,42,40,0.9524,1663.38,1600,1
Haorayz4,1800,36,30,0.8333,1663.38,1600,0
Haorayz4,2000,32,29,0.9062,1663.38,1600,0
Haorayz4,2200,29,24,0.8276,1663.38,1600,0
Haorayz4,2400,31,30,0.9677,1663.38,1600,0
Haorayz4,2600,17,15,0.8824,1663.38,1600,0
Haorayz4,2800,15,15,1.0,1663.38,1600,0
Haorayz4,3000,6,6,1.0,1663.38,1600,0
Haorayz4,3200,2,2,1.0,1663.38,1600,0
Haorayz4,3400,1,1,1.0,1663.38,1600,0
Harsh_kunwar,800,345,341,0.9884,1526.12,1400,0
Harsh_kunwar,1000,173,169,0.9769,1526.12,1400,0
Harsh_kunwar,1200,223,220,0.9865,1526.12,1400,0
Harsh_kunwar,1400,238,236,0.9916,1526.12,1400,1
Harsh_kunwar,1600,273,273,1.0,1526.12,1400,0
Harsh_kunwar,1800,247,240,0.9717,1526.12,1400,0
Harsh_kunwar,2000,226,217,0.9602,1526.12,1400,0
Harsh_kunwar,2200,144,132,0.9167,1526.12,1400,0
Harsh_kunwar,2400,50,44,0.88,1526.12,1400,0
Harsh_kunwar,2600,20,20,1.0,1526.12,1400,0
Harsh_kunwar,2800,10,5,0.5,1526.12,1400,0
Harsh_kunwar,3000,9,3,0.3333,1526.12,1400,0
Harsh_kunwar,3400,3,3,1.0,1526.12,1400,0
Hayabusaa,800,147,145,0.9864,1597.07,1400,0
Hayabusaa,1000,68,67,0.9853,1597.07,1400,0
Hayabusaa,1200,65,63,0.9692,1597.07,1400,0
Hayabusaa,1400,50,48,0.96,1597.07,1400,1
Hayabusaa,1600,57,48,0.8421,1597.07,1400,0
Hayabusaa,1800,64,58,0.9062,1597.07,1400,0
Hayabusaa,2000,68,59,0.8676,1597.07,1400,0
Hayabusaa,2200,77,74,0.961,1597.07,1400,0
Hayabusaa,2400,52,45,0.8654,1597.07,1400,0
Hayabusaa,2600,28,25,0.8929,1597.07,1400,0
Hayabusaa,2800,12,8,0.6667,1597.07,1400,0
Hayabusaa,3000,3,3,1.0,1597.07,1400,0
Hayabusaa,3200,6,4,0.6667,1597.07,1400,0
Hayabusaa,3400,1,1,1.0,1597.07,1400,0
Hayashi,800,197,194,0.9848,1538.61,1400,0
Hayashi,1000,85,83,0.9765,1538.61,1400,0
Hayashi,1200,85,83,0.9765,1538.61,1400,0
Hayashi,1400,60,57,0.95,1538.61,1400,1
Hayashi,1600,65,62,0.9538,1538.61,1400,0
Hayashi,1800,94,89,0.9468,1538.61,1400,0
Hayashi,2000,83,83,1.0,1538.61,1400,0
Hayashi,2200,56,52,0.9286,1538.61,1400,0
Hayashi,2400,47,46,0.9787,1538.61,1400,0
Hayashi,2600,22,20,0.9091,1538.61,1400,0
Hayashi,2800,10,9,0.9,1538.61,1400,0
Hayashi,3000,8,8,1.0,1538.61,1400,0
Hayashi,3200,3,2,0.6667,1538.61,1400,0
Hayashi,3400,2,2,1.0,1538.61,1400,0
HinamiAoi,800,6,6,1.0,1748.84,1600,0
HinamiAoi,1000,7,6,0.8571,1748.84,1600,0
HinamiAoi,1200,4,4,1.0,1748.84,1600,0
HinamiAoi,1400,3,3,1.0,1748.84,1600,0
HinamiAoi,1600,5,4,0.8,1748.84,1600,1
HinamiAoi,1800,3,3,1.0,1748.84,1600,0
HinamiAoi,2000,6,6,1.0,1748.84,1600,0
HinamiAoi,2200,2,2,1.0,1748.84,1600,0
HinamiAoi,2400,3,3,1.0,1748.84,1600,0
HinamiAoi,2800,3,3,1.0,1748.84,1600,0
HinamiAoi,3000,3,2,0.6667,1748.84,1600,0
HinamiAoi,3400,1,1,1.0,1748.84,1600,0
Hongruizhao,800,61,61,1.0,2115.76,2000,0
Hongruizhao,1000,34,33,0.9706,2115.76,2000,0
Hongruizhao,1200,46,44,0.9565,2115.76,2000,0
Hongruizhao,1400,50,50,1.0,2115.76,2000,0
Hongruizhao,1600,100,100,1.0,2115.76,2000,0
Hongruizhao,1800,148,147,0.9932,2115.76,2000,0
Hongruizhao,2000,149,148,0.9933,2115.76,2000,1
Hongruizhao,2200,184,184,1.0,2115.76,2000,0
Hongruizhao,2400,178,176,0.9888,2115.76,2000,0
Hongruizhao,2600,137,137,1.0,2115.76,2000,0
Hongruizhao,2800,63,62,0.9841,2115.76,2000,0
Hongruizhao,3000,42,40,0.9524,2115.76,2000,0
Hongruizhao,3200,29,28,0.9655,2115.76,2000,0
Hongruizhao,3400,8,8,1.0,2115.76,2000,0
Horka,800,682,680,0.9971,1375.73,1200,0
Horka,1000,369,363,0.9837,1375.73,1200,0
Horka,1200,478,470,0.9833,1375.73,1200,1
Horka,1400,382,371,0.9712,1375.73,1200,0
Horka,1600,343,326,0.9504,1375.73,1200,0
Horka,1800,282,274,0.9716,1375.73,1200,0
Horka,2000,205,192,0.9366,1375.73,1200,0
Horka,2200,130,115,0.8846,1375.73,1200,0
Horka,2400,60,54,0.9,1375.73,1200,0
Horka,2600,15,14,0.9333,1375.73,1200,0
Horka,2800,1,1,1.0,1375.73,1200,0
HotoKokoacpp,800,38,36,0.9474,1911.82,1800,0
HotoKokoacpp,1000,16,15,0.9375,1911.82,1800,0
HotoKokoacpp,1200,16,16,1.0,1911.82,1800,0
HotoKokoacpp,1400,12,12,1.0,1911.82,1800,0
HotoKokoacpp,1600,13,13,1.0,1911.82,1800,0
HotoKokoacpp,1800,15,15,1.0,1911.82,1800,1
HotoKokoacpp,2000,13,12,0.9231,1911.82,1800,0
HotoKokoacpp,2200,16,15,0.9375,1911.82,1800,0
HotoKokoacpp,2400,15,15,1.0,1911.82,1800,0
HotoKokoacpp,2600,11,11,1.0,1911.82,1800,0
HotoKokoacpp,2800,16,16,1.0,1911.82,1800,0
HotoKokoacpp,3000,13,13,1.0,1911.82,1800,0
HotoKokoacpp,3200,10,10,1.0,1911.82,1800,0
HotoKokoacpp,3400,4,4,1.0,1911.82,1800,0
HoyHoyCharhang,800,45,45,1.0,1419.55,1400,0
HoyHoyCharhang,1000,21,21,1.0,1419.55,1400,0
HoyHoyCharhang,1200,33,32,0.9697,1419.55,1400,0
HoyHoyCharhang,1400,15,13,0.8667,1419.55,1400,1
HoyHoyCharhang,1600,15,14,0.9333,1419.55,1400,0
HoyHoyCharhang,1800,23,21,0.913,1419.55,1400,0
HoyHoyCharhang,2000,12,10,0.8333,1419.55,1400,0
HoyHoyCharhang,2200,15,13,0.8667,1419.55,1400,0
HoyHoyCharhang,2400,8,7,0.875,1419.55,1400,0
HoyHoyCharhang,2600,1,1,1.0,1419.55,1400,0
HoyHoyCharhang,2800,2,2,1.0,1419.55,1400,0
HoyHoyCharhang,3000,1,0,0.0,1419.55,1400,0
HusseinFarhat,800,332,313,0.9428,1385.66,1200,0
HusseinFarhat,1000,133,127,0.9549,1385.66,1200,0
HusseinFarhat,1200,132,122,0.9242,1385.66,1200,1
HusseinFarhat,1400,106,95,0.8962,1385.66,1200,0
HusseinFarhat,1600,154,136,0.8831,1385.66,1200,0
HusseinFarhat,1800,128,108,0.8438,1385.66,1200,0
HusseinFarhat,2000,88,73,0.8295,1385.66,1200,0
HusseinFarhat,2200,46,41,0.8913,1385.66,1200,0
HusseinFarhat,2400,57,52,0.9123,1385.66,1200,0
HusseinFarhat,2600,5,5,1.0,1385.66,1200,0
HusseinFarhat,2800,2,2,1.0,1385.66,1200,0
Hydrotherapy,800,19,18,0.9474,1322.73,1200,0
Hydrotherapy,1000,14,14,1.0,1322.73,1200,0
Hydrotherapy,1200,8,8,1.0,1322.73,1200,1
Hydrotherapy,1400,6,6,1.0,1322.73,1200,0
Hydrotherapy,1600,8,7,0.875,1322.73,1200,0
Hydrotherapy,1800,6,5,0.8333,1322.73,1200,0
Hydrotherapy,2000,4,2,0.5,1322.73,1200,0
Hydrotherapy,2200,4,3,0.75,1322.73,1200,0
Hydrotherapy,2400,6,3,0.5,1322.73,1200,0
Hyperbolic,800,776,767,0.9884,1521.98,1400,0
Hyperbolic,1000,369,365,0.9892,1521.98,1400,0
Hyperbolic,1200,403,391,0.9702,1521.98,1400,0
Hyperbolic,1400,389,374,0.9614,1521.98,1400,1
Hyperbolic,1600,451,426,0.9446,1521.98,1400,0
Hyperbolic,1800,426,383,0.8991,1521.98,1400,0
Hyperbolic,2000,368,324,0.8804,1521.98,1400,0
Hyperbolic,2200,331,270,0.8157,1521.98,1400,0
Hyperbolic,2400,287,204,0.7108,1521.98,1400,0
Hyperbolic,2600,133,69,0.5188,1521.98,1400,0
Hyperbolic,2800,54,15,0.2778,1521.98,1400,0
Hyperbolic,3000,22,5,0.2273,1521.98,1400,0
Hyperbolic,3200,5,1,0.2,1521.98,1400,0
Hyperbolic,3400,1,0,0.0,1521.98,1400,0
I.Gleb,800,146,146,1.0,1486.03,1400,0
I.Gleb,1000,68,67,0.9853,1486.03,1400,0
I.Gleb,1200,74,70,0.9459,1486.03,1400,0
I.Gleb,1400,77,73,0.9481,1486.03,1400,1
I.Gleb,1600,82,79,0.9634,1486.03,1400,0
I.Gleb,1800,73,65,0.8904,1486.03,1400,0
I.Gleb,2000,64,56,0.875,1486.03,1400,0
I.Gleb,2200,45,36,0.8,1486.03,1400,0
I.Gleb,2400,30,25,0.8333,1486.03,1400,0
I.Gleb,2600,18,15,0.8333,1486.03,1400,0
I.Gleb,2800,5,2,0.4,1486.03,1400,0
I.Gleb,3000,4,1,0.25,1486.03,1400,0
I.Gleb,3200,2,2,1.0,1486.03,1400,0
I_am_Domik,800,224,224,1.0,1258.32,1200,0
I_am_Domik,1000,94,94,1.0,1258.32,1200,0
I_am_Domik,1200,99,95,0.9596,1258.32,1200,1
I_am_Domik,1400,69,68,0.9855,1258.32,1200,0
I_am_Domik,1600,69,64,0.9275,1258.32,1200,0
I_am_Domik,1800,68,58,0.8529,1258.32,1200,0
I_am_Domik,2000,41,28,0.6829,1258.32,1200,0
I_am_Domik,2200,25,17,0.68,1258.32,1200,0
I_am_Domik,2400,10,6,0.6,1258.32,1200,0
I_am_Domik,2600,4,1,0.25,1258.32,1200,0
I_am_Domik,2800,1,0,0.0,1258.32,1200,0
I_am_the_Lord_Voldemort,800,27,26,0.963,1472.73,1400,0
I_am_the_Lord_Voldemort,1000,12,12,1.0,1472.73,1400,0
I_am_the_Lord_Voldemort,1200,16,16,1.0,1472.73,1400,0
I_am_the_Lord_Voldemort,1400,16,16,1.0,1472.73,1400,1
I_am_the_Lord_Voldemort,1600,14,13,0.9286,1472.73,1400,0
I_am_the_Lord_Voldemort,1800,16,15,0.9375,1472.73,1400,0
I_am_the_Lord_Voldemort,2000,11,10,0.9091,1472.73,1400,0
I_am_the_Lord_Voldemort,2200,8,6,0.75,1472.73,1400,0
I_am_the_Lord_Voldemort,2400,4,4,1.0,1472.73,1400,0
I_am_the_Lord_Voldemort,2600,3,3,1.0,1472.73,1400,0
Ice_man2.0,800,74,71,0.9595,1415.31,1400,0
Ice_man2.0,1000,24,23,0.9583,1415.31,1400,0
Ice_man2.0,1200,20,19,0.95,1415.31,1400,0
Ice_man2.0,1400,17,17,1.0,1415.31,1400,1
Ice_man2.0,1600,17,14,0.8235,1415.31,1400,0
Ice_man2.0,1800,22,21,0.9545,1415.31,1400,0
Ice_man2.0,2000,22,14,0.6364,1415.31,1400,0
Ice_man2.0,2200,13,9,0.6923,1415.31,1400,0
Ice_man2.0,2400,12,10,0.8333,1415.31,1400,0
Ice_man2.0,2600,9,9,1.0,1415.31,1400,0
Ice_man2.0,2800,1,1,1.0,1415.31,1400,0
Ice_man2.0,3000,1,1,1.0,1415.31,1400,0
Ignut,800,196,189,0.9643,1391.96,1200,0
Ignut,1000,84,77,0.9167,1391.96,1200,0
Ignut,1200,89,85,0.9551,1391.96,1200,1
Ignut,1400,61,55,0.9016,1391.96,1200,0
Ignut,1600,101,91,0.901,1391.96,1200,0
Ignut,1800,107,94,0.8785,1391.96,1200,0
Ignut,2000,56,46,0.8214,1391.96,1200,0
Ignut,2200,31,24,0.7742,1391.96,1200,0
Ignut,2400,19,15,0.7895,1391.96,1200,0
Ignut,2600,13,8,0.6154,1391.96,1200,0
Ignut,2800,2,0,0.0,1391.96,1200,0
Ignut,3200,2,0,0.0,1391.96,1200,0
Ignut,3400,1,0,0.0,1391.96,1200,0
Include_Z_F_R_,800,83,81,0.9759,1869.07,1800,0
Include_Z_F_R_,1000,40,40,1.0,1869.07,1800,0
Include_Z_F_R_,1200,37,36,0.973,1869.07,1800,0
Include_Z_F_R_,1400,37,34,0.9189,1869.07,1800,0
Include_Z_F_R_,1600,37,34,0.9189,1869.07,1800,0
Include_Z_F_R_,1800,34,27,0.7941,1869.07,1800,1
Include_Z_F_R_,2000,30,26,0.8667,1869.07,1800,0
Include_Z_F_R_,2200,25,22,0.88,1869.07,1800,0
Include_Z_F_R_,2400,36,29,0.8056,1869.07,1800,0
Include_Z_F_R_,2600,21,20,0.9524,1869.07,1800,0
Include_Z_F_R_,2800,29,27,0.931,1869.07,1800,0
Include_Z_F_R_,3000,26,25,0.9615,1869.07,1800,0
Include_Z_F_R_,3200,27,27,1.0,1869.07,1800,0
Include_Z_F_R_,3400,15,15,1.0,1869.07,1800,0
Intellegent,800,276,258,0.9348,1617.13,1600,0
Intellegent,1000,107,100,0.9346,1617.13,1600,0
Intellegent,1200,138,125,0.9058,1617.13,1600,0
Intellegent,1400,107,99,0.9252,1617.13,1600,0
Intellegent,1600,134,121,0.903,1617.13,1600,1
Intellegent,1800,138,126,0.913,1617.13,1600,0
Intellegent,2000,125,110,0.88,1617.13,1600,0
Intellegent,2200,97,84,0.866,1617.13,1600,0
Intellegent,2400,122,104,0.8525,1617.13,1600,0
Intellegent,2600,65,45,0.6923,1617.13,1600,0
Intellegent,2800,24,22,0.9167,1617.13,1600,0
Intellegent,3000,9,9,1.0,1617.13,1600,0
Intellegent,3200,7,6,0.8571,1617.13,1600,0
Intellegent,3400,5,5,1.0,1617.13,1600,0
InternetPerson10,800,219,215,0.9817,1521.98,1400,0
InternetPerson10,1000,83,81,0.9759,1521.98,1400,0
InternetPerson10,1200,100,92,0.92,1521.98,1400,0
InternetPerson10,1400,82,75,0.9146,1521.98,1400,1
InternetPerson10,1600,113,105,0.9292,1521.98,1400,0
InternetPerson10,1800,99,94,0.9495,1521.98,1400,0
InternetPerson10,2000,77,69,0.8961,1521.98,1400,0
InternetPerson10,2200,75,64,0.8533,1521.98,1400,0
InternetPerson10,2400,66,58,0.8788,1521.98,1400,0
InternetPerson10,2600,26,22,0.8462,1521.98,1400,0
InternetPerson10,2800,14,10,0.7143,1521.98,1400,0
InternetPerson10,3000,5,2,0.4,1521.98,1400,0
InternetPerson10,3200,3,0,0.0,1521.98,1400,0
Irisqwq,800,11,11,1.0,1547.22,1400,0
Irisqwq,1000,3,3,1.0,1547.22,1400,0
Irisqwq,1200,3,3,1.0,1547.22,1400,0
Irisqwq,1400,4,3,0.75,1547.22,1400,1
Irisqwq,1600,1,1,1.0,1547.22,1400,0
Irisqwq,1800,6,6,1.0,1547.22,1400,0
Irisqwq,2200,4,4,1.0,1547.22,1400,0
Irisqwq,2400,2,2,1.0,1547.22,1400,0
Irisqwq,2600,4,1,0.25,1547.22,1400,0
Irisqwq,2800,1,1,1.0,1547.22,1400,0
Irisqwq,3200,1,1,1.0,1547.22,1400,0
Iroha_3856,800,85,85,1.0,1306.42,1200,0
Iroha_3856,1000,41,40,0.9756,1306.42,1200,0
Iroha_3856,1200,34,32,0.9412,1306.42,1200,1
Iroha_3856,1400,29,28,0.9655,1306.42,1200,0
Iroha_3856,1600,28,26,0.9286,1306.42,1200,0
Iroha_3856,1800,23,20,0.8696,1306.42,1200,0
Iroha_3856,2000,20,18,0.9,1306.42,1200,0
Iroha_3856,2200,12,7,0.5833,1306.42,1200,0
Iroha_3856,2400,8,8,1.0,1306.42,1200,0
Iroha_3856,2600,2,1,0.5,1306.42,1200,0
Is-this-FWHT,800,30,30,1.0,1383.33,1200,0
Is-this-FWHT,1000,15,12,0.8,1383.33,1200,0
Is-this-FWHT,1200,13,11,0.8462,1383.33,1200,1
Is-this-FWHT,1400,15,12,0.8,1383.33,1200,0
Is-this-FWHT,1600,12,8,0.6667,1383.33,1200,0
Is-this-FWHT,1800,12,10,0.8333,1383.33,1200,0
Is-this-FWHT,2000,15,11,0.7333,1383.33,1200,0
Is-this-FWHT,2200,7,6,0.8571,1383.33,1200,0
Is-this-FWHT,2400,5,0,0.0,1383.33,1200,0
Is-this-FWHT,2600,3,2,0.6667,1383.33,1200,0
ItsJerr,800,59,58,0.9831,1471.2,1400,0
ItsJerr,1000,32,31,0.9688,1471.2,1400,0
ItsJerr,1200,23,23,1.0,1471.2,1400,0
ItsJerr,1400,26,24,0.9231,1471.2,1400,1
ItsJerr,1600,32,32,1.0,1471.2,1400,0
ItsJerr,1800,31,28,0.9032,1471.2,1400,0
ItsJerr,2000,31,26,0.8387,1471.2,1400,0
ItsJerr,2200,14,12,0.8571,1471.2,1400,0
ItsJerr,2400,14,10,0.7143,1471.2,1400,0
ItsJerr,2600,5,5,1.0,1471.2,1400,0
ItsJerr,2800,1,0,0.0,1471.2,1400,0
ItsJerr,3000,1,1,1.0,1471.2,1400,0
ItsMyGo,800,32,32,1.0,2124.92,2000,0
ItsMyGo,1000,23,22,0.9565,2124.92,2000,0
ItsMyGo,1200,22,22,1.0,2124.92,2000,0
ItsMyGo,1400,20,20,1.0,2124.92,2000,0
ItsMyGo,1600,19,19,1.0,2124.92,2000,0
ItsMyGo,1800,24,24,1.0,2124.92,2000,0
ItsMyGo,2000,27,25,0.9259,2124.92,2000,1
ItsMyGo,2200,17,17,1.0,2124.92,2000,0
ItsMyGo,2400,25,24,0.96,2124.92,2000,0
ItsMyGo,2600,30,23,0.7667,2124.92,2000,0
ItsMyGo,2800,16,15,0.9375,2124.92,2000,0
ItsMyGo,3000,21,18,0.8571,2124.92,2000,0
ItsMyGo,3200,17,17,1.0,2124.92,2000,0
ItsMyGo,3400,35,35,1.0,2124.92,2000,0
ItsNotMeItsYou,800,429,411,0.958,1651.02,1600,0
ItsNotMeItsYou,1000,199,197,0.9899,1651.02,1600,0
ItsNotMeItsYou,1200,200,198,0.99,1651.02,1600,0
ItsNotMeItsYou,1400,214,214,1.0,1651.02,1600,0
ItsNotMeItsYou,1600,242,241,0.9959,1651.02,1600,1
ItsNotMeItsYou,1800,270,269,0.9963,1651.02,1600,0
ItsNotMeItsYou,2000,190,190,1.0,1651.02,1600,0
ItsNotMeItsYou,2200,207,206,0.9952,1651.02,1600,0
ItsNotMeItsYou,2400,153,152,0.9935,1651.02,1600,0
ItsNotMeItsYou,2600,103,99,0.9612,1651.02,1600,0
ItsNotMeItsYou,2800,53,52,0.9811,1651.02,1600,0
ItsNotMeItsYou,3000,26,25,0.9615,1651.02,1600,0
ItsNotMeItsYou,3200,9,8,0.8889,1651.02,1600,0
Ivan_len,800,318,315,0.9906,1476.6,1400,0
Ivan_len,1000,123,121,0.9837,1476.6,1400,0
Ivan_len,1200,101,96,0.9505,1476.6,1400,0
Ivan_len,1400,93,90,0.9677,1476.6,1400,1
Ivan_len,1600,118,114,0.9661,1476.6,1400,0
Ivan_len,1800,95,89,0.9368,1476.6,1400,0
Ivan_len,2000,114,106,0.9298,1476.6,1400,0
Ivan_len,2200,78,72,0.9231,1476.6,1400,0
Ivan_len,2400,70,58,0.8286,1476.6,1400,0
Ivan_len,2600,28,26,0.9286,1476.6,1400,0
Ivan_len,2800,15,15,1.0,1476.6,1400,0
Ivan_len,3000,6,5,0.8333,1476.6,1400,0
Ivan_len,3200,2,0,0.0,1476.6,1400,0
JDScript0117,800,60,60,1.0,1912.56,1800,0
JDScript0117,1000,25,25,1.0,1912.56,1800,0
JDScript0117,1200,31,31,1.0,1912.56,1800,0
JDScript0117,1400,33,33,1.0,1912.56,1800,0
JDScript0117,1600,36,36,1.0,1912.56,1800,0
JDScript0117,1800,33,31,0.9394,1912.56,1800,1
JDScript0117,2000,35,30,0.8571,1912.56,1800,0
JDScript0117,2200,36,32,0.8889,1912.56,1800,0
JDScript0117,2400,36,31,0.8611,1912.56,1800,0
JDScript0117,2600,29,27,0.931,1912.56,1800,0
JDScript0117,2800,30,26,0.8667,1912.56,1800,0
JDScript0117,3000,24,19,0.7917,1912.56,1800,0
JDScript0117,3200,16,15,0.9375,1912.56,1800,0
JDScript0117,3400,11,10,0.9091,1912.56,1800,0
JaeminPark,800,39,39,1.0,1610.45,1600,0
JaeminPark,1000,14,14,1.0,1610.45,1600,0
JaeminPark,1200,23,22,0.9565,1610.45,1600,0
JaeminPark,1400,31,31,1.0,1610.45,1600,0
JaeminPark,1600,27,25,0.9259,1610.45,1600,1
JaeminPark,1800,28,27,0.9643,1610.45,1600,0
JaeminPark,2000,24,22,0.9167,1610.45,1600,0
JaeminPark,2200,18,15,0.8333,1610.45,1600,0
JaeminPark,2400,19,17,0.8947,1610.45,1600,0
JaeminPark,2600,8,6,0.75,1610.45,1600,0
JaeminPark,2800,2,1,0.5,1610.45,1600,0
JaeminPark,3200,1,1,1.0,1610.45,1600,0
JagguBandar,800,379,379,1.0,1385.37,1200,0
JagguBandar,1000,147,146,0.9932,1385.37,1200,0
JagguBandar,1200,151,150,0.9934,1385.37,1200,1
JagguBandar,1400,148,145,0.9797,1385.37,1200,0
JagguBandar,1600,163,158,0.9693,1385.37,1200,0
JagguBandar,1800,138,128,0.9275,1385.37,1200,0
JagguBandar,2000,102,85,0.8333,1385.37,1200,0
JagguBandar,2200,93,74,0.7957,1385.37,1200,0
JagguBandar,2400,59,34,0.5763,1385.37,1200,0
JagguBandar,2600,17,10,0.5882,1385.37,1200,0
JagguBandar,2800,10,2,0.2,1385.37,1200,0
JagguBandar,3000,3,1,0.3333,1385.37,1200,0
JahonaliX,800,1009,1008,0.999,1343.57,1200,0
JahonaliX,1000,367,367,1.0,1343.57,1200,0
JahonaliX,1200,346,346,1.0,1343.57,1200,1
JahonaliX,1400,335,335,1.0,1343.57,1200,0
JahonaliX,1600,332,313,0.9428,1343.57,1200,0
JahonaliX,1800,282,253,0.8972,1343.57,1200,0
JahonaliX,2000,284,254,0.8944,1343.57,1200,0
JahonaliX,2200,223,185,0.8296,1343.57,1200,0
JahonaliX,2400,57,41,0.7193,1343.57,1200,0
JahonaliX,2600,13,9,0.6923,1343.57,1200,0
JahonaliX,2800,9,4,0.4444,1343.57,1200,0
JahonaliX,3000,5,4,0.8,1343.57,1200,0
JahonaliX,3200,1,0,0.0,1343.57,1200,0
JahonaliX,3400,1,0,0.0,1343.57,1200,0
JakobZ,800,208,206,0.9904,1569.11,1400,0
JakobZ,1000,98,97,0.9898,1569.11,1400,0
JakobZ,1200,97,96,0.9897,1569.11,1400,0
JakobZ,1400,91,91,1.0,1569.11,1400,1
JakobZ,1600,108,105,0.9722,1569.11,1400,0
JakobZ,1800,112,110,0.9821,1569.11,1400,0
JakobZ,2000,106,100,0.9434,1569.11,1400,0
JakobZ,2200,95,91,0.9579,1569.11,1400,0
JakobZ,2400,70,58,0.8286,1569.11,1400,0
JakobZ,2600,30,29,0.9667,1569.11,1400,0
JakobZ,2800,12,8,0.6667,1569.11,1400,0
JakobZ,3000,5,3,0.6,1569.11,1400,0
JakobZ,3200,1,0,0.0,1569.11,1400,0
Jensen123,800,354,350,0.9887,1504.09,1400,0
Jensen123,1000,159,155,0.9748,1504.09,1400,0
Jensen123,1200,144,141,0.9792,1504.09,1400,0
Jensen123,1400,163,152,0.9325,1504.09,1400,1
Jensen123,1600,227,203,0.8943,1504.09,1400,0
Jensen123,1800,258,246,0.9535,1504.09,1400,0
Jensen123,2000,210,206,0.981,1504.09,1400,0
Jensen123,2200,119,116,0.9748,1504.09,1400,0
Jensen123,2400,36,35,0.9722,1504.09,1400,0
Jensen123,2600,10,8,0.8,1504.09,1400,0
Jensen123,2800,1,0,0.0,1504.09,1400,0
Jensen123,3000,1,0,0.0,1504.09,1400,0
JerrySyr,800,79,79,1.0,1605.19,1600,0
JerrySyr,1000,34,34,1.0,1605.19,1600,0
JerrySyr,1200,45,44,0.9778,1605.19,1600,0
JerrySyr,1400,30,29,0.9667,1605.19,1600,0
JerrySyr,1600,45,43,0.9556,1605.19,1600,1
JerrySyr,1800,44,41,0.9318,1605.19,1600,0
JerrySyr,2000,51,48,0.9412,1605.19,1600,0
JerrySyr,2200,46,44,0.9565,1605.19,1600,0
JerrySyr,2400,37,36,0.973,1605.19,1600,0
JerrySyr,2600,7,6,0.8571,1605.19,1600,0
JerrySyr,2800,1,1,1.0,1605.19,1600,0
Joacoini,800,108,108,1.0,1691.45,1600,0
Joacoini,1000,34,33,0.9706,1691.45,1600,0
Joacoini,1200,41,40,0.9756,1691.45,1600,0
Joacoini,1400,40,40,1.0,1691.45,1600,0
Joacoini,1600,25,24,0.96,1691.45,1600,1
Joacoini,1800,32,30,0.9375,1691.45,1600,0
Joacoini,2000,27,25,0.9259,1691.45,1600,0
Joacoini,2200,18,14,0.7778,1691.45,1600,0
Joacoini,2400,119,109,0.916,1691.45,1600,0
Joacoini,2600,20,20,1.0,1691.45,1600,0
Joacoini,2800,14,10,0.7143,1691.45,1600,0
Joacoini,3000,3,2,0.6667,1691.45,1600,0
Joacoini,3200,2,1,0.5,1691.45,1600,0
JohnNash01,800,32,28,0.875,1352.44,1200,0
JohnNash01,1000,11,7,0.6364,1352.44,1200,0
JohnNash01,1200,19,16,0.8421,1352.44,1200,1
JohnNash01,1400,10,6,0.6,1352.44,1200,0
JohnNash01,1600,12,7,0.5833,1352.44,1200,0
JohnNash01,1800,19,7,0.3684,1352.44,1200,0
JohnNash01,2000,5,4,0.8,1352.44,1200,0
JohnNash01,2200,5,3,0.6,1352.44,1200,0
JohnNash01,2400,4,1,0.25,1352.44,1200,0
JohnNash01,2600,3,0,0.0,1352.44,1200,0
JohnNash01,2800,2,1,0.5,1352.44,1200,0
JohnNash01,3000,1,1,1.0,1352.44,1200,0
JohnNash01,3400,3,1,0.3333,1352.44,1200,0
Joler_,800,488,486,0.9959,1377.7,1200,0
Joler_,1000,210,207,0.9857,1377.7,1200,0
Joler_,1200,179,177,0.9888,1377.7,1200,1
Joler_,1400,168,159,0.9464,1377.7,1200,0
Joler_,1600,190,180,0.9474,1377.7,1200,0
Joler_,1800,181,170,0.9392,1377.7,1200,0
Joler_,2000,114,99,0.8684,1377.7,1200,0
Joler_,2200,94,82,0.8723,1377.7,1200,0
Joler_,2400,56,52,0.9286,1377.7,1200,0
Joler_,2600,18,12,0.6667,1377.7,1200,0
Joler_,2800,8,7,0.875,1377.7,1200,0
Joler_,3000,2,1,0.5,1377.7,1200,0
Joler_,3200,1,0,0.0,1377.7,1200,0
Joler_,3400,1,0,0.0,1377.7,1200,0
Jrke,800,170,165,0.9706,1556.04,1400,0
Jrke,1000,96,94,0.9792,1556.04,1400,0
Jrke,1200,89,85,0.9551,1556.04,1400,0
Jrke,1400,93,86,0.9247,1556.04,1400,1
Jrke,1600,105,100,0.9524,1556.04,1400,0
Jrke,1800,128,115,0.8984,1556.04,1400,0
Jrke,2000,154,134,0.8701,1556.04,1400,0
Jrke,2200,107,90,0.8411,1556.04,1400,0
Jrke,2400,34,23,0.6765,1556.04,1400,0
Jrke,2600,16,8,0.5,1556.04,1400,0
Jrke,2800,6,2,0.3333,1556.04,1400,0
Jrke,3000,1,0,0.0,1556.04,1400,0
Jrke,3400,4,1,0.25,1556.04,1400,0
JunkieDonkey,800,420,417,0.9929,1634.22,1600,0
JunkieDonkey,1000,183,182,0.9945,1634.22,1600,0
JunkieDonkey,1200,206,203,0.9854,1634.22,1600,0
JunkieDonkey,1400,189,182,0.963,1634.22,1600,0
JunkieDonkey,1600,236,229,0.9703,1634.22,1600,1
JunkieDonkey,1800,235,229,0.9745,1634.22,1600,0
JunkieDonkey,2000,204,201,0.9853,1634.22,1600,0
JunkieDonkey,2200,196,186,0.949,1634.22,1600,0
JunkieDonkey,2400,183,178,0.9727,1634.22,1600,0
JunkieDonkey,2600,89,85,0.9551,1634.22,1600,0
JunkieDonkey,2800,46,42,0.913,1634.22,1600,0
JunkieDonkey,3000,12,11,0.9167,1634.22,1600,0
JunkieDonkey,3200,3,2,0.6667,1634.22,1600,0
JunkieDonkey,3400,4,4,1.0,1634.22,1600,0
K8He,800,43,42,0.9767,2234.9,2200,0
K8He,1000,16,16,1.0,2234.9,2200,0
K8He,1200,15,15,1.0,2234.9,2200,0
K8He,1400,18,18,1.0,2234.9,2200,0
K8He,1600,14,14,1.0,2234.9,2200,0
K8He,1800,23,23,1.0,2234.9,2200,0
K8He,2000,19,18,0.9474,2234.9,2200,0
K8He,2200,37,37,1.0,2234.9,2200,1
K8He,2400,59,58,0.9831,2234.9,2200,0
K8He,2600,38,37,0.9737,2234.9,2200,0
K8He,2800,45,43,0.9556,2234.9,2200,0
K8He,3000,56,55,0.9821,2234.9,2200,0
K8He,3200,18,18,1.0,2234.9,2200,0
K8He,3400,11,10,0.9091,2234.9,2200,0
KALARRY,800,126,121,0.9603,1438.84,1400,0
KALARRY,1000,59,52,0.8814,1438.84,1400,0
KALARRY,1200,82,77,0.939,1438.84,1400,0
KALARRY,1400,49,45,0.9184,1438.84,1400,1
KALARRY,1600,57,48,0.8421,1438.84,1400,0
KALARRY,1800,53,43,0.8113,1438.84,1400,0
KALARRY,2000,42,40,0.9524,1438.84,1400,0
KALARRY,2200,36,33,0.9167,1438.84,1400,0
KALARRY,2400,21,13,0.619,1438.84,1400,0
KALARRY,2600,17,9,0.5294,1438.84,1400,0
KALARRY,2800,4,2,0.5,1438.84,1400,0
KALARRY,3000,1,1,1.0,1438.84,1400,0
KALARRY,3400,1,0,0.0,1438.84,1400,0
KIRIJIJI,800,390,389,0.9974,1429.36,1400,0
KIRIJIJI,1000,170,170,1.0,1429.36,1400,0
KIRIJIJI,1200,181,180,0.9945,1429.36,1400,0
KIRIJIJI,1400,172,172,1.0,1429.36,1400,1
KIRIJIJI,1600,195,190,0.9744,1429.36,1400,0
KIRIJIJI,1800,200,193,0.965,1429.36,1400,0
KIRIJIJI,2000,154,142,0.9221,1429.36,1400,0
KIRIJIJI,2200,102,90,0.8824,1429.36,1400,0
KIRIJIJI,2400,39,32,0.8205,1429.36,1400,0
KIRIJIJI,2600,11,5,0.4545,1429.36,1400,0
KIRIJIJI,2800,6,4,0.6667,1429.36,1400,0
KSCD,800,106,106,1.0,1803.0,1800,0
KSCD,1000,52,51,0.9808,1803.0,1800,0
KSCD,1200,65,63,0.9692,1803.0,1800,0
KSCD,1400,57,56,0.9825,1803.0,1800,0
KSCD,1600,67,66,0.9851,1803.0,1800,0
KSCD,1800,73,70,0.9589,1803.0,1800,1
KSCD,2000,81,79,0.9753,1803.0,1800,0
KSCD,2200,67,66,0.9851,1803.0,1800,0
KSCD,2400,76,74,0.9737,1803.0,1800,0
KSCD,2600,48,48,1.0,1803.0,1800,0
KSCD,2800,23,22,0.9565,1803.0,1800,0
KSCD,3000,20,20,1.0,1803.0,1800,0
KSCD,3200,10,10,1.0,1803.0,1800,0
KSCD,3400,3,3,1.0,1803.0,1800,0
Kaito_Kuroba,800,11,11,1.0,1453.85,1400,0
Kaito_Kuroba,1000,4,4,1.0,1453.85,1400,0
Kaito_Kuroba,1200,4,4,1.0,1453.85,1400,0
Kaito_Kuroba,1400,2,2,1.0,1453.85,1400,1
Kaito_Kuroba,1600,3,3,1.0,1453.85,1400,0
Kaito_Kuroba,1800,6,6,1.0,1453.85,1400,0
Kaito_Kuroba,2000,5,5,1.0,1453.85,1400,0
Kaito_Kuroba,2200,3,3,1.0,1453.85,1400,0
Kaito_Kuroba,2400,3,1,0.3333,1453.85,1400,0
Kako,800,103,102,0.9903,1452.14,1400,0
Kako,1000,57,54,0.9474,1452.14,1400,0
Kako,1200,57,54,0.9474,1452.14,1400,0
Kako,1400,52,52,1.0,1452.14,1400,1
Kako,1600,46,46,1.0,1452.14,1400,0
Kako,1800,48,46,0.9583,1452.14,1400,0
Kako,2000,44,38,0.8636,1452.14,1400,0
Kako,2200,35,31,0.8857,1452.14,1400,0
Kako,2400,21,15,0.7143,1452.14,1400,0
Kako,2600,8,2,0.25,1452.14,1400,0
Kako,3000,4,2,0.5,1452.14,1400,0
Kako,3200,2,1,0.5,1452.14,1400,0
Kako,3400,1,0,0.0,1452.14,1400,0
Kevin114514,800,275,271,0.9855,2055.16,2000,0
Kevin114514,1000,104,101,0.9712,2055.16,2000,0
Kevin114514,1200,108,101,0.9352,2055.16,2000,0
Kevin114514,1400,127,116,0.9134,2055.16,2000,0
Kevin114514,1600,127,116,0.9134,2055.16,2000,0
Kevin114514,1800,139,118,0.8489,2055.16,2000,0
Kevin114514,2000,142,121,0.8521,2055.16,2000,1
Kevin114514,2200,132,114,0.8636,2055.16,2000,0
Kevin114514,2400,140,124,0.8857,2055.16,2000,0
Kevin114514,2600,114,103,0.9035,2055.16,2000,0
Kevin114514,2800,178,171,0.9607,2055.16,2000,0
Kevin114514,3000,108,98,0.9074,2055.16,2000,0
Kevin114514,3200,116,107,0.9224,2055.16,2000,0
Kevin114514,3400,140,123,0.8786,2055.16,2000,0
KevinWan,800,123,119,0.9675,1972.17,1800,0
KevinWan,1000,65,63,0.9692,1972.17,1800,0
KevinWan,1200,75,73,0.9733,1972.17,1800,0
KevinWan,1400,90,86,0.9556,1972.17,1800,0
KevinWan,1600,133,130,0.9774,1972.17,1800,0
KevinWan,1800,153,148,0.9673,1972.17,1800,1
KevinWan,2000,227,225,0.9912,1972.17,1800,0
KevinWan,2200,239,234,0.9791,1972.17,1800,0
KevinWan,2400,255,248,0.9725,1972.17,1800,0
KevinWan,2600,105,98,0.9333,1972.17,1800,0
KevinWan,2800,53,49,0.9245,1972.17,1800,0
KevinWan,3000,22,19,0.8636,1972.17,1800,0
KevinWan,3200,15,11,0.7333,1972.17,1800,0
KevinWan,3400,8,6,0.75,1972.17,1800,0
Kherkani_36,800,19,19,1.0,1473.61,1400,0
Kherkani_36,1000,6,6,1.0,1473.61,1400,0
Kherkani_36,1200,11,11,1.0,1473.61,1400,0
Kherkani_36,1400,7,7,1.0,1473.61,1400,1
Kherkani_36,1600,5,5,1.0,1473.61,1400,0
Kherkani_36,1800,10,8,0.8,1473.61,1400,0
Kherkani_36,2000,5,5,1.0,1473.61,1400,0
Kherkani_36,2200,5,5,1.0,1473.61,1400,0
Kherkani_36,2400,3,3,1.0,1473.61,1400,0
Kherkani_36,2600,3,3,1.0,1473.61,1400,0
Kherkani_36,3000,1,0,0.0,1473.61,1400,0
Kherkani_36,3200,1,0,0.0,1473.61,1400,0
Kherkani_36,3400,2,0,0.0,1473.61,1400,0
KiKoS,800,116,115,0.9914,1691.56,1600,0
KiKoS,1000,44,42,0.9545,1691.56,1600,0
KiKoS,1200,70,69,0.9857,1691.56,1600,0
KiKoS,1400,65,61,0.9385,1691.56,1600,0
KiKoS,1600,117,113,0.9658,1691.56,1600,1
KiKoS,1800,167,159,0.9521,1691.56,1600,0
KiKoS,2000,156,141,0.9038,1691.56,1600,0
KiKoS,2200,98,84,0.8571,1691.56,1600,0
KiKoS,2400,42,25,0.5952,1691.56,1600,0
KiKoS,2600,22,15,0.6818,1691.56,1600,0
KiKoS,2800,11,6,0.5455,1691.56,1600,0
KiKoS,3000,10,9,0.9,1691.56,1600,0
KiKoS,3200,4,1,0.25,1691.56,1600,0
KiKoS,3400,1,1,1.0,1691.56,1600,0
Kieray,800,86,86,1.0,1745.97,1600,0
Kieray,1000,40,40,1.0,1745.97,1600,0
Kieray,1200,55,55,1.0,1745.97,1600,0
Kieray,1400,40,40,1.0,1745.97,1600,0
Kieray,1600,59,59,1.0,1745.97,1600,1
Kieray,1800,65,64,0.9846,1745.97,1600,0
Kieray,2000,47,45,0.9574,1745.97,1600,0
Kieray,2200,41,40,0.9756,1745.97,1600,0
Kieray,2400,52,49,0.9423,1745.97,1600,0
Kieray,2600,26,26,1.0,1745.97,1600,0
Kieray,2800,19,19,1.0,1745.97,1600,0
Kieray,3000,11,11,1.0,1745.97,1600,0
Kieray,3200,8,8,1.0,1745.97,1600,0
Kieray,3400,4,4,1.0,1745.97,1600,0
Kira_1234,800,702,697,0.9929,1564.77,1400,0
Kira_1234,1000,334,333,0.997,1564.77,1400,0
Kira_1234,1200,347,342,0.9856,1564.77,1400,0
Kira_1234,1400,343,337,0.9825,1564.77,1400,1
Kira_1234,1600,356,347,0.9747,1564.77,1400,0
Kira_1234,1800,374,360,0.9626,1564.77,1400,0
Kira_1234,2000,386,380,0.9845,1564.77,1400,0
Kira_1234,2200,347,336,0.9683,1564.77,1400,0
Kira_1234,2400,280,265,0.9464,1564.77,1400,0
Kira_1234,2600,50,38,0.76,1564.77,1400,0
Kira_1234,2800,18,9,0.5,1564.77,1400,0
Kira_1234,3000,5,2,0.4,1564.77,1400,0
Kira_1234,3400,1,0,0.0,1564.77,1400,0
KnightmareLogic,800,21,20,0.9524,1536.14,1400,0
KnightmareLogic,1000,10,9,0.9,1536.14,1400,0
KnightmareLogic,1200,7,6,0.8571,1536.14,1400,0
KnightmareLogic,1400,8,8,1.0,1536.14,1400,1
KnightmareLogic,1600,7,7,1.0,1536.14,1400,0
KnightmareLogic,1800,10,10,1.0,1536.14,1400,0
KnightmareLogic,2000,10,8,0.8,1536.14,1400,0
KnightmareLogic,2200,6,6,1.0,1536.14,1400,0
KnightmareLogic,2400,7,7,1.0,1536.14,1400,0
KnightmareLogic,2600,1,1,1.0,1536.14,1400,0
KnightmareLogic,2800,1,1,1.0,1536.14,1400,0
Kouba64,800,82,82,1.0,1752.57,1600,0
Kouba64,1000,29,27,0.931,1752.57,1600,0
Kouba64,1200,49,49,1.0,1752.57,1600,0
Kouba64,1400,39,38,0.9744,1752.57,1600,0
Kouba64,1600,42,42,1.0,1752.57,1600,1
Kouba64,1800,76,74,0.9737,1752.57,1600,0
Kouba64,2000,65,64,0.9846,1752.57,1600,0
Kouba64,2200,94,93,0.9894,1752.57,1600,0
Kouba64,2400,59,55,0.9322,1752.57,1600,0
Kouba64,2600,16,12,0.75,1752.57,1600,0
Kouba64,2800,10,6,0.6,1752.57,1600,0
Kouba64,3000,1,0,0.0,1752.57,1600,0
Kouba64,3200,3,2,0.6667,1752.57,1600,0
Kouba64,3400,1,0,0.0,1752.57,1600,0
Kriz_Wu,800,101,93,0.9208,1770.74,1600,0
Kriz_Wu,1000,56,49,0.875,1770.74,1600,0
Kriz_Wu,1200,57,50,0.8772,1770.74,1600,0
Kriz_Wu,1400,46,43,0.9348,1770.74,1600,0
Kriz_Wu,1600,73,68,0.9315,1770.74,1600,1
Kriz_Wu,1800,67,66,0.9851,1770.74,1600,0
Kriz_Wu,2000,92,85,0.9239,1770.74,1600,0
Kriz_Wu,2200,70,60,0.8571,1770.74,1600,0
Kriz_Wu,2400,75,65,0.8667,1770.74,1600,0
Kriz_Wu,2600,39,31,0.7949,1770.74,1600,0
Kriz_Wu,2800,27,21,0.7778,1770.74,1600,0
Kriz_Wu,3000,14,11,0.7857,1770.74,1600,0
Kriz_Wu,3200,3,3,1.0,1770.74,1600,0
Kriz_Wu,3400,4,1,0.25,1770.74,1600,0
KroosTheKeenGlint,800,227,226,0.9956,1636.21,1600,0
KroosTheKeenGlint,1000,99,99,1.0,1636.21,1600,0
KroosTheKeenGlint,1200,98,98,1.0,1636.21,1600,0
KroosTheKeenGlint,1400,99,98,0.9899,1636.21,1600,0
KroosTheKeenGlint,1600,98,98,1.0,1636.21,1600,1
KroosTheKeenGlint,1800,108,105,0.9722,1636.21,1600,0
KroosTheKeenGlint,2000,93,90,0.9677,1636.21,1600,0
KroosTheKeenGlint,2200,92,92,1.0,1636.21,1600,0
KroosTheKeenGlint,2400,109,102,0.9358,1636.21,1600,0
KroosTheKeenGlint,2600,39,38,0.9744,1636.21,1600,0
KroosTheKeenGlint,2800,25,20,0.8,1636.21,1600,0
KroosTheKeenGlint,3000,14,10,0.7143,1636.21,1600,0
KroosTheKeenGlint,3200,13,10,0.7692,1636.21,1600,0
KroosTheKeenGlint,3400,3,2,0.6667,1636.21,1600,0
Kstarile,800,10,10,1.0,1378.38,1200,0
Kstarile,1000,6,6,1.0,1378.38,1200,0
Kstarile,1200,2,2,1.0,1378.38,1200,1
Kstarile,1400,5,5,1.0,1378.38,1200,0
Kstarile,1600,4,4,1.0,1378.38,1200,0
Kstarile,1800,4,4,1.0,1378.38,1200,0
Kstarile,2000,3,3,1.0,1378.38,1200,0
Kstarile,2200,2,2,1.0,1378.38,1200,0
Kstarile,2400,2,1,0.5,1378.38,1200,0
Kude,800,664,664,1.0,1550.21,1400,0
Kude,1000,290,289,0.9966,1550.21,1400,0
Kude,1200,289,288,0.9965,1550.21,1400,0
Kude,1400,269,267,0.9926,1550.21,1400,1
Kude,1600,286,283,0.9895,1550.21,1400,0
Kude,1800,293,292,0.9966,1550.21,1400,0
Kude,2000,252,248,0.9841,1550.21,1400,0
Kude,2200,241,230,0.9544,1550.21,1400,0
Kude,2400,226,205,0.9071,1550.21,1400,0
Kude,2600,106,92,0.8679,1550.21,1400,0
Kude,2800,46,32,0.6957,1550.21,1400,0
Kude,3000,15,9,0.6,1550.21,1400,0
Kude,3200,5,3,0.6,1550.21,1400,0
Kude,3400,1,0,0.0,1550.21,1400,0
Kuroni,800,143,143,1.0,1954.4,1800,0
Kuroni,1000,97,89,0.9175,1954.4,1800,0
Kuroni,1200,109,107,0.9817,1954.4,1800,0
Kuroni,1400,107,104,0.972,1954.4,1800,0
Kuroni,1600,123,119,0.9675,1954.4,1800,0
Kuroni,1800,142,138,0.9718,1954.4,1800,1
Kuroni,2000,156,152,0.9744,1954.4,1800,0
Kuroni,2200,120,115,0.9583,1954.4,1800,0
Kuroni,2400,151,144,0.9536,1954.4,1800,0
Kuroni,2600,106,101,0.9528,1954.4,1800,0
Kuroni,2800,83,75,0.9036,1954.4,1800,0
Kuroni,3000,78,72,0.9231,1954.4,1800,0
Kuroni,3200,44,42,0.9545,1954.4,1800,0
Kuroni,3400,20,20,1.0,1954.4,1800,0
Kustov_Vadim_533,800,259,259,1.0,1583.62,1400,0
Kustov_Vadim_533,1000,115,115,1.0,1583.62,1400,0
Kustov_Vadim_533,1200,112,107,0.9554,1583.62,1400,0
Kustov_Vadim_533,1400,119,111,0.9328,1583.62,1400,1
Kustov_Vadim_533,1600,144,139,0.9653,1583.62,1400,0
Kustov_Vadim_533,1800,158,142,0.8987,1583.62,1400,0
Kustov_Vadim_533,2000,130,121,0.9308,1583.62,1400,0
Kustov_Vadim_533,2200,103,94,0.9126,1583.62,1400,0
Kustov_Vadim_533,2400,82,75,0.9146,1583.62,1400,0
Kustov_Vadim_533,2600,56,52,0.9286,1583.62,1400,0
Kustov_Vadim_533,2800,14,12,0.8571,1583.62,1400,0
Kustov_Vadim_533,3000,3,3,1.0,1583.62,1400,0
Kustov_Vadim_533,3200,3,2,0.6667,1583.62,1400,0
Kustov_Vadim_533,3400,1,1,1.0,1583.62,1400,0
LHWYAN,800,196,195,0.9949,1447.1,1400,0
LHWYAN,1000,90,89,0.9889,1447.1,1400,0
LHWYAN,1200,90,90,1.0,1447.1,1400,0
LHWYAN,1400,77,76,0.987,1447.1,1400,1
LHWYAN,1600,95,95,1.0,1447.1,1400,0
LHWYAN,1800,85,84,0.9882,1447.1,1400,0
LHWYAN,2000,63,63,1.0,1447.1,1400,0
LHWYAN,2200,42,39,0.9286,1447.1,1400,0
LHWYAN,2400,25,19,0.76,1447.1,1400,0
LHWYAN,2600,15,13,0.8667,1447.1,1400,0
LHWYAN,2800,5,5,1.0,1447.1,1400,0
LHWYAN,3000,3,3,1.0,1447.1,1400,0
LHWYAN,3200,2,2,1.0,1447.1,1400,0
LHWYAN,3400,2,2,1.0,1447.1,1400,0
LLI_E_P_JI_O_K,800,53,53,1.0,1570.88,1400,0
LLI_E_P_JI_O_K,1000,53,51,0.9623,1570.88,1400,0
LLI_E_P_JI_O_K,1200,66,65,0.9848,1570.88,1400,0
LLI_E_P_JI_O_K,1400,68,62,0.9118,1570.88,1400,1
LLI_E_P_JI_O_K,1600,113,94,0.8319,1570.88,1400,0
LLI_E_P_JI_O_K,1800,81,63,0.7778,1570.88,1400,0
LLI_E_P_JI_O_K,2000,67,47,0.7015,1570.88,1400,0
LLI_E_P_JI_O_K,2200,43,26,0.6047,1570.88,1400,0
LLI_E_P_JI_O_K,2400,36,14,0.3889,1570.88,1400,0
LLI_E_P_JI_O_K,2600,19,11,0.5789,1570.88,1400,0
LLI_E_P_JI_O_K,2800,4,1,0.25,1570.88,1400,0
LLI_E_P_JI_O_K,3000,7,4,0.5714,1570.88,1400,0
LLI_E_P_JI_O_K,3200,1,0,0.0,1570.88,1400,0
LLI_E_P_JI_O_K,3400,4,0,0.0,1570.88,1400,0
LLLjsQAQ,800,11,11,1.0,1589.13,1400,0
LLLjsQAQ,1000,5,5,1.0,1589.13,1400,0
LLLjsQAQ,1200,5,5,1.0,1589.13,1400,0
LLLjsQAQ,1400,5,5,1.0,1589.13,1400,1
LLLjsQAQ,1800,8,8,1.0,1589.13,1400,0
LLLjsQAQ,2200,4,4,1.0,1589.13,1400,0
LLLjsQAQ,2400,2,2,1.0,1589.13,1400,0
LLLjsQAQ,2600,4,4,1.0,1589.13,1400,0
LLLjsQAQ,2800,1,1,1.0,1589.13,1400,0
LLLjsQAQ,3400,1,1,1.0,1589.13,1400,0
Labib_Morol,800,9,8,0.8889,1465.62,1400,0
Labib_Morol,1000,3,3,1.0,1465.62,1400,0
Labib_Morol,1200,5,5,1.0,1465.62,1400,0
Labib_Morol,1400,1,1,1.0,1465.62,1400,1
Labib_Morol,1600,2,2,1.0,1465.62,1400,0
Labib_Morol,1800,6,6,1.0,1465.62,1400,0
Labib_Morol,2000,4,4,1.0,1465.62,1400,0
Labib_Morol,2200,2,2,1.0,1465.62,1400,0
Labib_Morol,2400,3,1,0.3333,1465.62,1400,0
Labib_Morol,2600,1,0,0.0,1465.62,1400,0
Labib_Morol,3400,1,0,0.0,1465.62,1400,0
LadyMisserina,800,26,26,1.0,1374.77,1200,0
LadyMisserina,1000,16,16,1.0,1374.77,1200,0
LadyMisserina,1200,20,20,1.0,1374.77,1200,1
LadyMisserina,1400,9,9,1.0,1374.77,1200,0
LadyMisserina,1600,12,12,1.0,1374.77,1200,0
LadyMisserina,1800,9,6,0.6667,1374.77,1200,0
LadyMisserina,2000,9,9,1.0,1374.77,1200,0
LadyMisserina,2200,8,5,0.625,1374.77,1200,0
LadyMisserina,2400,6,3,0.5,1374.77,1200,0
LadyMisserina,2600,1,1,1.0,1374.77,1200,0
LadyMisserina,2800,1,0,0.0,1374.77,1200,0
LadyMisserina,3400,1,0,0.0,1374.77,1200,0
Leasier,800,162,162,1.0,1898.59,1800,0
Leasier,1000,66,66,1.0,1898.59,1800,0
Leasier,1200,55,55,1.0,1898.59,1800,0
Leasier,1400,61,61,1.0,1898.59,1800,0
Leasier,1600,59,59,1.0,1898.59,1800,0
Leasier,1800,61,61,1.0,1898.59,1800,1
Leasier,2000,67,67,1.0,1898.59,1800,0
Leasier,2200,75,74,0.9867,1898.59,1800,0
Leasier,2400,101,99,0.9802,1898.59,1800,0
Leasier,2600,66,66,1.0,1898.59,1800,0
Leasier,2800,65,64,0.9846,1898.59,1800,0
Leasier,3000,46,46,1.0,1898.59,1800,0
Leasier,3200,23,23,1.0,1898.59,1800,0
Leasier,3400,17,17,1.0,1898.59,1800,0
Lehe,800,170,163,0.9588,1904.38,1800,0
Lehe,1000,74,72,0.973,1904.38,1800,0
Lehe,1200,67,66,0.9851,1904.38,1800,0
Lehe,1400,53,50,0.9434,1904.38,1800,0
Lehe,1600,61,56,0.918,1904.38,1800,0
Lehe,1800,68,62,0.9118,1904.38,1800,1
Lehe,2000,51,45,0.8824,1904.38,1800,0
Lehe,2200,65,61,0.9385,1904.38,1800,0
Lehe,2400,98,98,1.0,1904.38,1800,0
Lehe,2600,86,86,1.0,1904.38,1800,0
Lehe,2800,66,66,1.0,1904.38,1800,0
Lehe,3000,41,39,0.9512,1904.38,1800,0
Lehe,3200,34,34,1.0,1904.38,1800,0
Lehe,3400,16,16,1.0,1904.38,1800,0
Lemansky,800,44,43,0.9773,1379.14,1200,0
Lemansky,1000,16,15,0.9375,1379.14,1200,0
Lemansky,1200,19,17,0.8947,1379.14,1200,1
Lemansky,1400,18,17,0.9444,1379.14,1200,0
Lemansky,1600,15,12,0.8,1379.14,1200,0
Lemansky,1800,16,12,0.75,1379.14,1200,0
Lemansky,2000,12,9,0.75,1379.14,1200,0
Lemansky,2200,8,5,0.625,1379.14,1200,0
Lemansky,2400,10,7,0.7,1379.14,1200,0
Lemansky,2600,4,1,0.25,1379.14,1200,0
Lemansky,2800,1,0,0.0,1379.14,1200,0
Lemansky,3200,1,0,0.0,1379.14,1200,0
Lemansky,3400,1,1,1.0,1379.14,1200,0
Leo_0503,800,74,73,0.9865,1976.43,1800,0
Leo_0503,1000,34,34,1.0,1976.43,1800,0
Leo_0503,1200,34,33,0.9706,1976.43,1800,0
Leo_0503,1400,27,26,0.963,1976.43,1800,0
Leo_0503,1600,56,53,0.9464,1976.43,1800,0
Leo_0503,1800,43,39,0.907,1976.43,1800,1
Leo_0503,2000,61,55,0.9016,1976.43,1800,0
Leo_0503,2200,51,47,0.9216,1976.43,1800,0
Leo_0503,2400,52,45,0.8654,1976.43,1800,0
Leo_0503,2600,42,39,0.9286,1976.43,1800,0
Leo_0503,2800,43,37,0.8605,1976.43,1800,0
Leo_0503,3000,23,21,0.913,1976.43,1800,0
Leo_0503,3200,19,18,0.9474,1976.43,1800,0
Leo_0503,3400,26,23,0.8846,1976.43,1800,0
Leo_wang,800,20,20,1.0,1560.61,1400,0
Leo_wang,1000,11,11,1.0,1560.61,1400,0
Leo_wang,1200,13,13,1.0,1560.61,1400,0
Leo_wang,1400,4,4,1.0,1560.61,1400,1
Leo_wang,1600,10,9,0.9,1560.61,1400,0
Leo_wang,1800,14,14,1.0,1560.61,1400,0
Leo_wang,2000,9,8,0.8889,1560.61,1400,0
Leo_wang,2200,11,10,0.9091,1560.61,1400,0
Leo_wang,2400,9,8,0.8889,1560.61,1400,0
Leo_wang,2600,3,2,0.6667,1560.61,1400,0
Leo_wang,2800,2,0,0.0,1560.61,1400,0
LingLuo_Official,800,29,29,1.0,1692.81,1600,0
LingLuo_Official,1000,13,13,1.0,1692.81,1600,0
LingLuo_Official,1200,14,14,1.0,1692.81,1600,0
LingLuo_Official,1400,7,7,1.0,1692.81,1600,0
LingLuo_Official,1600,9,9,1.0,1692.81,1600,1
LingLuo_Official,1800,15,15,1.0,1692.81,1600,0
LingLuo_Official,2000,11,11,1.0,1692.81,1600,0
LingLuo_Official,2200,12,11,0.9167,1692.81,1600,0
LingLuo_Official,2400,12,12,1.0,1692.81,1600,0
LingLuo_Official,2600,8,7,0.875,1692.81,1600,0
LingLuo_Official,2800,8,8,1.0,1692.81,1600,0
LingLuo_Official,3200,3,2,0.6667,1692.81,1600,0
LingLuo_Official,3400,1,1,1.0,1692.81,1600,0
Little_CarT,800,60,58,0.9667,1719.93,1600,0
Little_CarT,1000,25,22,0.88,1719.93,1600,0
Little_CarT,1200,29,27,0.931,1719.93,1600,0
Little_CarT,1400,29,27,0.931,1719.93,1600,0
Little_CarT,1600,25,24,0.96,1719.93,1600,1
Little_CarT,1800,35,34,0.9714,1719.93,1600,0
Little_CarT,2000,22,21,0.9545,1719.93,1600,0
Little_CarT,2200,38,32,0.8421,1719.93,1600,0
Little_CarT,2400,22,20,0.9091,1719.93,1600,0
Little_CarT,2600,20,19,0.95,1719.93,1600,0
Little_CarT,2800,7,7,1.0,1719.93,1600,0
Little_CarT,3000,14,11,0.7857,1719.93,1600,0
Little_CarT,3200,4,4,1.0,1719.93,1600,0
Liudas,800,392,391,0.9974,1363.88,1200,0
Liudas,1000,159,159,1.0,1363.88,1200,0
Liudas,1200,132,132,1.0,1363.88,1200,1
Liudas,1400,143,140,0.979,1363.88,1200,0
Liudas,1600,123,120,0.9756,1363.88,1200,0
Liudas,1800,121,119,0.9835,1363.88,1200,0
Liudas,2000,64,63,0.9844,1363.88,1200,0
Liudas,2200,54,53,0.9815,1363.88,1200,0
Liudas,2400,36,30,0.8333,1363.88,1200,0
Liudas,2600,27,25,0.9259,1363.88,1200,0
Liudas,2800,6,6,1.0,1363.88,1200,0
Liudas,3000,3,2,0.6667,1363.88,1200,0
Liudas,3200,2,2,1.0,1363.88,1200,0
Liudas,3400,2,1,0.5,1363.88,1200,0
Lokeo,800,179,176,0.9832,1590.75,1400,0
Lokeo,1000,95,90,0.9474,1590.75,1400,0
Lokeo,1200,100,88,0.88,1590.75,1400,0
Lokeo,1400,108,98,0.9074,1590.75,1400,1
Lokeo,1600,110,101,0.9182,1590.75,1400,0
Lokeo,1800,119,104,0.8739,1590.75,1400,0
Lokeo,2000,117,101,0.8632,1590.75,1400,0
Lokeo,2200,82,67,0.8171,1590.75,1400,0
Lokeo,2400,50,38,0.76,1590.75,1400,0
Lokeo,2600,29,24,0.8276,1590.75,1400,0
Lokeo,2800,19,18,0.9474,1590.75,1400,0
Lokeo,3000,8,5,0.625,1590.75,1400,0
Lokeo,3200,5,5,1.0,1590.75,1400,0
Lokeo,3400,7,4,0.5714,1590.75,1400,0
Lopzzz,800,182,179,0.9835,1258.7,1200,0
Lopzzz,1000,74,74,1.0,1258.7,1200,0
Lopzzz,1200,53,51,0.9623,1258.7,1200,1
Lopzzz,1400,78,77,0.9872,1258.7,1200,0
Lopzzz,1600,52,48,0.9231,1258.7,1200,0
Lopzzz,1800,36,34,0.9444,1258.7,1200,0
Lopzzz,2000,24,20,0.8333,1258.7,1200,0
Lopzzz,2200,15,15,1.0,1258.7,1200,0
Lopzzz,2400,8,5,0.625,1258.7,1200,0
Lopzzz,2600,2,0,0.0,1258.7,1200,0
Lopzzz,2800,2,2,1.0,1258.7,1200,0
Lopzzz,3200,1,1,1.0,1258.7,1200,0
Lopzzz,3400,1,0,0.0,1258.7,1200,0
Louis_handsome,800,11,9,0.8182,1400.0,1400,0
Louis_handsome,1000,4,4,1.0,1400.0,1400,0
Louis_handsome,1200,3,2,0.6667,1400.0,1400,0
Louis_handsome,1400,4,3,0.75,1400.0,1400,1
Louis_handsome,1600,2,1,0.5,1400.0,1400,0
Louis_handsome,1800,5,4,0.8,1400.0,1400,0
Louis_handsome,2000,4,2,0.5,1400.0,1400,0
Louis_handsome,2200,4,2,0.5,1400.0,1400,0
Louis_handsome,2400,2,2,1.0,1400.0,1400,0
Louis_handsome,2600,3,0,0.0,1400.0,1400,0
Louis_handsome,2800,2,0,0.0,1400.0,1400,0
Louis_handsome,3000,1,0,0.0,1400.0,1400,0
Louis_handsome,3200,1,0,0.0,1400.0,1400,0
LowPill,800,59,56,0.9492,1568.8,1400,0
LowPill,1000,26,24,0.9231,1568.8,1400,0
LowPill,1200,36,34,0.9444,1568.8,1400,0
LowPill,1400,15,15,1.0,1568.8,1400,1
LowPill,1600,31,31,1.0,1568.8,1400,0
LowPill,1800,27,25,0.9259,1568.8,1400,0
LowPill,2000,32,30,0.9375,1568.8,1400,0
LowPill,2200,22,21,0.9545,1568.8,1400,0
LowPill,2400,22,20,0.9091,1568.8,1400,0
LowPill,2600,7,7,1.0,1568.8,1400,0
LowPill,2800,4,3,0.75,1568.8,1400,0
LowPill,3000,2,0,0.0,1568.8,1400,0
LuCpp,800,131,131,1.0,1816.99,1800,0
LuCpp,1000,69,68,0.9855,1816.99,1800,0
LuCpp,1200,72,72,1.0,1816.99,1800,0
LuCpp,1400,76,75,0.9868,1816.99,1800,0
LuCpp,1600,96,95,0.9896,1816.99,1800,0
LuCpp,1800,105,105,1.0,1816.99,1800,1
LuCpp,2000,94,94,1.0,1816.99,1800,0
LuCpp,2200,83,81,0.9759,1816.99,1800,0
LuCpp,2400,86,82,0.9535,1816.99,1800,0
LuCpp,2600,48,45,0.9375,1816.99,1800,0
LuCpp,2800,39,37,0.9487,1816.99,1800,0
LuCpp,3000,26,26,1.0,1816.99,1800,0
LuCpp,3200,23,20,0.8696,1816.99,1800,0
LuCpp,3400,12,11,0.9167,1816.99,1800,0
Lucifer_K,800,214,209,0.9766,1375.96,1200,0
Lucifer_K,1000,83,73,0.8795,1375.96,1200,0
Lucifer_K,1200,126,117,0.9286,1375.96,1200,1
Lucifer_K,1400,114,99,0.8684,1375.96,1200,0
Lucifer_K,1600,87,74,0.8506,1375.96,1200,0
Lucifer_K,1800,91,84,0.9231,1375.96,1200,0
Lucifer_K,2000,92,87,0.9457,1375.96,1200,0
Lucifer_K,2200,24,24,1.0,1375.96,1200,0
Lucifer_K,2400,11,8,0.7273,1375.96,1200,0
Lucifer_K,2600,3,2,0.6667,1375.96,1200,0
Lucifer_K,2800,1,0,0.0,1375.96,1200,0
Lucifer_K,3000,1,0,0.0,1375.96,1200,0
Lucifer_K,3400,1,1,1.0,1375.96,1200,0
Lucky-Xiang,800,61,61,1.0,1845.83,1800,0
Lucky-Xiang,1000,30,30,1.0,1845.83,1800,0
Lucky-Xiang,1200,25,25,1.0,1845.83,1800,0
Lucky-Xiang,1400,23,23,1.0,1845.83,1800,0
Lucky-Xiang,1600,27,27,1.0,1845.83,1800,0
Lucky-Xiang,1800,29,29,1.0,1845.83,1800,1
Lucky-Xiang,2000,37,35,0.9459,1845.83,1800,0
Lucky-Xiang,2200,47,47,1.0,1845.83,1800,0
Lucky-Xiang,2400,47,47,1.0,1845.83,1800,0
Lucky-Xiang,2600,25,24,0.96,1845.83,1800,0
Lucky-Xiang,2800,15,14,0.9333,1845.83,1800,0
Lucky-Xiang,3000,12,12,1.0,1845.83,1800,0
Lucky-Xiang,3200,9,9,1.0,1845.83,1800,0
Lucky-Xiang,3400,1,1,1.0,1845.83,1800,0
LvK_NnT,800,107,96,0.8972,1028.09,1000,0
LvK_NnT,1000,38,32,0.8421,1028.09,1000,1
LvK_NnT,1200,30,26,0.8667,1028.09,1000,0
LvK_NnT,1400,21,13,0.619,1028.09,1000,0
LvK_NnT,1600,10,4,0.4,1028.09,1000,0
LvK_NnT,1800,11,4,0.3636,1028.09,1000,0
LvK_NnT,2000,1,1,1.0,1028.09,1000,0
LvK_NnT,2200,2,1,0.5,1028.09,1000,0
LvK_NnT,2400,2,1,0.5,1028.09,1000,0
M0N,800,515,509,0.9883,1403.48,1400,0
M0N,1000,250,244,0.976,1403.48,1400,0
M0N,1200,248,239,0.9637,1403.48,1400,0
M0N,1400,249,242,0.9719,1403.48,1400,1
M0N,1600,257,247,0.9611,1403.48,1400,0
M0N,1800,220,208,0.9455,1403.48,1400,0
M0N,2000,177,167,0.9435,1403.48,1400,0
M0N,2200,107,101,0.9439,1403.48,1400,0
M0N,2400,52,42,0.8077,1403.48,1400,0
M0N,2600,11,11,1.0,1403.48,1400,0
M0N,2800,4,3,0.75,1403.48,1400,0
M0N,3000,1,1,1.0,1403.48,1400,0
MAKMED1337,800,383,382,0.9974,1561.65,1400,0
MAKMED1337,1000,172,171,0.9942,1561.65,1400,0
MAKMED1337,1200,184,180,0.9783,1561.65,1400,0
MAKMED1337,1400,154,150,0.974,1561.65,1400,1
MAKMED1337,1600,183,179,0.9781,1561.65,1400,0
MAKMED1337,1800,155,147,0.9484,1561.65,1400,0
MAKMED1337,2000,156,148,0.9487,1561.65,1400,0
MAKMED1337,2200,155,143,0.9226,1561.65,1400,0
MAKMED1337,2400,131,114,0.8702,1561.65,1400,0
MAKMED1337,2600,68,50,0.7353,1561.65,1400,0
MAKMED1337,2800,43,31,0.7209,1561.65,1400,0
MAKMED1337,3000,18,10,0.5556,1561.65,1400,0
MAKMED1337,3200,7,3,0.4286,1561.65,1400,0
MAKMED1337,3400,3,0,0.0,1561.65,1400,0
MBBN,800,58,58,1.0,1780.86,1600,0
MBBN,1000,25,25,1.0,1780.86,1600,0
MBBN,1200,29,29,1.0,1780.86,1600,0
MBBN,1400,20,20,1.0,1780.86,1600,0
MBBN,1600,14,14,1.0,1780.86,1600,1
MBBN,1800,33,33,1.0,1780.86,1600,0
MBBN,2000,28,28,1.0,1780.86,1600,0
MBBN,2200,28,28,1.0,1780.86,1600,0
MBBN,2400,15,14,0.9333,1780.86,1600,0
MBBN,2600,13,13,1.0,1780.86,1600,0
MBBN,2800,14,14,1.0,1780.86,1600,0
MBBN,3000,6,6,1.0,1780.86,1600,0
MBBN,3200,14,14,1.0,1780.86,1600,0
MBBN,3400,7,7,1.0,1780.86,1600,0
MN3M,800,328,309,0.9421,1205.26,1200,0
MN3M,1000,192,161,0.8385,1205.26,1200,0
MN3M,1200,172,147,0.8547,1205.26,1200,1
MN3M,1400,135,112,0.8296,1205.26,1200,0
MN3M,1600,98,84,0.8571,1205.26,1200,0
MN3M,1800,57,50,0.8772,1205.26,1200,0
MN3M,2000,35,31,0.8857,1205.26,1200,0
MN3M,2200,14,13,0.9286,1205.26,1200,0
MN3M,2400,4,4,1.0,1205.26,1200,0
MN3M,2600,1,1,1.0,1205.26,1200,0
MODDI,800,848,796,0.9387,1153.41,1000,0
MODDI,1000,324,283,0.8735,1153.41,1000,1
MODDI,1200,296,243,0.8209,1153.41,1000,0
MODDI,1400,220,172,0.7818,1153.41,1000,0
MODDI,1600,185,130,0.7027,1153.41,1000,0
MODDI,1800,135,85,0.6296,1153.41,1000,0
MODDI,2000,72,49,0.6806,1153.41,1000,0
MODDI,2200,37,26,0.7027,1153.41,1000,0
MODDI,2400,18,11,0.6111,1153.41,1000,0
MODDI,2600,8,3,0.375,1153.41,1000,0
MODDI,2800,3,3,1.0,1153.41,1000,0
MODDI,3000,2,0,0.0,1153.41,1000,0
MODDI,3200,2,1,0.5,1153.41,1000,0
MODDI,3400,2,1,0.5,1153.41,1000,0
MR_NoSolution,800,235,231,0.983,1590.95,1400,0
MR_NoSolution,1000,130,130,1.0,1590.95,1400,0
MR_NoSolution,1200,162,161,0.9938,1590.95,1400,0
MR_NoSolution,1400,164,162,0.9878,1590.95,1400,1
MR_NoSolution,1600,194,193,0.9948,1590.95,1400,0
MR_NoSolution,1800,168,166,0.9881,1590.95,1400,0
MR_NoSolution,2000,137,136,0.9927,1590.95,1400,0
MR_NoSolution,2200,109,107,0.9817,1590.95,1400,0
MR_NoSolution,2400,86,80,0.9302,1590.95,1400,0
MR_NoSolution,2600,38,35,0.9211,1590.95,1400,0
MR_NoSolution,2800,19,19,1.0,1590.95,1400,0
MR_NoSolution,3000,4,2,0.5,1590.95,1400,0
MR_NoSolution,3200,2,2,1.0,1590.95,1400,0
MR_NoSolution,3400,2,1,0.5,1590.95,1400,0
MYFJCHX,800,67,67,1.0,2231.77,2200,0
MYFJCHX,1000,31,31,1.0,2231.77,2200,0
MYFJCHX,1200,39,39,1.0,2231.77,2200,0
MYFJCHX,1400,24,24,1.0,2231.77,2200,0
MYFJCHX,1600,50,50,1.0,2231.77,2200,0
MYFJCHX,1800,56,56,1.0,2231.77,2200,0
MYFJCHX,2000,65,65,1.0,2231.77,2200,0
MYFJCHX,2200,53,53,1.0,2231.77,2200,1
MYFJCHX,2400,69,69,1.0,2231.77,2200,0
MYFJCHX,2600,43,43,1.0,2231.77,2200,0
MYFJCHX,2800,54,54,1.0,2231.77,2200,0
MYFJCHX,3000,46,46,1.0,2231.77,2200,0
MYFJCHX,3200,55,54,0.9818,2231.77,2200,0
MYFJCHX,3400,75,73,0.9733,2231.77,2200,0
Macesuted-Moe,800,105,105,1.0,1868.3,1800,0
Macesuted-Moe,1000,40,40,1.0,1868.3,1800,0
Macesuted-Moe,1200,43,43,1.0,1868.3,1800,0
Macesuted-Moe,1400,44,44,1.0,1868.3,1800,0
Macesuted-Moe,1600,61,60,0.9836,1868.3,1800,0
Macesuted-Moe,1800,75,73,0.9733,1868.3,1800,1
Macesuted-Moe,2000,57,55,0.9649,1868.3,1800,0
Macesuted-Moe,2200,73,70,0.9589,1868.3,1800,0
Macesuted-Moe,2400,56,53,0.9464,1868.3,1800,0
Macesuted-Moe,2600,56,50,0.8929,1868.3,1800,0
Macesuted-Moe,2800,38,35,0.9211,1868.3,1800,0
Macesuted-Moe,3000,23,21,0.913,1868.3,1800,0
Macesuted-Moe,3200,20,18,0.9,1868.3,1800,0
Macesuted-Moe,3400,9,8,0.8889,1868.3,1800,0
MagicSena,800,19,19,1.0,1940.82,1800,0
MagicSena,1000,11,11,1.0,1940.82,1800,0
MagicSena,1200,9,9,1.0,1940.82,1800,0
MagicSena,1400,10,10,1.0,1940.82,1800,0
MagicSena,1600,22,22,1.0,1940.82,1800,0
MagicSena,1800,48,48,1.0,1940.82,1800,1
MagicSena,2000,61,61,1.0,1940.82,1800,0
MagicSena,2200,65,65,1.0,1940.82,1800,0
MagicSena,2400,36,36,1.0,1940.82,1800,0
MagicSena,2600,11,11,1.0,1940.82,1800,0
MagicSena,2800,2,2,1.0,1940.82,1800,0
MagnusCarlsen321,800,680,676,0.9941,1445.16,1400,0
MagnusCarlsen321,1000,241,230,0.9544,1445.16,1400,0
MagnusCarlsen321,1200,253,249,0.9842,1445.16,1400,0
MagnusCarlsen321,1400,220,211,0.9591,1445.16,1400,1
MagnusCarlsen321,1600,233,225,0.9657,1445.16,1400,0
MagnusCarlsen321,1800,291,277,0.9519,1445.16,1400,0
MagnusCarlsen321,2000,247,231,0.9352,1445.16,1400,0
MagnusCarlsen321,2200,157,143,0.9108,1445.16,1400,0
MagnusCarlsen321,2400,94,81,0.8617,1445.16,1400,0
MagnusCarlsen321,2600,40,30,0.75,1445.16,1400,0
MagnusCarlsen321,2800,23,17,0.7391,1445.16,1400,0
MagnusCarlsen321,3000,4,3,0.75,1445.16,1400,0
MagnusCarlsen321,3200,3,3,1.0,1445.16,1400,0
Maksim1744,800,271,270,0.9963,1819.83,1800,0
Maksim1744,1000,140,140,1.0,1819.83,1800,0
Maksim1744,1200,162,160,0.9877,1819.83,1800,0
Maksim1744,1400,184,184,1.0,1819.83,1800,0
Maksim1744,1600,193,193,1.0,1819.83,1800,0
Maksim1744,1800,201,200,0.995,1819.83,1800,1
Maksim1744,2000,169,164,0.9704,1819.83,1800,0
Maksim1744,2200,155,153,0.9871,1819.83,1800,0
Maksim1744,2400,151,149,0.9868,1819.83,1800,0
Maksim1744,2600,104,93,0.8942,1819.83,1800,0
Maksim1744,2800,81,72,0.8889,1819.83,1800,0
Maksim1744,3000,51,46,0.902,1819.83,1800,0
Maksim1744,3200,103,95,0.9223,1819.83,1800,0
Maksim1744,3400,21,17,0.8095,1819.83,1800,0
Mapakaka,800,28,27,0.9643,2045.39,2000,0
Mapakaka,1000,12,12,1.0,2045.39,2000,0
Mapakaka,1200,18,17,0.9444,2045.39,2000,0
Mapakaka,1400,24,23,0.9583,2045.39,2000,0
Mapakaka,1600,25,25,1.0,2045.39,2000,0
Mapakaka,1800,20,18,0.9,2045.39,2000,0
Mapakaka,2000,23,23,1.0,2045.39,2000,1
Mapakaka,2200,19,17,0.8947,2045.39,2000,0
Mapakaka,2400,30,27,0.9,2045.39,2000,0
Mapakaka,2600,28,27,0.9643,2045.39,2000,0
Mapakaka,2800,29,26,0.8966,2045.39,2000,0
Mapakaka,3000,14,11,0.7857,2045.39,2000,0
Mapakaka,3200,13,12,0.9231,2045.39,2000,0
Mapakaka,3400,10,6,0.6,2045.39,2000,0
Marceantasy,800,272,259,0.9522,1328.14,1200,0
Marceantasy,1000,106,93,0.8774,1328.14,1200,0
Marceantasy,1200,117,101,0.8632,1328.14,1200,1
Marceantasy,1400,80,70,0.875,1328.14,1200,0
Marceantasy,1600,61,46,0.7541,1328.14,1200,0
Marceantasy,1800,65,52,0.8,1328.14,1200,0
Marceantasy,2000,104,92,0.8846,1328.14,1200,0
Marceantasy,2200,37,35,0.9459,1328.14,1200,0
Marceantasy,2400,14,9,0.6429,1328.14,1200,0
Marceantasy,2600,4,3,0.75,1328.14,1200,0
Marceantasy,2800,4,3,0.75,1328.14,1200,0
Marceantasy,3000,1,1,1.0,1328.14,1200,0
Marckess,800,830,829,0.9988,1747.07,1600,0
Marckess,1000,436,432,0.9908,1747.07,1600,0
Marckess,1200,490,488,0.9959,1747.07,1600,0
Marckess,1400,457,456,0.9978,1747.07,1600,0
Marckess,1600,511,508,0.9941,1747.07,1600,1
Marckess,1800,512,511,0.998,1747.07,1600,0
Marckess,2000,453,449,0.9912,1747.07,1600,0
Marckess,2200,450,448,0.9956,1747.07,1600,0
Marckess,2400,504,500,0.9921,1747.07,1600,0
Marckess,2600,330,322,0.9758,1747.07,1600,0
Marckess,2800,209,201,0.9617,1747.07,1600,0
Marckess,3000,99,93,0.9394,1747.07,1600,0
Marckess,3200,45,45,1.0,1747.07,1600,0
Marckess,3400,19,19,1.0,1747.07,1600,0
MateoCV,800,602,602,1.0,1487.2,1400,0
MateoCV,1000,271,271,1.0,1487.2,1400,0
MateoCV,1200,298,298,1.0,1487.2,1400,0
MateoCV,1400,286,285,0.9965,1487.2,1400,1
MateoCV,1600,289,287,0.9931,1487.2,1400,0
MateoCV,1800,277,270,0.9747,1487.2,1400,0
MateoCV,2000,223,219,0.9821,1487.2,1400,0
MateoCV,2200,192,174,0.9062,1487.2,1400,0
MateoCV,2400,158,139,0.8797,1487.2,1400,0
MateoCV,2600,52,42,0.8077,1487.2,1400,0
MateoCV,2800,24,13,0.5417,1487.2,1400,0
MateoCV,3000,7,2,0.2857,1487.2,1400,0
MateoCV,3200,1,0,0.0,1487.2,1400,0
MattTheNub,800,261,259,0.9923,1649.36,1600,0
MattTheNub,1000,122,121,0.9918,1649.36,1600,0
MattTheNub,1200,130,126,0.9692,1649.36,1600,0
MattTheNub,1400,114,110,0.9649,1649.36,1600,0
MattTheNub,1600,143,131,0.9161,1649.36,1600,1
MattTheNub,1800,141,128,0.9078,1649.36,1600,0
MattTheNub,2000,86,73,0.8488,1649.36,1600,0
MattTheNub,2200,136,123,0.9044,1649.36,1600,0
MattTheNub,2400,197,164,0.8325,1649.36,1600,0
MattTheNub,2600,90,70,0.7778,1649.36,1600,0
MattTheNub,2800,22,20,0.9091,1649.36,1600,0
MattTheNub,3000,4,2,0.5,1649.36,1600,0
MattTheNub,3400,1,0,0.0,1649.36,1600,0
Maxduan,800,252,249,0.9881,1724.3,1600,0
Maxduan,1000,105,102,0.9714,1724.3,1600,0
Maxduan,1200,117,113,0.9658,1724.3,1600,0
Maxduan,1400,80,78,0.975,1724.3,1600,0
Maxduan,1600,98,88,0.898,1724.3,1600,1
Maxduan,1800,141,132,0.9362,1724.3,1600,0
Maxduan,2000,187,173,0.9251,1724.3,1600,0
Maxduan,2200,227,220,0.9692,1724.3,1600,0
Maxduan,2400,166,160,0.9639,1724.3,1600,0
Maxduan,2600,39,37,0.9487,1724.3,1600,0
Maxduan,2800,23,20,0.8696,1724.3,1600,0
Maxduan,3000,7,7,1.0,1724.3,1600,0
Maxduan,3200,4,4,1.0,1724.3,1600,0
MayankSavaliya,800,351,339,0.9658,1365.53,1200,0
MayankSavaliya,1000,194,184,0.9485,1365.53,1200,0
MayankSavaliya,1200,180,165,0.9167,1365.53,1200,1
MayankSavaliya,1400,145,131,0.9034,1365.53,1200,0
MayankSavaliya,1600,143,127,0.8881,1365.53,1200,0
MayankSavaliya,1800,156,130,0.8333,1365.53,1200,0
MayankSavaliya,2000,101,81,0.802,1365.53,1200,0
MayankSavaliya,2200,85,78,0.9176,1365.53,1200,0
MayankSavaliya,2400,26,21,0.8077,1365.53,1200,0
MayankSavaliya,2600,4,2,0.5,1365.53,1200,0
MayankSavaliya,2800,1,1,1.0,1365.53,1200,0
MayankSavaliya,3400,1,0,0.0,1365.53,1200,0
Michi_Numberz,800,120,118,0.9833,1392.05,1200,0
Michi_Numberz,1000,55,54,0.9818,1392.05,1200,0
Michi_Numberz,1200,61,59,0.9672,1392.05,1200,1
Michi_Numberz,1400,49,45,0.9184,1392.05,1200,0
Michi_Numberz,1600,50,48,0.96,1392.05,1200,0
Michi_Numberz,1800,49,49,1.0,1392.05,1200,0
Michi_Numberz,2000,31,28,0.9032,1392.05,1200,0
Michi_Numberz,2200,22,21,0.9545,1392.05,1200,0
Michi_Numberz,2400,11,11,1.0,1392.05,1200,0
Michi_Numberz,2600,6,5,0.8333,1392.05,1200,0
Michi_Numberz,3000,2,2,1.0,1392.05,1200,0
Mina7akim,800,524,516,0.9847,1367.65,1200,0
Mina7akim,1000,220,214,0.9727,1367.65,1200,0
Mina7akim,1200,221,217,0.9819,1367.65,1200,1
Mina7akim,1400,208,206,0.9904,1367.65,1200,0
Mina7akim,1600,229,226,0.9869,1367.65,1200,0
Mina7akim,1800,169,160,0.9467,1367.65,1200,0
Mina7akim,2000,116,105,0.9052,1367.65,1200,0
Mina7akim,2200,90,86,0.9556,1367.65,1200,0
Mina7akim,2400,51,46,0.902,1367.65,1200,0
Mina7akim,2600,17,14,0.8235,1367.65,1200,0
Mina7akim,2800,3,2,0.6667,1367.65,1200,0
Mina7akim,3400,1,1,1.0,1367.65,1200,0
Misuki,800,506,505,0.998,1708.28,1600,0
Misuki,1000,251,248,0.988,1708.28,1600,0
Misuki,1200,274,274,1.0,1708.28,1600,0
Misuki,1400,248,247,0.996,1708.28,1600,0
Misuki,1600,284,280,0.9859,1708.28,1600,1
Misuki,1800,288,285,0.9896,1708.28,1600,0
Misuki,2000,245,242,0.9878,1708.28,1600,0
Misuki,2200,243,236,0.9712,1708.28,1600,0
Misuki,2400,326,323,0.9908,1708.28,1600,0
Misuki,2600,222,219,0.9865,1708.28,1600,0
Misuki,2800,88,80,0.9091,1708.28,1600,0
Misuki,3000,20,17,0.85,1708.28,1600,0
Misuki,3200,2,1,0.5,1708.28,1600,0
Misuki,3400,2,2,1.0,1708.28,1600,0
Mitsubachi,800,180,176,0.9778,1390.55,1200,0
Mitsubachi,1000,74,71,0.9595,1390.55,1200,0
Mitsubachi,1200,71,68,0.9577,1390.55,1200,1
Mitsubachi,1400,64,61,0.9531,1390.55,1200,0
Mitsubachi,1600,82,75,0.9146,1390.55,1200,0
Mitsubachi,1800,62,50,0.8065,1390.55,1200,0
Mitsubachi,2000,50,46,0.92,1390.55,1200,0
Mitsubachi,2200,36,26,0.7222,1390.55,1200,0
Mitsubachi,2400,20,18,0.9,1390.55,1200,0
Mitsubachi,2600,10,7,0.7,1390.55,1200,0
Mitsubachi,2800,3,2,0.6667,1390.55,1200,0
Mitsubachi,3000,4,3,0.75,1390.55,1200,0
Mitsubachi,3200,1,0,0.0,1390.55,1200,0
MoSooN,800,259,253,0.9768,1164.76,1000,0
MoSooN,1000,94,91,0.9681,1164.76,1000,1
MoSooN,1200,95,93,0.9789,1164.76,1000,0
MoSooN,1400,79,71,0.8987,1164.76,1000,0
MoSooN,1600,47,40,0.8511,1164.76,1000,0
MoSooN,1800,52,40,0.7692,1164.76,1000,0
MoSooN,2000,19,11,0.5789,1164.76,1000,0
MoSooN,2200,16,9,0.5625,1164.76,1000,0
MoSooN,2400,7,5,0.7143,1164.76,1000,0
More,800,249,249,1.0,1474.34,1400,0
More,1000,110,110,1.0,1474.34,1400,0
More,1200,118,118,1.0,1474.34,1400,0
More,1400,102,102,1.0,1474.34,1400,1
More,1600,101,101,1.0,1474.34,1400,0
More,1800,114,114,1.0,1474.34,1400,0
More,2000,91,88,0.967,1474.34,1400,0
More,2200,81,77,0.9506,1474.34,1400,0
More,2400,44,37,0.8409,1474.34,1400,0
More,2600,17,15,0.8824,1474.34,1400,0
More,2800,10,9,0.9,1474.34,1400,0
More,3000,3,1,0.3333,1474.34,1400,0
More,3400,1,0,0.0,1474.34,1400,0
MrAndria,800,438,429,0.9795,1363.41,1200,0
MrAndria,1000,200,191,0.955,1363.41,1200,0
MrAndria,1200,194,183,0.9433,1363.41,1200,1
MrAndria,1400,175,164,0.9371,1363.41,1200,0
MrAndria,1600,170,157,0.9235,1363.41,1200,0
MrAndria,1800,149,126,0.8456,1363.41,1200,0
MrAndria,2000,118,103,0.8729,1363.41,1200,0
MrAndria,2200,77,65,0.8442,1363.41,1200,0
MrAndria,2400,45,33,0.7333,1363.41,1200,0
MrAndria,2600,24,20,0.8333,1363.41,1200,0
MrAndria,2800,4,2,0.5,1363.41,1200,0
MrAndria,3000,2,0,0.0,1363.41,1200,0
MrAndria,3200,2,0,0.0,1363.41,1200,0
MrAndria,3400,2,0,0.0,1363.41,1200,0
MrPython,800,172,169,0.9826,1461.62,1400,0
MrPython,1000,69,69,1.0,1461.62,1400,0
MrPython,1200,80,79,0.9875,1461.62,1400,0
MrPython,1400,68,66,0.9706,1461.62,1400,1
MrPython,1600,71,69,0.9718,1461.62,1400,0
MrPython,1800,68,63,0.9265,1461.62,1400,0
MrPython,2000,55,48,0.8727,1461.62,1400,0
MrPython,2200,49,43,0.8776,1461.62,1400,0
MrPython,2400,31,26,0.8387,1461.62,1400,0
MrPython,2600,12,11,0.9167,1461.62,1400,0
MrPython,2800,7,5,0.7143,1461.62,1400,0
MrPython,3000,4,4,1.0,1461.62,1400,0
MrPython,3200,2,2,1.0,1461.62,1400,0
Mr_Turtle_,800,324,321,0.9907,1302.69,1200,0
Mr_Turtle_,1000,138,129,0.9348,1302.69,1200,0
Mr_Turtle_,1200,139,131,0.9424,1302.69,1200,1
Mr_Turtle_,1400,116,107,0.9224,1302.69,1200,0
Mr_Turtle_,1600,138,116,0.8406,1302.69,1200,0
Mr_Turtle_,1800,120,97,0.8083,1302.69,1200,0
Mr_Turtle_,2000,81,67,0.8272,1302.69,1200,0
Mr_Turtle_,2200,49,29,0.5918,1302.69,1200,0
Mr_Turtle_,2400,7,2,0.2857,1302.69,1200,0
Mr_Turtle_,2600,6,3,0.5,1302.69,1200,0
Mr_Turtle_,2800,3,2,0.6667,1302.69,1200,0
Musa_82FaGm,800,125,118,0.944,987.43,800,1
Musa_82FaGm,1000,29,29,1.0,987.43,800,0
Musa_82FaGm,1200,12,10,0.8333,987.43,800,0
Musa_82FaGm,1400,3,3,1.0,987.43,800,0
Musa_82FaGm,1600,5,4,0.8,987.43,800,0
Musa_82FaGm,1800,8,3,0.375,987.43,800,0
Musa_82FaGm,2000,3,3,1.0,987.43,800,0
Musa_82FaGm,2200,3,3,1.0,987.43,800,0
Musa_82FaGm,2400,1,0,0.0,987.43,800,0
Musa_82FaGm,2600,2,1,0.5,987.43,800,0
Musa_82FaGm,2800,2,1,0.5,987.43,800,0
MvKaio,800,550,548,0.9964,1430.46,1400,0
MvKaio,1000,268,263,0.9813,1430.46,1400,0
MvKaio,1200,245,236,0.9633,1430.46,1400,0
MvKaio,1400,242,228,0.9421,1430.46,1400,1
MvKaio,1600,260,252,0.9692,1430.46,1400,0
MvKaio,1800,217,201,0.9263,1430.46,1400,0
MvKaio,2000,174,157,0.9023,1430.46,1400,0
MvKaio,2200,129,114,0.8837,1430.46,1400,0
MvKaio,2400,97,75,0.7732,1430.46,1400,0
MvKaio,2600,27,21,0.7778,1430.46,1400,0
MvKaio,2800,20,14,0.7,1430.46,1400,0
MvKaio,3000,10,7,0.7,1430.46,1400,0
MvKaio,3200,4,2,0.5,1430.46,1400,0
MvKaio,3400,3,3,1.0,1430.46,1400,0
NabilaZaraWidyana,800,52,52,1.0,1347.72,1200,0
NabilaZaraWidyana,1000,32,32,1.0,1347.72,1200,0
NabilaZaraWidyana,1200,40,40,1.0,1347.72,1200,1
NabilaZaraWidyana,1400,21,20,0.9524,1347.72,1200,0
NabilaZaraWidyana,1600,13,12,0.9231,1347.72,1200,0
NabilaZaraWidyana,1800,15,14,0.9333,1347.72,1200,0
NabilaZaraWidyana,2000,7,6,0.8571,1347.72,1200,0
NabilaZaraWidyana,2200,5,4,0.8,1347.72,1200,0
NabilaZaraWidyana,2400,10,8,0.8,1347.72,1200,0
NabilaZaraWidyana,2600,10,8,0.8,1347.72,1200,0
NabilaZaraWidyana,2800,1,1,1.0,1347.72,1200,0
NabilaZaraWidyana,3400,2,0,0.0,1347.72,1200,0
Nachia,800,128,128,1.0,1796.28,1600,0
Nachia,1000,55,55,1.0,1796.28,1600,0
Nachia,1200,91,91,1.0,1796.28,1600,0
Nachia,1400,68,67,0.9853,1796.28,1600,0
Nachia,1600,82,82,1.0,1796.28,1600,1
Nachia,1800,96,96,1.0,1796.28,1600,0
Nachia,2000,89,89,1.0,1796.28,1600,0
Nachia,2200,62,60,0.9677,1796.28,1600,0
Nachia,2400,58,54,0.931,1796.28,1600,0
Nachia,2600,43,38,0.8837,1796.28,1600,0
Nachia,2800,40,37,0.925,1796.28,1600,0
Nachia,3000,34,32,0.9412,1796.28,1600,0
Nachia,3200,12,11,0.9167,1796.28,1600,0
Nachia,3400,22,20,0.9091,1796.28,1600,0
Namine,800,87,87,1.0,1717.01,1600,0
Namine,1000,33,30,0.9091,1717.01,1600,0
Namine,1200,40,36,0.9,1717.01,1600,0
Namine,1400,39,37,0.9487,1717.01,1600,0
Namine,1600,43,39,0.907,1717.01,1600,1
Namine,1800,52,48,0.9231,1717.01,1600,0
Namine,2000,56,43,0.7679,1717.01,1600,0
Namine,2200,83,75,0.9036,1717.01,1600,0
Namine,2400,71,67,0.9437,1717.01,1600,0
Namine,2600,24,20,0.8333,1717.01,1600,0
Namine,2800,3,0,0.0,1717.01,1600,0
Namine,3000,1,0,0.0,1717.01,1600,0
NanYan,800,19,19,1.0,1371.93,1200,0
NanYan,1000,6,6,1.0,1371.93,1200,0
NanYan,1200,7,7,1.0,1371.93,1200,1
NanYan,1400,5,5,1.0,1371.93,1200,0
NanYan,1600,5,5,1.0,1371.93,1200,0
NanYan,1800,6,6,1.0,1371.93,1200,0
NanYan,2000,2,2,1.0,1371.93,1200,0
NanYan,2200,2,2,1.0,1371.93,1200,0
NanYan,2400,3,3,1.0,1371.93,1200,0
NanYan,2600,2,2,1.0,1371.93,1200,0
Nanani,800,213,212,0.9953,1514.49,1400,0
Nanani,1000,107,104,0.972,1514.49,1400,0
Nanani,1200,88,85,0.9659,1514.49,1400,0
Nanani,1400,78,76,0.9744,1514.49,1400,1
Nanani,1600,112,107,0.9554,1514.49,1400,0
Nanani,1800,101,94,0.9307,1514.49,1400,0
Nanani,2000,102,95,0.9314,1514.49,1400,0
Nanani,2200,65,61,0.9385,1514.49,1400,0
Nanani,2400,43,41,0.9535,1514.49,1400,0
Nanani,2600,24,22,0.9167,1514.49,1400,0
Nanani,2800,11,10,0.9091,1514.49,1400,0
Nanani,3000,5,3,0.6,1514.49,1400,0
Nanani,3200,2,1,0.5,1514.49,1400,0
Natsuzora,800,87,87,1.0,1498.5,1400,0
Natsuzora,1000,37,37,1.0,1498.5,1400,0
Natsuzora,1200,53,51,0.9623,1498.5,1400,0
Natsuzora,1400,44,43,0.9773,1498.5,1400,1
Natsuzora,1600,44,43,0.9773,1498.5,1400,0
Natsuzora,1800,53,50,0.9434,1498.5,1400,0
Natsuzora,2000,49,40,0.8163,1498.5,1400,0
Natsuzora,2200,30,27,0.9,1498.5,1400,0
Natsuzora,2400,29,18,0.6207,1498.5,1400,0
Natsuzora,2600,7,4,0.5714,1498.5,1400,0
Natsuzora,3000,1,1,1.0,1498.5,1400,0
Neil_Qian,800,46,46,1.0,1984.05,1800,0
Neil_Qian,1000,21,21,1.0,1984.05,1800,0
Neil_Qian,1200,25,24,0.96,1984.05,1800,0
Neil_Qian,1400,25,25,1.0,1984.05,1800,0
Neil_Qian,1600,28,27,0.9643,1984.05,1800,0
Neil_Qian,1800,44,41,0.9318,1984.05,1800,1
Neil_Qian,2000,58,52,0.8966,1984.05,1800,0
Neil_Qian,2200,46,44,0.9565,1984.05,1800,0
Neil_Qian,2400,50,50,1.0,1984.05,1800,0
Neil_Qian,2600,35,33,0.9429,1984.05,1800,0
Neil_Qian,2800,33,33,1.0,1984.05,1800,0
Neil_Qian,3000,12,12,1.0,1984.05,1800,0
Neil_Qian,3200,8,8,1.0,1984.05,1800,0
Neil_Qian,3400,4,4,1.0,1984.05,1800,0
NetFriendMutsumi,800,19,19,1.0,1432.86,1400,0
NetFriendMutsumi,1000,9,9,1.0,1432.86,1400,0
NetFriendMutsumi,1200,8,8,1.0,1432.86,1400,0
NetFriendMutsumi,1400,4,4,1.0,1432.86,1400,1
NetFriendMutsumi,1600,9,9,1.0,1432.86,1400,0
NetFriendMutsumi,1800,5,5,1.0,1432.86,1400,0
NetFriendMutsumi,2000,8,8,1.0,1432.86,1400,0
NetFriendMutsumi,2200,6,4,0.6667,1432.86,1400,0
NetFriendMutsumi,2400,4,4,1.0,1432.86,1400,0
Network_Error,800,87,86,0.9885,2168.76,2000,0
Network_Error,1000,35,34,0.9714,2168.76,2000,0
Network_Error,1200,46,46,1.0,2168.76,2000,0
Network_Error,1400,46,44,0.9565,2168.76,2000,0
Network_Error,1600,54,50,0.9259,2168.76,2000,0
Network_Error,1800,62,60,0.9677,2168.76,2000,0
Network_Error,2000,57,55,0.9649,2168.76,2000,1
Network_Error,2200,55,51,0.9273,2168.76,2000,0
Network_Error,2400,85,82,0.9647,2168.76,2000,0
Network_Error,2600,74,73,0.9865,2168.76,2000,0
Network_Error,2800,74,72,0.973,2168.76,2000,0
Network_Error,3000,66,65,0.9848,2168.76,2000,0
Network_Error,3200,54,53,0.9815,2168.76,2000,0
Network_Error,3400,43,42,0.9767,2168.76,2000,0
NickMish,800,61,61,1.0,1798.92,1600,0
NickMish,1000,27,27,1.0,1798.92,1600,0
NickMish,1200,31,30,0.9677,1798.92,1600,0
NickMish,1400,27,27,1.0,1798.92,1600,0
NickMish,1600,31,31,1.0,1798.92,1600,1
NickMish,1800,39,39,1.0,1798.92,1600,0
NickMish,2000,34,34,1.0,1798.92,1600,0
NickMish,2200,33,33,1.0,1798.92,1600,0
NickMish,2400,27,27,1.0,1798.92,1600,0
NickMish,2600,21,21,1.0,1798.92,1600,0
NickMish,2800,23,23,1.0,1798.92,1600,0
NickMish,3000,12,9,0.75,1798.92,1600,0
NickMish,3200,8,7,0.875,1798.92,1600,0
NickMish,3400,3,2,0.6667,1798.92,1600,0
Nika_Tamliani,800,613,608,0.9918,1536.77,1400,0
Nika_Tamliani,1000,336,330,0.9821,1536.77,1400,0
Nika_Tamliani,1200,342,342,1.0,1536.77,1400,0
Nika_Tamliani,1400,334,329,0.985,1536.77,1400,1
Nika_Tamliani,1600,345,328,0.9507,1536.77,1400,0
Nika_Tamliani,1800,346,326,0.9422,1536.77,1400,0
Nika_Tamliani,2000,265,249,0.9396,1536.77,1400,0
Nika_Tamliani,2200,225,209,0.9289,1536.77,1400,0
Nika_Tamliani,2400,222,204,0.9189,1536.77,1400,0
Nika_Tamliani,2600,92,81,0.8804,1536.77,1400,0
Nika_Tamliani,2800,25,18,0.72,1536.77,1400,0
Nika_Tamliani,3000,8,5,0.625,1536.77,1400,0
Nika_Tamliani,3200,3,1,0.3333,1536.77,1400,0
Nikrien,800,114,113,0.9912,1347.13,1200,0
Nikrien,1000,44,42,0.9545,1347.13,1200,0
Nikrien,1200,36,33,0.9167,1347.13,1200,1
Nikrien,1400,33,31,0.9394,1347.13,1200,0
Nikrien,1600,27,17,0.6296,1347.13,1200,0
Nikrien,1800,38,29,0.7632,1347.13,1200,0
Nikrien,2000,23,14,0.6087,1347.13,1200,0
Nikrien,2200,19,11,0.5789,1347.13,1200,0
Nikrien,2400,17,9,0.5294,1347.13,1200,0
Nikrien,2600,9,4,0.4444,1347.13,1200,0
Nikrien,2800,11,5,0.4545,1347.13,1200,0
Nikrien,3000,2,2,1.0,1347.13,1200,0
Nikrien,3200,3,2,0.6667,1347.13,1200,0
Nikrien,3400,2,2,1.0,1347.13,1200,0
Noobish_Monk,800,290,286,0.9862,1772.6,1600,0
Noobish_Monk,1000,113,110,0.9735,1772.6,1600,0
Noobish_Monk,1200,138,136,0.9855,1772.6,1600,0
Noobish_Monk,1400,133,126,0.9474,1772.6,1600,0
Noobish_Monk,1600,145,137,0.9448,1772.6,1600,1
Noobish_Monk,1800,219,200,0.9132,1772.6,1600,0
Noobish_Monk,2000,197,177,0.8985,1772.6,1600,0
Noobish_Monk,2200,198,184,0.9293,1772.6,1600,0
Noobish_Monk,2400,165,154,0.9333,1772.6,1600,0
Noobish_Monk,2600,103,96,0.932,1772.6,1600,0
Noobish_Monk,2800,62,57,0.9194,1772.6,1600,0
Noobish_Monk,3000,33,27,0.8182,1772.6,1600,0
Noobish_Monk,3200,20,18,0.9,1772.6,1600,0
Noobish_Monk,3400,12,11,0.9167,1772.6,1600,0
NotDWT,800,234,234,1.0,1388.74,1200,0
NotDWT,1000,105,104,0.9905,1388.74,1200,0
NotDWT,1200,104,103,0.9904,1388.74,1200,1
NotDWT,1400,85,84,0.9882,1388.74,1200,0
NotDWT,1600,85,83,0.9765,1388.74,1200,0
NotDWT,1800,92,87,0.9457,1388.74,1200,0
NotDWT,2000,60,55,0.9167,1388.74,1200,0
NotDWT,2200,42,38,0.9048,1388.74,1200,0
NotDWT,2400,26,18,0.6923,1388.74,1200,0
NotDWT,2600,13,12,0.9231,1388.74,1200,0
NotDWT,2800,3,2,0.6667,1388.74,1200,0
NotDWT,3000,5,4,0.8,1388.74,1200,0
NotDWT,3400,2,2,1.0,1388.74,1200,0
NotNanYan,800,15,15,1.0,1355.56,1200,0
NotNanYan,1000,5,5,1.0,1355.56,1200,0
NotNanYan,1200,8,8,1.0,1355.56,1200,1
NotNanYan,1400,3,3,1.0,1355.56,1200,0
NotNanYan,1600,5,4,0.8,1355.56,1200,0
NotNanYan,1800,2,2,1.0,1355.56,1200,0
NotNanYan,2000,3,3,1.0,1355.56,1200,0
NotNanYan,2200,2,2,1.0,1355.56,1200,0
NotNanYan,2600,3,2,0.6667,1355.56,1200,0
NotNanYan,2800,1,1,1.0,1355.56,1200,0
NotOnlySuccess,800,113,113,1.0,1574.85,1400,0
NotOnlySuccess,1000,68,68,1.0,1574.85,1400,0
NotOnlySuccess,1200,76,74,0.9737,1574.85,1400,0
NotOnlySuccess,1400,63,63,1.0,1574.85,1400,1
NotOnlySuccess,1600,69,67,0.971,1574.85,1400,0
NotOnlySuccess,1800,102,99,0.9706,1574.85,1400,0
NotOnlySuccess,2000,63,57,0.9048,1574.85,1400,0
NotOnlySuccess,2200,48,41,0.8542,1574.85,1400,0
NotOnlySuccess,2400,42,38,0.9048,1574.85,1400,0
NotOnlySuccess,2600,18,16,0.8889,1574.85,1400,0
NotOnlySuccess,2800,7,6,0.8571,1574.85,1400,0
NotOnlySuccess,3000,6,5,0.8333,1574.85,1400,0
NotOnlySuccess,3200,2,1,0.5,1574.85,1400,0
Nrtusea,800,28,28,1.0,1756.46,1600,0
Nrtusea,1000,17,17,1.0,1756.46,1600,0
Nrtusea,1200,18,18,1.0,1756.46,1600,0
Nrtusea,1400,17,17,1.0,1756.46,1600,0
Nrtusea,1600,160,160,1.0,1756.46,1600,1
Nrtusea,1800,90,90,1.0,1756.46,1600,0
Nrtusea,2000,33,30,0.9091,1756.46,1600,0
Nrtusea,2200,32,31,0.9688,1756.46,1600,0
Nrtusea,2400,27,27,1.0,1756.46,1600,0
Nrtusea,2600,18,16,0.8889,1756.46,1600,0
Nrtusea,2800,5,5,1.0,1756.46,1600,0
Nrtusea,3000,2,2,1.0,1756.46,1600,0
Ns6Juruo,800,78,75,0.9615,1907.45,1800,0
Ns6Juruo,1000,45,43,0.9556,1907.45,1800,0
Ns6Juruo,1200,35,34,0.9714,1907.45,1800,0
Ns6Juruo,1400,30,28,0.9333,1907.45,1800,0
Ns6Juruo,1600,33,32,0.9697,1907.45,1800,0
Ns6Juruo,1800,37,35,0.9459,1907.45,1800,1
Ns6Juruo,2000,31,29,0.9355,1907.45,1800,0
Ns6Juruo,2200,43,41,0.9535,1907.45,1800,0
Ns6Juruo,2400,46,45,0.9783,1907.45,1800,0
Ns6Juruo,2600,42,42,1.0,1907.45,1800,0
Ns6Juruo,2800,29,28,0.9655,1907.45,1800,0
Ns6Juruo,3000,27,27,1.0,1907.45,1800,0
Ns6Juruo,3200,16,16,1.0,1907.45,1800,0
Ns6Juruo,3400,8,8,1.0,1907.45,1800,0
Nyaan,800,157,156,0.9936,1792.96,1600,0
Nyaan,1000,70,68,0.9714,1792.96,1600,0
Nyaan,1200,93,93,1.0,1792.96,1600,0
Nyaan,1400,107,106,0.9907,1792.96,1600,0
Nyaan,1600,114,111,0.9737,1792.96,1600,1
Nyaan,1800,118,115,0.9746,1792.96,1600,0
Nyaan,2000,106,103,0.9717,1792.96,1600,0
Nyaan,2200,95,90,0.9474,1792.96,1600,0
Nyaan,2400,103,88,0.8544,1792.96,1600,0
Nyaan,2600,62,47,0.7581,1792.96,1600,0
Nyaan,2800,55,45,0.8182,1792.96,1600,0
Nyaan,3000,28,21,0.75,1792.96,1600,0
Nyaan,3200,32,21,0.6562,1792.96,1600,0
Nyaan,3400,20,16,0.8,1792.96,1600,0
OG_Matveychick1,800,623,610,0.9791,1587.69,1400,0
OG_Matveychick1,1000,255,240,0.9412,1587.69,1400,0
OG_Matveychick1,1200,261,247,0.9464,1587.69,1400,0
OG_Matveychick1,1400,224,207,0.9241,1587.69,1400,1
OG_Matveychick1,1600,253,234,0.9249,1587.69,1400,0
OG_Matveychick1,1800,272,245,0.9007,1587.69,1400,0
OG_Matveychick1,2000,245,223,0.9102,1587.69,1400,0
OG_Matveychick1,2200,238,216,0.9076,1587.69,1400,0
OG_Matveychick1,2400,216,204,0.9444,1587.69,1400,0
OG_Matveychick1,2600,125,112,0.896,1587.69,1400,0
OG_Matveychick1,2800,55,48,0.8727,1587.69,1400,0
OG_Matveychick1,3000,12,11,0.9167,1587.69,1400,0
OG_Matveychick1,3200,6,6,1.0,1587.69,1400,0
OG_Matveychick1,3400,5,5,1.0,1587.69,1400,0
OIer_kzc,800,89,88,0.9888,1797.75,1600,0
OIer_kzc,1000,45,44,0.9778,1797.75,1600,0
OIer_kzc,1200,40,38,0.95,1797.75,1600,0
OIer_kzc,1400,46,43,0.9348,1797.75,1600,0
OIer_kzc,1600,64,64,1.0,1797.75,1600,1
OIer_kzc,1800,55,54,0.9818,1797.75,1600,0
OIer_kzc,2000,63,58,0.9206,1797.75,1600,0
OIer_kzc,2200,54,54,1.0,1797.75,1600,0
OIer_kzc,2400,55,52,0.9455,1797.75,1600,0
OIer_kzc,2600,38,33,0.8684,1797.75,1600,0
OIer_kzc,2800,34,26,0.7647,1797.75,1600,0
OIer_kzc,3000,17,12,0.7059,1797.75,1600,0
OIer_kzc,3200,12,10,0.8333,1797.75,1600,0
OIer_kzc,3400,3,2,0.6667,1797.75,1600,0
ORzyzRO,800,124,124,1.0,2117.76,2000,0
ORzyzRO,1000,36,33,0.9167,2117.76,2000,0
ORzyzRO,1200,50,50,1.0,2117.76,2000,0
ORzyzRO,1400,54,50,0.9259,2117.76,2000,0
ORzyzRO,1600,55,51,0.9273,2117.76,2000,0
ORzyzRO,1800,74,71,0.9595,2117.76,2000,0
ORzyzRO,2000,83,83,1.0,2117.76,2000,1
ORzyzRO,2200,115,110,0.9565,2117.76,2000,0
ORzyzRO,2400,143,135,0.9441,2117.76,2000,0
ORzyzRO,2600,102,97,0.951,2117.76,2000,0
ORzyzRO,2800,88,78,0.8864,2117.76,2000,0
ORzyzRO,3000,65,62,0.9538,2117.76,2000,0
ORzyzRO,3200,36,32,0.8889,2117.76,2000,0
ORzyzRO,3400,45,43,0.9556,2117.76,2000,0
OdtreeKing,800,21,21,1.0,1942.45,1800,0
OdtreeKing,1000,10,10,1.0,1942.45,1800,0
OdtreeKing,1200,16,16,1.0,1942.45,1800,0
OdtreeKing,1400,13,13,1.0,1942.45,1800,0
OdtreeKing,1600,14,14,1.0,1942.45,1800,0
OdtreeKing,1800,25,25,1.0,1942.45,1800,1
OdtreeKing,2000,25,21,0.84,1942.45,1800,0
OdtreeKing,2200,29,29,1.0,1942.45,1800,0
OdtreeKing,2400,26,24,0.9231,1942.45,1800,0
OdtreeKing,2600,21,19,0.9048,1942.45,1800,0
OdtreeKing,2800,16,15,0.9375,1942.45,1800,0
OdtreeKing,3000,5,4,0.8,1942.45,1800,0
OdtreeKing,3200,1,1,1.0,1942.45,1800,0
OneCyborg,800,42,38,0.9048,1412.61,1400,0
OneCyborg,1000,15,13,0.8667,1412.61,1400,0
OneCyborg,1200,17,15,0.8824,1412.61,1400,0
OneCyborg,1400,12,9,0.75,1412.61,1400,1
OneCyborg,1600,13,10,0.7692,1412.61,1400,0
OneCyborg,1800,14,9,0.6429,1412.61,1400,0
OneCyborg,2000,12,5,0.4167,1412.61,1400,0
OneCyborg,2200,16,9,0.5625,1412.61,1400,0
OneCyborg,2400,11,6,0.5455,1412.61,1400,0
OneCyborg,2600,5,3,0.6,1412.61,1400,0
OneCyborg,2800,6,1,0.1667,1412.61,1400,0
OneCyborg,3000,1,1,1.0,1412.61,1400,0
OneCyborg,3400,1,0,0.0,1412.61,1400,0
Only365,800,115,114,0.9913,1174.67,1000,0
Only365,1000,31,31,1.0,1174.67,1000,1
Only365,1200,28,24,0.8571,1174.67,1000,0
Only365,1400,24,19,0.7917,1174.67,1000,0
Only365,1600,10,10,1.0,1174.67,1000,0
Only365,1800,8,8,1.0,1174.67,1000,0
Only365,2000,9,8,0.8889,1174.67,1000,0
Only365,2200,5,3,0.6,1174.67,1000,0
Only365,2400,6,6,1.0,1174.67,1000,0
Only365,2600,3,3,1.0,1174.67,1000,0
Only365,2800,1,1,1.0,1174.67,1000,0
Only365,3000,1,1,1.0,1174.67,1000,0
Only365,3200,1,1,1.0,1174.67,1000,0
OrangeEye,800,186,184,0.9892,1883.35,1800,0
OrangeEye,1000,53,48,0.9057,1883.35,1800,0
OrangeEye,1200,84,75,0.8929,1883.35,1800,0
OrangeEye,1400,64,55,0.8594,1883.35,1800,0
OrangeEye,1600,69,57,0.8261,1883.35,1800,0
OrangeEye,1800,76,64,0.8421,1883.35,1800,1
OrangeEye,2000,63,50,0.7937,1883.35,1800,0
OrangeEye,2200,67,59,0.8806,1883.35,1800,0
OrangeEye,2400,69,65,0.942,1883.35,1800,0
OrangeEye,2600,79,75,0.9494,1883.35,1800,0
OrangeEye,2800,84,78,0.9286,1883.35,1800,0
OrangeEye,3000,63,58,0.9206,1883.35,1800,0
OrangeEye,3200,24,21,0.875,1883.35,1800,0
OrangeEye,3400,19,18,0.9474,1883.35,1800,0
OrientDragon,800,10,10,1.0,1540.91,1400,0
OrientDragon,1000,5,5,1.0,1540.91,1400,0
OrientDragon,1200,7,7,1.0,1540.91,1400,0
OrientDragon,1400,2,2,1.0,1540.91,1400,1
OrientDragon,1800,7,7,1.0,1540.91,1400,0
OrientDragon,2000,5,5,1.0,1540.91,1400,0
OrientDragon,2200,7,5,0.7143,1540.91,1400,0
OrientDragon,2400,2,2,1.0,1540.91,1400,0
OrientDragon,2600,2,0,0.0,1540.91,1400,0
OrientDragon,2800,1,1,1.0,1540.91,1400,0
Ormlis,800,443,439,0.991,1844.19,1800,0
Ormlis,1000,218,215,0.9862,1844.19,1800,0
Ormlis,1200,227,226,0.9956,1844.19,1800,0
Ormlis,1400,242,241,0.9959,1844.19,1800,0
Ormlis,1600,297,291,0.9798,1844.19,1800,0
Ormlis,1800,300,296,0.9867,1844.19,1800,1
Ormlis,2000,293,283,0.9659,1844.19,1800,0
Ormlis,2200,271,261,0.9631,1844.19,1800,0
Ormlis,2400,295,278,0.9424,1844.19,1800,0
Ormlis,2600,209,196,0.9378,1844.19,1800,0
Ormlis,2800,156,139,0.891,1844.19,1800,0
Ormlis,3000,105,86,0.819,1844.19,1800,0
Ormlis,3200,89,68,0.764,1844.19,1800,0
Ormlis,3400,73,47,0.6438,1844.19,1800,0
OutsiderZz,800,220,220,1.0,1812.98,1800,0
OutsiderZz,1000,83,83,1.0,1812.98,1800,0
OutsiderZz,1200,97,96,0.9897,1812.98,1800,0
OutsiderZz,1400,82,82,1.0,1812.98,1800,0
OutsiderZz,1600,115,115,1.0,1812.98,1800,0
OutsiderZz,1800,202,202,1.0,1812.98,1800,1
OutsiderZz,2000,123,123,1.0,1812.98,1800,0
OutsiderZz,2200,150,150,1.0,1812.98,1800,0
OutsiderZz,2400,149,149,1.0,1812.98,1800,0
OutsiderZz,2600,98,98,1.0,1812.98,1800,0
OutsiderZz,2800,55,55,1.0,1812.98,1800,0
OutsiderZz,3000,25,25,1.0,1812.98,1800,0
OutsiderZz,3200,11,11,1.0,1812.98,1800,0
OutsiderZz,3400,1,1,1.0,1812.98,1800,0
PCTprobability,800,100,99,0.99,1677.76,1600,0
PCTprobability,1000,50,50,1.0,1677.76,1600,0
PCTprobability,1200,55,54,0.9818,1677.76,1600,0
PCTprobability,1400,55,53,0.9636,1677.76,1600,0
PCTprobability,1600,75,71,0.9467,1677.76,1600,1
PCTprobability,1800,68,63,0.9265,1677.76,1600,0
PCTprobability,2000,51,44,0.8627,1677.76,1600,0
PCTprobability,2200,53,48,0.9057,1677.76,1600,0
PCTprobability,2400,50,39,0.78,1677.76,1600,0
PCTprobability,2600,30,22,0.7333,1677.76,1600,0
PCTprobability,2800,21,20,0.9524,1677.76,1600,0
PCTprobability,3000,14,10,0.7143,1677.76,1600,0
PCTprobability,3200,8,4,0.5,1677.76,1600,0
PCTprobability,3400,5,3,0.6,1677.76,1600,0
PTqwq_,800,24,24,1.0,2278.92,2200,0
PTqwq_,1000,7,7,1.0,2278.92,2200,0
PTqwq_,1200,15,15,1.0,2278.92,2200,0
PTqwq_,1400,12,12,1.0,2278.92,2200,0
PTqwq_,1600,26,25,0.9615,2278.92,2200,0
PTqwq_,1800,52,52,1.0,2278.92,2200,0
PTqwq_,2000,54,52,0.963,2278.92,2200,0
PTqwq_,2200,70,69,0.9857,2278.92,2200,1
PTqwq_,2400,101,99,0.9802,2278.92,2200,0
PTqwq_,2600,80,78,0.975,2278.92,2200,0
PTqwq_,2800,43,41,0.9535,2278.92,2200,0
PTqwq_,3000,41,39,0.9512,2278.92,2200,0
PTqwq_,3200,20,20,1.0,2278.92,2200,0
PTqwq_,3400,3,3,1.0,2278.92,2200,0
Pacybwoah,800,108,99,0.9167,1566.58,1400,0
Pacybwoah,1000,37,35,0.9459,1566.58,1400,0
Pacybwoah,1200,28,28,1.0,1566.58,1400,0
Pacybwoah,1400,30,29,0.9667,1566.58,1400,1
Pacybwoah,1600,34,34,1.0,1566.58,1400,0
Pacybwoah,1800,38,38,1.0,1566.58,1400,0
Pacybwoah,2000,32,30,0.9375,1566.58,1400,0
Pacybwoah,2200,25,24,0.96,1566.58,1400,0
Pacybwoah,2400,41,38,0.9268,1566.58,1400,0
Pacybwoah,2600,11,10,0.9091,1566.58,1400,0
Pacybwoah,2800,8,8,1.0,1566.58,1400,0
Pacybwoah,3000,3,3,1.0,1566.58,1400,0
Pacybwoah,3200,3,1,0.3333,1566.58,1400,0
Pacybwoah,3400,1,0,0.0,1566.58,1400,0
Pain850,800,10,10,1.0,1557.14,1400,0
Pain850,1000,2,2,1.0,1557.14,1400,0
Pain850,1200,2,2,1.0,1557.14,1400,0
Pain850,1400,4,4,1.0,1557.14,1400,1
Pain850,1600,4,4,1.0,1557.14,1400,0
Pain850,1800,4,4,1.0,1557.14,1400,0
Pain850,2000,2,2,1.0,1557.14,1400,0
Pain850,2200,3,2,0.6667,1557.14,1400,0
Pain850,2400,3,3,1.0,1557.14,1400,0
Pain850,2600,1,0,0.0,1557.14,1400,0
Pain850,2800,2,2,1.0,1557.14,1400,0
Papaulo,800,139,139,1.0,1871.28,1800,0
Papaulo,1000,65,64,0.9846,1871.28,1800,0
Papaulo,1200,60,59,0.9833,1871.28,1800,0
Papaulo,1400,71,70,0.9859,1871.28,1800,0
Papaulo,1600,71,70,0.9859,1871.28,1800,0
Papaulo,1800,96,96,1.0,1871.28,1800,1
Papaulo,2000,109,109,1.0,1871.28,1800,0
Papaulo,2200,320,312,0.975,1871.28,1800,0
Papaulo,2400,170,165,0.9706,1871.28,1800,0
Papaulo,2600,30,24,0.8,1871.28,1800,0
Papaulo,2800,20,17,0.85,1871.28,1800,0
Papaulo,3000,7,7,1.0,1871.28,1800,0
Papaulo,3200,1,0,0.0,1871.28,1800,0
Papaulo,3400,3,3,1.0,1871.28,1800,0
PaperCloud,800,107,107,1.0,1571.78,1400,0
PaperCloud,1000,51,50,0.9804,1571.78,1400,0
PaperCloud,1200,42,42,1.0,1571.78,1400,0
PaperCloud,1400,42,41,0.9762,1571.78,1400,1
PaperCloud,1600,45,44,0.9778,1571.78,1400,0
PaperCloud,1800,58,57,0.9828,1571.78,1400,0
PaperCloud,2000,47,47,1.0,1571.78,1400,0
PaperCloud,2200,36,36,1.0,1571.78,1400,0
PaperCloud,2400,37,35,0.9459,1571.78,1400,0
PaperCloud,2600,10,9,0.9,1571.78,1400,0
PaperCloud,2800,11,10,0.9091,1571.78,1400,0
PaperCloud,3000,4,4,1.0,1571.78,1400,0
PelicanPilot,800,11,11,1.0,1942.47,1800,0
PelicanPilot,1000,5,5,1.0,1942.47,1800,0
PelicanPilot,1200,4,4,1.0,1942.47,1800,0
PelicanPilot,1400,5,5,1.0,1942.47,1800,0
PelicanPilot,1600,5,5,1.0,1942.47,1800,0
PelicanPilot,1800,6,6,1.0,1942.47,1800,1
PelicanPilot,2000,6,6,1.0,1942.47,1800,0
PelicanPilot,2200,5,5,1.0,1942.47,1800,0
PelicanPilot,2400,9,7,0.7778,1942.47,1800,0
PelicanPilot,2600,5,5,1.0,1942.47,1800,0
PelicanPilot,2800,10,7,0.7,1942.47,1800,0
PelicanPilot,3000,5,5,1.0,1942.47,1800,0
PelicanPilot,3200,1,1,1.0,1942.47,1800,0
PelicanPilot,3400,3,1,0.3333,1942.47,1800,0
Petr,800,80,80,1.0,2043.06,2000,0
Petr,1000,49,49,1.0,2043.06,2000,0
Petr,1200,79,79,1.0,2043.06,2000,0
Petr,1400,101,101,1.0,2043.06,2000,0
Petr,1600,127,125,0.9843,2043.06,2000,0
Petr,1800,137,136,0.9927,2043.06,2000,0
Petr,2000,111,108,0.973,2043.06,2000,1
Petr,2200,119,113,0.9496,2043.06,2000,0
Petr,2400,127,124,0.9764,2043.06,2000,0
Petr,2600,114,111,0.9737,2043.06,2000,0
Petr,2800,79,72,0.9114,2043.06,2000,0
Petr,3000,64,57,0.8906,2043.06,2000,0
Petr,3200,49,42,0.8571,2043.06,2000,0
Petr,3400,38,27,0.7105,2043.06,2000,0
Petra_A,800,8,8,1.0,1585.71,1400,0
Petra_A,1000,4,4,1.0,1585.71,1400,0
Petra_A,1200,6,6,1.0,1585.71,1400,0
Petra_A,1400,4,4,1.0,1585.71,1400,1
Petra_A,1600,4,4,1.0,1585.71,1400,0
Petra_A,1800,5,5,1.0,1585.71,1400,0
Petra_A,2000,4,4,1.0,1585.71,1400,0
Petra_A,2200,2,1,0.5,1585.71,1400,0
Petra_A,2400,4,4,1.0,1585.71,1400,0
Petra_A,2800,4,2,0.5,1585.71,1400,0
Petroleumus,800,102,102,1.0,1400.56,1400,0
Petroleumus,1000,40,40,1.0,1400.56,1400,0
Petroleumus,1200,36,36,1.0,1400.56,1400,0
Petroleumus,1400,25,25,1.0,1400.56,1400,1
Petroleumus,1600,64,60,0.9375,1400.56,1400,0
Petroleumus,1800,42,41,0.9762,1400.56,1400,0
Petroleumus,2000,33,27,0.8182,1400.56,1400,0
Petroleumus,2200,14,10,0.7143,1400.56,1400,0
Petroleumus,2400,17,13,0.7647,1400.56,1400,0
Petroleumus,2600,3,2,0.6667,1400.56,1400,0
Petroleumus,2800,3,2,0.6667,1400.56,1400,0
Petroleumus,3000,1,0,0.0,1400.56,1400,0
Piau_,800,15,13,0.8667,1430.77,1400,0
Piau_,1000,2,2,1.0,1430.77,1400,0
Piau_,1200,7,5,0.7143,1430.77,1400,0
Piau_,1400,4,4,1.0,1430.77,1400,1
Piau_,1600,5,5,1.0,1430.77,1400,0
Piau_,1800,2,2,1.0,1430.77,1400,0
Piau_,2000,5,3,0.6,1430.77,1400,0
Piau_,2400,2,2,1.0,1430.77,1400,0
Piau_,2600,1,1,1.0,1430.77,1400,0
Piau_,2800,2,2,1.0,1430.77,1400,0
PieArmy,800,144,141,0.9792,1626.77,1600,0
PieArmy,1000,59,56,0.9492,1626.77,1600,0
PieArmy,1200,63,59,0.9365,1626.77,1600,0
PieArmy,1400,48,46,0.9583,1626.77,1600,0
PieArmy,1600,67,67,1.0,1626.77,1600,1
PieArmy,1800,107,100,0.9346,1626.77,1600,0
PieArmy,2000,81,76,0.9383,1626.77,1600,0
PieArmy,2200,58,58,1.0,1626.77,1600,0
PieArmy,2400,50,48,0.96,1626.77,1600,0
PieArmy,2600,24,23,0.9583,1626.77,1600,0
PieArmy,2800,14,13,0.9286,1626.77,1600,0
PieArmy,3000,3,3,1.0,1626.77,1600,0
PieArmy,3200,1,1,1.0,1626.77,1600,0
PinkieRabbit,800,85,82,0.9647,1879.57,1800,0
PinkieRabbit,1000,51,50,0.9804,1879.57,1800,0
PinkieRabbit,1200,55,55,1.0,1879.57,1800,0
PinkieRabbit,1400,57,57,1.0,1879.57,1800,0
PinkieRabbit,1600,71,70,0.9859,1879.57,1800,0
PinkieRabbit,1800,69,67,0.971,1879.57,1800,1
PinkieRabbit,2000,91,88,0.967,1879.57,1800,0
PinkieRabbit,2200,63,61,0.9683,1879.57,1800,0
PinkieRabbit,2400,89,84,0.9438,1879.57,1800,0
PinkieRabbit,2600,56,51,0.9107,1879.57,1800,0
PinkieRabbit,2800,49,45,0.9184,1879.57,1800,0
PinkieRabbit,3000,22,20,0.9091,1879.57,1800,0
PinkieRabbit,3200,9,7,0.7778,1879.57,1800,0
PinkieRabbit,3400,3,2,0.6667,1879.57,1800,0
Pipelining,800,10,10,1.0,1893.46,1800,0
Pipelining,1000,5,5,1.0,1893.46,1800,0
Pipelining,1200,5,5,1.0,1893.46,1800,0
Pipelining,1400,4,4,1.0,1893.46,1800,0
Pipelining,1600,8,8,1.0,1893.46,1800,0
Pipelining,1800,21,21,1.0,1893.46,1800,1
Pipelining,2000,18,15,0.8333,1893.46,1800,0
Pipelining,2200,17,17,1.0,1893.46,1800,0
Pipelining,2400,14,12,0.8571,1893.46,1800,0
Pipelining,2600,8,8,1.0,1893.46,1800,0
Pipelining,2800,2,2,1.0,1893.46,1800,0
PlayVoltz,800,129,125,0.969,1086.6,1000,0
PlayVoltz,1000,29,26,0.8966,1086.6,1000,1
PlayVoltz,1200,16,14,0.875,1086.6,1000,0
PlayVoltz,1400,13,10,0.7692,1086.6,1000,0
PlayVoltz,1600,15,9,0.6,1086.6,1000,0
PlayVoltz,1800,21,12,0.5714,1086.6,1000,0
PlayVoltz,2000,9,7,0.7778,1086.6,1000,0
PlayVoltz,2200,3,1,0.3333,1086.6,1000,0
PlayVoltz,2400,4,2,0.5,1086.6,1000,0
PlayVoltz,2600,3,2,0.6667,1086.6,1000,0
PlayVoltz,2800,2,1,0.5,1086.6,1000,0
Potassium,800,405,405,1.0,1689.18,1600,0
Potassium,1000,181,181,1.0,1689.18,1600,0
Potassium,1200,213,212,0.9953,1689.18,1600,0
Potassium,1400,236,235,0.9958,1689.18,1600,0
Potassium,1600,250,250,1.0,1689.18,1600,1
Potassium,1800,251,249,0.992,1689.18,1600,0
Potassium,2000,231,225,0.974,1689.18,1600,0
Potassium,2200,171,163,0.9532,1689.18,1600,0
Potassium,2400,192,184,0.9583,1689.18,1600,0
Potassium,2600,153,148,0.9673,1689.18,1600,0
Potassium,2800,74,68,0.9189,1689.18,1600,0
Potassium,3000,29,23,0.7931,1689.18,1600,0
Potassium,3200,18,11,0.6111,1689.18,1600,0
Potassium,3400,5,3,0.6,1689.18,1600,0
Pottes,800,206,204,0.9903,1626.73,1600,0
Pottes,1000,89,88,0.9888,1626.73,1600,0
Pottes,1200,99,98,0.9899,1626.73,1600,0
Pottes,1400,106,106,1.0,1626.73,1600,0
Pottes,1600,109,107,0.9817,1626.73,1600,1
Pottes,1800,113,110,0.9735,1626.73,1600,0
Pottes,2000,118,111,0.9407,1626.73,1600,0
Pottes,2200,180,170,0.9444,1626.73,1600,0
Pottes,2400,103,91,0.8835,1626.73,1600,0
Pottes,2600,15,10,0.6667,1626.73,1600,0
Pottes,2800,7,4,0.5714,1626.73,1600,0
Pottes,3000,2,1,0.5,1626.73,1600,0
Proof_by_QED,800,927,922,0.9946,1283.1,1200,0
Proof_by_QED,1000,109,108,0.9908,1283.1,1200,0
Proof_by_QED,1200,125,122,0.976,1283.1,1200,1
Proof_by_QED,1400,99,99,1.0,1283.1,1200,0
Proof_by_QED,1600,116,113,0.9741,1283.1,1200,0
Proof_by_QED,1800,129,126,0.9767,1283.1,1200,0
Proof_by_QED,2000,92,92,1.0,1283.1,1200,0
Proof_by_QED,2200,99,95,0.9596,1283.1,1200,0
Proof_by_QED,2400,78,71,0.9103,1283.1,1200,0
Proof_by_QED,2600,39,36,0.9231,1283.1,1200,0
Proof_by_QED,2800,16,12,0.75,1283.1,1200,0
Proof_by_QED,3000,7,7,1.0,1283.1,1200,0
Proof_by_QED,3200,5,5,1.0,1283.1,1200,0
Proof_by_QED,3400,4,3,0.75,1283.1,1200,0
Pumkinhead_Me,800,135,135,1.0,1505.76,1400,0
Pumkinhead_Me,1000,88,86,0.9773,1505.76,1400,0
Pumkinhead_Me,1200,87,84,0.9655,1505.76,1400,0
Pumkinhead_Me,1400,61,60,0.9836,1505.76,1400,1
Pumkinhead_Me,1600,111,108,0.973,1505.76,1400,0
Pumkinhead_Me,1800,122,117,0.959,1505.76,1400,0
Pumkinhead_Me,2000,101,91,0.901,1505.76,1400,0
Pumkinhead_Me,2200,45,38,0.8444,1505.76,1400,0
Pumkinhead_Me,2400,23,19,0.8261,1505.76,1400,0
Pumkinhead_Me,2600,7,6,0.8571,1505.76,1400,0
Pumkinhead_Me,2800,1,0,0.0,1505.76,1400,0
Pumkinhead_Me,3000,3,2,0.6667,1505.76,1400,0
Pumkinhead_Me,3200,1,1,1.0,1505.76,1400,0
Pushanka,800,11,11,1.0,1530.77,1400,0
Pushanka,1000,8,8,1.0,1530.77,1400,0
Pushanka,1200,3,3,1.0,1530.77,1400,0
Pushanka,1400,3,2,0.6667,1530.77,1400,1
Pushanka,1600,1,1,1.0,1530.77,1400,0
Pushanka,1800,1,1,1.0,1530.77,1400,0
Pushanka,2000,2,2,1.0,1530.77,1400,0
Pushanka,2200,4,3,0.75,1530.77,1400,0
Pushanka,2400,5,3,0.6,1530.77,1400,0
Pushanka,2600,3,3,1.0,1530.77,1400,0
Pushanka,2800,2,2,1.0,1530.77,1400,0
PvPro,800,97,94,0.9691,1887.54,1800,0
PvPro,1000,52,51,0.9808,1887.54,1800,0
PvPro,1200,51,48,0.9412,1887.54,1800,0
PvPro,1400,46,45,0.9783,1887.54,1800,0
PvPro,1600,52,50,0.9615,1887.54,1800,0
PvPro,1800,69,61,0.8841,1887.54,1800,1
PvPro,2000,85,70,0.8235,1887.54,1800,0
PvPro,2200,97,83,0.8557,1887.54,1800,0
PvPro,2400,83,66,0.7952,1887.54,1800,0
PvPro,2600,78,63,0.8077,1887.54,1800,0
PvPro,2800,60,40,0.6667,1887.54,1800,0
PvPro,3000,39,28,0.7179,1887.54,1800,0
PvPro,3200,6,6,1.0,1887.54,1800,0
PvPro,3400,3,1,0.3333,1887.54,1800,0
Pyqe,800,785,785,1.0,1638.48,1600,0
Pyqe,1000,364,364,1.0,1638.48,1600,0
Pyqe,1200,388,388,1.0,1638.48,1600,0
Pyqe,1400,389,389,1.0,1638.48,1600,0
Pyqe,1600,471,470,0.9979,1638.48,1600,1
Pyqe,1800,437,436,0.9977,1638.48,1600,0
Pyqe,2000,439,438,0.9977,1638.48,1600,0
Pyqe,2200,333,331,0.994,1638.48,1600,0
Pyqe,2400,285,281,0.986,1638.48,1600,0
Pyqe,2600,189,180,0.9524,1638.48,1600,0
Pyqe,2800,103,87,0.8447,1638.48,1600,0
Pyqe,3000,45,39,0.8667,1638.48,1600,0
Pyqe,3200,14,11,0.7857,1638.48,1600,0
Pyqe,3400,6,6,1.0,1638.48,1600,0
QYHamster,800,27,25,0.9259,1683.84,1600,0
QYHamster,1000,12,12,1.0,1683.84,1600,0
QYHamster,1200,20,20,1.0,1683.84,1600,0
QYHamster,1400,23,23,1.0,1683.84,1600,0
QYHamster,1600,27,26,0.963,1683.84,1600,1
QYHamster,1800,29,28,0.9655,1683.84,1600,0
QYHamster,2000,21,20,0.9524,1683.84,1600,0
QYHamster,2200,21,20,0.9524,1683.84,1600,0
QYHamster,2400,15,13,0.8667,1683.84,1600,0
QYHamster,2600,13,9,0.6923,1683.84,1600,0
QYHamster,2800,2,2,1.0,1683.84,1600,0
QuotientMartingale,800,25,25,1.0,1824.43,1800,0
QuotientMartingale,1000,11,10,0.9091,1824.43,1800,0
QuotientMartingale,1200,17,17,1.0,1824.43,1800,0
QuotientMartingale,1400,9,9,1.0,1824.43,1800,0
QuotientMartingale,1600,21,21,1.0,1824.43,1800,0
QuotientMartingale,1800,20,20,1.0,1824.43,1800,1
QuotientMartingale,2000,19,19,1.0,1824.43,1800,0
QuotientMartingale,2200,14,13,0.9286,1824.43,1800,0
QuotientMartingale,2400,22,19,0.8636,1824.43,1800,0
QuotientMartingale,2600,4,3,0.75,1824.43,1800,0
QuotientMartingale,2800,14,11,0.7857,1824.43,1800,0
QuotientMartingale,3000,3,3,1.0,1824.43,1800,0
QuotientMartingale,3200,3,3,1.0,1824.43,1800,0
QuotientMartingale,3400,3,3,1.0,1824.43,1800,0
QwertyPi,800,186,184,0.9892,1648.98,1600,0
QwertyPi,1000,97,94,0.9691,1648.98,1600,0
QwertyPi,1200,114,110,0.9649,1648.98,1600,0
QwertyPi,1400,122,119,0.9754,1648.98,1600,0
QwertyPi,1600,192,191,0.9948,1648.98,1600,1
QwertyPi,1800,211,200,0.9479,1648.98,1600,0
QwertyPi,2000,127,114,0.8976,1648.98,1600,0
QwertyPi,2200,93,76,0.8172,1648.98,1600,0
QwertyPi,2400,89,74,0.8315,1648.98,1600,0
QwertyPi,2600,39,28,0.7179,1648.98,1600,0
QwertyPi,2800,36,24,0.6667,1648.98,1600,0
QwertyPi,3000,17,11,0.6471,1648.98,1600,0
QwertyPi,3200,9,5,0.5556,1648.98,1600,0
QwertyPi,3400,4,1,0.25,1648.98,1600,0
RDDCCD,800,210,210,1.0,1798.36,1600,0
RDDCCD,1000,99,97,0.9798,1798.36,1600,0
RDDCCD,1200,143,143,1.0,1798.36,1600,0
RDDCCD,1400,125,125,1.0,1798.36,1600,0
RDDCCD,1600,132,130,0.9848,1798.36,1600,1
RDDCCD,1800,152,148,0.9737,1798.36,1600,0
RDDCCD,2000,131,127,0.9695,1798.36,1600,0
RDDCCD,2200,129,126,0.9767,1798.36,1600,0
RDDCCD,2400,167,152,0.9102,1798.36,1600,0
RDDCCD,2600,95,81,0.8526,1798.36,1600,0
RDDCCD,2800,65,59,0.9077,1798.36,1600,0
RDDCCD,3000,45,40,0.8889,1798.36,1600,0
RDDCCD,3200,17,13,0.7647,1798.36,1600,0
RDDCCD,3400,18,15,0.8333,1798.36,1600,0
RGB_ICPC3,800,206,204,0.9903,1582.46,1400,0
RGB_ICPC3,1000,92,88,0.9565,1582.46,1400,0
RGB_ICPC3,1200,85,79,0.9294,1582.46,1400,0
RGB_ICPC3,1400,97,92,0.9485,1582.46,1400,1
RGB_ICPC3,1600,88,86,0.9773,1582.46,1400,0
RGB_ICPC3,1800,91,89,0.978,1582.46,1400,0
RGB_ICPC3,2000,111,79,0.7117,1582.46,1400,0
RGB_ICPC3,2200,95,79,0.8316,1582.46,1400,0
RGB_ICPC3,2400,103,79,0.767,1582.46,1400,0
RGB_ICPC3,2600,33,26,0.7879,1582.46,1400,0
RGB_ICPC3,2800,21,8,0.381,1582.46,1400,0
RGB_ICPC3,3000,9,6,0.6667,1582.46,1400,0
RGB_ICPC3,3200,5,1,0.2,1582.46,1400,0
RGB_ICPC3,3400,4,2,0.5,1582.46,1400,0
Ra16bit,800,202,202,1.0,1827.98,1800,0
Ra16bit,1000,116,116,1.0,1827.98,1800,0
Ra16bit,1200,175,175,1.0,1827.98,1800,0
Ra16bit,1400,190,189,0.9947,1827.98,1800,0
Ra16bit,1600,262,260,0.9924,1827.98,1800,0
Ra16bit,1800,287,280,0.9756,1827.98,1800,1
Ra16bit,2000,244,235,0.9631,1827.98,1800,0
Ra16bit,2200,204,194,0.951,1827.98,1800,0
Ra16bit,2400,215,188,0.8744,1827.98,1800,0
Ra16bit,2600,172,141,0.8198,1827.98,1800,0
Ra16bit,2800,94,74,0.7872,1827.98,1800,0
Ra16bit,3000,48,32,0.6667,1827.98,1800,0
Ra16bit,3200,21,12,0.5714,1827.98,1800,0
Ra16bit,3400,10,7,0.7,1827.98,1800,0
Radewoosh,800,167,167,1.0,2033.27,2000,0
Radewoosh,1000,100,99,0.99,2033.27,2000,0
Radewoosh,1200,155,155,1.0,2033.27,2000,0
Radewoosh,1400,170,167,0.9824,2033.27,2000,0
Radewoosh,1600,215,212,0.986,2033.27,2000,0
Radewoosh,1800,236,229,0.9703,2033.27,2000,0
Radewoosh,2000,218,203,0.9312,2033.27,2000,1
Radewoosh,2200,191,181,0.9476,2033.27,2000,0
Radewoosh,2400,206,195,0.9466,2033.27,2000,0
Radewoosh,2600,159,146,0.9182,2033.27,2000,0
Radewoosh,2800,142,126,0.8873,2033.27,2000,0
Radewoosh,3000,100,88,0.88,2033.27,2000,0
Radewoosh,3200,148,108,0.7297,2033.27,2000,0
Radewoosh,3400,105,73,0.6952,2033.27,2000,0
RainC,800,39,39,1.0,1391.88,1200,0
RainC,1000,18,18,1.0,1391.88,1200,0
RainC,1200,24,24,1.0,1391.88,1200,1
RainC,1400,18,18,1.0,1391.88,1200,0
RainC,1600,18,18,1.0,1391.88,1200,0
RainC,1800,23,21,0.913,1391.88,1200,0
RainC,2000,13,12,0.9231,1391.88,1200,0
RainC,2200,5,5,1.0,1391.88,1200,0
RainC,2400,4,4,1.0,1391.88,1200,0
RainC,2600,1,1,1.0,1391.88,1200,0
RainRecall,800,24,24,1.0,2144.77,2000,0
RainRecall,1000,11,11,1.0,2144.77,2000,0
RainRecall,1200,15,15,1.0,2144.77,2000,0
RainRecall,1400,12,12,1.0,2144.77,2000,0
RainRecall,1600,12,10,0.8333,2144.77,2000,0
RainRecall,1800,14,14,1.0,2144.77,2000,0
RainRecall,2000,28,27,0.9643,2144.77,2000,1
RainRecall,2200,43,43,1.0,2144.77,2000,0
RainRecall,2400,59,57,0.9661,2144.77,2000,0
RainRecall,2600,54,54,1.0,2144.77,2000,0
RainRecall,2800,31,29,0.9355,2144.77,2000,0
RainRecall,3000,10,9,0.9,2144.77,2000,0
RainRecall,3200,1,1,1.0,2144.77,2000,0
Rainmaker2627,800,77,74,0.961,1151.68,1000,0
Rainmaker2627,1000,22,21,0.9545,1151.68,1000,1
Rainmaker2627,1200,16,16,1.0,1151.68,1000,0
Rainmaker2627,1400,12,12,1.0,1151.68,1000,0
Rainmaker2627,1600,12,12,1.0,1151.68,1000,0
Rainmaker2627,1800,3,2,0.6667,1151.68,1000,0
Rainmaker2627,2000,7,6,0.8571,1151.68,1000,0
Rainmaker2627,2200,3,1,0.3333,1151.68,1000,0
Rainmaker2627,2400,1,1,1.0,1151.68,1000,0
Rainmaker2627,2600,4,3,0.75,1151.68,1000,0
Rainmaker2627,3000,1,1,1.0,1151.68,1000,0
RaresPoinaru,800,174,171,0.9828,1606.66,1600,0
RaresPoinaru,1000,60,59,0.9833,1606.66,1600,0
RaresPoinaru,1200,75,73,0.9733,1606.66,1600,0
RaresPoinaru,1400,66,64,0.9697,1606.66,1600,0
RaresPoinaru,1600,64,62,0.9688,1606.66,1600,1
RaresPoinaru,1800,78,74,0.9487,1606.66,1600,0
RaresPoinaru,2000,87,84,0.9655,1606.66,1600,0
RaresPoinaru,2200,78,77,0.9872,1606.66,1600,0
RaresPoinaru,2400,62,59,0.9516,1606.66,1600,0
RaresPoinaru,2600,29,28,0.9655,1606.66,1600,0
RaresPoinaru,2800,14,13,0.9286,1606.66,1600,0
RaresPoinaru,3000,5,2,0.4,1606.66,1600,0
Ravnik,800,8,8,1.0,1546.67,1400,0
Ravnik,1000,3,3,1.0,1546.67,1400,0
Ravnik,1200,4,4,1.0,1546.67,1400,0
Ravnik,1400,2,2,1.0,1546.67,1400,1
Ravnik,1800,5,5,1.0,1546.67,1400,0
Ravnik,2000,2,2,1.0,1546.67,1400,0
Ravnik,2200,3,2,0.6667,1546.67,1400,0
Ravnik,2400,1,0,0.0,1546.67,1400,0
Ravnik,2600,3,3,1.0,1546.67,1400,0
Ravnik,2800,1,1,1.0,1546.67,1400,0
Rayo,800,917,906,0.988,1171.41,1000,0
Rayo,1000,427,411,0.9625,1171.41,1000,1
Rayo,1200,400,379,0.9475,1171.41,1000,0
Rayo,1400,274,258,0.9416,1171.41,1000,0
Rayo,1600,198,177,0.8939,1171.41,1000,0
Rayo,1800,105,95,0.9048,1171.41,1000,0
Rayo,2000,58,45,0.7759,1171.41,1000,0
Rayo,2200,35,26,0.7429,1171.41,1000,0
Rayo,2400,27,19,0.7037,1171.41,1000,0
Rayo,2600,9,9,1.0,1171.41,1000,0
Rayo,2800,6,5,0.8333,1171.41,1000,0
Rayo,3000,2,2,1.0,1171.41,1000,0
Rayo,3200,2,1,0.5,1171.41,1000,0
Razvan_Rotaru,800,328,323,0.9848,1301.6,1200,0
Razvan_Rotaru,1000,128,120,0.9375,1301.6,1200,0
Razvan_Rotaru,1200,116,110,0.9483,1301.6,1200,1
Razvan_Rotaru,1400,104,96,0.9231,1301.6,1200,0
Razvan_Rotaru,1600,109,100,0.9174,1301.6,1200,0
Razvan_Rotaru,1800,102,85,0.8333,1301.6,1200,0
Razvan_Rotaru,2000,68,47,0.6912,1301.6,1200,0
Razvan_Rotaru,2200,41,30,0.7317,1301.6,1200,0
Razvan_Rotaru,2400,31,18,0.5806,1301.6,1200,0
Razvan_Rotaru,2600,8,5,0.625,1301.6,1200,0
Razvan_Rotaru,2800,2,2,1.0,1301.6,1200,0
Razvan_Rotaru,3400,2,1,0.5,1301.6,1200,0
Remgagagali727,800,159,158,0.9937,1629.49,1600,0
Remgagagali727,1000,67,66,0.9851,1629.49,1600,0
Remgagagali727,1200,60,58,0.9667,1629.49,1600,0
Remgagagali727,1400,54,53,0.9815,1629.49,1600,0
Remgagagali727,1600,59,58,0.9831,1629.49,1600,1
Remgagagali727,1800,193,186,0.9637,1629.49,1600,0
Remgagagali727,2000,128,120,0.9375,1629.49,1600,0
Remgagagali727,2200,85,79,0.9294,1629.49,1600,0
Remgagagali727,2400,50,49,0.98,1629.49,1600,0
Remgagagali727,2600,8,6,0.75,1629.49,1600,0
Remgagagali727,2800,6,5,0.8333,1629.49,1600,0
Remgagagali727,3000,4,2,0.5,1629.49,1600,0
Remgagagali727,3400,1,1,1.0,1629.49,1600,0
ReverseFlash081,800,169,167,0.9882,1478.31,1400,0
ReverseFlash081,1000,94,91,0.9681,1478.31,1400,0
ReverseFlash081,1200,99,97,0.9798,1478.31,1400,0
ReverseFlash081,1400,113,113,1.0,1478.31,1400,1
ReverseFlash081,1600,131,129,0.9847,1478.31,1400,0
ReverseFlash081,1800,130,126,0.9692,1478.31,1400,0
ReverseFlash081,2000,85,85,1.0,1478.31,1400,0
ReverseFlash081,2200,52,49,0.9423,1478.31,1400,0
ReverseFlash081,2400,15,15,1.0,1478.31,1400,0
ReverseFlash081,2600,4,3,0.75,1478.31,1400,0
ReverseFlash081,2800,1,1,1.0,1478.31,1400,0
ReverseFlash081,3200,1,0,0.0,1478.31,1400,0
Rice_tawara459,800,27,27,1.0,1662.73,1600,0
Rice_tawara459,1000,9,9,1.0,1662.73,1600,0
Rice_tawara459,1200,21,21,1.0,1662.73,1600,0
Rice_tawara459,1400,16,16,1.0,1662.73,1600,0
Rice_tawara459,1600,17,17,1.0,1662.73,1600,1
Rice_tawara459,1800,16,16,1.0,1662.73,1600,0
Rice_tawara459,2000,20,18,0.9,1662.73,1600,0
Rice_tawara459,2200,14,13,0.9286,1662.73,1600,0
Rice_tawara459,2400,15,13,0.8667,1662.73,1600,0
Rice_tawara459,2600,5,5,1.0,1662.73,1600,0
Rice_tawara459,2800,4,4,1.0,1662.73,1600,0
Rice_tawara459,3000,2,1,0.5,1662.73,1600,0
Rice_tawara459,3200,1,0,0.0,1662.73,1600,0
Rice_tawara459,3400,1,1,1.0,1662.73,1600,0
RigBuhBuh,800,47,47,1.0,1596.86,1400,0
RigBuhBuh,1000,24,24,1.0,1596.86,1400,0
RigBuhBuh,1200,24,23,0.9583,1596.86,1400,0
RigBuhBuh,1400,17,17,1.0,1596.86,1400,1
RigBuhBuh,1600,20,20,1.0,1596.86,1400,0
RigBuhBuh,1800,29,28,0.9655,1596.86,1400,0
RigBuhBuh,2000,17,15,0.8824,1596.86,1400,0
RigBuhBuh,2200,20,19,0.95,1596.86,1400,0
RigBuhBuh,2400,16,13,0.8125,1596.86,1400,0
RigBuhBuh,2600,10,7,0.7,1596.86,1400,0
RigBuhBuh,2800,6,4,0.6667,1596.86,1400,0
RigBuhBuh,3000,3,2,0.6667,1596.86,1400,0
RigBuhBuh,3200,2,2,1.0,1596.86,1400,0
RigBuhBuh,3400,2,2,1.0,1596.86,1400,0
Ritwin,800,339,333,0.9823,1450.04,1400,0
Ritwin,1000,150,147,0.98,1450.04,1400,0
Ritwin,1200,143,134,0.9371,1450.04,1400,0
Ritwin,1400,152,138,0.9079,1450.04,1400,1
Ritwin,1600,161,143,0.8882,1450.04,1400,0
Ritwin,1800,124,105,0.8468,1450.04,1400,0
Ritwin,2000,82,72,0.878,1450.04,1400,0
Ritwin,2200,56,46,0.8214,1450.04,1400,0
Ritwin,2400,78,56,0.7179,1450.04,1400,0
Ritwin,2600,49,44,0.898,1450.04,1400,0
Ritwin,2800,11,11,1.0,1450.04,1400,0
Ritwin,3000,13,11,0.8462,1450.04,1400,0
Ritwin,3200,3,3,1.0,1450.04,1400,0
Robrob09,800,28,25,0.8929,1291.55,1200,0
Robrob09,1000,13,13,1.0,1291.55,1200,0
Robrob09,1200,9,9,1.0,1291.55,1200,1
Robrob09,1400,3,2,0.6667,1291.55,1200,0
Robrob09,1600,7,7,1.0,1291.55,1200,0
Robrob09,1800,8,5,0.625,1291.55,1200,0
Robrob09,2000,6,4,0.6667,1291.55,1200,0
Robrob09,2200,2,1,0.5,1291.55,1200,0
Robrob09,2400,4,3,0.75,1291.55,1200,0
Robrob09,2600,1,1,1.0,1291.55,1200,0
Robrob09,2800,1,1,1.0,1291.55,1200,0
RockyYue,800,42,42,1.0,2043.3,2000,0
RockyYue,1000,15,15,1.0,2043.3,2000,0
RockyYue,1200,21,21,1.0,2043.3,2000,0
RockyYue,1400,20,20,1.0,2043.3,2000,0
RockyYue,1600,18,18,1.0,2043.3,2000,0
RockyYue,1800,22,20,0.9091,2043.3,2000,0
RockyYue,2000,19,17,0.8947,2043.3,2000,1
RockyYue,2200,30,26,0.8667,2043.3,2000,0
RockyYue,2400,38,31,0.8158,2043.3,2000,0
RockyYue,2600,56,52,0.9286,2043.3,2000,0
RockyYue,2800,35,33,0.9429,2043.3,2000,0
RockyYue,3000,17,14,0.8235,2043.3,2000,0
RockyYue,3200,11,8,0.7273,2043.3,2000,0
RockyYue,3400,7,4,0.5714,2043.3,2000,0
Rodger2041,800,251,248,0.988,1450.89,1400,0
Rodger2041,1000,110,109,0.9909,1450.89,1400,0
Rodger2041,1200,122,122,1.0,1450.89,1400,0
Rodger2041,1400,103,100,0.9709,1450.89,1400,1
Rodger2041,1600,109,105,0.9633,1450.89,1400,0
Rodger2041,1800,133,124,0.9323,1450.89,1400,0
Rodger2041,2000,93,84,0.9032,1450.89,1400,0
Rodger2041,2200,59,54,0.9153,1450.89,1400,0
Rodger2041,2400,58,45,0.7759,1450.89,1400,0
Rodger2041,2600,13,11,0.8462,1450.89,1400,0
Rodger2041,2800,5,4,0.8,1450.89,1400,0
Rodger2041,3400,1,0,0.0,1450.89,1400,0
Roman_2007,800,111,111,1.0,1376.69,1200,0
Roman_2007,1000,39,39,1.0,1376.69,1200,0
Roman_2007,1200,46,46,1.0,1376.69,1200,1
Roman_2007,1400,27,26,0.963,1376.69,1200,0
Roman_2007,1600,46,46,1.0,1376.69,1200,0
Roman_2007,1800,41,40,0.9756,1376.69,1200,0
Roman_2007,2000,36,36,1.0,1376.69,1200,0
Roman_2007,2200,22,18,0.8182,1376.69,1200,0
Roman_2007,2400,5,4,0.8,1376.69,1200,0
Roman_2007,2600,4,2,0.5,1376.69,1200,0
Roman_2007,2800,1,1,1.0,1376.69,1200,0
Rubikun,800,493,492,0.998,1763.77,1600,0
Rubikun,1000,247,247,1.0,1763.77,1600,0
Rubikun,1200,301,300,0.9967,1763.77,1600,0
Rubikun,1400,300,299,0.9967,1763.77,1600,0
Rubikun,1600,353,352,0.9972,1763.77,1600,1
Rubikun,1800,386,382,0.9896,1763.77,1600,0
Rubikun,2000,312,308,0.9872,1763.77,1600,0
Rubikun,2200,327,315,0.9633,1763.77,1600,0
Rubikun,2400,340,325,0.9559,1763.77,1600,0
Rubikun,2600,216,195,0.9028,1763.77,1600,0
Rubikun,2800,152,140,0.9211,1763.77,1600,0
Rubikun,3000,78,58,0.7436,1763.77,1600,0
Rubikun,3200,30,20,0.6667,1763.77,1600,0
Rubikun,3400,4,1,0.25,1763.77,1600,0
Rvess,800,302,297,0.9834,1666.03,1600,0
Rvess,1000,170,166,0.9765,1666.03,1600,0
Rvess,1200,177,174,0.9831,1666.03,1600,0
Rvess,1400,156,153,0.9808,1666.03,1600,0
Rvess,1600,176,168,0.9545,1666.03,1600,1
Rvess,1800,177,161,0.9096,1666.03,1600,0
Rvess,2000,171,153,0.8947,1666.03,1600,0
Rvess,2200,119,111,0.9328,1666.03,1600,0
Rvess,2400,219,214,0.9772,1666.03,1600,0
Rvess,2600,124,118,0.9516,1666.03,1600,0
Rvess,2800,18,17,0.9444,1666.03,1600,0
Rvess,3000,4,3,0.75,1666.03,1600,0
Rvess,3200,2,1,0.5,1666.03,1600,0
Rvess,3400,1,1,1.0,1666.03,1600,0
Ryazimn,800,762,762,1.0,1513.97,1400,0
Ryazimn,1000,323,323,1.0,1513.97,1400,0
Ryazimn,1200,304,304,1.0,1513.97,1400,0
Ryazimn,1400,243,243,1.0,1513.97,1400,1
Ryazimn,1600,248,247,0.996,1513.97,1400,0
Ryazimn,1800,258,258,1.0,1513.97,1400,0
Ryazimn,2000,279,278,0.9964,1513.97,1400,0
Ryazimn,2200,218,216,0.9908,1513.97,1400,0
Ryazimn,2400,235,232,0.9872,1513.97,1400,0
Ryazimn,2600,85,84,0.9882,1513.97,1400,0
Ryazimn,2800,18,18,1.0,1513.97,1400,0
Ryazimn,3000,4,4,1.0,1513.97,1400,0
Ryazimn,3200,2,2,1.0,1513.97,1400,0
SATSKY_2025target_LGM,800,155,155,1.0,1989.09,1800,0
SATSKY_2025target_LGM,1000,75,75,1.0,1989.09,1800,0
SATSKY_2025target_LGM,1200,67,67,1.0,1989.09,1800,0
SATSKY_2025target_LGM,1400,72,72,1.0,1989.09,1800,0
SATSKY_2025target_LGM,1600,64,64,1.0,1989.09,1800,0
SATSKY_2025target_LGM,1800,81,80,0.9877,1989.09,1800,1
SATSKY_2025target_LGM,2000,81,81,1.0,1989.09,1800,0
SATSKY_2025target_LGM,2200,84,84,1.0,1989.09,1800,0
SATSKY_2025target_LGM,2400,164,164,1.0,1989.09,1800,0
SATSKY_2025target_LGM,2600,126,125,0.9921,1989.09,1800,0
SATSKY_2025target_LGM,2800,125,125,1.0,1989.09,1800,0
SATSKY_2025target_LGM,3000,49,48,0.9796,1989.09,1800,0
SATSKY_2025target_LGM,3200,17,17,1.0,1989.09,1800,0
SATSKY_2025target_LGM,3400,8,7,0.875,1989.09,1800,0
SDSXC,800,12,12,1.0,2214.96,2200,0
SDSXC,1000,6,6,1.0,2214.96,2200,0
SDSXC,1200,7,7,1.0,2214.96,2200,0
SDSXC,1400,2,2,1.0,2214.96,2200,0
SDSXC,1600,5,5,1.0,2214.96,2200,0
SDSXC,1800,11,11,1.0,2214.96,2200,0
SDSXC,2000,10,10,1.0,2214.96,2200,0
SDSXC,2200,15,14,0.9333,2214.96,2200,1
SDSXC,2400,15,12,0.8,2214.96,2200,0
SDSXC,2600,12,11,0.9167,2214.96,2200,0
SDSXC,2800,14,14,1.0,2214.96,2200,0
SDSXC,3000,13,12,0.9231,2214.96,2200,0
SDSXC,3200,2,1,0.5,2214.96,2200,0
SDSXC,3400,11,10,0.9091,2214.96,2200,0
SK1PY,800,139,136,0.9784,1329.17,1200,0
SK1PY,1000,57,55,0.9649,1329.17,1200,0
SK1PY,1200,53,52,0.9811,1329.17,1200,1
SK1PY,1400,42,41,0.9762,1329.17,1200,0
SK1PY,1600,52,50,0.9615,1329.17,1200,0
SK1PY,1800,50,45,0.9,1329.17,1200,0
SK1PY,2000,38,32,0.8421,1329.17,1200,0
SK1PY,2200,20,14,0.7,1329.17,1200,0
SK1PY,2400,16,6,0.375,1329.17,1200,0
SK1PY,2600,5,0,0.0,1329.17,1200,0
SK1PY,2800,2,1,0.5,1329.17,1200,0
SK1PY,3200,1,0,0.0,1329.17,1200,0
SPatrik,800,151,150,0.9934,1423.61,1400,0
SPatrik,1000,83,81,0.9759,1423.61,1400,0
SPatrik,1200,100,100,1.0,1423.61,1400,0
SPatrik,1400,101,96,0.9505,1423.61,1400,1
SPatrik,1600,102,92,0.902,1423.61,1400,0
SPatrik,1800,100,81,0.81,1423.61,1400,0
SPatrik,2000,64,46,0.7188,1423.61,1400,0
SPatrik,2200,43,26,0.6047,1423.61,1400,0
SPatrik,2400,36,19,0.5278,1423.61,1400,0
SPatrik,2600,14,5,0.3571,1423.61,1400,0
SPatrik,2800,6,2,0.3333,1423.61,1400,0
SPatrik,3000,5,1,0.2,1423.61,1400,0
SPatrik,3200,1,0,0.0,1423.61,1400,0
SPatrik,3400,2,0,0.0,1423.61,1400,0
Sacharlemagne,800,160,158,0.9875,1280.75,1200,0
Sacharlemagne,1000,78,77,0.9872,1280.75,1200,0
Sacharlemagne,1200,69,69,1.0,1280.75,1200,1
Sacharlemagne,1400,51,50,0.9804,1280.75,1200,0
Sacharlemagne,1600,41,38,0.9268,1280.75,1200,0
Sacharlemagne,1800,47,37,0.7872,1280.75,1200,0
Sacharlemagne,2000,32,29,0.9062,1280.75,1200,0
Sacharlemagne,2200,14,12,0.8571,1280.75,1200,0
Sacharlemagne,2400,15,12,0.8,1280.75,1200,0
Sacharlemagne,2800,2,1,0.5,1280.75,1200,0
Sacred_Conqurer,800,22,22,1.0,1907.64,1800,0
Sacred_Conqurer,1000,8,8,1.0,1907.64,1800,0
Sacred_Conqurer,1200,12,12,1.0,1907.64,1800,0
Sacred_Conqurer,1400,7,7,1.0,1907.64,1800,0
Sacred_Conqurer,1600,12,12,1.0,1907.64,1800,0
Sacred_Conqurer,1800,14,14,1.0,1907.64,1800,1
Sacred_Conqurer,2000,11,11,1.0,1907.64,1800,0
Sacred_Conqurer,2200,15,15,1.0,1907.64,1800,0
Sacred_Conqurer,2400,15,15,1.0,1907.64,1800,0
Sacred_Conqurer,2600,4,4,1.0,1907.64,1800,0
Sacred_Conqurer,2800,11,10,0.9091,1907.64,1800,0
Sacred_Conqurer,3000,7,3,0.4286,1907.64,1800,0
Sacred_Conqurer,3200,7,7,1.0,1907.64,1800,0
Sacred_Conqurer,3400,5,4,0.8,1907.64,1800,0
Sakamata_,800,133,124,0.9323,1327.2,1200,0
Sakamata_,1000,52,47,0.9038,1327.2,1200,0
Sakamata_,1200,58,52,0.8966,1327.2,1200,1
Sakamata_,1400,49,42,0.8571,1327.2,1200,0
Sakamata_,1600,40,30,0.75,1327.2,1200,0
Sakamata_,1800,41,27,0.6585,1327.2,1200,0
Sakamata_,2000,24,19,0.7917,1327.2,1200,0
Sakamata_,2200,18,13,0.7222,1327.2,1200,0
Sakamata_,2400,15,9,0.6,1327.2,1200,0
Sakamata_,2600,11,10,0.9091,1327.2,1200,0
Sakamata_,2800,3,1,0.3333,1327.2,1200,0
Sakamata_,3000,2,1,0.5,1327.2,1200,0
Sakamata_,3400,1,0,0.0,1327.2,1200,0
Sanae,800,139,139,1.0,1907.8,1800,0
Sanae,1000,65,65,1.0,1907.8,1800,0
Sanae,1200,80,80,1.0,1907.8,1800,0
Sanae,1400,54,54,1.0,1907.8,1800,0
Sanae,1600,68,68,1.0,1907.8,1800,0
Sanae,1800,79,79,1.0,1907.8,1800,1
Sanae,2000,66,65,0.9848,1907.8,1800,0
Sanae,2200,86,86,1.0,1907.8,1800,0
Sanae,2400,100,99,0.99,1907.8,1800,0
Sanae,2600,99,99,1.0,1907.8,1800,0
Sanae,2800,62,62,1.0,1907.8,1800,0
Sanae,3000,36,33,0.9167,1907.8,1800,0
Sanae,3200,21,20,0.9524,1907.8,1800,0
Sanae,3400,13,12,0.9231,1907.8,1800,0
SanjarAlgo,800,199,198,0.995,1084.2,1000,0
SanjarAlgo,1000,63,63,1.0,1084.2,1000,1
SanjarAlgo,1200,44,40,0.9091,1084.2,1000,0
SanjarAlgo,1400,15,13,0.8667,1084.2,1000,0
SanjarAlgo,1600,19,17,0.8947,1084.2,1000,0
SanjarAlgo,1800,20,16,0.8,1084.2,1000,0
SanjarAlgo,2000,9,8,0.8889,1084.2,1000,0
SanjarAlgo,2200,10,6,0.6,1084.2,1000,0
SanjarAlgo,2400,3,3,1.0,1084.2,1000,0
SanjarAlgo,2600,4,3,0.75,1084.2,1000,0
SanjarAlgo,2800,1,0,0.0,1084.2,1000,0
Saquariu,800,128,127,0.9922,2111.46,2000,0
Saquariu,1000,62,62,1.0,2111.46,2000,0
Saquariu,1200,65,65,1.0,2111.46,2000,0
Saquariu,1400,63,62,0.9841,2111.46,2000,0
Saquariu,1600,89,86,0.9663,2111.46,2000,0
Saquariu,1800,118,113,0.9576,2111.46,2000,0
Saquariu,2000,123,121,0.9837,2111.46,2000,1
Saquariu,2200,138,136,0.9855,2111.46,2000,0
Saquariu,2400,178,174,0.9775,2111.46,2000,0
Saquariu,2600,159,157,0.9874,2111.46,2000,0
Saquariu,2800,107,106,0.9907,2111.46,2000,0
Saquariu,3000,75,74,0.9867,2111.46,2000,0
Saquariu,3200,48,48,1.0,2111.46,2000,0
Saquariu,3400,30,30,1.0,2111.46,2000,0
Scalm,800,557,552,0.991,1376.89,1200,0
Scalm,1000,268,265,0.9888,1376.89,1200,0
Scalm,1200,234,231,0.9872,1376.89,1200,1
Scalm,1400,222,213,0.9595,1376.89,1200,0
Scalm,1600,223,217,0.9731,1376.89,1200,0
Scalm,1800,179,167,0.933,1376.89,1200,0
Scalm,2000,168,163,0.9702,1376.89,1200,0
Scalm,2200,127,119,0.937,1376.89,1200,0
Scalm,2400,58,51,0.8793,1376.89,1200,0
Scalm,2600,3,3,1.0,1376.89,1200,0
Scalm,3400,1,1,1.0,1376.89,1200,0
Seele_H,800,36,36,1.0,1325.66,1200,0
Seele_H,1000,14,14,1.0,1325.66,1200,0
Seele_H,1200,17,17,1.0,1325.66,1200,1
Seele_H,1400,12,12,1.0,1325.66,1200,0
Seele_H,1600,8,7,0.875,1325.66,1200,0
Seele_H,1800,17,13,0.7647,1325.66,1200,0
Seele_H,2000,6,5,0.8333,1325.66,1200,0
Seele_H,2200,5,3,0.6,1325.66,1200,0
Seele_H,2400,6,5,0.8333,1325.66,1200,0
Seele_H,2600,1,1,1.0,1325.66,1200,0
SeptaCube,800,95,92,0.9684,1646.38,1600,0
SeptaCube,1000,31,30,0.9677,1646.38,1600,0
SeptaCube,1200,70,68,0.9714,1646.38,1600,0
SeptaCube,1400,46,43,0.9348,1646.38,1600,0
SeptaCube,1600,54,51,0.9444,1646.38,1600,1
SeptaCube,1800,86,82,0.9535,1646.38,1600,0
SeptaCube,2000,56,53,0.9464,1646.38,1600,0
SeptaCube,2200,63,57,0.9048,1646.38,1600,0
SeptaCube,2400,54,45,0.8333,1646.38,1600,0
SeptaCube,2600,11,8,0.7273,1646.38,1600,0
SeptaCube,2800,16,7,0.4375,1646.38,1600,0
SeptaCube,3000,3,1,0.3333,1646.38,1600,0
SeptaCube,3200,2,2,1.0,1646.38,1600,0
Serin,800,64,61,0.9531,1561.35,1400,0
Serin,1000,34,33,0.9706,1561.35,1400,0
Serin,1200,45,39,0.8667,1561.35,1400,0
Serin,1400,35,32,0.9143,1561.35,1400,1
Serin,1600,54,49,0.9074,1561.35,1400,0
Serin,1800,41,32,0.7805,1561.35,1400,0
Serin,2000,29,24,0.8276,1561.35,1400,0
Serin,2200,27,22,0.8148,1561.35,1400,0
Serin,2400,31,17,0.5484,1561.35,1400,0
Serin,2600,11,6,0.5455,1561.35,1400,0
Serin,2800,7,5,0.7143,1561.35,1400,0
Serin,3000,5,3,0.6,1561.35,1400,0
Serin,3200,3,2,0.6667,1561.35,1400,0
Serin,3400,3,1,0.3333,1561.35,1400,0
Shadow_Shayan,800,12,12,1.0,1582.19,1400,0
Shadow_Shayan,1000,7,6,0.8571,1582.19,1400,0
Shadow_Shayan,1200,9,9,1.0,1582.19,1400,0
Shadow_Shayan,1400,5,5,1.0,1582.19,1400,1
Shadow_Shayan,1600,13,11,0.8462,1582.19,1400,0
Shadow_Shayan,1800,10,9,0.9,1582.19,1400,0
Shadow_Shayan,2000,10,9,0.9,1582.19,1400,0
Shadow_Shayan,2200,5,5,1.0,1582.19,1400,0
Shadow_Shayan,2400,7,7,1.0,1582.19,1400,0
Shakhzod_Toshpulatov,800,111,108,0.973,1490.28,1400,0
Shakhzod_Toshpulatov,1000,62,55,0.8871,1490.28,1400,0
Shakhzod_Toshpulatov,1200,47,37,0.7872,1490.28,1400,0
Shakhzod_Toshpulatov,1400,37,36,0.973,1490.28,1400,1
Shakhzod_Toshpulatov,1600,41,37,0.9024,1490.28,1400,0
Shakhzod_Toshpulatov,1800,67,59,0.8806,1490.28,1400,0
Shakhzod_Toshpulatov,2000,31,29,0.9355,1490.28,1400,0
Shakhzod_Toshpulatov,2200,40,34,0.85,1490.28,1400,0
Shakhzod_Toshpulatov,2400,40,33,0.825,1490.28,1400,0
Shakhzod_Toshpulatov,2600,4,2,0.5,1490.28,1400,0
Shakhzod_Toshpulatov,2800,2,2,1.0,1490.28,1400,0
Shakhzod_Toshpulatov,3200,1,0,0.0,1490.28,1400,0
ShaktiSinghUC,800,17,17,1.0,1220.0,1200,0
ShaktiSinghUC,1000,10,9,0.9,1220.0,1200,0
ShaktiSinghUC,1200,5,5,1.0,1220.0,1200,1
ShaktiSinghUC,1400,2,2,1.0,1220.0,1200,0
ShaktiSinghUC,1600,5,4,0.8,1220.0,1200,0
ShaktiSinghUC,1800,5,4,0.8,1220.0,1200,0
ShaktiSinghUC,2000,3,2,0.6667,1220.0,1200,0
ShaktiSinghUC,2200,2,2,1.0,1220.0,1200,0
ShmilyTY,800,215,213,0.9907,1765.44,1600,0
ShmilyTY,1000,100,98,0.98,1765.44,1600,0
ShmilyTY,1200,124,124,1.0,1765.44,1600,0
ShmilyTY,1400,111,110,0.991,1765.44,1600,0
ShmilyTY,1600,128,126,0.9844,1765.44,1600,1
ShmilyTY,1800,127,125,0.9843,1765.44,1600,0
ShmilyTY,2000,141,138,0.9787,1765.44,1600,0
ShmilyTY,2200,115,111,0.9652,1765.44,1600,0
ShmilyTY,2400,128,125,0.9766,1765.44,1600,0
ShmilyTY,2600,89,86,0.9663,1765.44,1600,0
ShmilyTY,2800,52,50,0.9615,1765.44,1600,0
ShmilyTY,3000,26,23,0.8846,1765.44,1600,0
ShmilyTY,3200,17,17,1.0,1765.44,1600,0
ShmilyTY,3400,9,8,0.8889,1765.44,1600,0
SkillIssueWABird,800,24,24,1.0,1476.52,1400,0
SkillIssueWABird,1000,14,14,1.0,1476.52,1400,0
SkillIssueWABird,1200,14,14,1.0,1476.52,1400,0
SkillIssueWABird,1400,11,11,1.0,1476.52,1400,1
SkillIssueWABird,1600,16,16,1.0,1476.52,1400,0
SkillIssueWABird,1800,14,14,1.0,1476.52,1400,0
SkillIssueWABird,2000,9,6,0.6667,1476.52,1400,0
SkillIssueWABird,2200,10,10,1.0,1476.52,1400,0
SkillIssueWABird,2400,7,6,0.8571,1476.52,1400,0
Sleep_zZz_2411,800,15,12,0.8,1325.0,1200,0
Sleep_zZz_2411,1000,4,3,0.75,1325.0,1200,0
Sleep_zZz_2411,1200,5,3,0.6,1325.0,1200,1
Sleep_zZz_2411,1400,2,2,1.0,1325.0,1200,0
Sleep_zZz_2411,1600,1,1,1.0,1325.0,1200,0
Sleep_zZz_2411,1800,5,2,0.4,1325.0,1200,0
Sleep_zZz_2411,2000,2,0,0.0,1325.0,1200,0
Sleep_zZz_2411,2200,3,3,1.0,1325.0,1200,0
Sleep_zZz_2411,2400,2,0,0.0,1325.0,1200,0
Sleep_zZz_2411,2600,4,2,0.5,1325.0,1200,0
Sleep_zZz_2411,2800,1,0,0.0,1325.0,1200,0
SleeplessSouris,800,62,61,0.9839,2109.6,2000,0
SleeplessSouris,1000,25,24,0.96,2109.6,2000,0
SleeplessSouris,1200,30,29,0.9667,2109.6,2000,0
SleeplessSouris,1400,31,31,1.0,2109.6,2000,0
SleeplessSouris,1600,28,26,0.9286,2109.6,2000,0
SleeplessSouris,1800,37,36,0.973,2109.6,2000,0
SleeplessSouris,2000,27,24,0.8889,2109.6,2000,1
SleeplessSouris,2200,28,26,0.9286,2109.6,2000,0
SleeplessSouris,2400,39,31,0.7949,2109.6,2000,0
SleeplessSouris,2600,26,25,0.9615,2109.6,2000,0
SleeplessSouris,2800,30,30,1.0,2109.6,2000,0
SleeplessSouris,3000,35,33,0.9429,2109.6,2000,0
SleeplessSouris,3200,36,35,0.9722,2109.6,2000,0
SleeplessSouris,3400,38,37,0.9737,2109.6,2000,0
Sofapuden,800,773,773,1.0,1424.38,1400,0
Sofapuden,1000,250,250,1.0,1424.38,1400,0
Sofapuden,1200,226,225,0.9956,1424.38,1400,0
Sofapuden,1400,238,233,0.979,1424.38,1400,1
Sofapuden,1600,233,225,0.9657,1424.38,1400,0
Sofapuden,1800,173,162,0.9364,1424.38,1400,0
Sofapuden,2000,204,192,0.9412,1424.38,1400,0
Sofapuden,2200,152,137,0.9013,1424.38,1400,0
Sofapuden,2400,140,123,0.8786,1424.38,1400,0
Sofapuden,2600,66,48,0.7273,1424.38,1400,0
Sofapuden,2800,29,17,0.5862,1424.38,1400,0
Sofapuden,3000,18,9,0.5,1424.38,1400,0
Sofapuden,3200,6,4,0.6667,1424.38,1400,0
Sofapuden,3400,9,6,0.6667,1424.38,1400,0
Solyn,800,7,7,1.0,1482.76,1400,0
Solyn,1000,4,4,1.0,1482.76,1400,0
Solyn,1200,3,3,1.0,1482.76,1400,0
Solyn,1400,3,3,1.0,1482.76,1400,1
Solyn,1600,2,2,1.0,1482.76,1400,0
Solyn,1800,2,2,1.0,1482.76,1400,0
Solyn,2000,3,3,1.0,1482.76,1400,0
Solyn,2200,3,3,1.0,1482.76,1400,0
Solyn,2400,2,2,1.0,1482.76,1400,0
Solyn,2600,1,0,0.0,1482.76,1400,0
Solyn,2800,1,0,0.0,1482.76,1400,0
SongC,800,81,81,1.0,1549.16,1400,0
SongC,1000,50,47,0.94,1549.16,1400,0
SongC,1200,66,65,0.9848,1549.16,1400,0
SongC,1400,55,52,0.9455,1549.16,1400,1
SongC,1600,71,65,0.9155,1549.16,1400,0
SongC,1800,49,45,0.9184,1549.16,1400,0
SongC,2000,53,45,0.8491,1549.16,1400,0
SongC,2200,43,38,0.8837,1549.16,1400,0
SongC,2400,32,26,0.8125,1549.16,1400,0
SongC,2600,17,9,0.5294,1549.16,1400,0
SongC,2800,5,3,0.6,1549.16,1400,0
SongC,3000,3,0,0.0,1549.16,1400,0
SongC,3200,2,0,0.0,1549.16,1400,0
SorahISA,800,366,364,0.9945,1470.98,1400,0
SorahISA,1000,155,154,0.9935,1470.98,1400,0
SorahISA,1200,198,197,0.9949,1470.98,1400,0
SorahISA,1400,182,182,1.0,1470.98,1400,1
SorahISA,1600,197,195,0.9898,1470.98,1400,0
SorahISA,1800,160,152,0.95,1470.98,1400,0
SorahISA,2000,138,127,0.9203,1470.98,1400,0
SorahISA,2200,92,82,0.8913,1470.98,1400,0
SorahISA,2400,71,68,0.9577,1470.98,1400,0
SorahISA,2600,23,21,0.913,1470.98,1400,0
SorahISA,2800,14,10,0.7143,1470.98,1400,0
SorahISA,3000,12,8,0.6667,1470.98,1400,0
SorahISA,3200,3,1,0.3333,1470.98,1400,0
SorahISA,3400,1,0,0.0,1470.98,1400,0
SpadeZ,800,22,21,0.9545,2192.75,2000,0
SpadeZ,1000,9,8,0.8889,2192.75,2000,0
SpadeZ,1200,12,11,0.9167,2192.75,2000,0
SpadeZ,1400,5,5,1.0,2192.75,2000,0
SpadeZ,1600,7,7,1.0,2192.75,2000,0
SpadeZ,1800,26,25,0.9615,2192.75,2000,0
SpadeZ,2000,9,8,0.8889,2192.75,2000,1
SpadeZ,2200,21,16,0.7619,2192.75,2000,0
SpadeZ,2400,8,7,0.875,2192.75,2000,0
SpadeZ,2600,19,18,0.9474,2192.75,2000,0
SpadeZ,2800,31,30,0.9677,2192.75,2000,0
SpadeZ,3000,25,23,0.92,2192.75,2000,0
SpadeZ,3200,12,12,1.0,2192.75,2000,0
SpadeZ,3400,2,2,1.0,2192.75,2000,0
StarLzy,800,98,98,1.0,1571.49,1400,0
StarLzy,1000,47,47,1.0,1571.49,1400,0
StarLzy,1200,45,45,1.0,1571.49,1400,0
StarLzy,1400,46,45,0.9783,1571.49,1400,1
StarLzy,1600,40,38,0.95,1571.49,1400,0
StarLzy,1800,50,46,0.92,1571.49,1400,0
StarLzy,2000,38,34,0.8947,1571.49,1400,0
StarLzy,2200,44,39,0.8864,1571.49,1400,0
StarLzy,2400,36,31,0.8611,1571.49,1400,0
StarLzy,2600,16,15,0.9375,1571.49,1400,0
StarLzy,2800,5,4,0.8,1571.49,1400,0
StarLzy,3000,3,3,1.0,1571.49,1400,0
StarLzy,3200,4,4,1.0,1571.49,1400,0
StarSilk,800,746,746,1.0,1731.0,1600,0
StarSilk,1000,347,347,1.0,1731.0,1600,0
StarSilk,1200,346,346,1.0,1731.0,1600,0
StarSilk,1400,346,346,1.0,1731.0,1600,0
StarSilk,1600,347,347,1.0,1731.0,1600,1
StarSilk,1800,386,386,1.0,1731.0,1600,0
StarSilk,2000,307,307,1.0,1731.0,1600,0
StarSilk,2200,334,334,1.0,1731.0,1600,0
StarSilk,2400,371,371,1.0,1731.0,1600,0
StarSilk,2600,254,251,0.9882,1731.0,1600,0
StarSilk,2800,161,158,0.9814,1731.0,1600,0
StarSilk,3000,80,75,0.9375,1731.0,1600,0
StarSilk,3200,43,42,0.9767,1731.0,1600,0
StarSilk,3400,31,31,1.0,1731.0,1600,0
Stathis,800,158,154,0.9747,1421.29,1400,0
Stathis,1000,69,65,0.942,1421.29,1400,0
Stathis,1200,75,68,0.9067,1421.29,1400,0
Stathis,1400,69,66,0.9565,1421.29,1400,1
Stathis,1600,82,78,0.9512,1421.29,1400,0
Stathis,1800,83,77,0.9277,1421.29,1400,0
Stathis,2000,64,58,0.9062,1421.29,1400,0
Stathis,2200,29,25,0.8621,1421.29,1400,0
Stathis,2400,11,9,0.8182,1421.29,1400,0
Stathis,2600,5,5,1.0,1421.29,1400,0
Stathis,2800,2,1,0.5,1421.29,1400,0
StelIawinD,800,179,175,0.9777,1824.56,1800,0
StelIawinD,1000,66,65,0.9848,1824.56,1800,0
StelIawinD,1200,89,86,0.9663,1824.56,1800,0
StelIawinD,1400,73,69,0.9452,1824.56,1800,0
StelIawinD,1600,90,88,0.9778,1824.56,1800,0
StelIawinD,1800,143,137,0.958,1824.56,1800,1
StelIawinD,2000,144,139,0.9653,1824.56,1800,0
StelIawinD,2200,127,125,0.9843,1824.56,1800,0
StelIawinD,2400,150,149,0.9933,1824.56,1800,0
StelIawinD,2600,95,95,1.0,1824.56,1800,0
StelIawinD,2800,52,50,0.9615,1824.56,1800,0
StelIawinD,3000,7,6,0.8571,1824.56,1800,0
StelIawinD,3200,1,1,1.0,1824.56,1800,0
Sugar_fan,800,547,545,0.9963,1662.0,1600,0
Sugar_fan,1000,280,279,0.9964,1662.0,1600,0
Sugar_fan,1200,296,293,0.9899,1662.0,1600,0
Sugar_fan,1400,278,275,0.9892,1662.0,1600,0
Sugar_fan,1600,298,292,0.9799,1662.0,1600,1
Sugar_fan,1800,303,297,0.9802,1662.0,1600,0
Sugar_fan,2000,257,246,0.9572,1662.0,1600,0
Sugar_fan,2200,247,237,0.9595,1662.0,1600,0
Sugar_fan,2400,238,215,0.9034,1662.0,1600,0
Sugar_fan,2600,167,140,0.8383,1662.0,1600,0
Sugar_fan,2800,83,61,0.7349,1662.0,1600,0
Sugar_fan,3000,87,68,0.7816,1662.0,1600,0
Sugar_fan,3200,31,20,0.6452,1662.0,1600,0
Sugar_fan,3400,18,11,0.6111,1662.0,1600,0
Sulfox,800,232,232,1.0,1823.99,1800,0
Sulfox,1000,110,110,1.0,1823.99,1800,0
Sulfox,1200,133,133,1.0,1823.99,1800,0
Sulfox,1400,138,138,1.0,1823.99,1800,0
Sulfox,1600,160,158,0.9875,1823.99,1800,0
Sulfox,1800,184,181,0.9837,1823.99,1800,1
Sulfox,2000,149,145,0.9732,1823.99,1800,0
Sulfox,2200,143,137,0.958,1823.99,1800,0
Sulfox,2400,151,143,0.947,1823.99,1800,0
Sulfox,2600,109,99,0.9083,1823.99,1800,0
Sulfox,2800,96,83,0.8646,1823.99,1800,0
Sulfox,3000,59,46,0.7797,1823.99,1800,0
Sulfox,3200,43,37,0.8605,1823.99,1800,0
Sulfox,3400,9,9,1.0,1823.99,1800,0
Surge568,800,179,178,0.9944,1266.46,1200,0
Surge568,1000,112,103,0.9196,1266.46,1200,0
Surge568,1200,223,218,0.9776,1266.46,1200,1
Surge568,1400,178,170,0.9551,1266.46,1200,0
Surge568,1600,95,93,0.9789,1266.46,1200,0
Surge568,1800,38,32,0.8421,1266.46,1200,0
Surge568,2000,19,16,0.8421,1266.46,1200,0
Surge568,2200,8,7,0.875,1266.46,1200,0
Surge568,2400,5,3,0.6,1266.46,1200,0
Surge568,2600,1,0,0.0,1266.46,1200,0
Surge568,3000,1,0,0.0,1266.46,1200,0
Survivor_winner,800,90,90,1.0,1982.96,1800,0
Survivor_winner,1000,33,33,1.0,1982.96,1800,0
Survivor_winner,1200,31,31,1.0,1982.96,1800,0
Survivor_winner,1400,38,38,1.0,1982.96,1800,0
Survivor_winner,1600,51,51,1.0,1982.96,1800,0
Survivor_winner,1800,91,89,0.978,1982.96,1800,1
Survivor_winner,2000,114,114,1.0,1982.96,1800,0
Survivor_winner,2200,77,72,0.9351,1982.96,1800,0
Survivor_winner,2400,92,87,0.9457,1982.96,1800,0
Survivor_winner,2600,55,53,0.9636,1982.96,1800,0
Survivor_winner,2800,34,34,1.0,1982.96,1800,0
Survivor_winner,3000,20,20,1.0,1982.96,1800,0
Survivor_winner,3200,20,20,1.0,1982.96,1800,0
Survivor_winner,3400,20,19,0.95,1982.96,1800,0
Swistakk,800,78,78,1.0,1957.01,1800,0
Swistakk,1000,45,44,0.9778,1957.01,1800,0
Swistakk,1200,74,73,0.9865,1957.01,1800,0
Swistakk,1400,111,110,0.991,1957.01,1800,0
Swistakk,1600,159,157,0.9874,1957.01,1800,0
Swistakk,1800,157,150,0.9554,1957.01,1800,1
Swistakk,2000,139,133,0.9568,1957.01,1800,0
Swistakk,2200,130,122,0.9385,1957.01,1800,0
Swistakk,2400,144,130,0.9028,1957.01,1800,0
Swistakk,2600,108,96,0.8889,1957.01,1800,0
Swistakk,2800,73,64,0.8767,1957.01,1800,0
Swistakk,3000,45,33,0.7333,1957.01,1800,0
Swistakk,3200,31,21,0.6774,1957.01,1800,0
Swistakk,3400,9,1,0.1111,1957.01,1800,0
TKT_YI,800,479,477,0.9958,1506.83,1400,0
TKT_YI,1000,213,212,0.9953,1506.83,1400,0
TKT_YI,1200,208,206,0.9904,1506.83,1400,0
TKT_YI,1400,184,183,0.9946,1506.83,1400,1
TKT_YI,1600,215,208,0.9674,1506.83,1400,0
TKT_YI,1800,186,177,0.9516,1506.83,1400,0
TKT_YI,2000,161,146,0.9068,1506.83,1400,0
TKT_YI,2200,138,118,0.8551,1506.83,1400,0
TKT_YI,2400,113,95,0.8407,1506.83,1400,0
TKT_YI,2600,63,52,0.8254,1506.83,1400,0
TKT_YI,2800,49,38,0.7755,1506.83,1400,0
TKT_YI,3000,26,12,0.4615,1506.83,1400,0
TKT_YI,3200,9,7,0.7778,1506.83,1400,0
TKT_YI,3400,2,1,0.5,1506.83,1400,0
TOMO,800,62,59,0.9516,1500.0,1400,0
TOMO,1000,29,27,0.931,1500.0,1400,0
TOMO,1200,34,32,0.9412,1500.0,1400,0
TOMO,1400,26,25,0.9615,1500.0,1400,1
TOMO,1600,28,25,0.8929,1500.0,1400,0
TOMO,1800,25,22,0.88,1500.0,1400,0
TOMO,2000,20,16,0.8,1500.0,1400,0
TOMO,2200,25,22,0.88,1500.0,1400,0
TOMO,2400,19,12,0.6316,1500.0,1400,0
TOMO,2600,14,10,0.7143,1500.0,1400,0
TOMO,2800,4,1,0.25,1500.0,1400,0
TOMO,3000,2,0,0.0,1500.0,1400,0
TOMO,3200,2,1,0.5,1500.0,1400,0
TOMO,3400,1,0,0.0,1500.0,1400,0
TadijaSebez,800,278,277,0.9964,1847.24,1800,0
TadijaSebez,1000,165,164,0.9939,1847.24,1800,0
TadijaSebez,1200,217,217,1.0,1847.24,1800,0
TadijaSebez,1400,258,258,1.0,1847.24,1800,0
TadijaSebez,1600,301,301,1.0,1847.24,1800,0
TadijaSebez,1800,314,313,0.9968,1847.24,1800,1
TadijaSebez,2000,298,297,0.9966,1847.24,1800,0
TadijaSebez,2200,241,240,0.9959,1847.24,1800,0
TadijaSebez,2400,257,252,0.9805,1847.24,1800,0
TadijaSebez,2600,151,146,0.9669,1847.24,1800,0
TadijaSebez,2800,106,98,0.9245,1847.24,1800,0
TadijaSebez,3000,68,65,0.9559,1847.24,1800,0
TadijaSebez,3200,48,46,0.9583,1847.24,1800,0
TadijaSebez,3400,27,23,0.8519,1847.24,1800,0
Tahirliyev,800,280,279,0.9964,1620.38,1600,0
Tahirliyev,1000,122,121,0.9918,1620.38,1600,0
Tahirliyev,1200,134,134,1.0,1620.38,1600,0
Tahirliyev,1400,103,103,1.0,1620.38,1600,0
Tahirliyev,1600,134,134,1.0,1620.38,1600,1
Tahirliyev,1800,145,143,0.9862,1620.38,1600,0
Tahirliyev,2000,228,226,0.9912,1620.38,1600,0
Tahirliyev,2200,157,153,0.9745,1620.38,1600,0
Tahirliyev,2400,92,87,0.9457,1620.38,1600,0
Tahirliyev,2600,35,32,0.9143,1620.38,1600,0
Tahirliyev,2800,11,11,1.0,1620.38,1600,0
Tahirliyev,3000,2,2,1.0,1620.38,1600,0
Tahirliyev,3200,4,3,0.75,1620.38,1600,0
Teja-Smart,800,450,449,0.9978,1612.22,1600,0
Teja-Smart,1000,278,273,0.982,1612.22,1600,0
Teja-Smart,1200,194,185,0.9536,1612.22,1600,0
Teja-Smart,1400,246,235,0.9553,1612.22,1600,0
Teja-Smart,1600,223,213,0.9552,1612.22,1600,1
Teja-Smart,1800,274,250,0.9124,1612.22,1600,0
Teja-Smart,2000,269,234,0.8699,1612.22,1600,0
Teja-Smart,2200,258,224,0.8682,1612.22,1600,0
Teja-Smart,2400,203,180,0.8867,1612.22,1600,0
Teja-Smart,2600,87,72,0.8276,1612.22,1600,0
Teja-Smart,2800,35,30,0.8571,1612.22,1600,0
Teja-Smart,3000,28,24,0.8571,1612.22,1600,0
Teja-Smart,3200,4,2,0.5,1612.22,1600,0
Teja-Smart,3400,4,3,0.75,1612.22,1600,0
TeletubiGaim33,800,371,370,0.9973,1468.07,1400,0
TeletubiGaim33,1000,167,167,1.0,1468.07,1400,0
TeletubiGaim33,1200,208,205,0.9856,1468.07,1400,0
TeletubiGaim33,1400,185,182,0.9838,1468.07,1400,1
TeletubiGaim33,1600,173,171,0.9884,1468.07,1400,0
TeletubiGaim33,1800,178,177,0.9944,1468.07,1400,0
TeletubiGaim33,2000,125,122,0.976,1468.07,1400,0
TeletubiGaim33,2200,90,89,0.9889,1468.07,1400,0
TeletubiGaim33,2400,74,67,0.9054,1468.07,1400,0
TeletubiGaim33,2600,28,26,0.9286,1468.07,1400,0
TeletubiGaim33,2800,11,9,0.8182,1468.07,1400,0
TeletubiGaim33,3000,5,5,1.0,1468.07,1400,0
TeletubiGaim33,3200,1,1,1.0,1468.07,1400,0
Temmie,800,428,426,0.9953,1499.05,1400,0
Temmie,1000,143,142,0.993,1499.05,1400,0
Temmie,1200,159,158,0.9937,1499.05,1400,0
Temmie,1400,178,174,0.9775,1499.05,1400,1
Temmie,1600,171,161,0.9415,1499.05,1400,0
Temmie,1800,146,135,0.9247,1499.05,1400,0
Temmie,2000,126,112,0.8889,1499.05,1400,0
Temmie,2200,100,80,0.8,1499.05,1400,0
Temmie,2400,153,139,0.9085,1499.05,1400,0
Temmie,2600,40,32,0.8,1499.05,1400,0
Temmie,2800,24,15,0.625,1499.05,1400,0
Temmie,3000,9,6,0.6667,1499.05,1400,0
Temmie,3200,5,4,0.8,1499.05,1400,0
Temmie,3400,3,3,1.0,1499.05,1400,0
TheFuturoma,800,136,136,1.0,1764.73,1600,0
TheFuturoma,1000,62,62,1.0,1764.73,1600,0
TheFuturoma,1200,67,65,0.9701,1764.73,1600,0
TheFuturoma,1400,66,65,0.9848,1764.73,1600,0
TheFuturoma,1600,66,66,1.0,1764.73,1600,1
TheFuturoma,1800,106,100,0.9434,1764.73,1600,0
TheFuturoma,2000,99,90,0.9091,1764.73,1600,0
TheFuturoma,2200,153,147,0.9608,1764.73,1600,0
TheFuturoma,2400,161,152,0.9441,1764.73,1600,0
TheFuturoma,2600,26,25,0.9615,1764.73,1600,0
TheFuturoma,2800,4,2,0.5,1764.73,1600,0
The_Caspian_Sea,800,128,128,1.0,1662.2,1600,0
The_Caspian_Sea,1000,53,53,1.0,1662.2,1600,0
The_Caspian_Sea,1200,60,59,0.9833,1662.2,1600,0
The_Caspian_Sea,1400,46,46,1.0,1662.2,1600,0
The_Caspian_Sea,1600,72,72,1.0,1662.2,1600,1
The_Caspian_Sea,1800,112,112,1.0,1662.2,1600,0
The_Caspian_Sea,2000,82,79,0.9634,1662.2,1600,0
The_Caspian_Sea,2200,77,72,0.9351,1662.2,1600,0
The_Caspian_Sea,2400,55,54,0.9818,1662.2,1600,0
The_Caspian_Sea,2600,26,25,0.9615,1662.2,1600,0
The_Caspian_Sea,2800,5,4,0.8,1662.2,1600,0
The_Caspian_Sea,3000,3,1,0.3333,1662.2,1600,0
The_Caspian_Sea,3200,2,2,1.0,1662.2,1600,0
The_Caspian_Sea,3400,2,2,1.0,1662.2,1600,0
The_stardog,800,22,21,0.9545,2157.45,2000,0
The_stardog,1000,9,8,0.8889,2157.45,2000,0
The_stardog,1200,14,14,1.0,2157.45,2000,0
The_stardog,1400,12,12,1.0,2157.45,2000,0
The_stardog,1600,18,18,1.0,2157.45,2000,0
The_stardog,1800,20,19,0.95,2157.45,2000,0
The_stardog,2000,27,24,0.8889,2157.45,2000,1
The_stardog,2200,20,18,0.9,2157.45,2000,0
The_stardog,2400,20,19,0.95,2157.45,2000,0
The_stardog,2600,20,17,0.85,2157.45,2000,0
The_stardog,2800,22,18,0.8182,2157.45,2000,0
The_stardog,3000,29,25,0.8621,2157.45,2000,0
The_stardog,3200,23,17,0.7391,2157.45,2000,0
The_stardog,3400,5,5,1.0,2157.45,2000,0
Thinkin,800,15,14,0.9333,1252.94,1200,0
Thinkin,1000,4,3,0.75,1252.94,1200,0
Thinkin,1200,5,4,0.8,1252.94,1200,1
Thinkin,1400,3,3,1.0,1252.94,1200,0
Thinkin,1600,5,5,1.0,1252.94,1200,0
Thinkin,1800,5,2,0.4,1252.94,1200,0
Thinkin,2000,2,2,1.0,1252.94,1200,0
Thinkin,2200,2,0,0.0,1252.94,1200,0
Thinkin,2400,2,0,0.0,1252.94,1200,0
Thinkin,2600,1,0,0.0,1252.94,1200,0
Thinkin,2800,2,1,0.5,1252.94,1200,0
Thomas0802,800,12,12,1.0,2557.83,2400,0
Thomas0802,1000,8,8,1.0,2557.83,2400,0
Thomas0802,1200,6,6,1.0,2557.83,2400,0
Thomas0802,1400,12,12,1.0,2557.83,2400,0
Thomas0802,1600,18,18,1.0,2557.83,2400,0
Thomas0802,1800,23,22,0.9565,2557.83,2400,0
Thomas0802,2000,36,36,1.0,2557.83,2400,0
Thomas0802,2200,41,40,0.9756,2557.83,2400,0
Thomas0802,2400,57,57,1.0,2557.83,2400,1
Thomas0802,2600,59,59,1.0,2557.83,2400,0
Thomas0802,2800,62,62,1.0,2557.83,2400,0
Thomas0802,3000,55,54,0.9818,2557.83,2400,0
Thomas0802,3200,55,55,1.0,2557.83,2400,0
Thomas0802,3400,38,38,1.0,2557.83,2400,0
TianyiWei,800,72,72,1.0,1937.72,1800,0
TianyiWei,1000,37,34,0.9189,1937.72,1800,0
TianyiWei,1200,31,29,0.9355,1937.72,1800,0
TianyiWei,1400,33,32,0.9697,1937.72,1800,0
TianyiWei,1600,38,38,1.0,1937.72,1800,0
TianyiWei,1800,35,33,0.9429,1937.72,1800,1
TianyiWei,2000,43,42,0.9767,1937.72,1800,0
TianyiWei,2200,32,31,0.9688,1937.72,1800,0
TianyiWei,2400,99,95,0.9596,1937.72,1800,0
TianyiWei,2600,62,58,0.9355,1937.72,1800,0
TianyiWei,2800,25,23,0.92,1937.72,1800,0
TianyiWei,3000,17,16,0.9412,1937.72,1800,0
TianyiWei,3200,11,9,0.8182,1937.72,1800,0
TianyiWei,3400,6,5,0.8333,1937.72,1800,0
TimeLimitExceed,800,15,15,1.0,2015.43,2000,0
TimeLimitExceed,1000,11,11,1.0,2015.43,2000,0
TimeLimitExceed,1200,9,9,1.0,2015.43,2000,0
TimeLimitExceed,1400,7,5,0.7143,2015.43,2000,0
TimeLimitExceed,1600,12,11,0.9167,2015.43,2000,0
TimeLimitExceed,1800,15,14,0.9333,2015.43,2000,0
TimeLimitExceed,2000,22,22,1.0,2015.43,2000,1
TimeLimitExceed,2200,22,22,1.0,2015.43,2000,0
TimeLimitExceed,2400,18,15,0.8333,2015.43,2000,0
TimeLimitExceed,2600,20,17,0.85,2015.43,2000,0
TimeLimitExceed,2800,9,8,0.8889,2015.43,2000,0
TimeLimitExceed,3000,7,6,0.8571,2015.43,2000,0
TimeLimitExceed,3200,6,6,1.0,2015.43,2000,0
TimeLimitExceed,3400,2,1,0.5,2015.43,2000,0
Timmy1003,800,48,46,0.9583,1323.32,1200,0
Timmy1003,1000,27,27,1.0,1323.32,1200,0
Timmy1003,1200,32,31,0.9688,1323.32,1200,1
Timmy1003,1400,35,34,0.9714,1323.32,1200,0
Timmy1003,1600,32,30,0.9375,1323.32,1200,0
Timmy1003,1800,15,14,0.9333,1323.32,1200,0
Timmy1003,2000,6,3,0.5,1323.32,1200,0
Timmy1003,2200,4,4,1.0,1323.32,1200,0
Timmy1003,2400,2,1,0.5,1323.32,1200,0
Timmy1003,2600,5,2,0.4,1323.32,1200,0
Timmy1003,2800,2,1,0.5,1323.32,1200,0
Timmy1003,3400,1,0,0.0,1323.32,1200,0
Timosh,800,463,462,0.9978,1388.4,1200,0
Timosh,1000,200,193,0.965,1388.4,1200,0
Timosh,1200,202,187,0.9257,1388.4,1200,1
Timosh,1400,256,234,0.9141,1388.4,1200,0
Timosh,1600,294,261,0.8878,1388.4,1200,0
Timosh,1800,191,157,0.822,1388.4,1200,0
Timosh,2000,158,122,0.7722,1388.4,1200,0
Timosh,2200,100,76,0.76,1388.4,1200,0
Timosh,2400,55,38,0.6909,1388.4,1200,0
Timosh,2600,11,7,0.6364,1388.4,1200,0
Timosh,2800,5,3,0.6,1388.4,1200,0
Timosh,3000,4,1,0.25,1388.4,1200,0
Timosh,3400,2,0,0.0,1388.4,1200,0
Timothy07,800,50,50,1.0,1852.47,1800,0
Timothy07,1000,26,26,1.0,1852.47,1800,0
Timothy07,1200,27,26,0.963,1852.47,1800,0
Timothy07,1400,12,12,1.0,1852.47,1800,0
Timothy07,1600,19,19,1.0,1852.47,1800,0
Timothy07,1800,28,28,1.0,1852.47,1800,1
Timothy07,2000,33,31,0.9394,1852.47,1800,0
Timothy07,2200,32,32,1.0,1852.47,1800,0
Timothy07,2400,41,41,1.0,1852.47,1800,0
Timothy07,2600,31,31,1.0,1852.47,1800,0
Timothy07,2800,22,22,1.0,1852.47,1800,0
Timothy07,3000,5,5,1.0,1852.47,1800,0
Timothy07,3200,1,1,1.0,1852.47,1800,0
Tmitmi,800,119,112,0.9412,1253.96,1200,0
Tmitmi,1000,58,52,0.8966,1253.96,1200,0
Tmitmi,1200,56,54,0.9643,1253.96,1200,1
Tmitmi,1400,52,45,0.8654,1253.96,1200,0
Tmitmi,1600,46,34,0.7391,1253.96,1200,0
Tmitmi,1800,24,23,0.9583,1253.96,1200,0
Tmitmi,2000,15,8,0.5333,1253.96,1200,0
Tmitmi,2200,5,4,0.8,1253.96,1200,0
Tmitmi,2400,6,6,1.0,1253.96,1200,0
Tmitmi,2600,2,2,1.0,1253.96,1200,0
Tmitmi,2800,1,0,0.0,1253.96,1200,0
Tmitmi,3200,1,1,1.0,1253.96,1200,0
Tmitmi,3400,1,0,0.0,1253.96,1200,0
To_retto,800,13,10,0.7692,1493.33,1400,0
To_retto,1000,3,2,0.6667,1493.33,1400,0
To_retto,1200,4,2,0.5,1493.33,1400,0
To_retto,1400,4,4,1.0,1493.33,1400,1
To_retto,1600,1,1,1.0,1493.33,1400,0
To_retto,1800,6,4,0.6667,1493.33,1400,0
To_retto,2000,3,0,0.0,1493.33,1400,0
To_retto,2200,3,3,1.0,1493.33,1400,0
To_retto,2400,3,1,0.3333,1493.33,1400,0
To_retto,2600,5,3,0.6,1493.33,1400,0
To_retto,2800,1,0,0.0,1493.33,1400,0
Tomate,800,216,214,0.9907,1581.76,1400,0
Tomate,1000,95,94,0.9895,1581.76,1400,0
Tomate,1200,109,105,0.9633,1581.76,1400,0
Tomate,1400,111,109,0.982,1581.76,1400,1
Tomate,1600,129,126,0.9767,1581.76,1400,0
Tomate,1800,142,139,0.9789,1581.76,1400,0
Tomate,2000,129,126,0.9767,1581.76,1400,0
Tomate,2200,77,74,0.961,1581.76,1400,0
Tomate,2400,54,51,0.9444,1581.76,1400,0
Tomate,2600,33,32,0.9697,1581.76,1400,0
Tomate,2800,14,12,0.8571,1581.76,1400,0
Tomate,3000,3,3,1.0,1581.76,1400,0
Tomate,3200,4,4,1.0,1581.76,1400,0
Tomate,3400,2,2,1.0,1581.76,1400,0
TranVinhHuy2010,800,98,98,1.0,1669.13,1600,0
TranVinhHuy2010,1000,39,36,0.9231,1669.13,1600,0
TranVinhHuy2010,1200,50,49,0.98,1669.13,1600,0
TranVinhHuy2010,1400,109,107,0.9817,1669.13,1600,0
TranVinhHuy2010,1600,118,116,0.9831,1669.13,1600,1
TranVinhHuy2010,1800,167,167,1.0,1669.13,1600,0
TranVinhHuy2010,2000,126,125,0.9921,1669.13,1600,0
TranVinhHuy2010,2200,89,89,1.0,1669.13,1600,0
TranVinhHuy2010,2400,20,20,1.0,1669.13,1600,0
TranVinhHuy2010,2600,3,3,1.0,1669.13,1600,0
TranVinhHuy2010,2800,3,3,1.0,1669.13,1600,0
UNDERTAKER,800,230,226,0.9826,1428.16,1400,0
UNDERTAKER,1000,88,86,0.9773,1428.16,1400,0
UNDERTAKER,1200,98,98,1.0,1428.16,1400,0
UNDERTAKER,1400,74,72,0.973,1428.16,1400,1
UNDERTAKER,1600,88,79,0.8977,1428.16,1400,0
UNDERTAKER,1800,85,74,0.8706,1428.16,1400,0
UNDERTAKER,2000,59,55,0.9322,1428.16,1400,0
UNDERTAKER,2200,58,47,0.8103,1428.16,1400,0
UNDERTAKER,2400,48,31,0.6458,1428.16,1400,0
UNDERTAKER,2600,23,13,0.5652,1428.16,1400,0
UNDERTAKER,2800,12,7,0.5833,1428.16,1400,0
UNDERTAKER,3000,7,4,0.5714,1428.16,1400,0
UNDERTAKER,3400,1,0,0.0,1428.16,1400,0
Umiyuri,800,100,100,1.0,1678.6,1600,0
Umiyuri,1000,43,43,1.0,1678.6,1600,0
Umiyuri,1200,55,53,0.9636,1678.6,1600,0
Umiyuri,1400,38,37,0.9737,1678.6,1600,0
Umiyuri,1600,60,59,0.9833,1678.6,1600,1
Umiyuri,1800,74,71,0.9595,1678.6,1600,0
Umiyuri,2000,63,62,0.9841,1678.6,1600,0
Umiyuri,2200,40,40,1.0,1678.6,1600,0
Umiyuri,2400,46,44,0.9565,1678.6,1600,0
Umiyuri,2600,21,21,1.0,1678.6,1600,0
Umiyuri,2800,16,16,1.0,1678.6,1600,0
Umiyuri,3000,6,6,1.0,1678.6,1600,0
Umiyuri,3200,2,2,1.0,1678.6,1600,0
Umiyuri,3400,2,2,1.0,1678.6,1600,0
Utena,800,77,77,1.0,1826.42,1800,0
Utena,1000,40,39,0.975,1826.42,1800,0
Utena,1200,48,48,1.0,1826.42,1800,0
Utena,1400,44,42,0.9545,1826.42,1800,0
Utena,1600,53,50,0.9434,1826.42,1800,0
Utena,1800,79,74,0.9367,1826.42,1800,1
Utena,2000,69,63,0.913,1826.42,1800,0
Utena,2200,73,64,0.8767,1826.42,1800,0
Utena,2400,54,51,0.9444,1826.42,1800,0
Utena,2600,19,18,0.9474,1826.42,1800,0
Utena,2800,18,18,1.0,1826.42,1800,0
Utena,3000,21,21,1.0,1826.42,1800,0
Utena,3200,12,11,0.9167,1826.42,1800,0
Utena,3400,7,7,1.0,1826.42,1800,0
VGZD,800,42,41,0.9762,1371.62,1200,0
VGZD,1000,18,18,1.0,1371.62,1200,0
VGZD,1200,21,17,0.8095,1371.62,1200,1
VGZD,1400,16,16,1.0,1371.62,1200,0
VGZD,1600,21,19,0.9048,1371.62,1200,0
VGZD,1800,22,19,0.8636,1371.62,1200,0
VGZD,2000,11,7,0.6364,1371.62,1200,0
VGZD,2200,12,8,0.6667,1371.62,1200,0
VGZD,2400,9,3,0.3333,1371.62,1200,0
VGZD,2600,2,0,0.0,1371.62,1200,0
VGZD,3000,1,0,0.0,1371.62,1200,0
ValenciaTravis,800,65,65,1.0,2000.44,2000,0
ValenciaTravis,1000,42,42,1.0,2000.44,2000,0
ValenciaTravis,1200,49,49,1.0,2000.44,2000,0
ValenciaTravis,1400,95,94,0.9895,2000.44,2000,0
ValenciaTravis,1600,157,157,1.0,2000.44,2000,0
ValenciaTravis,1800,177,175,0.9887,2000.44,2000,0
ValenciaTravis,2000,193,191,0.9896,2000.44,2000,1
ValenciaTravis,2200,195,193,0.9897,2000.44,2000,0
ValenciaTravis,2400,221,218,0.9864,2000.44,2000,0
ValenciaTravis,2600,91,86,0.9451,2000.44,2000,0
ValenciaTravis,2800,47,45,0.9574,2000.44,2000,0
ValenciaTravis,3000,32,30,0.9375,2000.44,2000,0
ValenciaTravis,3200,8,6,0.75,2000.44,2000,0
Valters07,800,910,909,0.9989,1478.01,1400,0
Valters07,1000,343,342,0.9971,1478.01,1400,0
Valters07,1200,372,371,0.9973,1478.01,1400,0
Valters07,1400,360,358,0.9944,1478.01,1400,1
Valters07,1600,395,392,0.9924,1478.01,1400,0
Valters07,1800,343,339,0.9883,1478.01,1400,0
Valters07,2000,316,309,0.9778,1478.01,1400,0
Valters07,2200,262,248,0.9466,1478.01,1400,0
Valters07,2400,181,173,0.9558,1478.01,1400,0
Valters07,2600,56,56,1.0,1478.01,1400,0
Valters07,2800,18,16,0.8889,1478.01,1400,0
Valters07,3000,18,18,1.0,1478.01,1400,0
Valters07,3200,2,2,1.0,1478.01,1400,0
VanshRA,800,284,284,1.0,1666.62,1600,0
VanshRA,1000,117,117,1.0,1666.62,1600,0
VanshRA,1200,141,141,1.0,1666.62,1600,0
VanshRA,1400,114,114,1.0,1666.62,1600,0
VanshRA,1600,119,119,1.0,1666.62,1600,1
VanshRA,1800,148,148,1.0,1666.62,1600,0
VanshRA,2000,113,113,1.0,1666.62,1600,0
VanshRA,2200,121,120,0.9917,1666.62,1600,0
VanshRA,2400,112,109,0.9732,1666.62,1600,0
VanshRA,2600,68,66,0.9706,1666.62,1600,0
VanshRA,2800,49,46,0.9388,1666.62,1600,0
VanshRA,3000,19,17,0.8947,1666.62,1600,0
VanshRA,3200,11,10,0.9091,1666.62,1600,0
VanshRA,3400,7,7,1.0,1666.62,1600,0
Vectors_Master,800,598,597,0.9983,1572.96,1400,0
Vectors_Master,1000,264,263,0.9962,1572.96,1400,0
Vectors_Master,1200,296,293,0.9899,1572.96,1400,0
Vectors_Master,1400,286,283,0.9895,1572.96,1400,1
Vectors_Master,1600,312,306,0.9808,1572.96,1400,0
Vectors_Master,1800,299,291,0.9732,1572.96,1400,0
Vectors_Master,2000,340,330,0.9706,1572.96,1400,0
Vectors_Master,2200,286,275,0.9615,1572.96,1400,0
Vectors_Master,2400,205,196,0.9561,1572.96,1400,0
Vectors_Master,2600,76,71,0.9342,1572.96,1400,0
Vectors_Master,2800,21,18,0.8571,1572.96,1400,0
Vectors_Master,3000,5,2,0.4,1572.96,1400,0
Vectors_Master,3200,1,0,0.0,1572.96,1400,0
VladProg,800,360,357,0.9917,1527.52,1400,0
VladProg,1000,247,244,0.9879,1527.52,1400,0
VladProg,1200,285,279,0.9789,1527.52,1400,0
VladProg,1400,272,257,0.9449,1527.52,1400,1
VladProg,1600,289,271,0.9377,1527.52,1400,0
VladProg,1800,246,220,0.8943,1527.52,1400,0
VladProg,2000,213,181,0.8498,1527.52,1400,0
VladProg,2200,171,132,0.7719,1527.52,1400,0
VladProg,2400,138,101,0.7319,1527.52,1400,0
VladProg,2600,62,38,0.6129,1527.52,1400,0
VladProg,2800,29,12,0.4138,1527.52,1400,0
VladProg,3000,18,8,0.4444,1527.52,1400,0
VladProg,3200,9,2,0.2222,1527.52,1400,0
VladProg,3400,5,2,0.4,1527.52,1400,0
VladaMG98,800,246,241,0.9797,1489.25,1400,0
VladaMG98,1000,146,145,0.9932,1489.25,1400,0
VladaMG98,1200,178,172,0.9663,1489.25,1400,0
VladaMG98,1400,184,177,0.962,1489.25,1400,1
VladaMG98,1600,196,182,0.9286,1489.25,1400,0
VladaMG98,1800,173,150,0.8671,1489.25,1400,0
VladaMG98,2000,132,103,0.7803,1489.25,1400,0
VladaMG98,2200,108,85,0.787,1489.25,1400,0
VladaMG98,2400,70,52,0.7429,1489.25,1400,0
VladaMG98,2600,17,11,0.6471,1489.25,1400,0
VladaMG98,2800,2,1,0.5,1489.25,1400,0
VladaMG98,3000,7,1,0.1429,1489.25,1400,0
VladaMG98,3200,3,1,0.3333,1489.25,1400,0
VladiG,800,120,114,0.95,1817.57,1800,0
VladiG,1000,39,33,0.8462,1817.57,1800,0
VladiG,1200,46,44,0.9565,1817.57,1800,0
VladiG,1400,40,40,1.0,1817.57,1800,0
VladiG,1600,87,84,0.9655,1817.57,1800,0
VladiG,1800,116,108,0.931,1817.57,1800,1
VladiG,2000,322,301,0.9348,1817.57,1800,0
VladiG,2200,126,115,0.9127,1817.57,1800,0
VladiG,2400,77,69,0.8961,1817.57,1800,0
VladiG,2600,15,11,0.7333,1817.57,1800,0
VladiG,2800,13,13,1.0,1817.57,1800,0
VladiG,3000,6,6,1.0,1817.57,1800,0
VladiG,3200,2,1,0.5,1817.57,1800,0
VladiG,3400,1,0,0.0,1817.57,1800,0
WJnY,800,5,5,1.0,2481.01,2400,0
WJnY,1000,4,4,1.0,2481.01,2400,0
WJnY,1200,3,3,1.0,2481.01,2400,0
WJnY,1400,3,3,1.0,2481.01,2400,0
WJnY,1600,5,5,1.0,2481.01,2400,0
WJnY,1800,9,8,0.8889,2481.01,2400,0
WJnY,2000,6,5,0.8333,2481.01,2400,0
WJnY,2200,18,18,1.0,2481.01,2400,0
WJnY,2400,27,27,1.0,2481.01,2400,1
WJnY,2600,24,23,0.9583,2481.01,2400,0
WJnY,2800,20,19,0.95,2481.01,2400,0
WJnY,3000,23,23,1.0,2481.01,2400,0
WJnY,3200,9,8,0.8889,2481.01,2400,0
WJnY,3400,7,7,1.0,2481.01,2400,0
WRKWRK,800,20,20,1.0,1802.52,1800,0
WRKWRK,1000,11,11,1.0,1802.52,1800,0
WRKWRK,1200,10,10,1.0,1802.52,1800,0
WRKWRK,1400,5,5,1.0,1802.52,1800,0
WRKWRK,1600,9,9,1.0,1802.52,1800,0
WRKWRK,1800,19,18,0.9474,1802.52,1800,1
WRKWRK,2000,5,5,1.0,1802.52,1800,0
WRKWRK,2200,7,7,1.0,1802.52,1800,0
WRKWRK,2400,12,11,0.9167,1802.52,1800,0
WRKWRK,2600,10,9,0.9,1802.52,1800,0
WRKWRK,2800,10,9,0.9,1802.52,1800,0
WRKWRK,3000,3,3,1.0,1802.52,1800,0
WRKWRK,3200,2,1,0.5,1802.52,1800,0
WRKWRK,3400,1,1,1.0,1802.52,1800,0
Wael_Zaiback,800,548,544,0.9927,1664.37,1600,0
Wael_Zaiback,1000,230,228,0.9913,1664.37,1600,0
Wael_Zaiback,1200,263,261,0.9924,1664.37,1600,0
Wael_Zaiback,1400,275,266,0.9673,1664.37,1600,0
Wael_Zaiback,1600,295,287,0.9729,1664.37,1600,1
Wael_Zaiback,1800,284,278,0.9789,1664.37,1600,0
Wael_Zaiback,2000,266,261,0.9812,1664.37,1600,0
Wael_Zaiback,2200,236,232,0.9831,1664.37,1600,0
Wael_Zaiback,2400,227,225,0.9912,1664.37,1600,0
Wael_Zaiback,2600,140,136,0.9714,1664.37,1600,0
Wael_Zaiback,2800,83,80,0.9639,1664.37,1600,0
Wael_Zaiback,3000,41,37,0.9024,1664.37,1600,0
Wael_Zaiback,3200,11,11,1.0,1664.37,1600,0
Wael_Zaiback,3400,3,3,1.0,1664.37,1600,0
WannaWalnut,800,192,191,0.9948,1543.57,1400,0
WannaWalnut,1000,83,82,0.988,1543.57,1400,0
WannaWalnut,1200,100,100,1.0,1543.57,1400,0
WannaWalnut,1400,94,93,0.9894,1543.57,1400,1
WannaWalnut,1600,94,87,0.9255,1543.57,1400,0
WannaWalnut,1800,122,117,0.959,1543.57,1400,0
WannaWalnut,2000,92,86,0.9348,1543.57,1400,0
WannaWalnut,2200,79,73,0.9241,1543.57,1400,0
WannaWalnut,2400,53,48,0.9057,1543.57,1400,0
WannaWalnut,2600,17,15,0.8824,1543.57,1400,0
WannaWalnut,2800,6,5,0.8333,1543.57,1400,0
WannaWalnut,3000,4,4,1.0,1543.57,1400,0
WannaWalnut,3200,1,1,1.0,1543.57,1400,0
Wansur,800,544,541,0.9945,1561.53,1400,0
Wansur,1000,249,246,0.988,1561.53,1400,0
Wansur,1200,289,277,0.9585,1561.53,1400,0
Wansur,1400,264,257,0.9735,1561.53,1400,1
Wansur,1600,284,276,0.9718,1561.53,1400,0
Wansur,1800,255,241,0.9451,1561.53,1400,0
Wansur,2000,188,175,0.9309,1561.53,1400,0
Wansur,2200,172,158,0.9186,1561.53,1400,0
Wansur,2400,192,183,0.9531,1561.53,1400,0
Wansur,2600,97,87,0.8969,1561.53,1400,0
Wansur,2800,45,39,0.8667,1561.53,1400,0
Wansur,3000,23,23,1.0,1561.53,1400,0
Wansur,3200,6,6,1.0,1561.53,1400,0
Wansur,3400,3,2,0.6667,1561.53,1400,0
WansurMyKing667,800,170,165,0.9706,1604.86,1600,0
WansurMyKing667,1000,78,68,0.8718,1604.86,1600,0
WansurMyKing667,1200,71,62,0.8732,1604.86,1600,0
WansurMyKing667,1400,66,56,0.8485,1604.86,1600,0
WansurMyKing667,1600,75,57,0.76,1604.86,1600,1
WansurMyKing667,1800,104,77,0.7404,1604.86,1600,0
WansurMyKing667,2000,102,80,0.7843,1604.86,1600,0
WansurMyKing667,2200,102,87,0.8529,1604.86,1600,0
WansurMyKing667,2400,63,56,0.8889,1604.86,1600,0
WansurMyKing667,2600,24,18,0.75,1604.86,1600,0
WansurMyKing667,2800,14,12,0.8571,1604.86,1600,0
WansurMyKing667,3000,4,3,0.75,1604.86,1600,0
Washburn,800,18,18,1.0,1420.97,1400,0
Washburn,1000,7,7,1.0,1420.97,1400,0
Washburn,1200,8,8,1.0,1420.97,1400,0
Washburn,1400,4,4,1.0,1420.97,1400,1
Washburn,1600,6,6,1.0,1420.97,1400,0
Washburn,1800,6,6,1.0,1420.97,1400,0
Washburn,2000,7,7,1.0,1420.97,1400,0
Washburn,2200,5,4,0.8,1420.97,1400,0
Washburn,2600,3,2,0.6667,1420.97,1400,0
Watersphere,800,110,109,0.9909,1634.63,1600,0
Watersphere,1000,46,43,0.9348,1634.63,1600,0
Watersphere,1200,60,59,0.9833,1634.63,1600,0
Watersphere,1400,45,43,0.9556,1634.63,1600,0
Watersphere,1600,59,54,0.9153,1634.63,1600,1
Watersphere,1800,67,62,0.9254,1634.63,1600,0
Watersphere,2000,41,34,0.8293,1634.63,1600,0
Watersphere,2200,32,27,0.8438,1634.63,1600,0
Watersphere,2400,26,22,0.8462,1634.63,1600,0
Watersphere,2600,25,17,0.68,1634.63,1600,0
Watersphere,2800,23,19,0.8261,1634.63,1600,0
Watersphere,3000,8,8,1.0,1634.63,1600,0
Watersphere,3200,10,9,0.9,1634.63,1600,0
Watersphere,3400,8,8,1.0,1634.63,1600,0
Wawi,800,322,322,1.0,1412.45,1400,0
Wawi,1000,150,150,1.0,1412.45,1400,0
Wawi,1200,143,143,1.0,1412.45,1400,0
Wawi,1400,129,129,1.0,1412.45,1400,1
Wawi,1600,126,126,1.0,1412.45,1400,0
Wawi,1800,104,104,1.0,1412.45,1400,0
Wawi,2000,74,74,1.0,1412.45,1400,0
Wawi,2200,53,53,1.0,1412.45,1400,0
Wawi,2400,44,44,1.0,1412.45,1400,0
Wawi,2600,15,15,1.0,1412.45,1400,0
Wawi,2800,9,9,1.0,1412.45,1400,0
Wawi,3000,6,6,1.0,1412.45,1400,0
Wawi,3200,3,3,1.0,1412.45,1400,0
Wawi,3400,3,3,1.0,1412.45,1400,0
Weiqu0852,800,12,12,1.0,1677.05,1600,0
Weiqu0852,1000,3,3,1.0,1677.05,1600,0
Weiqu0852,1200,10,10,1.0,1677.05,1600,0
Weiqu0852,1400,3,3,1.0,1677.05,1600,0
Weiqu0852,1600,3,3,1.0,1677.05,1600,1
Weiqu0852,1800,7,7,1.0,1677.05,1600,0
Weiqu0852,2000,7,7,1.0,1677.05,1600,0
Weiqu0852,2200,5,4,0.8,1677.05,1600,0
Weiqu0852,2400,8,8,1.0,1677.05,1600,0
Weiqu0852,2600,2,2,1.0,1677.05,1600,0
Weiqu0852,2800,4,1,0.25,1677.05,1600,0
Weiqu0852,3200,1,1,1.0,1677.05,1600,0
Weiqu0852,3400,1,0,0.0,1677.05,1600,0
WeirdoAru,800,45,45,1.0,1296.55,1200,0
WeirdoAru,1000,18,18,1.0,1296.55,1200,0
WeirdoAru,1200,25,25,1.0,1296.55,1200,1
WeirdoAru,1400,14,13,0.9286,1296.55,1200,0
WeirdoAru,1600,16,14,0.875,1296.55,1200,0
WeirdoAru,1800,19,18,0.9474,1296.55,1200,0
WeirdoAru,2000,11,8,0.7273,1296.55,1200,0
WeirdoAru,2200,8,3,0.375,1296.55,1200,0
WeirdoAru,2400,3,1,0.3333,1296.55,1200,0
WeirdoAru,2600,1,0,0.0,1296.55,1200,0
Welcome24ever,800,281,280,0.9964,1354.93,1200,0
Welcome24ever,1000,107,104,0.972,1354.93,1200,0
Welcome24ever,1200,124,118,0.9516,1354.93,1200,1
Welcome24ever,1400,80,75,0.9375,1354.93,1200,0
Welcome24ever,1600,112,102,0.9107,1354.93,1200,0
Welcome24ever,1800,87,81,0.931,1354.93,1200,0
Welcome24ever,2000,67,61,0.9104,1354.93,1200,0
Welcome24ever,2200,43,40,0.9302,1354.93,1200,0
Welcome24ever,2400,18,17,0.9444,1354.93,1200,0
Welcome24ever,2600,7,7,1.0,1354.93,1200,0
Welcome24ever,2800,7,6,0.8571,1354.93,1200,0
Welcome24ever,3000,1,1,1.0,1354.93,1200,0
Windowsredstone,800,42,42,1.0,1441.92,1400,0
Windowsredstone,1000,23,23,1.0,1441.92,1400,0
Windowsredstone,1200,34,33,0.9706,1441.92,1400,0
Windowsredstone,1400,21,20,0.9524,1441.92,1400,1
Windowsredstone,1600,21,19,0.9048,1441.92,1400,0
Windowsredstone,1800,28,24,0.8571,1441.92,1400,0
Windowsredstone,2000,23,19,0.8261,1441.92,1400,0
Windowsredstone,2200,15,10,0.6667,1441.92,1400,0
Windowsredstone,2400,7,5,0.7143,1441.92,1400,0
Windowsredstone,2600,3,3,1.0,1441.92,1400,0
Wobert,800,181,180,0.9945,1681.29,1600,0
Wobert,1000,80,80,1.0,1681.29,1600,0
Wobert,1200,106,105,0.9906,1681.29,1600,0
Wobert,1400,81,81,1.0,1681.29,1600,0
Wobert,1600,111,111,1.0,1681.29,1600,1
Wobert,1800,123,123,1.0,1681.29,1600,0
Wobert,2000,116,114,0.9828,1681.29,1600,0
Wobert,2200,102,101,0.9902,1681.29,1600,0
Wobert,2400,114,110,0.9649,1681.29,1600,0
Wobert,2600,36,35,0.9722,1681.29,1600,0
Wobert,2800,22,20,0.9091,1681.29,1600,0
Wobert,3000,6,6,1.0,1681.29,1600,0
Wobert,3200,3,3,1.0,1681.29,1600,0
Wonder_boy,800,95,93,0.9789,1095.12,1000,0
Wonder_boy,1000,44,40,0.9091,1095.12,1000,1
Wonder_boy,1200,40,37,0.925,1095.12,1000,0
Wonder_boy,1400,15,13,0.8667,1095.12,1000,0
Wonder_boy,1600,9,7,0.7778,1095.12,1000,0
Wonder_boy,1800,11,10,0.9091,1095.12,1000,0
Wonder_boy,2000,3,1,0.3333,1095.12,1000,0
Wonder_boy,2200,1,1,1.0,1095.12,1000,0
Wonder_boy,2400,2,2,1.0,1095.12,1000,0
Wonder_boy,2800,1,1,1.0,1095.12,1000,0
XVIII,800,29,29,1.0,1929.14,1800,0
XVIII,1000,13,13,1.0,1929.14,1800,0
XVIII,1200,15,15,1.0,1929.14,1800,0
XVIII,1400,10,10,1.0,1929.14,1800,0
XVIII,1600,7,7,1.0,1929.14,1800,0
XVIII,1800,18,17,0.9444,1929.14,1800,1
XVIII,2000,14,14,1.0,1929.14,1800,0
XVIII,2200,11,11,1.0,1929.14,1800,0
XVIII,2400,15,15,1.0,1929.14,1800,0
XVIII,2600,8,8,1.0,1929.14,1800,0
XVIII,2800,16,16,1.0,1929.14,1800,0
XVIII,3000,5,5,1.0,1929.14,1800,0
XVIII,3200,4,4,1.0,1929.14,1800,0
XVIII,3400,13,11,0.8462,1929.14,1800,0
Xellos,800,206,206,1.0,1967.12,1800,0
Xellos,1000,150,149,0.9933,1967.12,1800,0
Xellos,1200,186,186,1.0,1967.12,1800,0
Xellos,1400,207,205,0.9903,1967.12,1800,0
Xellos,1600,238,237,0.9958,1967.12,1800,0
Xellos,1800,217,214,0.9862,1967.12,1800,1
Xellos,2000,218,212,0.9725,1967.12,1800,0
Xellos,2200,170,165,0.9706,1967.12,1800,0
Xellos,2400,189,183,0.9683,1967.12,1800,0
Xellos,2600,136,131,0.9632,1967.12,1800,0
Xellos,2800,116,108,0.931,1967.12,1800,0
Xellos,3000,104,100,0.9615,1967.12,1800,0
Xellos,3200,104,100,0.9615,1967.12,1800,0
Xellos,3400,97,91,0.9381,1967.12,1800,0
Xerxes,800,160,158,0.9875,1376.95,1200,0
Xerxes,1000,132,126,0.9545,1376.95,1200,0
Xerxes,1200,138,127,0.9203,1376.95,1200,1
Xerxes,1400,113,94,0.8319,1376.95,1200,0
Xerxes,1600,101,83,0.8218,1376.95,1200,0
Xerxes,1800,79,54,0.6835,1376.95,1200,0
Xerxes,2000,53,42,0.7925,1376.95,1200,0
Xerxes,2200,38,24,0.6316,1376.95,1200,0
Xerxes,2400,25,19,0.76,1376.95,1200,0
Xerxes,2600,15,7,0.4667,1376.95,1200,0
Xerxes,2800,10,6,0.6,1376.95,1200,0
Xerxes,3000,6,2,0.3333,1376.95,1200,0
Xerxes,3200,2,0,0.0,1376.95,1200,0
XiaY,800,96,95,0.9896,2027.41,2000,0
XiaY,1000,26,26,1.0,2027.41,2000,0
XiaY,1200,30,29,0.9667,2027.41,2000,0
XiaY,1400,26,26,1.0,2027.41,2000,0
XiaY,1600,218,213,0.9771,2027.41,2000,0
XiaY,1800,99,94,0.9495,2027.41,2000,0
XiaY,2000,78,75,0.9615,2027.41,2000,1
XiaY,2200,175,168,0.96,2027.41,2000,0
XiaY,2400,226,218,0.9646,2027.41,2000,0
XiaY,2600,144,136,0.9444,2027.41,2000,0
XiaY,2800,36,33,0.9167,2027.41,2000,0
XiaY,3000,15,15,1.0,2027.41,2000,0
XiaY,3200,11,11,1.0,2027.41,2000,0
XiaY,3400,4,3,0.75,2027.41,2000,0
XiangXunyi,800,36,36,1.0,1801.99,1800,0
XiangXunyi,1000,17,17,1.0,1801.99,1800,0
XiangXunyi,1200,28,27,0.9643,1801.99,1800,0
XiangXunyi,1400,23,22,0.9565,1801.99,1800,0
XiangXunyi,1600,31,30,0.9677,1801.99,1800,0
XiangXunyi,1800,42,39,0.9286,1801.99,1800,1
XiangXunyi,2000,36,34,0.9444,1801.99,1800,0
XiangXunyi,2200,39,37,0.9487,1801.99,1800,0
XiangXunyi,2400,37,32,0.8649,1801.99,1800,0
XiangXunyi,2600,20,19,0.95,1801.99,1800,0
XiangXunyi,2800,7,5,0.7143,1801.99,1800,0
XiangXunyi,3000,4,3,0.75,1801.99,1800,0
XiangXunyi,3200,1,1,1.0,1801.99,1800,0
XiangXunyi,3400,1,0,0.0,1801.99,1800,0
XorGhost,800,191,191,1.0,1013.0,1000,0
XorGhost,1000,146,146,1.0,1013.0,1000,1
XorGhost,1200,12,12,1.0,1013.0,1000,0
XorGhost,1400,5,5,1.0,1013.0,1000,0
XorGhost,1600,6,5,0.8333,1013.0,1000,0
XorGhost,1800,5,5,1.0,1013.0,1000,0
XorGhost,2000,6,6,1.0,1013.0,1000,0
XorGhost,2200,5,3,0.6,1013.0,1000,0
XorGhost,2400,3,3,1.0,1013.0,1000,0
XorGhost,2600,1,1,1.0,1013.0,1000,0
Xylenox,800,285,278,0.9754,1654.88,1600,0
Xylenox,1000,146,142,0.9726,1654.88,1600,0
Xylenox,1200,181,179,0.989,1654.88,1600,0
Xylenox,1400,184,180,0.9783,1654.88,1600,0
Xylenox,1600,197,191,0.9695,1654.88,1600,1
Xylenox,1800,188,180,0.9574,1654.88,1600,0
Xylenox,2000,154,143,0.9286,1654.88,1600,0
Xylenox,2200,142,124,0.8732,1654.88,1600,0
Xylenox,2400,118,104,0.8814,1654.88,1600,0
Xylenox,2600,77,60,0.7792,1654.88,1600,0
Xylenox,2800,51,43,0.8431,1654.88,1600,0
Xylenox,3000,37,26,0.7027,1654.88,1600,0
Xylenox,3200,17,8,0.4706,1654.88,1600,0
Xylenox,3400,21,13,0.619,1654.88,1600,0
YLF_Cat,800,26,26,1.0,1490.29,1400,0
YLF_Cat,1000,10,10,1.0,1490.29,1400,0
YLF_Cat,1200,12,11,0.9167,1490.29,1400,0
YLF_Cat,1400,13,13,1.0,1490.29,1400,1
YLF_Cat,1600,10,8,0.8,1490.29,1400,0
YLF_Cat,1800,12,12,1.0,1490.29,1400,0
YLF_Cat,2000,11,9,0.8182,1490.29,1400,0
YLF_Cat,2200,7,4,0.5714,1490.29,1400,0
YLF_Cat,2400,11,5,0.4545,1490.29,1400,0
YLF_Cat,2800,5,5,1.0,1490.29,1400,0
YLF_Cat,3000,1,0,0.0,1490.29,1400,0
Yagnik_Dhameliya,800,389,389,1.0,1278.07,1200,0
Yagnik_Dhameliya,1000,159,157,0.9874,1278.07,1200,0
Yagnik_Dhameliya,1200,159,159,1.0,1278.07,1200,1
Yagnik_Dhameliya,1400,128,126,0.9844,1278.07,1200,0
Yagnik_Dhameliya,1600,110,108,0.9818,1278.07,1200,0
Yagnik_Dhameliya,1800,111,105,0.9459,1278.07,1200,0
Yagnik_Dhameliya,2000,54,47,0.8704,1278.07,1200,0
Yagnik_Dhameliya,2200,38,34,0.8947,1278.07,1200,0
Yagnik_Dhameliya,2400,22,17,0.7727,1278.07,1200,0
Yagnik_Dhameliya,2600,6,6,1.0,1278.07,1200,0
Yagnik_Dhameliya,2800,1,0,0.0,1278.07,1200,0
Yagnik_Dhameliya,3000,1,1,1.0,1278.07,1200,0
Yaimsea,800,254,254,1.0,1534.47,1400,0
Yaimsea,1000,112,110,0.9821,1534.47,1400,0
Yaimsea,1200,133,133,1.0,1534.47,1400,0
Yaimsea,1400,114,114,1.0,1534.47,1400,1
Yaimsea,1600,115,114,0.9913,1534.47,1400,0
Yaimsea,1800,134,134,1.0,1534.47,1400,0
Yaimsea,2000,130,128,0.9846,1534.47,1400,0
Yaimsea,2200,107,102,0.9533,1534.47,1400,0
Yaimsea,2400,71,66,0.9296,1534.47,1400,0
Yaimsea,2600,18,17,0.9444,1534.47,1400,0
Yaimsea,2800,6,5,0.8333,1534.47,1400,0
Yaimsea,3000,1,0,0.0,1534.47,1400,0
Yaimsea,3200,1,1,1.0,1534.47,1400,0
YeoBL,800,168,167,0.994,1435.09,1400,0
YeoBL,1000,83,79,0.9518,1435.09,1400,0
YeoBL,1200,83,79,0.9518,1435.09,1400,0
YeoBL,1400,51,49,0.9608,1435.09,1400,1
YeoBL,1600,56,54,0.9643,1435.09,1400,0
YeoBL,1800,89,84,0.9438,1435.09,1400,0
YeoBL,2000,73,67,0.9178,1435.09,1400,0
YeoBL,2200,53,49,0.9245,1435.09,1400,0
YeoBL,2400,21,16,0.7619,1435.09,1400,0
YeoBL,2600,4,3,0.75,1435.09,1400,0
YeoBL,3000,1,0,0.0,1435.09,1400,0
YeoBL,3400,1,0,0.0,1435.09,1400,0
YipChip,800,92,92,1.0,1575.0,1400,0
YipChip,1000,35,35,1.0,1575.0,1400,0
YipChip,1200,45,45,1.0,1575.0,1400,0
YipChip,1400,46,46,1.0,1575.0,1400,1
YipChip,1600,40,40,1.0,1575.0,1400,0
YipChip,1800,55,50,0.9091,1575.0,1400,0
YipChip,2000,39,38,0.9744,1575.0,1400,0
YipChip,2200,40,39,0.975,1575.0,1400,0
YipChip,2400,25,25,1.0,1575.0,1400,0
YipChip,2600,16,15,0.9375,1575.0,1400,0
YipChip,2800,7,5,0.7143,1575.0,1400,0
YipChip,3000,2,2,1.0,1575.0,1400,0
YipChip,3400,1,0,0.0,1575.0,1400,0
YoshinoTomotake,800,155,154,0.9935,1594.49,1400,0
YoshinoTomotake,1000,100,100,1.0,1594.49,1400,0
YoshinoTomotake,1200,88,86,0.9773,1594.49,1400,0
YoshinoTomotake,1400,108,104,0.963,1594.49,1400,1
YoshinoTomotake,1600,116,114,0.9828,1594.49,1400,0
YoshinoTomotake,1800,111,108,0.973,1594.49,1400,0
YoshinoTomotake,2000,89,85,0.9551,1594.49,1400,0
YoshinoTomotake,2200,76,75,0.9868,1594.49,1400,0
YoshinoTomotake,2400,65,63,0.9692,1594.49,1400,0
YoshinoTomotake,2600,18,17,0.9444,1594.49,1400,0
YoshinoTomotake,2800,10,10,1.0,1594.49,1400,0
YoshinoTomotake,3000,7,7,1.0,1594.49,1400,0
YoshinoTomotake,3200,2,2,1.0,1594.49,1400,0
Yoyoyo8128,800,13,13,1.0,1453.57,1400,0
Yoyoyo8128,1000,9,8,0.8889,1453.57,1400,0
Yoyoyo8128,1200,5,5,1.0,1453.57,1400,0
Yoyoyo8128,1400,5,5,1.0,1453.57,1400,1
Yoyoyo8128,1600,8,8,1.0,1453.57,1400,0
Yoyoyo8128,1800,5,5,1.0,1453.57,1400,0
Yoyoyo8128,2000,7,7,1.0,1453.57,1400,0
Yoyoyo8128,2200,3,3,1.0,1453.57,1400,0
Yoyoyo8128,2400,2,2,1.0,1453.57,1400,0
Yoyoyo8128,3000,1,0,0.0,1453.57,1400,0
YuukiS,800,267,264,0.9888,1759.72,1600,0
YuukiS,1000,115,115,1.0,1759.72,1600,0
YuukiS,1200,157,156,0.9936,1759.72,1600,0
YuukiS,1400,113,113,1.0,1759.72,1600,0
YuukiS,1600,117,117,1.0,1759.72,1600,1
YuukiS,1800,162,159,0.9815,1759.72,1600,0
YuukiS,2000,120,120,1.0,1759.72,1600,0
YuukiS,2200,153,152,0.9935,1759.72,1600,0
YuukiS,2400,160,151,0.9438,1759.72,1600,0
YuukiS,2600,131,120,0.916,1759.72,1600,0
YuukiS,2800,68,60,0.8824,1759.72,1600,0
YuukiS,3000,33,25,0.7576,1759.72,1600,0
YuukiS,3200,18,15,0.8333,1759.72,1600,0
YuukiS,3400,4,2,0.5,1759.72,1600,0
ZPAYAUR,800,16,16,1.0,2174.46,2000,0
ZPAYAUR,1000,11,11,1.0,2174.46,2000,0
ZPAYAUR,1200,18,18,1.0,2174.46,2000,0
ZPAYAUR,1400,13,13,1.0,2174.46,2000,0
ZPAYAUR,1600,15,15,1.0,2174.46,2000,0
ZPAYAUR,1800,22,20,0.9091,2174.46,2000,0
ZPAYAUR,2000,15,15,1.0,2174.46,2000,1
ZPAYAUR,2200,17,15,0.8824,2174.46,2000,0
ZPAYAUR,2400,19,17,0.8947,2174.46,2000,0
ZPAYAUR,2600,16,16,1.0,2174.46,2000,0
ZPAYAUR,2800,39,38,0.9744,2174.46,2000,0
ZPAYAUR,3000,21,20,0.9524,2174.46,2000,0
ZPAYAUR,3200,14,14,1.0,2174.46,2000,0
ZPAYAUR,3400,3,3,1.0,2174.46,2000,0
Z_actuary,800,112,112,1.0,1473.73,1400,0
Z_actuary,1000,59,59,1.0,1473.73,1400,0
Z_actuary,1200,52,52,1.0,1473.73,1400,0
Z_actuary,1400,53,53,1.0,1473.73,1400,1
Z_actuary,1600,45,44,0.9778,1473.73,1400,0
Z_actuary,1800,51,49,0.9608,1473.73,1400,0
Z_actuary,2000,37,35,0.9459,1473.73,1400,0
Z_actuary,2200,31,28,0.9032,1473.73,1400,0
Z_actuary,2400,29,22,0.7586,1473.73,1400,0
Z_actuary,2600,18,15,0.8333,1473.73,1400,0
Z_actuary,2800,4,3,0.75,1473.73,1400,0
Zanite,800,137,135,0.9854,1681.16,1600,0
Zanite,1000,78,76,0.9744,1681.16,1600,0
Zanite,1200,79,78,0.9873,1681.16,1600,0
Zanite,1400,66,65,0.9848,1681.16,1600,0
Zanite,1600,91,91,1.0,1681.16,1600,1
Zanite,1800,95,93,0.9789,1681.16,1600,0
Zanite,2000,93,93,1.0,1681.16,1600,0
Zanite,2200,79,78,0.9873,1681.16,1600,0
Zanite,2400,76,73,0.9605,1681.16,1600,0
Zanite,2600,42,38,0.9048,1681.16,1600,0
Zanite,2800,15,13,0.8667,1681.16,1600,0
Zanite,3000,8,8,1.0,1681.16,1600,0
Zanite,3200,6,3,0.5,1681.16,1600,0
Zanite,3400,2,0,0.0,1681.16,1600,0
Zheng_iii,800,303,301,0.9934,1590.08,1400,0
Zheng_iii,1000,124,121,0.9758,1590.08,1400,0
Zheng_iii,1200,111,106,0.955,1590.08,1400,0
Zheng_iii,1400,88,86,0.9773,1590.08,1400,1
Zheng_iii,1600,117,114,0.9744,1590.08,1400,0
Zheng_iii,1800,131,127,0.9695,1590.08,1400,0
Zheng_iii,2000,88,85,0.9659,1590.08,1400,0
Zheng_iii,2200,80,77,0.9625,1590.08,1400,0
Zheng_iii,2400,98,93,0.949,1590.08,1400,0
Zheng_iii,2600,52,50,0.9615,1590.08,1400,0
Zheng_iii,2800,29,29,1.0,1590.08,1400,0
Zheng_iii,3000,24,21,0.875,1590.08,1400,0
Zheng_iii,3200,8,7,0.875,1590.08,1400,0
Zheng_iii,3400,3,3,1.0,1590.08,1400,0
Zhou_Hang,800,28,26,0.9286,1532.43,1400,0
Zhou_Hang,1000,14,14,1.0,1532.43,1400,0
Zhou_Hang,1200,12,12,1.0,1532.43,1400,0
Zhou_Hang,1400,12,11,0.9167,1532.43,1400,1
Zhou_Hang,1600,12,12,1.0,1532.43,1400,0
Zhou_Hang,1800,10,7,0.7,1532.43,1400,0
Zhou_Hang,2000,10,6,0.6,1532.43,1400,0
Zhou_Hang,2200,9,8,0.8889,1532.43,1400,0
Zhou_Hang,2400,6,5,0.8333,1532.43,1400,0
Zhou_Hang,2600,9,5,0.5556,1532.43,1400,0
Zhou_Hang,2800,2,2,1.0,1532.43,1400,0
Zhou_Hang,3000,2,1,0.5,1532.43,1400,0
Zhou_Hang,3200,2,2,1.0,1532.43,1400,0
Zhou_Hang,3400,2,0,0.0,1532.43,1400,0
Zhouershan,800,51,51,1.0,2336.96,2200,0
Zhouershan,1000,28,28,1.0,2336.96,2200,0
Zhouershan,1200,30,30,1.0,2336.96,2200,0
Zhouershan,1400,27,26,0.963,2336.96,2200,0
Zhouershan,1600,40,40,1.0,2336.96,2200,0
Zhouershan,1800,51,51,1.0,2336.96,2200,0
Zhouershan,2000,73,70,0.9589,2336.96,2200,0
Zhouershan,2200,101,99,0.9802,2336.96,2200,1
Zhouershan,2400,233,229,0.9828,2336.96,2200,0
Zhouershan,2600,159,155,0.9748,2336.96,2200,0
Zhouershan,2800,87,84,0.9655,2336.96,2200,0
Zhouershan,3000,71,69,0.9718,2336.96,2200,0
Zhouershan,3200,47,46,0.9787,2336.96,2200,0
Zhouershan,3400,35,34,0.9714,2336.96,2200,0
Zicrus,800,85,85,1.0,1694.0,1600,0
Zicrus,1000,35,35,1.0,1694.0,1600,0
Zicrus,1200,43,42,0.9767,1694.0,1600,0
Zicrus,1400,35,35,1.0,1694.0,1600,0
Zicrus,1600,39,38,0.9744,1694.0,1600,1
Zicrus,1800,40,37,0.925,1694.0,1600,0
Zicrus,2000,42,41,0.9762,1694.0,1600,0
Zicrus,2200,35,27,0.7714,1694.0,1600,0
Zicrus,2400,45,45,1.0,1694.0,1600,0
Zicrus,2600,20,18,0.9,1694.0,1600,0
Zicrus,2800,17,16,0.9412,1694.0,1600,0
Zicrus,3000,12,10,0.8333,1694.0,1600,0
Zicrus,3200,2,1,0.5,1694.0,1600,0
Zicrus,3400,4,3,0.75,1694.0,1600,0
Zzhuxia,800,159,158,0.9937,1471.65,1400,0
Zzhuxia,1000,75,74,0.9867,1471.65,1400,0
Zzhuxia,1200,68,64,0.9412,1471.65,1400,0
Zzhuxia,1400,72,63,0.875,1471.65,1400,1
Zzhuxia,1600,72,65,0.9028,1471.65,1400,0
Zzhuxia,1800,83,76,0.9157,1471.65,1400,0
Zzhuxia,2000,72,64,0.8889,1471.65,1400,0
Zzhuxia,2200,54,51,0.9444,1471.65,1400,0
Zzhuxia,2400,27,25,0.9259,1471.65,1400,0
Zzhuxia,2600,10,8,0.8,1471.65,1400,0
Zzhuxia,2800,1,1,1.0,1471.65,1400,0
_Diu_,800,44,44,1.0,2288.52,2200,0
_Diu_,1000,20,20,1.0,2288.52,2200,0
_Diu_,1200,33,33,1.0,2288.52,2200,0
_Diu_,1400,17,17,1.0,2288.52,2200,0
_Diu_,1600,30,28,0.9333,2288.52,2200,0
_Diu_,1800,29,28,0.9655,2288.52,2200,0
_Diu_,2000,33,32,0.9697,2288.52,2200,0
_Diu_,2200,38,37,0.9737,2288.52,2200,1
_Diu_,2400,53,50,0.9434,2288.52,2200,0
_Diu_,2600,48,48,1.0,2288.52,2200,0
_Diu_,2800,46,42,0.913,2288.52,2200,0
_Diu_,3000,56,51,0.9107,2288.52,2200,0
_Diu_,3200,50,49,0.98,2288.52,2200,0
_Diu_,3400,37,35,0.9459,2288.52,2200,0
_LeMur_,800,531,526,0.9906,1621.82,1600,0
_LeMur_,1000,330,327,0.9909,1621.82,1600,0
_LeMur_,1200,366,351,0.959,1621.82,1600,0
_LeMur_,1400,379,354,0.934,1621.82,1600,0
_LeMur_,1600,400,354,0.885,1621.82,1600,1
_LeMur_,1800,395,347,0.8785,1621.82,1600,0
_LeMur_,2000,337,287,0.8516,1621.82,1600,0
_LeMur_,2200,270,217,0.8037,1621.82,1600,0
_LeMur_,2400,342,291,0.8509,1621.82,1600,0
_LeMur_,2600,141,104,0.7376,1621.82,1600,0
_LeMur_,2800,71,53,0.7465,1621.82,1600,0
_LeMur_,3000,23,18,0.7826,1621.82,1600,0
_LeMur_,3200,11,7,0.6364,1621.82,1600,0
_LeMur_,3400,7,4,0.5714,1621.82,1600,0
_MCYYDS_,800,11,10,0.9091,1572.5,1400,0
_MCYYDS_,1000,4,4,1.0,1572.5,1400,0
_MCYYDS_,1200,1,1,1.0,1572.5,1400,0
_MCYYDS_,1400,3,3,1.0,1572.5,1400,1
_MCYYDS_,1600,9,7,0.7778,1572.5,1400,0
_MCYYDS_,1800,5,3,0.6,1572.5,1400,0
_MCYYDS_,2000,4,4,1.0,1572.5,1400,0
_MCYYDS_,2200,3,3,1.0,1572.5,1400,0
_MCYYDS_,2400,3,2,0.6667,1572.5,1400,0
_MCYYDS_,2600,3,2,0.6667,1572.5,1400,0
_MCYYDS_,3000,2,1,0.5,1572.5,1400,0
_Maikyou_,800,65,65,1.0,1254.8,1200,0
_Maikyou_,1000,26,26,1.0,1254.8,1200,0
_Maikyou_,1200,23,23,1.0,1254.8,1200,1
_Maikyou_,1400,16,16,1.0,1254.8,1200,0
_Maikyou_,1600,17,17,1.0,1254.8,1200,0
_Maikyou_,1800,14,14,1.0,1254.8,1200,0
_Maikyou_,2000,7,7,1.0,1254.8,1200,0
_Maikyou_,2200,5,5,1.0,1254.8,1200,0
_Maikyou_,2400,3,3,1.0,1254.8,1200,0
_Maikyou_,2600,1,1,1.0,1254.8,1200,0
_______________________,800,75,70,0.9333,1313.27,1200,0
_______________________,1000,31,31,1.0,1313.27,1200,0
_______________________,1200,29,29,1.0,1313.27,1200,1
_______________________,1400,31,30,0.9677,1313.27,1200,0
_______________________,1600,18,18,1.0,1313.27,1200,0
_______________________,1800,27,24,0.8889,1313.27,1200,0
_______________________,2000,15,13,0.8667,1313.27,1200,0
_______________________,2200,8,6,0.75,1313.27,1200,0
_______________________,2400,4,4,1.0,1313.27,1200,0
_______________________,2600,2,1,0.5,1313.27,1200,0
__baozii__,800,263,260,0.9886,1729.02,1600,0
__baozii__,1000,125,123,0.984,1729.02,1600,0
__baozii__,1200,130,128,0.9846,1729.02,1600,0
__baozii__,1400,132,126,0.9545,1729.02,1600,0
__baozii__,1600,140,138,0.9857,1729.02,1600,1
__baozii__,1800,177,170,0.9605,1729.02,1600,0
__baozii__,2000,211,201,0.9526,1729.02,1600,0
__baozii__,2200,183,171,0.9344,1729.02,1600,0
__baozii__,2400,176,174,0.9886,1729.02,1600,0
__baozii__,2600,62,61,0.9839,1729.02,1600,0
__baozii__,2800,28,27,0.9643,1729.02,1600,0
__baozii__,3000,19,16,0.8421,1729.02,1600,0
__baozii__,3200,12,10,0.8333,1729.02,1600,0
__baozii__,3400,6,4,0.6667,1729.02,1600,0
__jk__,800,561,546,0.9733,1425.35,1400,0
__jk__,1000,240,222,0.925,1425.35,1400,0
__jk__,1200,247,225,0.9109,1425.35,1400,0
__jk__,1400,271,250,0.9225,1425.35,1400,1
__jk__,1600,249,218,0.8755,1425.35,1400,0
__jk__,1800,202,177,0.8762,1425.35,1400,0
__jk__,2000,156,140,0.8974,1425.35,1400,0
__jk__,2200,107,93,0.8692,1425.35,1400,0
__jk__,2400,96,88,0.9167,1425.35,1400,0
__jk__,2600,35,31,0.8857,1425.35,1400,0
__jk__,2800,21,15,0.7143,1425.35,1400,0
__jk__,3000,7,5,0.7143,1425.35,1400,0
__jk__,3200,6,2,0.3333,1425.35,1400,0
__yingbao,800,22,22,1.0,1369.74,1200,0
__yingbao,1000,12,12,1.0,1369.74,1200,0
__yingbao,1200,9,9,1.0,1369.74,1200,1
__yingbao,1400,9,9,1.0,1369.74,1200,0
__yingbao,1600,4,4,1.0,1369.74,1200,0
__yingbao,1800,8,8,1.0,1369.74,1200,0
__yingbao,2000,4,4,1.0,1369.74,1200,0
__yingbao,2200,5,4,0.8,1369.74,1200,0
__yingbao,2400,2,2,1.0,1369.74,1200,0
__yingbao,2600,2,2,1.0,1369.74,1200,0
_annhien_ruby22,800,29,29,1.0,1654.89,1600,0
_annhien_ruby22,1000,12,12,1.0,1654.89,1600,0
_annhien_ruby22,1200,12,12,1.0,1654.89,1600,0
_annhien_ruby22,1400,10,10,1.0,1654.89,1600,0
_annhien_ruby22,1600,10,10,1.0,1654.89,1600,1
_annhien_ruby22,1800,14,14,1.0,1654.89,1600,0
_annhien_ruby22,2000,9,9,1.0,1654.89,1600,0
_annhien_ruby22,2200,16,16,1.0,1654.89,1600,0
_annhien_ruby22,2400,7,6,0.8571,1654.89,1600,0
_annhien_ruby22,2600,7,7,1.0,1654.89,1600,0
_annhien_ruby22,2800,4,4,1.0,1654.89,1600,0
_annhien_ruby22,3000,2,2,1.0,1654.89,1600,0
_annhien_ruby22,3200,1,1,1.0,1654.89,1600,0
_annhien_ruby22,3400,3,1,0.3333,1654.89,1600,0
_duskTempest,800,297,296,0.9966,1248.65,1200,0
_duskTempest,1000,121,120,0.9917,1248.65,1200,0
_duskTempest,1200,86,84,0.9767,1248.65,1200,1
_duskTempest,1400,69,66,0.9565,1248.65,1200,0
_duskTempest,1600,69,68,0.9855,1248.65,1200,0
_duskTempest,1800,59,59,1.0,1248.65,1200,0
_duskTempest,2000,41,40,0.9756,1248.65,1200,0
_duskTempest,2200,27,25,0.9259,1248.65,1200,0
_duskTempest,2400,13,12,0.9231,1248.65,1200,0
_duskTempest,2600,2,2,1.0,1248.65,1200,0
_duskTempest,2800,2,1,0.5,1248.65,1200,0
_duskTempest,3000,3,1,0.3333,1248.65,1200,0
_duskTempest,3400,1,1,1.0,1248.65,1200,0
_dusktrail,800,9,9,1.0,1913.22,1800,0
_dusktrail,1000,5,5,1.0,1913.22,1800,0
_dusktrail,1200,7,7,1.0,1913.22,1800,0
_dusktrail,1400,12,12,1.0,1913.22,1800,0
_dusktrail,1600,9,8,0.8889,1913.22,1800,0
_dusktrail,1800,20,19,0.95,1913.22,1800,1
_dusktrail,2000,14,11,0.7857,1913.22,1800,0
_dusktrail,2200,17,16,0.9412,1913.22,1800,0
_dusktrail,2400,21,21,1.0,1913.22,1800,0
_dusktrail,2600,10,9,0.9,1913.22,1800,0
_dusktrail,2800,5,3,0.6,1913.22,1800,0
_dusktrail,3000,3,1,0.3333,1913.22,1800,0
_dusktrail,3400,1,0,0.0,1913.22,1800,0
_luqyou_,800,211,204,0.9668,1684.76,1600,0
_luqyou_,1000,97,92,0.9485,1684.76,1600,0
_luqyou_,1200,87,76,0.8736,1684.76,1600,0
_luqyou_,1400,72,62,0.8611,1684.76,1600,0
_luqyou_,1600,81,71,0.8765,1684.76,1600,1
_luqyou_,1800,106,94,0.8868,1684.76,1600,0
_luqyou_,2000,94,82,0.8723,1684.76,1600,0
_luqyou_,2200,107,94,0.8785,1684.76,1600,0
_luqyou_,2400,108,101,0.9352,1684.76,1600,0
_luqyou_,2600,47,43,0.9149,1684.76,1600,0
_luqyou_,2800,29,24,0.8276,1684.76,1600,0
_luqyou_,3000,17,16,0.9412,1684.76,1600,0
_luqyou_,3200,9,9,1.0,1684.76,1600,0
_luqyou_,3400,3,3,1.0,1684.76,1600,0
_paper_,800,22,22,1.0,2193.67,2000,0
_paper_,1000,8,8,1.0,2193.67,2000,0
_paper_,1200,21,21,1.0,2193.67,2000,0
_paper_,1400,14,14,1.0,2193.67,2000,0
_paper_,1600,26,24,0.9231,2193.67,2000,0
_paper_,1800,25,21,0.84,2193.67,2000,0
_paper_,2000,27,26,0.963,2193.67,2000,1
_paper_,2200,36,33,0.9167,2193.67,2000,0
_paper_,2400,39,36,0.9231,2193.67,2000,0
_paper_,2600,35,33,0.9429,2193.67,2000,0
_paper_,2800,32,29,0.9062,2193.67,2000,0
_paper_,3000,24,24,1.0,2193.67,2000,0
_paper_,3200,15,14,0.9333,2193.67,2000,0
_paper_,3400,13,11,0.8462,2193.67,2000,0
_themezzala,800,42,42,1.0,1349.33,1200,0
_themezzala,1000,17,17,1.0,1349.33,1200,0
_themezzala,1200,24,24,1.0,1349.33,1200,1
_themezzala,1400,15,15,1.0,1349.33,1200,0
_themezzala,1600,18,18,1.0,1349.33,1200,0
_themezzala,1800,16,14,0.875,1349.33,1200,0
_themezzala,2000,15,13,0.8667,1349.33,1200,0
_themezzala,2200,7,7,1.0,1349.33,1200,0
_themezzala,2400,1,0,0.0,1349.33,1200,0
aaa_Pigeon2,800,21,21,1.0,1939.56,1800,0
aaa_Pigeon2,1000,14,14,1.0,1939.56,1800,0
aaa_Pigeon2,1200,15,15,1.0,1939.56,1800,0
aaa_Pigeon2,1400,7,7,1.0,1939.56,1800,0
aaa_Pigeon2,1600,10,10,1.0,1939.56,1800,0
aaa_Pigeon2,1800,19,18,0.9474,1939.56,1800,1
aaa_Pigeon2,2000,16,16,1.0,1939.56,1800,0
aaa_Pigeon2,2200,26,26,1.0,1939.56,1800,0
aaa_Pigeon2,2400,18,17,0.9444,1939.56,1800,0
aaa_Pigeon2,2600,12,12,1.0,1939.56,1800,0
aaa_Pigeon2,2800,12,12,1.0,1939.56,1800,0
aaa_Pigeon2,3000,9,9,1.0,1939.56,1800,0
aaa_Pigeon2,3200,5,5,1.0,1939.56,1800,0
aash8a9,800,196,191,0.9745,1355.52,1200,0
aash8a9,1000,96,92,0.9583,1355.52,1200,0
aash8a9,1200,116,112,0.9655,1355.52,1200,1
aash8a9,1400,86,82,0.9535,1355.52,1200,0
aash8a9,1600,85,79,0.9294,1355.52,1200,0
aash8a9,1800,77,73,0.9481,1355.52,1200,0
aash8a9,2000,64,62,0.9688,1355.52,1200,0
aash8a9,2200,31,25,0.8065,1355.52,1200,0
aash8a9,2400,9,6,0.6667,1355.52,1200,0
aash8a9,2600,2,0,0.0,1355.52,1200,0
aash8a9,2800,1,1,1.0,1355.52,1200,0
aash8a9,3400,1,1,1.0,1355.52,1200,0
aastik231205,800,301,299,0.9934,1469.59,1400,0
aastik231205,1000,125,121,0.968,1469.59,1400,0
aastik231205,1200,141,135,0.9574,1469.59,1400,0
aastik231205,1400,160,144,0.9,1469.59,1400,1
aastik231205,1600,168,155,0.9226,1469.59,1400,0
aastik231205,1800,172,155,0.9012,1469.59,1400,0
aastik231205,2000,144,125,0.8681,1469.59,1400,0
aastik231205,2200,98,80,0.8163,1469.59,1400,0
aastik231205,2400,54,41,0.7593,1469.59,1400,0
aastik231205,2600,14,9,0.6429,1469.59,1400,0
aastik231205,2800,4,1,0.25,1469.59,1400,0
aastik231205,3000,3,1,0.3333,1469.59,1400,0
aastik231205,3400,2,0,0.0,1469.59,1400,0
activedeltorre,800,24,24,1.0,1664.57,1600,0
activedeltorre,1000,9,9,1.0,1664.57,1600,0
activedeltorre,1200,8,8,1.0,1664.57,1600,0
activedeltorre,1400,12,12,1.0,1664.57,1600,0
activedeltorre,1600,14,14,1.0,1664.57,1600,1
activedeltorre,1800,15,15,1.0,1664.57,1600,0
activedeltorre,2000,14,14,1.0,1664.57,1600,0
activedeltorre,2200,13,13,1.0,1664.57,1600,0
activedeltorre,2400,13,11,0.8462,1664.57,1600,0
activedeltorre,2600,8,4,0.5,1664.57,1600,0
activedeltorre,2800,3,3,1.0,1664.57,1600,0
activedeltorre,3200,1,0,0.0,1664.57,1600,0
adam.jq.xu,800,70,70,1.0,2016.76,2000,0
adam.jq.xu,1000,30,29,0.9667,2016.76,2000,0
adam.jq.xu,1200,35,35,1.0,2016.76,2000,0
adam.jq.xu,1400,30,29,0.9667,2016.76,2000,0
adam.jq.xu,1600,39,39,1.0,2016.76,2000,0
adam.jq.xu,1800,40,40,1.0,2016.76,2000,0
adam.jq.xu,2000,35,33,0.9429,2016.76,2000,1
adam.jq.xu,2200,46,44,0.9565,2016.76,2000,0
adam.jq.xu,2400,54,54,1.0,2016.76,2000,0
adam.jq.xu,2600,71,71,1.0,2016.76,2000,0
adam.jq.xu,2800,56,56,1.0,2016.76,2000,0
adam.jq.xu,3000,23,23,1.0,2016.76,2000,0
adam.jq.xu,3200,16,15,0.9375,2016.76,2000,0
adam.jq.xu,3400,5,5,1.0,2016.76,2000,0
aditya2005,800,61,56,0.918,1702.51,1600,0
aditya2005,1000,28,28,1.0,1702.51,1600,0
aditya2005,1200,49,48,0.9796,1702.51,1600,0
aditya2005,1400,76,75,0.9868,1702.51,1600,0
aditya2005,1600,98,98,1.0,1702.51,1600,1
aditya2005,1800,70,70,1.0,1702.51,1600,0
aditya2005,2000,70,67,0.9571,1702.51,1600,0
aditya2005,2200,56,54,0.9643,1702.51,1600,0
aditya2005,2400,46,43,0.9348,1702.51,1600,0
aditya2005,2600,16,16,1.0,1702.51,1600,0
aditya2005,2800,1,1,1.0,1702.51,1600,0
aditya2005,3000,1,1,1.0,1702.51,1600,0
aditya2005,3400,1,1,1.0,1702.51,1600,0
ahmedalaa22,800,610,594,0.9738,1425.3,1400,0
ahmedalaa22,1000,322,307,0.9534,1425.3,1400,0
ahmedalaa22,1200,308,278,0.9026,1425.3,1400,0
ahmedalaa22,1400,305,267,0.8754,1425.3,1400,1
ahmedalaa22,1600,360,324,0.9,1425.3,1400,0
ahmedalaa22,1800,350,308,0.88,1425.3,1400,0
ahmedalaa22,2000,227,194,0.8546,1425.3,1400,0
ahmedalaa22,2200,158,136,0.8608,1425.3,1400,0
ahmedalaa22,2400,63,56,0.8889,1425.3,1400,0
ahmedalaa22,2600,18,17,0.9444,1425.3,1400,0
ahmedalaa22,2800,7,5,0.7143,1425.3,1400,0
ahmedalaa22,3000,2,0,0.0,1425.3,1400,0
ahmedalaa22,3400,1,0,0.0,1425.3,1400,0
ahsoltan,800,269,267,0.9926,1752.47,1600,0
ahsoltan,1000,118,117,0.9915,1752.47,1600,0
ahsoltan,1200,127,127,1.0,1752.47,1600,0
ahsoltan,1400,108,108,1.0,1752.47,1600,0
ahsoltan,1600,140,138,0.9857,1752.47,1600,1
ahsoltan,1800,177,173,0.9774,1752.47,1600,0
ahsoltan,2000,184,178,0.9674,1752.47,1600,0
ahsoltan,2200,184,181,0.9837,1752.47,1600,0
ahsoltan,2400,187,180,0.9626,1752.47,1600,0
ahsoltan,2600,84,83,0.9881,1752.47,1600,0
ahsoltan,2800,53,48,0.9057,1752.47,1600,0
ahsoltan,3000,19,17,0.8947,1752.47,1600,0
ahsoltan,3200,4,4,1.0,1752.47,1600,0
ahsoltan,3400,1,1,1.0,1752.47,1600,0
ahyeon,800,301,298,0.99,1456.89,1400,0
ahyeon,1000,119,117,0.9832,1456.89,1400,0
ahyeon,1200,142,142,1.0,1456.89,1400,0
ahyeon,1400,120,119,0.9917,1456.89,1400,1
ahyeon,1600,126,123,0.9762,1456.89,1400,0
ahyeon,1800,100,94,0.94,1456.89,1400,0
ahyeon,2000,107,100,0.9346,1456.89,1400,0
ahyeon,2200,75,68,0.9067,1456.89,1400,0
ahyeon,2400,59,50,0.8475,1456.89,1400,0
ahyeon,2600,31,24,0.7742,1456.89,1400,0
ahyeon,2800,9,7,0.7778,1456.89,1400,0
ahyeon,3000,3,3,1.0,1456.89,1400,0
ahyeon,3200,2,0,0.0,1456.89,1400,0
ahyeon,3400,2,1,0.5,1456.89,1400,0
ainta,800,143,140,0.979,2008.18,2000,0
ainta,1000,87,87,1.0,2008.18,2000,0
ainta,1200,122,118,0.9672,2008.18,2000,0
ainta,1400,168,164,0.9762,2008.18,2000,0
ainta,1600,204,196,0.9608,2008.18,2000,0
ainta,1800,212,196,0.9245,2008.18,2000,0
ainta,2000,197,190,0.9645,2008.18,2000,1
ainta,2200,190,176,0.9263,2008.18,2000,0
ainta,2400,216,205,0.9491,2008.18,2000,0
ainta,2600,161,147,0.913,2008.18,2000,0
ainta,2800,131,120,0.916,2008.18,2000,0
ainta,3000,102,84,0.8235,2008.18,2000,0
ainta,3200,70,56,0.8,2008.18,2000,0
ainta,3400,39,27,0.6923,2008.18,2000,0
akl9,800,73,72,0.9863,1560.48,1400,0
akl9,1000,34,34,1.0,1560.48,1400,0
akl9,1200,43,43,1.0,1560.48,1400,0
akl9,1400,34,33,0.9706,1560.48,1400,1
akl9,1600,48,46,0.9583,1560.48,1400,0
akl9,1800,41,39,0.9512,1560.48,1400,0
akl9,2000,47,44,0.9362,1560.48,1400,0
akl9,2200,36,33,0.9167,1560.48,1400,0
akl9,2400,22,21,0.9545,1560.48,1400,0
akl9,2600,3,3,1.0,1560.48,1400,0
akl9,2800,1,1,1.0,1560.48,1400,0
akl9,3000,3,2,0.6667,1560.48,1400,0
akl9,3200,1,1,1.0,1560.48,1400,0
akramnasiri73,800,14,14,1.0,1368.09,1200,0
akramnasiri73,1000,6,5,0.8333,1368.09,1200,0
akramnasiri73,1200,7,7,1.0,1368.09,1200,1
akramnasiri73,1400,5,5,1.0,1368.09,1200,0
akramnasiri73,1600,3,3,1.0,1368.09,1200,0
akramnasiri73,1800,5,5,1.0,1368.09,1200,0
akramnasiri73,2000,3,3,1.0,1368.09,1200,0
akramnasiri73,2200,4,3,0.75,1368.09,1200,0
akramnasiri73,2400,2,1,0.5,1368.09,1200,0
akramnasiri73,2600,1,1,1.0,1368.09,1200,0
al3xstr33t,800,40,40,1.0,1669.7,1600,0
al3xstr33t,1000,18,18,1.0,1669.7,1600,0
al3xstr33t,1200,22,22,1.0,1669.7,1600,0
al3xstr33t,1400,24,24,1.0,1669.7,1600,0
al3xstr33t,1600,21,20,0.9524,1669.7,1600,1
al3xstr33t,1800,27,27,1.0,1669.7,1600,0
al3xstr33t,2000,21,21,1.0,1669.7,1600,0
al3xstr33t,2200,21,21,1.0,1669.7,1600,0
al3xstr33t,2400,24,21,0.875,1669.7,1600,0
al3xstr33t,2600,12,11,0.9167,1669.7,1600,0
al3xstr33t,2800,5,4,0.8,1669.7,1600,0
al3xstr33t,3000,2,2,1.0,1669.7,1600,0
al3xstr33t,3400,1,0,0.0,1669.7,1600,0
albertbogdanovalbert,800,44,39,0.8864,1125.81,1000,0
albertbogdanovalbert,1000,16,16,1.0,1125.81,1000,1
albertbogdanovalbert,1200,26,23,0.8846,1125.81,1000,0
albertbogdanovalbert,1400,7,4,0.5714,1125.81,1000,0
albertbogdanovalbert,1600,3,1,0.3333,1125.81,1000,0
albertbogdanovalbert,1800,5,4,0.8,1125.81,1000,0
albertbogdanovalbert,2000,3,2,0.6667,1125.81,1000,0
albertbogdanovalbert,2200,2,2,1.0,1125.81,1000,0
albertbogdanovalbert,2400,2,1,0.5,1125.81,1000,0
albertbogdanovalbert,2600,3,1,0.3333,1125.81,1000,0
alexlikemath007,800,365,364,0.9973,1417.89,1400,0
alexlikemath007,1000,90,87,0.9667,1417.89,1400,0
alexlikemath007,1200,77,76,0.987,1417.89,1400,0
alexlikemath007,1400,54,51,0.9444,1417.89,1400,1
alexlikemath007,1600,86,83,0.9651,1417.89,1400,0
alexlikemath007,1800,93,90,0.9677,1417.89,1400,0
alexlikemath007,2000,84,81,0.9643,1417.89,1400,0
alexlikemath007,2200,54,50,0.9259,1417.89,1400,0
alexlikemath007,2400,35,34,0.9714,1417.89,1400,0
alexlikemath007,2600,20,15,0.75,1417.89,1400,0
alexlikemath007,2800,12,10,0.8333,1417.89,1400,0
alexlikemath007,3000,14,11,0.7857,1417.89,1400,0
alexlikemath007,3200,11,11,1.0,1417.89,1400,0
alexlikemath007,3400,5,4,0.8,1417.89,1400,0
ali2005_syr,800,98,98,1.0,1884.44,1800,0
ali2005_syr,1000,49,49,1.0,1884.44,1800,0
ali2005_syr,1200,56,56,1.0,1884.44,1800,0
ali2005_syr,1400,39,39,1.0,1884.44,1800,0
ali2005_syr,1600,122,121,0.9918,1884.44,1800,0
ali2005_syr,1800,101,100,0.9901,1884.44,1800,1
ali2005_syr,2000,300,300,1.0,1884.44,1800,0
ali2005_syr,2200,140,139,0.9929,1884.44,1800,0
ali2005_syr,2400,164,162,0.9878,1884.44,1800,0
ali2005_syr,2600,29,28,0.9655,1884.44,1800,0
ali2005_syr,2800,18,17,0.9444,1884.44,1800,0
ali2005_syr,3000,2,2,1.0,1884.44,1800,0
ali2005_syr,3400,1,1,1.0,1884.44,1800,0
alien5849,800,19,19,1.0,1460.42,1400,0
alien5849,1000,11,11,1.0,1460.42,1400,0
alien5849,1200,14,14,1.0,1460.42,1400,0
alien5849,1400,9,8,0.8889,1460.42,1400,1
alien5849,1600,14,14,1.0,1460.42,1400,0
alien5849,1800,11,11,1.0,1460.42,1400,0
alien5849,2000,13,13,1.0,1460.42,1400,0
alien5849,2200,7,5,0.7143,1460.42,1400,0
alien5849,2400,4,1,0.25,1460.42,1400,0
alien5849,2600,2,0,0.0,1460.42,1400,0
alien5849,3000,1,0,0.0,1460.42,1400,0
alireza_kaviani,800,519,515,0.9923,1567.72,1400,0
alireza_kaviani,1000,383,380,0.9922,1567.72,1400,0
alireza_kaviani,1200,343,339,0.9883,1567.72,1400,0
alireza_kaviani,1400,278,268,0.964,1567.72,1400,1
alireza_kaviani,1600,276,258,0.9348,1567.72,1400,0
alireza_kaviani,1800,260,242,0.9308,1567.72,1400,0
alireza_kaviani,2000,227,215,0.9471,1567.72,1400,0
alireza_kaviani,2200,198,186,0.9394,1567.72,1400,0
alireza_kaviani,2400,188,174,0.9255,1567.72,1400,0
alireza_kaviani,2600,107,95,0.8879,1567.72,1400,0
alireza_kaviani,2800,64,56,0.875,1567.72,1400,0
alireza_kaviani,3000,37,26,0.7027,1567.72,1400,0
alireza_kaviani,3200,22,16,0.7273,1567.72,1400,0
alireza_kaviani,3400,7,3,0.4286,1567.72,1400,0
alzahrawi,800,284,281,0.9894,1405.37,1400,0
alzahrawi,1000,130,130,1.0,1405.37,1400,0
alzahrawi,1200,133,127,0.9549,1405.37,1400,0
alzahrawi,1400,119,111,0.9328,1405.37,1400,1
alzahrawi,1600,115,110,0.9565,1405.37,1400,0
alzahrawi,1800,130,118,0.9077,1405.37,1400,0
alzahrawi,2000,99,89,0.899,1405.37,1400,0
alzahrawi,2200,68,61,0.8971,1405.37,1400,0
alzahrawi,2400,36,26,0.7222,1405.37,1400,0
alzahrawi,2600,9,6,0.6667,1405.37,1400,0
alzahrawi,2800,3,2,0.6667,1405.37,1400,0
am3-y,800,18,18,1.0,1323.44,1200,0
am3-y,1000,9,9,1.0,1323.44,1200,0
am3-y,1200,8,8,1.0,1323.44,1200,1
am3-y,1400,9,9,1.0,1323.44,1200,0
am3-y,1600,6,6,1.0,1323.44,1200,0
am3-y,1800,9,9,1.0,1323.44,1200,0
am3-y,2000,4,4,1.0,1323.44,1200,0
am3-y,2200,2,1,0.5,1323.44,1200,0
am_25,800,451,448,0.9933,1222.59,1200,0
am_25,1000,174,169,0.9713,1222.59,1200,0
am_25,1200,174,170,0.977,1222.59,1200,1
am_25,1400,165,160,0.9697,1222.59,1200,0
am_25,1600,140,137,0.9786,1222.59,1200,0
am_25,1800,110,96,0.8727,1222.59,1200,0
am_25,2000,40,32,0.8,1222.59,1200,0
am_25,2200,22,14,0.6364,1222.59,1200,0
am_25,2400,8,6,0.75,1222.59,1200,0
am_25,2600,2,2,1.0,1222.59,1200,0
am_25,2800,1,1,1.0,1222.59,1200,0
am_25,3000,1,0,0.0,1222.59,1200,0
am_25,3400,1,0,0.0,1222.59,1200,0
amsraman,800,184,184,1.0,1868.93,1800,0
amsraman,1000,91,91,1.0,1868.93,1800,0
amsraman,1200,105,104,0.9905,1868.93,1800,0
amsraman,1400,112,110,0.9821,1868.93,1800,0
amsraman,1600,118,116,0.9831,1868.93,1800,0
amsraman,1800,104,104,1.0,1868.93,1800,1
amsraman,2000,90,88,0.9778,1868.93,1800,0
amsraman,2200,115,114,0.9913,1868.93,1800,0
amsraman,2400,132,128,0.9697,1868.93,1800,0
amsraman,2600,121,117,0.9669,1868.93,1800,0
amsraman,2800,78,76,0.9744,1868.93,1800,0
amsraman,3000,45,43,0.9556,1868.93,1800,0
amsraman,3200,27,26,0.963,1868.93,1800,0
amsraman,3400,12,12,1.0,1868.93,1800,0
an0n7me,800,66,55,0.8333,1092.31,1000,0
an0n7me,1000,34,29,0.8529,1092.31,1000,1
an0n7me,1200,16,15,0.9375,1092.31,1000,0
an0n7me,1400,6,4,0.6667,1092.31,1000,0
an0n7me,1600,5,3,0.6,1092.31,1000,0
an0n7me,1800,6,5,0.8333,1092.31,1000,0
an0n7me,2000,2,2,1.0,1092.31,1000,0
an0n7me,2200,4,2,0.5,1092.31,1000,0
an0n7me,2400,2,0,0.0,1092.31,1000,0
an0n7me,2600,2,2,1.0,1092.31,1000,0
an0n7me,2800,1,0,0.0,1092.31,1000,0
an0n7me,3400,1,0,0.0,1092.31,1000,0
anango,800,227,211,0.9295,1616.68,1600,0
anango,1000,91,85,0.9341,1616.68,1600,0
anango,1200,77,70,0.9091,1616.68,1600,0
anango,1400,63,55,0.873,1616.68,1600,0
anango,1600,86,82,0.9535,1616.68,1600,1
anango,1800,128,121,0.9453,1616.68,1600,0
anango,2000,122,118,0.9672,1616.68,1600,0
anango,2200,135,130,0.963,1616.68,1600,0
anango,2400,62,53,0.8548,1616.68,1600,0
anango,2600,24,15,0.625,1616.68,1600,0
anango,2800,9,8,0.8889,1616.68,1600,0
anango,3000,8,6,0.75,1616.68,1600,0
anango,3200,4,1,0.25,1616.68,1600,0
anango,3400,9,4,0.4444,1616.68,1600,0
anhkha1004,800,350,347,0.9914,1415.58,1400,0
anhkha1004,1000,162,161,0.9938,1415.58,1400,0
anhkha1004,1200,168,168,1.0,1415.58,1400,0
anhkha1004,1400,146,146,1.0,1415.58,1400,1
anhkha1004,1600,169,167,0.9882,1415.58,1400,0
anhkha1004,1800,127,125,0.9843,1415.58,1400,0
anhkha1004,2000,111,106,0.955,1415.58,1400,0
anhkha1004,2200,69,65,0.942,1415.58,1400,0
anhkha1004,2400,43,38,0.8837,1415.58,1400,0
anhkha1004,2600,12,10,0.8333,1415.58,1400,0
anhkha1004,2800,12,11,0.9167,1415.58,1400,0
anhkha1004,3000,4,3,0.75,1415.58,1400,0
anhkha1004,3200,1,1,1.0,1415.58,1400,0
anhkha1004,3400,2,0,0.0,1415.58,1400,0
anirudhc69,800,181,178,0.9834,1377.28,1200,0
anirudhc69,1000,92,89,0.9674,1377.28,1200,0
anirudhc69,1200,110,105,0.9545,1377.28,1200,1
anirudhc69,1400,84,81,0.9643,1377.28,1200,0
anirudhc69,1600,125,123,0.984,1377.28,1200,0
anirudhc69,1800,104,101,0.9712,1377.28,1200,0
anirudhc69,2000,37,33,0.8919,1377.28,1200,0
anirudhc69,2200,23,21,0.913,1377.28,1200,0
anirudhc69,2400,14,8,0.5714,1377.28,1200,0
anirudhc69,2600,5,3,0.6,1377.28,1200,0
anirudhc69,2800,3,2,0.6667,1377.28,1200,0
anmichi,800,552,550,0.9964,1605.32,1600,0
anmichi,1000,256,256,1.0,1605.32,1600,0
anmichi,1200,309,309,1.0,1605.32,1600,0
anmichi,1400,307,307,1.0,1605.32,1600,0
anmichi,1600,372,371,0.9973,1605.32,1600,1
anmichi,1800,341,338,0.9912,1605.32,1600,0
anmichi,2000,297,292,0.9832,1605.32,1600,0
anmichi,2200,232,227,0.9784,1605.32,1600,0
anmichi,2400,192,187,0.974,1605.32,1600,0
anmichi,2600,94,91,0.9681,1605.32,1600,0
anmichi,2800,62,60,0.9677,1605.32,1600,0
anmichi,3000,20,16,0.8,1605.32,1600,0
anmichi,3200,4,3,0.75,1605.32,1600,0
anmichi,3400,2,0,0.0,1605.32,1600,0
annyeong1,800,325,322,0.9908,1339.22,1200,0
annyeong1,1000,143,139,0.972,1339.22,1200,0
annyeong1,1200,130,127,0.9769,1339.22,1200,1
annyeong1,1400,123,118,0.9593,1339.22,1200,0
annyeong1,1600,116,109,0.9397,1339.22,1200,0
annyeong1,1800,116,100,0.8621,1339.22,1200,0
annyeong1,2000,81,67,0.8272,1339.22,1200,0
annyeong1,2200,46,37,0.8043,1339.22,1200,0
annyeong1,2400,40,28,0.7,1339.22,1200,0
annyeong1,2600,11,5,0.4545,1339.22,1200,0
annyeong1,2800,1,0,0.0,1339.22,1200,0
annyeong1,3000,2,1,0.5,1339.22,1200,0
anpaio,800,191,184,0.9634,1490.4,1400,0
anpaio,1000,105,98,0.9333,1490.4,1400,0
anpaio,1200,82,76,0.9268,1490.4,1400,0
anpaio,1400,72,64,0.8889,1490.4,1400,1
anpaio,1600,84,79,0.9405,1490.4,1400,0
anpaio,1800,81,65,0.8025,1490.4,1400,0
anpaio,2000,65,62,0.9538,1490.4,1400,0
anpaio,2200,44,40,0.9091,1490.4,1400,0
anpaio,2400,59,51,0.8644,1490.4,1400,0
anpaio,2600,21,18,0.8571,1490.4,1400,0
anpaio,2800,14,10,0.7143,1490.4,1400,0
anpaio,3000,3,2,0.6667,1490.4,1400,0
anpaio,3200,1,1,1.0,1490.4,1400,0
anshwww,800,30,29,0.9667,1211.25,1200,0
anshwww,1000,14,14,1.0,1211.25,1200,0
anshwww,1200,11,10,0.9091,1211.25,1200,1
anshwww,1400,15,13,0.8667,1211.25,1200,0
anshwww,1600,3,2,0.6667,1211.25,1200,0
anshwww,1800,7,6,0.8571,1211.25,1200,0
anshwww,2000,10,5,0.5,1211.25,1200,0
anshwww,2200,1,1,1.0,1211.25,1200,0
anshwww,2400,2,0,0.0,1211.25,1200,0
anshwww,2600,1,0,0.0,1211.25,1200,0
anshwww,2800,1,0,0.0,1211.25,1200,0
antontrygubO_o,800,383,381,0.9948,1703.39,1600,0
antontrygubO_o,1000,190,188,0.9895,1703.39,1600,0
antontrygubO_o,1200,245,240,0.9796,1703.39,1600,0
antontrygubO_o,1400,223,221,0.991,1703.39,1600,0
antontrygubO_o,1600,279,275,0.9857,1703.39,1600,1
antontrygubO_o,1800,281,260,0.9253,1703.39,1600,0
antontrygubO_o,2000,213,206,0.9671,1703.39,1600,0
antontrygubO_o,2200,194,175,0.9021,1703.39,1600,0
antontrygubO_o,2400,211,196,0.9289,1703.39,1600,0
antontrygubO_o,2600,116,110,0.9483,1703.39,1600,0
antontrygubO_o,2800,75,67,0.8933,1703.39,1600,0
antontrygubO_o,3000,54,40,0.7407,1703.39,1600,0
antontrygubO_o,3200,26,18,0.6923,1703.39,1600,0
antontrygubO_o,3400,19,14,0.7368,1703.39,1600,0
aqxa,800,143,140,0.979,1369.52,1200,0
aqxa,1000,55,53,0.9636,1369.52,1200,0
aqxa,1200,43,40,0.9302,1369.52,1200,1
aqxa,1400,56,51,0.9107,1369.52,1200,0
aqxa,1600,58,52,0.8966,1369.52,1200,0
aqxa,1800,37,29,0.7838,1369.52,1200,0
aqxa,2000,35,26,0.7429,1369.52,1200,0
aqxa,2200,19,14,0.7368,1369.52,1200,0
aqxa,2400,19,14,0.7368,1369.52,1200,0
aqxa,2600,8,6,0.75,1369.52,1200,0
aqxa,2800,3,2,0.6667,1369.52,1200,0
aqxa,3000,4,2,0.5,1369.52,1200,0
aqxa,3200,2,2,1.0,1369.52,1200,0
aqxa,3400,2,2,1.0,1369.52,1200,0
aru123,800,176,175,0.9943,1521.42,1400,0
aru123,1000,122,122,1.0,1521.42,1400,0
aru123,1200,104,104,1.0,1521.42,1400,0
aru123,1400,130,130,1.0,1521.42,1400,1
aru123,1600,99,98,0.9899,1521.42,1400,0
aru123,1800,147,145,0.9864,1521.42,1400,0
aru123,2000,183,182,0.9945,1521.42,1400,0
aru123,2200,52,49,0.9423,1521.42,1400,0
aru123,2400,22,18,0.8182,1521.42,1400,0
aru123,2600,3,2,0.6667,1521.42,1400,0
aru123,2800,2,2,1.0,1521.42,1400,0
arvindf734,800,10,10,1.0,1429.73,1400,0
arvindf734,1000,4,4,1.0,1429.73,1400,0
arvindf734,1200,8,8,1.0,1429.73,1400,0
arvindf734,1600,5,4,0.8,1429.73,1400,0
arvindf734,1800,3,3,1.0,1429.73,1400,0
arvindf734,2000,4,4,1.0,1429.73,1400,0
arvindf734,2200,1,1,1.0,1429.73,1400,0
arvindf734,2400,4,3,0.75,1429.73,1400,0
arvindf734,2800,1,0,0.0,1429.73,1400,0
arvindf734,3000,1,0,0.0,1429.73,1400,0
askd,800,340,336,0.9882,1681.65,1600,0
askd,1000,162,161,0.9938,1681.65,1600,0
askd,1200,170,169,0.9941,1681.65,1600,0
askd,1400,173,173,1.0,1681.65,1600,0
askd,1600,180,180,1.0,1681.65,1600,1
askd,1800,186,185,0.9946,1681.65,1600,0
askd,2000,164,164,1.0,1681.65,1600,0
askd,2200,165,162,0.9818,1681.65,1600,0
askd,2400,245,242,0.9878,1681.65,1600,0
askd,2600,89,83,0.9326,1681.65,1600,0
askd,2800,33,33,1.0,1681.65,1600,0
askd,3000,12,10,0.8333,1681.65,1600,0
askd,3200,4,4,1.0,1681.65,1600,0
askr_58,800,81,81,1.0,1483.23,1400,0
askr_58,1000,30,30,1.0,1483.23,1400,0
askr_58,1200,46,44,0.9565,1483.23,1400,0
askr_58,1400,35,33,0.9429,1483.23,1400,1
askr_58,1600,34,33,0.9706,1483.23,1400,0
askr_58,1800,39,33,0.8462,1483.23,1400,0
askr_58,2000,27,23,0.8519,1483.23,1400,0
askr_58,2200,27,24,0.8889,1483.23,1400,0
askr_58,2400,21,18,0.8571,1483.23,1400,0
askr_58,2600,8,6,0.75,1483.23,1400,0
askr_58,2800,6,3,0.5,1483.23,1400,0
aslashkin2010,800,371,361,0.973,1050.0,1000,0
aslashkin2010,1000,123,116,0.9431,1050.0,1000,1
aslashkin2010,1200,125,112,0.896,1050.0,1000,0
aslashkin2010,1400,65,61,0.9385,1050.0,1000,0
aslashkin2010,1600,24,24,1.0,1050.0,1000,0
aslashkin2010,1800,17,15,0.8824,1050.0,1000,0
aslashkin2010,2000,9,8,0.8889,1050.0,1000,0
aslashkin2010,2200,6,3,0.5,1050.0,1000,0
aslashkin2010,2400,2,2,1.0,1050.0,1000,0
aslashkin2010,2600,1,0,0.0,1050.0,1000,0
aslashkin2010,2800,1,0,0.0,1050.0,1000,0
aslashkin2010,3400,1,0,0.0,1050.0,1000,0
atkubo,800,106,106,1.0,1453.62,1400,0
atkubo,1000,32,32,1.0,1453.62,1400,0
atkubo,1200,41,41,1.0,1453.62,1400,0
atkubo,1400,38,37,0.9737,1453.62,1400,1
atkubo,1600,43,43,1.0,1453.62,1400,0
atkubo,1800,42,42,1.0,1453.62,1400,0
atkubo,2000,27,27,1.0,1453.62,1400,0
atkubo,2200,15,15,1.0,1453.62,1400,0
atkubo,2400,21,20,0.9524,1453.62,1400,0
atkubo,2600,2,2,1.0,1453.62,1400,0
atkubo,2800,4,4,1.0,1453.62,1400,0
atkubo,3000,2,2,1.0,1453.62,1400,0
atkubo,3200,2,2,1.0,1453.62,1400,0
autumoon,800,127,126,0.9921,2190.22,2000,0
autumoon,1000,59,58,0.9831,2190.22,2000,0
autumoon,1200,60,58,0.9667,2190.22,2000,0
autumoon,1400,56,56,1.0,2190.22,2000,0
autumoon,1600,72,69,0.9583,2190.22,2000,0
autumoon,1800,92,87,0.9457,2190.22,2000,0
autumoon,2000,95,93,0.9789,2190.22,2000,1
autumoon,2200,138,136,0.9855,2190.22,2000,0
autumoon,2400,219,217,0.9909,2190.22,2000,0
autumoon,2600,200,197,0.985,2190.22,2000,0
autumoon,2800,129,126,0.9767,2190.22,2000,0
autumoon,3000,94,93,0.9894,2190.22,2000,0
autumoon,3200,55,55,1.0,2190.22,2000,0
autumoon,3400,34,30,0.8824,2190.22,2000,0
awoo,800,407,405,0.9951,1737.69,1600,0
awoo,1000,268,266,0.9925,1737.69,1600,0
awoo,1200,302,300,0.9934,1737.69,1600,0
awoo,1400,328,323,0.9848,1737.69,1600,0
awoo,1600,385,376,0.9766,1737.69,1600,1
awoo,1800,430,415,0.9651,1737.69,1600,0
awoo,2000,349,340,0.9742,1737.69,1600,0
awoo,2200,334,327,0.979,1737.69,1600,0
awoo,2400,322,308,0.9565,1737.69,1600,0
awoo,2600,173,149,0.8613,1737.69,1600,0
awoo,2800,103,91,0.8835,1737.69,1600,0
awoo,3000,27,21,0.7778,1737.69,1600,0
awoo,3200,24,9,0.375,1737.69,1600,0
awoo,3400,9,5,0.5556,1737.69,1600,0
ayingna,800,176,170,0.9659,1638.33,1600,0
ayingna,1000,76,74,0.9737,1638.33,1600,0
ayingna,1200,56,55,0.9821,1638.33,1600,0
ayingna,1400,74,69,0.9324,1638.33,1600,0
ayingna,1600,80,69,0.8625,1638.33,1600,1
ayingna,1800,80,66,0.825,1638.33,1600,0
ayingna,2000,133,101,0.7594,1638.33,1600,0
ayingna,2200,114,90,0.7895,1638.33,1600,0
ayingna,2400,88,61,0.6932,1638.33,1600,0
ayingna,2600,42,17,0.4048,1638.33,1600,0
ayingna,2800,25,14,0.56,1638.33,1600,0
ayingna,3000,11,7,0.6364,1638.33,1600,0
ayingna,3200,7,6,0.8571,1638.33,1600,0
ayingna,3400,5,2,0.4,1638.33,1600,0
badtreap,800,29,28,0.9655,1569.8,1400,0
badtreap,1000,18,17,0.9444,1569.8,1400,0
badtreap,1200,20,20,1.0,1569.8,1400,0
badtreap,1400,14,14,1.0,1569.8,1400,1
badtreap,1600,14,14,1.0,1569.8,1400,0
badtreap,1800,14,14,1.0,1569.8,1400,0
badtreap,2000,16,15,0.9375,1569.8,1400,0
badtreap,2200,8,7,0.875,1569.8,1400,0
badtreap,2400,16,15,0.9375,1569.8,1400,0
badtreap,2600,2,1,0.5,1569.8,1400,0
badtreap,2800,4,1,0.25,1569.8,1400,0
badtreap,3000,2,1,0.5,1569.8,1400,0
badtreap,3200,3,2,0.6667,1569.8,1400,0
badtreap,3400,1,0,0.0,1569.8,1400,0
baodat,800,101,95,0.9406,1510.95,1400,0
baodat,1000,40,36,0.9,1510.95,1400,0
baodat,1200,30,26,0.8667,1510.95,1400,0
baodat,1400,38,37,0.9737,1510.95,1400,1
baodat,1600,26,23,0.8846,1510.95,1400,0
baodat,1800,32,31,0.9688,1510.95,1400,0
baodat,2000,24,23,0.9583,1510.95,1400,0
baodat,2200,29,29,1.0,1510.95,1400,0
baodat,2400,23,20,0.8696,1510.95,1400,0
baodat,2600,5,5,1.0,1510.95,1400,0
baodat,2800,3,3,1.0,1510.95,1400,0
baodat,3000,7,7,1.0,1510.95,1400,0
baodat,3200,1,1,1.0,1510.95,1400,0
baodat,3400,3,2,0.6667,1510.95,1400,0
barbie,800,144,141,0.9792,1612.47,1600,0
barbie,1000,59,58,0.9831,1612.47,1600,0
barbie,1200,65,62,0.9538,1612.47,1600,0
barbie,1400,82,74,0.9024,1612.47,1600,0
barbie,1600,110,100,0.9091,1612.47,1600,1
barbie,1800,101,95,0.9406,1612.47,1600,0
barbie,2000,90,78,0.8667,1612.47,1600,0
barbie,2200,82,68,0.8293,1612.47,1600,0
barbie,2400,58,51,0.8793,1612.47,1600,0
barbie,2600,28,19,0.6786,1612.47,1600,0
barbie,2800,6,4,0.6667,1612.47,1600,0
barbie,3000,2,1,0.5,1612.47,1600,0
barbie,3200,3,2,0.6667,1612.47,1600,0
barbie,3400,1,1,1.0,1612.47,1600,0
bdfs_then_CSDN,800,67,67,1.0,2031.7,2000,0
bdfs_then_CSDN,1000,34,33,0.9706,2031.7,2000,0
bdfs_then_CSDN,1200,25,23,0.92,2031.7,2000,0
bdfs_then_CSDN,1400,36,31,0.8611,2031.7,2000,0
bdfs_then_CSDN,1600,35,29,0.8286,2031.7,2000,0
bdfs_then_CSDN,1800,36,32,0.8889,2031.7,2000,0
bdfs_then_CSDN,2000,58,54,0.931,2031.7,2000,1
bdfs_then_CSDN,2200,71,62,0.8732,2031.7,2000,0
bdfs_then_CSDN,2400,60,56,0.9333,2031.7,2000,0
bdfs_then_CSDN,2600,38,36,0.9474,2031.7,2000,0
bdfs_then_CSDN,2800,46,42,0.913,2031.7,2000,0
bdfs_then_CSDN,3000,36,35,0.9722,2031.7,2000,0
bdfs_then_CSDN,3200,23,21,0.913,2031.7,2000,0
bdfs_then_CSDN,3400,10,9,0.9,2031.7,2000,0
bdzzj,800,19,19,1.0,2291.94,2200,0
bdzzj,1000,8,8,1.0,2291.94,2200,0
bdzzj,1200,16,16,1.0,2291.94,2200,0
bdzzj,1400,4,4,1.0,2291.94,2200,0
bdzzj,1600,9,9,1.0,2291.94,2200,0
bdzzj,1800,12,11,0.9167,2291.94,2200,0
bdzzj,2000,15,14,0.9333,2291.94,2200,0
bdzzj,2200,16,16,1.0,2291.94,2200,1
bdzzj,2400,19,19,1.0,2291.94,2200,0
bdzzj,2600,26,23,0.8846,2291.94,2200,0
bdzzj,2800,14,14,1.0,2291.94,2200,0
bdzzj,3000,24,23,0.9583,2291.94,2200,0
bdzzj,3200,29,28,0.9655,2291.94,2200,0
bdzzj,3400,7,7,1.0,2291.94,2200,0
benben181,800,117,117,1.0,1521.15,1400,0
benben181,1000,38,37,0.9737,1521.15,1400,0
benben181,1200,46,46,1.0,1521.15,1400,0
benben181,1400,41,41,1.0,1521.15,1400,1
benben181,1600,47,47,1.0,1521.15,1400,0
benben181,1800,49,49,1.0,1521.15,1400,0
benben181,2000,42,42,1.0,1521.15,1400,0
benben181,2200,35,35,1.0,1521.15,1400,0
benben181,2400,27,24,0.8889,1521.15,1400,0
benben181,2600,4,4,1.0,1521.15,1400,0
benben181,2800,5,5,1.0,1521.15,1400,0
benben181,3000,3,2,0.6667,1521.15,1400,0
benben181,3200,3,3,1.0,1521.15,1400,0
benben181,3400,2,2,1.0,1521.15,1400,0
bezime,800,115,113,0.9826,1357.64,1200,0
bezime,1000,59,59,1.0,1357.64,1200,0
bezime,1200,56,55,0.9821,1357.64,1200,1
bezime,1400,42,39,0.9286,1357.64,1200,0
bezime,1600,34,32,0.9412,1357.64,1200,0
bezime,1800,48,44,0.9167,1357.64,1200,0
bezime,2000,23,20,0.8696,1357.64,1200,0
bezime,2200,27,22,0.8148,1357.64,1200,0
bezime,2400,13,12,0.9231,1357.64,1200,0
bezime,2600,2,2,1.0,1357.64,1200,0
bezime,3200,1,1,1.0,1357.64,1200,0
bismispis,800,10,10,1.0,1512.5,1400,0
bismispis,1000,2,2,1.0,1512.5,1400,0
bismispis,1200,3,3,1.0,1512.5,1400,0
bismispis,1400,5,5,1.0,1512.5,1400,1
bismispis,1600,2,1,0.5,1512.5,1400,0
bismispis,1800,3,3,1.0,1512.5,1400,0
bismispis,2000,1,1,1.0,1512.5,1400,0
bismispis,2200,4,3,0.75,1512.5,1400,0
bismispis,2400,1,1,1.0,1512.5,1400,0
bismispis,2600,3,2,0.6667,1512.5,1400,0
bismispis,3000,1,0,0.0,1512.5,1400,0
bismispis,3200,1,1,1.0,1512.5,1400,0
blackyuki,800,27,27,1.0,1872.8,1800,0
blackyuki,1000,10,10,1.0,1872.8,1800,0
blackyuki,1200,20,20,1.0,1872.8,1800,0
blackyuki,1400,19,19,1.0,1872.8,1800,0
blackyuki,1600,29,28,0.9655,1872.8,1800,0
blackyuki,1800,33,32,0.9697,1872.8,1800,1
blackyuki,2000,21,20,0.9524,1872.8,1800,0
blackyuki,2200,23,22,0.9565,1872.8,1800,0
blackyuki,2400,38,34,0.8947,1872.8,1800,0
blackyuki,2600,25,23,0.92,1872.8,1800,0
blackyuki,2800,16,12,0.75,1872.8,1800,0
blackyuki,3000,4,2,0.5,1872.8,1800,0
blackyuki,3200,4,1,0.25,1872.8,1800,0
blackyuki,3400,1,0,0.0,1872.8,1800,0
bladewaltz,800,73,73,1.0,1793.71,1600,0
bladewaltz,1000,29,29,1.0,1793.71,1600,0
bladewaltz,1200,45,44,0.9778,1793.71,1600,0
bladewaltz,1400,35,35,1.0,1793.71,1600,0
bladewaltz,1600,69,67,0.971,1793.71,1600,1
bladewaltz,1800,118,118,1.0,1793.71,1600,0
bladewaltz,2000,98,97,0.9898,1793.71,1600,0
bladewaltz,2200,91,90,0.989,1793.71,1600,0
bladewaltz,2400,49,47,0.9592,1793.71,1600,0
bladewaltz,2600,33,30,0.9091,1793.71,1600,0
bladewaltz,2800,6,4,0.6667,1793.71,1600,0
bladewaltz,3000,2,2,1.0,1793.71,1600,0
bladewaltz,3400,1,0,0.0,1793.71,1600,0
block_in_mc,800,11,11,1.0,1382.22,1200,0
block_in_mc,1000,6,6,1.0,1382.22,1200,0
block_in_mc,1200,7,7,1.0,1382.22,1200,1
block_in_mc,1400,4,4,1.0,1382.22,1200,0
block_in_mc,1600,6,6,1.0,1382.22,1200,0
block_in_mc,1800,5,5,1.0,1382.22,1200,0
block_in_mc,2000,2,2,1.0,1382.22,1200,0
block_in_mc,2200,4,3,0.75,1382.22,1200,0
block_in_mc,2400,3,1,0.3333,1382.22,1200,0
block_in_mc,2800,1,0,0.0,1382.22,1200,0
bnnpuu,800,28,25,0.8929,1277.78,1200,0
bnnpuu,1000,12,11,0.9167,1277.78,1200,0
bnnpuu,1200,6,5,0.8333,1277.78,1200,1
bnnpuu,1400,6,4,0.6667,1277.78,1200,0
bnnpuu,1600,8,7,0.875,1277.78,1200,0
bnnpuu,1800,7,4,0.5714,1277.78,1200,0
bnnpuu,2000,3,3,1.0,1277.78,1200,0
bnnpuu,2200,2,1,0.5,1277.78,1200,0
bnnpuu,2600,2,1,0.5,1277.78,1200,0
bnnpuu,2800,2,1,0.5,1277.78,1200,0
bnnpuu,3200,1,1,1.0,1277.78,1200,0
bonopo,800,296,293,0.9899,1556.34,1400,0
bonopo,1000,122,120,0.9836,1556.34,1400,0
bonopo,1200,107,105,0.9813,1556.34,1400,0
bonopo,1400,141,139,0.9858,1556.34,1400,1
bonopo,1600,139,132,0.9496,1556.34,1400,0
bonopo,1800,119,115,0.9664,1556.34,1400,0
bonopo,2000,179,173,0.9665,1556.34,1400,0
bonopo,2200,131,128,0.9771,1556.34,1400,0
bonopo,2400,99,96,0.9697,1556.34,1400,0
bonopo,2600,12,10,0.8333,1556.34,1400,0
bonopo,2800,6,6,1.0,1556.34,1400,0
bonopo,3000,1,0,0.0,1556.34,1400,0
bonopo,3200,1,0,0.0,1556.34,1400,0
bookcat,800,80,79,0.9875,1639.13,1600,0
bookcat,1000,41,40,0.9756,1639.13,1600,0
bookcat,1200,40,40,1.0,1639.13,1600,0
bookcat,1400,39,38,0.9744,1639.13,1600,0
bookcat,1600,51,48,0.9412,1639.13,1600,1
bookcat,1800,55,52,0.9455,1639.13,1600,0
bookcat,2000,43,40,0.9302,1639.13,1600,0
bookcat,2200,41,36,0.878,1639.13,1600,0
bookcat,2400,39,34,0.8718,1639.13,1600,0
bookcat,2600,21,18,0.8571,1639.13,1600,0
bookcat,2800,13,7,0.5385,1639.13,1600,0
bookcat,3000,6,4,0.6667,1639.13,1600,0
bookcat,3200,2,1,0.5,1639.13,1600,0
bugfeature,800,6,5,0.8333,1470.59,1400,0
bugfeature,1000,3,2,0.6667,1470.59,1400,0
bugfeature,1200,2,1,0.5,1470.59,1400,0
bugfeature,1400,2,2,1.0,1470.59,1400,1
bugfeature,1800,5,3,0.6,1470.59,1400,0
bugfeature,2200,3,3,1.0,1470.59,1400,0
bugfeature,2400,2,0,0.0,1470.59,1400,0
bugfeature,2600,1,1,1.0,1470.59,1400,0
bugfeature,2800,1,0,0.0,1470.59,1400,0
bunH2O,800,109,107,0.9817,1572.98,1400,0
bunH2O,1000,42,40,0.9524,1572.98,1400,0
bunH2O,1200,52,52,1.0,1572.98,1400,0
bunH2O,1400,44,41,0.9318,1572.98,1400,1
bunH2O,1600,50,43,0.86,1572.98,1400,0
bunH2O,1800,60,56,0.9333,1572.98,1400,0
bunH2O,2000,46,44,0.9565,1572.98,1400,0
bunH2O,2200,38,33,0.8684,1572.98,1400,0
bunH2O,2400,33,28,0.8485,1572.98,1400,0
bunH2O,2600,8,4,0.5,1572.98,1400,0
bunH2O,2800,11,7,0.6364,1572.98,1400,0
bunH2O,3000,10,8,0.8,1572.98,1400,0
bunH2O,3200,3,3,1.0,1572.98,1400,0
bunH2O,3400,5,4,0.8,1572.98,1400,0
caoshurui,800,196,194,0.9898,1755.04,1600,0
caoshurui,1000,91,86,0.9451,1755.04,1600,0
caoshurui,1200,164,161,0.9817,1755.04,1600,0
caoshurui,1400,117,112,0.9573,1755.04,1600,0
caoshurui,1600,153,144,0.9412,1755.04,1600,1
caoshurui,1800,198,185,0.9343,1755.04,1600,0
caoshurui,2000,162,149,0.9198,1755.04,1600,0
caoshurui,2200,120,114,0.95,1755.04,1600,0
caoshurui,2400,116,111,0.9569,1755.04,1600,0
caoshurui,2600,80,77,0.9625,1755.04,1600,0
caoshurui,2800,41,38,0.9268,1755.04,1600,0
caoshurui,3000,33,31,0.9394,1755.04,1600,0
caoshurui,3200,11,10,0.9091,1755.04,1600,0
caoshurui,3400,7,7,1.0,1755.04,1600,0
carboxylBase,800,191,191,1.0,1700.5,1600,0
carboxylBase,1000,82,82,1.0,1700.5,1600,0
carboxylBase,1200,87,87,1.0,1700.5,1600,0
carboxylBase,1400,76,74,0.9737,1700.5,1600,0
carboxylBase,1600,81,80,0.9877,1700.5,1600,1
carboxylBase,1800,88,87,0.9886,1700.5,1600,0
carboxylBase,2000,80,79,0.9875,1700.5,1600,0
carboxylBase,2200,103,103,1.0,1700.5,1600,0
carboxylBase,2400,136,135,0.9926,1700.5,1600,0
carboxylBase,2600,48,45,0.9375,1700.5,1600,0
carboxylBase,2800,34,32,0.9412,1700.5,1600,0
carboxylBase,3000,4,3,0.75,1700.5,1600,0
carboxylBase,3200,2,1,0.5,1700.5,1600,0
carcinisation,800,152,152,1.0,1472.12,1400,0
carcinisation,1000,60,59,0.9833,1472.12,1400,0
carcinisation,1200,88,85,0.9659,1472.12,1400,0
carcinisation,1400,55,50,0.9091,1472.12,1400,1
carcinisation,1600,64,60,0.9375,1472.12,1400,0
carcinisation,1800,62,59,0.9516,1472.12,1400,0
carcinisation,2000,47,46,0.9787,1472.12,1400,0
carcinisation,2200,39,36,0.9231,1472.12,1400,0
carcinisation,2400,40,34,0.85,1472.12,1400,0
carcinisation,2600,13,10,0.7692,1472.12,1400,0
carcinisation,2800,9,5,0.5556,1472.12,1400,0
carcinisation,3000,2,1,0.5,1472.12,1400,0
carcinisation,3200,2,2,1.0,1472.12,1400,0
cdx123456,800,77,76,0.987,1983.91,1800,0
cdx123456,1000,44,44,1.0,1983.91,1800,0
cdx123456,1200,60,60,1.0,1983.91,1800,0
cdx123456,1400,34,34,1.0,1983.91,1800,0
cdx123456,1600,48,47,0.9792,1983.91,1800,0
cdx123456,1800,80,78,0.975,1983.91,1800,1
cdx123456,2000,76,73,0.9605,1983.91,1800,0
cdx123456,2200,95,93,0.9789,1983.91,1800,0
cdx123456,2400,83,82,0.988,1983.91,1800,0
cdx123456,2600,59,52,0.8814,1983.91,1800,0
cdx123456,2800,41,40,0.9756,1983.91,1800,0
cdx123456,3000,32,32,1.0,1983.91,1800,0
cdx123456,3200,21,21,1.0,1983.91,1800,0
cdx123456,3400,14,14,1.0,1983.91,1800,0
cf_ljy05,800,49,48,0.9796,1402.94,1400,0
cf_ljy05,1000,21,19,0.9048,1402.94,1400,0
cf_ljy05,1200,22,22,1.0,1402.94,1400,0
cf_ljy05,1400,14,13,0.9286,1402.94,1400,1
cf_ljy05,1600,20,19,0.95,1402.94,1400,0
cf_ljy05,1800,25,21,0.84,1402.94,1400,0
cf_ljy05,2000,14,10,0.7143,1402.94,1400,0
cf_ljy05,2200,15,13,0.8667,1402.94,1400,0
cf_ljy05,2400,4,2,0.5,1402.94,1400,0
cf_ljy05,2600,1,1,1.0,1402.94,1400,0
cf_ljy05,2800,2,2,1.0,1402.94,1400,0
chen-xi,800,162,161,0.9938,1174.88,1000,0
chen-xi,1000,76,74,0.9737,1174.88,1000,1
chen-xi,1200,57,57,1.0,1174.88,1000,0
chen-xi,1400,53,51,0.9623,1174.88,1000,0
chen-xi,1600,27,24,0.8889,1174.88,1000,0
chen-xi,1800,26,21,0.8077,1174.88,1000,0
chen-xi,2000,10,8,0.8,1174.88,1000,0
chen-xi,2200,12,11,0.9167,1174.88,1000,0
chen-xi,2400,5,3,0.6,1174.88,1000,0
chen-xi,2600,1,0,0.0,1174.88,1000,0
chenlinxuan0226,800,95,91,0.9579,1874.21,1800,0
chenlinxuan0226,1000,43,42,0.9767,1874.21,1800,0
chenlinxuan0226,1200,45,43,0.9556,1874.21,1800,0
chenlinxuan0226,1400,46,42,0.913,1874.21,1800,0
chenlinxuan0226,1600,42,38,0.9048,1874.21,1800,0
chenlinxuan0226,1800,45,39,0.8667,1874.21,1800,1
chenlinxuan0226,2000,49,41,0.8367,1874.21,1800,0
chenlinxuan0226,2200,48,35,0.7292,1874.21,1800,0
chenlinxuan0226,2400,53,43,0.8113,1874.21,1800,0
chenlinxuan0226,2600,29,23,0.7931,1874.21,1800,0
chenlinxuan0226,2800,33,25,0.7576,1874.21,1800,0
chenlinxuan0226,3000,41,36,0.878,1874.21,1800,0
chenlinxuan0226,3200,20,18,0.9,1874.21,1800,0
chenlinxuan0226,3400,21,19,0.9048,1874.21,1800,0
chennie,800,225,223,0.9911,1531.26,1400,0
chennie,1000,115,115,1.0,1531.26,1400,0
chennie,1200,119,117,0.9832,1531.26,1400,0
chennie,1400,109,106,0.9725,1531.26,1400,1
chennie,1600,106,102,0.9623,1531.26,1400,0
chennie,1800,129,119,0.9225,1531.26,1400,0
chennie,2000,114,107,0.9386,1531.26,1400,0
chennie,2200,92,83,0.9022,1531.26,1400,0
chennie,2400,69,57,0.8261,1531.26,1400,0
chennie,2600,18,14,0.7778,1531.26,1400,0
chennie,2800,14,11,0.7857,1531.26,1400,0
chennie,3000,4,3,0.75,1531.26,1400,0
chennie,3200,2,1,0.5,1531.26,1400,0
chennie,3400,2,1,0.5,1531.26,1400,0
chinerist,800,205,203,0.9902,1710.47,1600,0
chinerist,1000,97,96,0.9897,1710.47,1600,0
chinerist,1200,109,109,1.0,1710.47,1600,0
chinerist,1400,118,118,1.0,1710.47,1600,0
chinerist,1600,147,141,0.9592,1710.47,1600,1
chinerist,1800,155,145,0.9355,1710.47,1600,0
chinerist,2000,131,121,0.9237,1710.47,1600,0
chinerist,2200,116,108,0.931,1710.47,1600,0
chinerist,2400,138,128,0.9275,1710.47,1600,0
chinerist,2600,65,59,0.9077,1710.47,1600,0
chinerist,2800,37,29,0.7838,1710.47,1600,0
chinerist,3000,20,17,0.85,1710.47,1600,0
chinerist,3200,7,4,0.5714,1710.47,1600,0
chinerist,3400,3,2,0.6667,1710.47,1600,0
choic_e,800,8,8,1.0,1388.0,1200,0
choic_e,1000,1,1,1.0,1388.0,1200,0
choic_e,1200,5,5,1.0,1388.0,1200,1
choic_e,1400,1,1,1.0,1388.0,1200,0
choic_e,1600,3,3,1.0,1388.0,1200,0
choic_e,1800,2,2,1.0,1388.0,1200,0
choic_e,2000,4,3,0.75,1388.0,1200,0
choic_e,2200,1,1,1.0,1388.0,1200,0
choic_e,2400,1,1,1.0,1388.0,1200,0
cike_bilibili,800,42,41,0.9762,2231.95,2200,0
cike_bilibili,1000,18,16,0.8889,2231.95,2200,0
cike_bilibili,1200,20,20,1.0,2231.95,2200,0
cike_bilibili,1400,18,17,0.9444,2231.95,2200,0
cike_bilibili,1600,32,29,0.9062,2231.95,2200,0
cike_bilibili,1800,59,58,0.9831,2231.95,2200,0
cike_bilibili,2000,75,71,0.9467,2231.95,2200,0
cike_bilibili,2200,99,95,0.9596,2231.95,2200,1
cike_bilibili,2400,101,91,0.901,2231.95,2200,0
cike_bilibili,2600,74,72,0.973,2231.95,2200,0
cike_bilibili,2800,76,72,0.9474,2231.95,2200,0
cike_bilibili,3000,39,37,0.9487,2231.95,2200,0
cike_bilibili,3200,18,16,0.8889,2231.95,2200,0
cike_bilibili,3400,20,16,0.8,2231.95,2200,0
ciuim,800,226,221,0.9779,1895.66,1800,0
ciuim,1000,81,80,0.9877,1895.66,1800,0
ciuim,1200,86,82,0.9535,1895.66,1800,0
ciuim,1400,80,74,0.925,1895.66,1800,0
ciuim,1600,79,73,0.9241,1895.66,1800,0
ciuim,1800,94,90,0.9574,1895.66,1800,1
ciuim,2000,93,84,0.9032,1895.66,1800,0
ciuim,2200,101,100,0.9901,1895.66,1800,0
ciuim,2400,155,152,0.9806,1895.66,1800,0
ciuim,2600,112,111,0.9911,1895.66,1800,0
ciuim,2800,73,72,0.9863,1895.66,1800,0
ciuim,3000,58,57,0.9828,1895.66,1800,0
ciuim,3200,33,33,1.0,1895.66,1800,0
ciuim,3400,14,14,1.0,1895.66,1800,0
clarinha,800,130,129,0.9923,1650.97,1600,0
clarinha,1000,54,54,1.0,1650.97,1600,0
clarinha,1200,55,54,0.9818,1650.97,1600,0
clarinha,1400,49,49,1.0,1650.97,1600,0
clarinha,1600,64,64,1.0,1650.97,1600,1
clarinha,1800,45,44,0.9778,1650.97,1600,0
clarinha,2000,44,42,0.9545,1650.97,1600,0
clarinha,2200,76,71,0.9342,1650.97,1600,0
clarinha,2400,83,79,0.9518,1650.97,1600,0
clarinha,2600,16,15,0.9375,1650.97,1600,0
clarinha,2800,14,13,0.9286,1650.97,1600,0
clarinha,3000,3,2,0.6667,1650.97,1600,0
clarinha,3200,1,1,1.0,1650.97,1600,0
clarinha,3400,1,1,1.0,1650.97,1600,0
clawson19,800,45,44,0.9778,1773.13,1600,0
clawson19,1000,19,19,1.0,1773.13,1600,0
clawson19,1200,15,15,1.0,1773.13,1600,0
clawson19,1400,13,12,0.9231,1773.13,1600,0
clawson19,1600,15,14,0.9333,1773.13,1600,1
clawson19,1800,20,19,0.95,1773.13,1600,0
clawson19,2000,15,14,0.9333,1773.13,1600,0
clawson19,2200,14,13,0.9286,1773.13,1600,0
clawson19,2400,15,13,0.8667,1773.13,1600,0
clawson19,2600,12,11,0.9167,1773.13,1600,0
clawson19,2800,8,7,0.875,1773.13,1600,0
clawson19,3000,4,4,1.0,1773.13,1600,0
clawson19,3200,5,5,1.0,1773.13,1600,0
clawson19,3400,13,11,0.8462,1773.13,1600,0
clue_,800,46,45,0.9783,1333.76,1200,0
clue_,1000,22,22,1.0,1333.76,1200,0
clue_,1200,24,24,1.0,1333.76,1200,1
clue_,1400,17,15,0.8824,1333.76,1200,0
clue_,1600,20,20,1.0,1333.76,1200,0
clue_,1800,14,13,0.9286,1333.76,1200,0
clue_,2000,9,8,0.8889,1333.76,1200,0
clue_,2200,6,6,1.0,1333.76,1200,0
clue_,2400,3,2,0.6667,1333.76,1200,0
clue_,2600,1,1,1.0,1333.76,1200,0
clue_,2800,1,1,1.0,1333.76,1200,0
clue_,3400,1,0,0.0,1333.76,1200,0
cn449,800,134,134,1.0,1879.3,1800,0
cn449,1000,70,70,1.0,1879.3,1800,0
cn449,1200,94,94,1.0,1879.3,1800,0
cn449,1400,96,96,1.0,1879.3,1800,0
cn449,1600,122,122,1.0,1879.3,1800,0
cn449,1800,126,124,0.9841,1879.3,1800,1
cn449,2000,108,107,0.9907,1879.3,1800,0
cn449,2200,97,94,0.9691,1879.3,1800,0
cn449,2400,116,114,0.9828,1879.3,1800,0
cn449,2600,92,87,0.9457,1879.3,1800,0
cn449,2800,75,69,0.92,1879.3,1800,0
cn449,3000,46,38,0.8261,1879.3,1800,0
cn449,3200,27,19,0.7037,1879.3,1800,0
cn449,3400,8,6,0.75,1879.3,1800,0
cockatooo_2025GM,800,278,278,1.0,1683.82,1600,0
cockatooo_2025GM,1000,124,122,0.9839,1683.82,1600,0
cockatooo_2025GM,1200,111,111,1.0,1683.82,1600,0
cockatooo_2025GM,1400,107,107,1.0,1683.82,1600,0
cockatooo_2025GM,1600,124,123,0.9919,1683.82,1600,1
cockatooo_2025GM,1800,120,120,1.0,1683.82,1600,0
cockatooo_2025GM,2000,101,101,1.0,1683.82,1600,0
cockatooo_2025GM,2200,123,123,1.0,1683.82,1600,0
cockatooo_2025GM,2400,194,194,1.0,1683.82,1600,0
cockatooo_2025GM,2600,93,92,0.9892,1683.82,1600,0
cockatooo_2025GM,2800,23,23,1.0,1683.82,1600,0
cockatooo_2025GM,3000,3,3,1.0,1683.82,1600,0
codebuzz0001,800,69,67,0.971,1160.78,1000,0
codebuzz0001,1000,31,30,0.9677,1160.78,1000,1
codebuzz0001,1200,18,16,0.8889,1160.78,1000,0
codebuzz0001,1400,14,11,0.7857,1160.78,1000,0
codebuzz0001,1600,12,9,0.75,1160.78,1000,0
codebuzz0001,1800,14,8,0.5714,1160.78,1000,0
codebuzz0001,2000,7,6,0.8571,1160.78,1000,0
codebuzz0001,2200,6,4,0.6667,1160.78,1000,0
codebuzz0001,2400,3,1,0.3333,1160.78,1000,0
codebuzz0001,2600,3,1,0.3333,1160.78,1000,0
codebuzz0001,3000,1,0,0.0,1160.78,1000,0
codelegend,800,597,595,0.9966,1493.86,1400,0
codelegend,1000,342,336,0.9825,1493.86,1400,0
codelegend,1200,349,347,0.9943,1493.86,1400,0
codelegend,1400,356,351,0.986,1493.86,1400,1
codelegend,1600,392,375,0.9566,1493.86,1400,0
codelegend,1800,325,304,0.9354,1493.86,1400,0
codelegend,2000,259,239,0.9228,1493.86,1400,0
codelegend,2200,210,187,0.8905,1493.86,1400,0
codelegend,2400,151,122,0.8079,1493.86,1400,0
codelegend,2600,62,47,0.7581,1493.86,1400,0
codelegend,2800,27,18,0.6667,1493.86,1400,0
codelegend,3000,17,7,0.4118,1493.86,1400,0
codelegend,3200,8,2,0.25,1493.86,1400,0
codelegend,3400,3,0,0.0,1493.86,1400,0
codingforenjoy,800,19,19,1.0,1439.39,1400,0
codingforenjoy,1000,9,9,1.0,1439.39,1400,0
codingforenjoy,1200,6,5,0.8333,1439.39,1400,0
codingforenjoy,1400,8,6,0.75,1439.39,1400,1
codingforenjoy,1600,8,7,0.875,1439.39,1400,0
codingforenjoy,1800,6,6,1.0,1439.39,1400,0
codingforenjoy,2000,6,4,0.6667,1439.39,1400,0
codingforenjoy,2200,4,4,1.0,1439.39,1400,0
codingforenjoy,2400,4,3,0.75,1439.39,1400,0
codingforenjoy,2600,3,2,0.6667,1439.39,1400,0
codingforenjoy,2800,1,1,1.0,1439.39,1400,0
codingforenjoy,3400,1,0,0.0,1439.39,1400,0
concuuduoc,800,45,42,0.9333,1646.93,1600,0
concuuduoc,1000,15,15,1.0,1646.93,1600,0
concuuduoc,1200,17,17,1.0,1646.93,1600,0
concuuduoc,1400,19,18,0.9474,1646.93,1600,0
concuuduoc,1600,10,9,0.9,1646.93,1600,1
concuuduoc,1800,18,16,0.8889,1646.93,1600,0
concuuduoc,2000,12,11,0.9167,1646.93,1600,0
concuuduoc,2200,20,18,0.9,1646.93,1600,0
concuuduoc,2400,16,13,0.8125,1646.93,1600,0
concuuduoc,2600,11,10,0.9091,1646.93,1600,0
concuuduoc,2800,5,4,0.8,1646.93,1600,0
concuuduoc,3000,2,2,1.0,1646.93,1600,0
concuuduoc,3200,2,2,1.0,1646.93,1600,0
concuuduoc,3400,2,2,1.0,1646.93,1600,0
conqueror_of_tourist,800,159,154,0.9686,1730.31,1600,0
conqueror_of_tourist,1000,96,94,0.9792,1730.31,1600,0
conqueror_of_tourist,1200,88,85,0.9659,1730.31,1600,0
conqueror_of_tourist,1400,107,102,0.9533,1730.31,1600,0
conqueror_of_tourist,1600,107,99,0.9252,1730.31,1600,1
conqueror_of_tourist,1800,118,102,0.8644,1730.31,1600,0
conqueror_of_tourist,2000,94,84,0.8936,1730.31,1600,0
conqueror_of_tourist,2200,94,82,0.8723,1730.31,1600,0
conqueror_of_tourist,2400,79,67,0.8481,1730.31,1600,0
conqueror_of_tourist,2600,71,54,0.7606,1730.31,1600,0
conqueror_of_tourist,2800,49,35,0.7143,1730.31,1600,0
conqueror_of_tourist,3000,29,23,0.7931,1730.31,1600,0
conqueror_of_tourist,3200,23,16,0.6957,1730.31,1600,0
conqueror_of_tourist,3400,10,6,0.6,1730.31,1600,0
cool_milo,800,37,37,1.0,1978.35,1800,0
cool_milo,1000,16,16,1.0,1978.35,1800,0
cool_milo,1200,17,16,0.9412,1978.35,1800,0
cool_milo,1400,23,23,1.0,1978.35,1800,0
cool_milo,1600,17,16,0.9412,1978.35,1800,0
cool_milo,1800,25,24,0.96,1978.35,1800,1
cool_milo,2000,25,23,0.92,1978.35,1800,0
cool_milo,2200,21,18,0.8571,1978.35,1800,0
cool_milo,2400,50,47,0.94,1978.35,1800,0
cool_milo,2600,40,36,0.9,1978.35,1800,0
cool_milo,2800,17,16,0.9412,1978.35,1800,0
cool_milo,3000,10,9,0.9,1978.35,1800,0
cool_milo,3200,5,5,1.0,1978.35,1800,0
cool_milo,3400,6,5,0.8333,1978.35,1800,0
countful,800,170,165,0.9706,1508.25,1400,0
countful,1000,74,73,0.9865,1508.25,1400,0
countful,1200,94,88,0.9362,1508.25,1400,0
countful,1400,95,93,0.9789,1508.25,1400,1
countful,1600,107,104,0.972,1508.25,1400,0
countful,1800,104,96,0.9231,1508.25,1400,0
countful,2000,104,89,0.8558,1508.25,1400,0
countful,2200,63,57,0.9048,1508.25,1400,0
countful,2400,30,21,0.7,1508.25,1400,0
countful,2600,9,9,1.0,1508.25,1400,0
countful,2800,5,3,0.6,1508.25,1400,0
countful,3000,2,1,0.5,1508.25,1400,0
countful,3200,2,1,0.5,1508.25,1400,0
cq__2436,800,257,250,0.9728,1338.32,1200,0
cq__2436,1000,100,97,0.97,1338.32,1200,0
cq__2436,1200,117,113,0.9658,1338.32,1200,1
cq__2436,1400,92,82,0.8913,1338.32,1200,0
cq__2436,1600,85,73,0.8588,1338.32,1200,0
cq__2436,1800,93,71,0.7634,1338.32,1200,0
cq__2436,2000,55,41,0.7455,1338.32,1200,0
cq__2436,2200,58,38,0.6552,1338.32,1200,0
cq__2436,2400,26,18,0.6923,1338.32,1200,0
cq__2436,2600,13,10,0.7692,1338.32,1200,0
cq__2436,2800,5,3,0.6,1338.32,1200,0
cq__2436,3000,1,0,0.0,1338.32,1200,0
cq__2436,3200,2,0,0.0,1338.32,1200,0
cqbzlwz,800,49,48,0.9796,1979.61,1800,0
cqbzlwz,1000,19,19,1.0,1979.61,1800,0
cqbzlwz,1200,44,44,1.0,1979.61,1800,0
cqbzlwz,1400,29,27,0.931,1979.61,1800,0
cqbzlwz,1600,47,43,0.9149,1979.61,1800,0
cqbzlwz,1800,63,61,0.9683,1979.61,1800,1
cqbzlwz,2000,60,54,0.9,1979.61,1800,0
cqbzlwz,2200,59,53,0.8983,1979.61,1800,0
cqbzlwz,2400,56,51,0.9107,1979.61,1800,0
cqbzlwz,2600,41,40,0.9756,1979.61,1800,0
cqbzlwz,2800,36,32,0.8889,1979.61,1800,0
cqbzlwz,3000,24,17,0.7083,1979.61,1800,0
cqbzlwz,3200,13,12,0.9231,1979.61,1800,0
cqbzlwz,3400,10,9,0.9,1979.61,1800,0
cqrcqr,800,131,131,1.0,1768.97,1600,0
cqrcqr,1000,59,59,1.0,1768.97,1600,0
cqrcqr,1200,73,71,0.9726,1768.97,1600,0
cqrcqr,1400,71,66,0.9296,1768.97,1600,0
cqrcqr,1600,58,57,0.9828,1768.97,1600,1
cqrcqr,1800,76,75,0.9868,1768.97,1600,0
cqrcqr,2000,92,91,0.9891,1768.97,1600,0
cqrcqr,2200,92,90,0.9783,1768.97,1600,0
cqrcqr,2400,80,76,0.95,1768.97,1600,0
cqrcqr,2600,44,42,0.9545,1768.97,1600,0
cqrcqr,2800,28,25,0.8929,1768.97,1600,0
cqrcqr,3000,18,18,1.0,1768.97,1600,0
cqrcqr,3200,8,8,1.0,1768.97,1600,0
cqrcqr,3400,4,3,0.75,1768.97,1600,0
cran,800,124,123,0.9919,1529.13,1400,0
cran,1000,50,48,0.96,1529.13,1400,0
cran,1200,58,51,0.8793,1529.13,1400,0
cran,1400,49,40,0.8163,1529.13,1400,1
cran,1600,49,46,0.9388,1529.13,1400,0
cran,1800,56,45,0.8036,1529.13,1400,0
cran,2000,40,31,0.775,1529.13,1400,0
cran,2200,49,41,0.8367,1529.13,1400,0
cran,2400,47,38,0.8085,1529.13,1400,0
cran,2600,21,17,0.8095,1529.13,1400,0
cran,2800,4,1,0.25,1529.13,1400,0
cran,3000,3,2,0.6667,1529.13,1400,0
cran,3200,1,1,1.0,1529.13,1400,0
crazyilian,800,94,93,0.9894,1508.53,1400,0
crazyilian,1000,74,74,1.0,1508.53,1400,0
crazyilian,1200,55,55,1.0,1508.53,1400,0
crazyilian,1400,69,66,0.9565,1508.53,1400,1
crazyilian,1600,74,65,0.8784,1508.53,1400,0
crazyilian,1800,63,53,0.8413,1508.53,1400,0
crazyilian,2000,53,46,0.8679,1508.53,1400,0
crazyilian,2200,31,22,0.7097,1508.53,1400,0
crazyilian,2400,29,21,0.7241,1508.53,1400,0
crazyilian,2600,16,11,0.6875,1508.53,1400,0
crazyilian,2800,7,6,0.8571,1508.53,1400,0
crazyilian,3000,4,3,0.75,1508.53,1400,0
crazyilian,3200,1,0,0.0,1508.53,1400,0
crazyilian,3400,1,1,1.0,1508.53,1400,0
crimson000,800,25,25,1.0,2280.43,2200,0
crimson000,1000,16,15,0.9375,2280.43,2200,0
crimson000,1200,14,14,1.0,2280.43,2200,0
crimson000,1400,18,18,1.0,2280.43,2200,0
crimson000,1600,14,14,1.0,2280.43,2200,0
crimson000,1800,21,20,0.9524,2280.43,2200,0
crimson000,2000,30,29,0.9667,2280.43,2200,0
crimson000,2200,44,44,1.0,2280.43,2200,1
crimson000,2400,50,48,0.96,2280.43,2200,0
crimson000,2600,35,34,0.9714,2280.43,2200,0
crimson000,2800,26,26,1.0,2280.43,2200,0
crimson000,3000,49,48,0.9796,2280.43,2200,0
crimson000,3200,29,29,1.0,2280.43,2200,0
crimson000,3400,9,9,1.0,2280.43,2200,0
csp1025,800,26,26,1.0,1633.33,1600,0
csp1025,1000,9,9,1.0,1633.33,1600,0
csp1025,1200,17,17,1.0,1633.33,1600,0
csp1025,1400,16,16,1.0,1633.33,1600,0
csp1025,1600,13,13,1.0,1633.33,1600,1
csp1025,1800,15,14,0.9333,1633.33,1600,0
csp1025,2000,18,18,1.0,1633.33,1600,0
csp1025,2200,9,8,0.8889,1633.33,1600,0
csp1025,2400,13,10,0.7692,1633.33,1600,0
csp1025,2600,6,4,0.6667,1633.33,1600,0
csp1025,2800,3,3,1.0,1633.33,1600,0
csp1025,3000,3,3,1.0,1633.33,1600,0
csp1025,3400,1,0,0.0,1633.33,1600,0
cunt,800,20,20,1.0,1649.56,1600,0
cunt,1000,11,11,1.0,1649.56,1600,0
cunt,1200,11,11,1.0,1649.56,1600,0
cunt,1400,9,9,1.0,1649.56,1600,0
cunt,1600,12,12,1.0,1649.56,1600,1
cunt,1800,10,10,1.0,1649.56,1600,0
cunt,2000,19,17,0.8947,1649.56,1600,0
cunt,2200,8,7,0.875,1649.56,1600,0
cunt,2400,11,9,0.8182,1649.56,1600,0
cunt,2600,2,1,0.5,1649.56,1600,0
cunt,2800,3,3,1.0,1649.56,1600,0
cunt,3000,1,1,1.0,1649.56,1600,0
cunt,3200,2,2,1.0,1649.56,1600,0
cuom1999,800,219,215,0.9817,1700.6,1600,0
cuom1999,1000,143,140,0.979,1700.6,1600,0
cuom1999,1200,169,166,0.9822,1700.6,1600,0
cuom1999,1400,171,169,0.9883,1700.6,1600,0
cuom1999,1600,201,197,0.9801,1700.6,1600,1
cuom1999,1800,193,178,0.9223,1700.6,1600,0
cuom1999,2000,189,182,0.963,1700.6,1600,0
cuom1999,2200,172,160,0.9302,1700.6,1600,0
cuom1999,2400,153,124,0.8105,1700.6,1600,0
cuom1999,2600,78,64,0.8205,1700.6,1600,0
cuom1999,2800,45,37,0.8222,1700.6,1600,0
cuom1999,3000,19,16,0.8421,1700.6,1600,0
cuom1999,3200,9,7,0.7778,1700.6,1600,0
cuom1999,3400,3,1,0.3333,1700.6,1600,0
cuteSubtask,800,24,24,1.0,1587.93,1400,0
cuteSubtask,1000,10,10,1.0,1587.93,1400,0
cuteSubtask,1200,16,15,0.9375,1587.93,1400,0
cuteSubtask,1400,10,10,1.0,1587.93,1400,1
cuteSubtask,1600,12,11,0.9167,1587.93,1400,0
cuteSubtask,1800,13,13,1.0,1587.93,1400,0
cuteSubtask,2000,9,9,1.0,1587.93,1400,0
cuteSubtask,2200,9,9,1.0,1587.93,1400,0
cuteSubtask,2400,9,7,0.7778,1587.93,1400,0
cuteSubtask,2600,9,5,0.5556,1587.93,1400,0
cuteSubtask,2800,2,1,0.5,1587.93,1400,0
cuteSubtask,3000,2,1,0.5,1587.93,1400,0
cuteSubtask,3400,3,1,0.3333,1587.93,1400,0
cyx,800,104,103,0.9904,1859.79,1800,0
cyx,1000,54,54,1.0,1859.79,1800,0
cyx,1200,71,70,0.9859,1859.79,1800,0
cyx,1400,87,86,0.9885,1859.79,1800,0
cyx,1600,124,122,0.9839,1859.79,1800,0
cyx,1800,135,134,0.9926,1859.79,1800,1
cyx,2000,125,124,0.992,1859.79,1800,0
cyx,2200,127,126,0.9921,1859.79,1800,0
cyx,2400,111,108,0.973,1859.79,1800,0
cyx,2600,90,85,0.9444,1859.79,1800,0
cyx,2800,27,24,0.8889,1859.79,1800,0
cyx,3000,14,14,1.0,1859.79,1800,0
cyx,3200,4,4,1.0,1859.79,1800,0
cyx,3400,3,3,1.0,1859.79,1800,0
czjxyz,800,30,30,1.0,1815.45,1800,0
czjxyz,1000,16,16,1.0,1815.45,1800,0
czjxyz,1200,19,19,1.0,1815.45,1800,0
czjxyz,1400,27,27,1.0,1815.45,1800,0
czjxyz,1600,21,21,1.0,1815.45,1800,0
czjxyz,1800,24,23,0.9583,1815.45,1800,1
czjxyz,2000,29,28,0.9655,1815.45,1800,0
czjxyz,2200,21,21,1.0,1815.45,1800,0
czjxyz,2400,34,32,0.9412,1815.45,1800,0
czjxyz,2600,15,12,0.8,1815.45,1800,0
czjxyz,2800,11,9,0.8182,1815.45,1800,0
czjxyz,3000,7,6,0.8571,1815.45,1800,0
czjxyz,3200,4,2,0.5,1815.45,1800,0
darheb,800,8,8,1.0,1571.05,1400,0
darheb,1000,3,3,1.0,1571.05,1400,0
darheb,1200,5,5,1.0,1571.05,1400,0
darheb,1400,2,2,1.0,1571.05,1400,1
darheb,1600,3,3,1.0,1571.05,1400,0
darheb,1800,6,5,0.8333,1571.05,1400,0
darheb,2000,6,6,1.0,1571.05,1400,0
darheb,2200,4,3,0.75,1571.05,1400,0
darheb,2400,2,2,1.0,1571.05,1400,0
darheb,2600,1,1,1.0,1571.05,1400,0
darkkcyan,800,580,579,0.9983,1614.82,1600,0
darkkcyan,1000,306,306,1.0,1614.82,1600,0
darkkcyan,1200,287,286,0.9965,1614.82,1600,0
darkkcyan,1400,289,286,0.9896,1614.82,1600,0
darkkcyan,1600,324,319,0.9846,1614.82,1600,1
darkkcyan,1800,310,294,0.9484,1614.82,1600,0
darkkcyan,2000,340,326,0.9588,1614.82,1600,0
darkkcyan,2200,293,268,0.9147,1614.82,1600,0
darkkcyan,2400,253,230,0.9091,1614.82,1600,0
darkkcyan,2600,164,144,0.878,1614.82,1600,0
darkkcyan,2800,38,33,0.8684,1614.82,1600,0
darkkcyan,3000,10,9,0.9,1614.82,1600,0
darkkcyan,3200,5,2,0.4,1614.82,1600,0
darkkcyan,3400,2,1,0.5,1614.82,1600,0
darkmatter_druid,800,9,8,0.8889,1682.0,1600,0
darkmatter_druid,1000,3,2,0.6667,1682.0,1600,0
darkmatter_druid,1200,3,2,0.6667,1682.0,1600,0
darkmatter_druid,1400,6,6,1.0,1682.0,1600,0
darkmatter_druid,1600,10,10,1.0,1682.0,1600,1
darkmatter_druid,1800,11,9,0.8182,1682.0,1600,0
darkmatter_druid,2000,3,3,1.0,1682.0,1600,0
darkmatter_druid,2200,4,4,1.0,1682.0,1600,0
darkmatter_druid,2400,4,2,0.5,1682.0,1600,0
darkmatter_druid,2600,2,2,1.0,1682.0,1600,0
darkmatter_druid,2800,1,1,1.0,1682.0,1600,0
darkmatter_druid,3000,1,1,1.0,1682.0,1600,0
darkmatter_druid,3400,1,0,0.0,1682.0,1600,0
destructive_criticism,800,288,284,0.9861,1641.01,1600,0
destructive_criticism,1000,134,131,0.9776,1641.01,1600,0
destructive_criticism,1200,137,134,0.9781,1641.01,1600,0
destructive_criticism,1400,135,127,0.9407,1641.01,1600,0
destructive_criticism,1600,143,139,0.972,1641.01,1600,1
destructive_criticism,1800,149,139,0.9329,1641.01,1600,0
destructive_criticism,2000,126,120,0.9524,1641.01,1600,0
destructive_criticism,2200,119,115,0.9664,1641.01,1600,0
destructive_criticism,2400,122,109,0.8934,1641.01,1600,0
destructive_criticism,2600,64,57,0.8906,1641.01,1600,0
destructive_criticism,2800,39,35,0.8974,1641.01,1600,0
destructive_criticism,3000,25,24,0.96,1641.01,1600,0
destructive_criticism,3200,9,9,1.0,1641.01,1600,0
destructive_criticism,3400,1,1,1.0,1641.01,1600,0
devans,800,70,69,0.9857,1703.01,1600,0
devans,1000,34,34,1.0,1703.01,1600,0
devans,1200,38,38,1.0,1703.01,1600,0
devans,1400,25,24,0.96,1703.01,1600,0
devans,1600,34,34,1.0,1703.01,1600,1
devans,1800,39,36,0.9231,1703.01,1600,0
devans,2000,44,42,0.9545,1703.01,1600,0
devans,2200,50,45,0.9,1703.01,1600,0
devans,2400,56,52,0.9286,1703.01,1600,0
devans,2600,18,15,0.8333,1703.01,1600,0
devans,2800,8,8,1.0,1703.01,1600,0
devans,3000,2,2,1.0,1703.01,1600,0
diss_quack,800,58,55,0.9483,1551.6,1400,0
diss_quack,1000,32,29,0.9062,1551.6,1400,0
diss_quack,1200,27,27,1.0,1551.6,1400,0
diss_quack,1400,19,18,0.9474,1551.6,1400,1
diss_quack,1600,15,15,1.0,1551.6,1400,0
diss_quack,1800,40,39,0.975,1551.6,1400,0
diss_quack,2000,26,23,0.8846,1551.6,1400,0
diss_quack,2200,25,22,0.88,1551.6,1400,0
diss_quack,2400,13,11,0.8462,1551.6,1400,0
diss_quack,2600,5,4,0.8,1551.6,1400,0
diss_quack,2800,3,3,1.0,1551.6,1400,0
diss_quack,3000,1,1,1.0,1551.6,1400,0
diss_quack,3200,3,3,1.0,1551.6,1400,0
dlalswp25,800,328,327,0.997,1715.46,1600,0
dlalswp25,1000,136,136,1.0,1715.46,1600,0
dlalswp25,1200,182,182,1.0,1715.46,1600,0
dlalswp25,1400,180,179,0.9944,1715.46,1600,0
dlalswp25,1600,204,201,0.9853,1715.46,1600,1
dlalswp25,1800,199,196,0.9849,1715.46,1600,0
dlalswp25,2000,186,183,0.9839,1715.46,1600,0
dlalswp25,2200,178,177,0.9944,1715.46,1600,0
dlalswp25,2400,188,173,0.9202,1715.46,1600,0
dlalswp25,2600,119,108,0.9076,1715.46,1600,0
dlalswp25,2800,75,63,0.84,1715.46,1600,0
dlalswp25,3000,34,27,0.7941,1715.46,1600,0
dlalswp25,3200,15,7,0.4667,1715.46,1600,0
dlalswp25,3400,5,1,0.2,1715.46,1600,0
dldlzjfs,800,141,140,0.9929,1607.19,1600,0
dldlzjfs,1000,42,42,1.0,1607.19,1600,0
dldlzjfs,1200,60,60,1.0,1607.19,1600,0
dldlzjfs,1400,56,53,0.9464,1607.19,1600,0
dldlzjfs,1600,60,56,0.9333,1607.19,1600,1
dldlzjfs,1800,77,75,0.974,1607.19,1600,0
dldlzjfs,2000,54,52,0.963,1607.19,1600,0
dldlzjfs,2200,67,62,0.9254,1607.19,1600,0
dldlzjfs,2400,36,32,0.8889,1607.19,1600,0
dldlzjfs,2600,13,11,0.8462,1607.19,1600,0
dldlzjfs,2800,9,9,1.0,1607.19,1600,0
dldlzjfs,3000,12,12,1.0,1607.19,1600,0
dldlzjfs,3200,5,5,1.0,1607.19,1600,0
dldlzjfs,3400,3,3,1.0,1607.19,1600,0
dmraykhan,800,437,431,0.9863,1575.31,1400,0
dmraykhan,1000,317,312,0.9842,1575.31,1400,0
dmraykhan,1200,192,187,0.974,1575.31,1400,0
dmraykhan,1400,227,216,0.9515,1575.31,1400,1
dmraykhan,1600,208,197,0.9471,1575.31,1400,0
dmraykhan,1800,234,225,0.9615,1575.31,1400,0
dmraykhan,2000,216,208,0.963,1575.31,1400,0
dmraykhan,2200,185,169,0.9135,1575.31,1400,0
dmraykhan,2400,176,164,0.9318,1575.31,1400,0
dmraykhan,2600,92,81,0.8804,1575.31,1400,0
dmraykhan,2800,38,34,0.8947,1575.31,1400,0
dmraykhan,3000,11,8,0.7273,1575.31,1400,0
dmraykhan,3200,4,3,0.75,1575.31,1400,0
dmraykhan,3400,4,1,0.25,1575.31,1400,0
dyppp,800,315,308,0.9778,1406.59,1400,0
dyppp,1000,115,111,0.9652,1406.59,1400,0
dyppp,1200,132,128,0.9697,1406.59,1400,0
dyppp,1400,104,102,0.9808,1406.59,1400,1
dyppp,1600,111,101,0.9099,1406.59,1400,0
dyppp,1800,104,88,0.8462,1406.59,1400,0
dyppp,2000,80,68,0.85,1406.59,1400,0
dyppp,2200,66,54,0.8182,1406.59,1400,0
dyppp,2400,66,47,0.7121,1406.59,1400,0
dyppp,2600,29,15,0.5172,1406.59,1400,0
dyppp,2800,20,7,0.35,1406.59,1400,0
dyppp,3000,4,1,0.25,1406.59,1400,0
dyppp,3200,1,1,1.0,1406.59,1400,0
dyppp,3400,3,1,0.3333,1406.59,1400,0
ean020920,800,111,111,1.0,1557.09,1400,0
ean020920,1000,49,49,1.0,1557.09,1400,0
ean020920,1200,56,55,0.9821,1557.09,1400,0
ean020920,1400,51,49,0.9608,1557.09,1400,1
ean020920,1600,51,51,1.0,1557.09,1400,0
ean020920,1800,57,57,1.0,1557.09,1400,0
ean020920,2000,42,41,0.9762,1557.09,1400,0
ean020920,2200,49,45,0.9184,1557.09,1400,0
ean020920,2400,43,39,0.907,1557.09,1400,0
ean020920,2600,16,11,0.6875,1557.09,1400,0
ean020920,2800,6,5,0.8333,1557.09,1400,0
ean020920,3000,2,2,1.0,1557.09,1400,0
ecnerwala,800,378,374,0.9894,1900.53,1800,0
ecnerwala,1000,189,186,0.9841,1900.53,1800,0
ecnerwala,1200,225,225,1.0,1900.53,1800,0
ecnerwala,1400,217,214,0.9862,1900.53,1800,0
ecnerwala,1600,245,241,0.9837,1900.53,1800,0
ecnerwala,1800,238,228,0.958,1900.53,1800,1
ecnerwala,2000,222,218,0.982,1900.53,1800,0
ecnerwala,2200,173,165,0.9538,1900.53,1800,0
ecnerwala,2400,189,177,0.9365,1900.53,1800,0
ecnerwala,2600,138,136,0.9855,1900.53,1800,0
ecnerwala,2800,129,121,0.938,1900.53,1800,0
ecnerwala,3000,99,95,0.9596,1900.53,1800,0
ecnerwala,3200,108,105,0.9722,1900.53,1800,0
ecnerwala,3400,146,141,0.9658,1900.53,1800,0
efishel,800,135,134,0.9926,1552.33,1400,0
efishel,1000,69,67,0.971,1552.33,1400,0
efishel,1200,77,76,0.987,1552.33,1400,0
efishel,1400,72,71,0.9861,1552.33,1400,1
efishel,1600,97,97,1.0,1552.33,1400,0
efishel,1800,111,109,0.982,1552.33,1400,0
efishel,2000,81,79,0.9753,1552.33,1400,0
efishel,2200,51,49,0.9608,1552.33,1400,0
efishel,2400,32,29,0.9062,1552.33,1400,0
efishel,2600,19,16,0.8421,1552.33,1400,0
efishel,2800,3,1,0.3333,1552.33,1400,0
efishel,3000,2,2,1.0,1552.33,1400,0
erekle,800,190,190,1.0,1539.6,1400,0
erekle,1000,89,89,1.0,1539.6,1400,0
erekle,1200,100,100,1.0,1539.6,1400,0
erekle,1400,111,111,1.0,1539.6,1400,1
erekle,1600,121,121,1.0,1539.6,1400,0
erekle,1800,135,135,1.0,1539.6,1400,0
erekle,2000,84,84,1.0,1539.6,1400,0
erekle,2200,52,51,0.9808,1539.6,1400,0
erekle,2400,51,49,0.9608,1539.6,1400,0
erekle,2600,20,20,1.0,1539.6,1400,0
erekle,2800,12,9,0.75,1539.6,1400,0
erekle,3200,3,1,0.3333,1539.6,1400,0
erekle,3400,3,2,0.6667,1539.6,1400,0
eriri__,800,42,42,1.0,2303.05,2200,0
eriri__,1000,20,20,1.0,2303.05,2200,0
eriri__,1200,21,20,0.9524,2303.05,2200,0
eriri__,1400,19,19,1.0,2303.05,2200,0
eriri__,1600,27,26,0.963,2303.05,2200,0
eriri__,1800,62,60,0.9677,2303.05,2200,0
eriri__,2000,73,69,0.9452,2303.05,2200,0
eriri__,2200,106,101,0.9528,2303.05,2200,1
eriri__,2400,115,113,0.9826,2303.05,2200,0
eriri__,2600,93,89,0.957,2303.05,2200,0
eriri__,2800,95,92,0.9684,2303.05,2200,0
eriri__,3000,55,49,0.8909,2303.05,2200,0
eriri__,3200,35,34,0.9714,2303.05,2200,0
eriri__,3400,24,21,0.875,2303.05,2200,0
eyadhjarray111,800,492,490,0.9959,1406.84,1400,0
eyadhjarray111,1000,207,206,0.9952,1406.84,1400,0
eyadhjarray111,1200,208,199,0.9567,1406.84,1400,0
eyadhjarray111,1400,196,190,0.9694,1406.84,1400,1
eyadhjarray111,1600,179,169,0.9441,1406.84,1400,0
eyadhjarray111,1800,226,208,0.9204,1406.84,1400,0
eyadhjarray111,2000,165,148,0.897,1406.84,1400,0
eyadhjarray111,2200,115,92,0.8,1406.84,1400,0
eyadhjarray111,2400,61,45,0.7377,1406.84,1400,0
eyadhjarray111,2600,22,18,0.8182,1406.84,1400,0
eyadhjarray111,2800,3,2,0.6667,1406.84,1400,0
eyadhjarray111,3000,2,1,0.5,1406.84,1400,0
eyadhjarray111,3200,1,1,1.0,1406.84,1400,0
ezraft,800,1114,1114,1.0,1462.48,1400,0
ezraft,1000,383,383,1.0,1462.48,1400,0
ezraft,1200,393,393,1.0,1462.48,1400,0
ezraft,1400,284,283,0.9965,1462.48,1400,1
ezraft,1600,299,297,0.9933,1462.48,1400,0
ezraft,1800,269,267,0.9926,1462.48,1400,0
ezraft,2000,411,402,0.9781,1462.48,1400,0
ezraft,2200,296,288,0.973,1462.48,1400,0
ezraft,2400,222,210,0.9459,1462.48,1400,0
ezraft,2600,67,62,0.9254,1462.48,1400,0
ezraft,2800,25,23,0.92,1462.48,1400,0
ezraft,3000,16,15,0.9375,1462.48,1400,0
ezraft,3200,6,6,1.0,1462.48,1400,0
ezraft,3400,2,2,1.0,1462.48,1400,0
fIower,800,11,8,0.7273,1931.03,1800,0
fIower,1000,4,4,1.0,1931.03,1800,0
fIower,1200,3,3,1.0,1931.03,1800,0
fIower,1400,3,3,1.0,1931.03,1800,0
fIower,1600,4,4,1.0,1931.03,1800,0
fIower,1800,7,7,1.0,1931.03,1800,1
fIower,2000,4,4,1.0,1931.03,1800,0
fIower,2200,8,6,0.75,1931.03,1800,0
fIower,2400,5,4,0.8,1931.03,1800,0
fIower,2600,5,5,1.0,1931.03,1800,0
fIower,2800,7,7,1.0,1931.03,1800,0
fIower,3000,3,3,1.0,1931.03,1800,0
fakeapple,800,32,32,1.0,1307.37,1200,0
fakeapple,1000,16,16,1.0,1307.37,1200,0
fakeapple,1200,9,8,0.8889,1307.37,1200,1
fakeapple,1400,13,10,0.7692,1307.37,1200,0
fakeapple,1600,10,9,0.9,1307.37,1200,0
fakeapple,1800,8,6,0.75,1307.37,1200,0
fakeapple,2000,6,5,0.8333,1307.37,1200,0
fakeapple,2200,8,8,1.0,1307.37,1200,0
fakeapple,2600,1,1,1.0,1307.37,1200,0
fallingflower,800,43,43,1.0,1315.6,1200,0
fallingflower,1000,20,20,1.0,1315.6,1200,0
fallingflower,1200,17,17,1.0,1315.6,1200,1
fallingflower,1400,19,19,1.0,1315.6,1200,0
fallingflower,1600,14,13,0.9286,1315.6,1200,0
fallingflower,1800,14,12,0.8571,1315.6,1200,0
fallingflower,2000,11,11,1.0,1315.6,1200,0
fallingflower,2200,6,6,1.0,1315.6,1200,0
fallingflower,2400,1,0,0.0,1315.6,1200,0
familiarize,800,21,21,1.0,1582.98,1400,0
familiarize,1000,8,8,1.0,1582.98,1400,0
familiarize,1200,11,11,1.0,1582.98,1400,0
familiarize,1400,6,6,1.0,1582.98,1400,1
familiarize,1600,8,8,1.0,1582.98,1400,0
familiarize,1800,13,13,1.0,1582.98,1400,0
familiarize,2000,6,6,1.0,1582.98,1400,0
familiarize,2200,6,6,1.0,1582.98,1400,0
familiarize,2400,11,10,0.9091,1582.98,1400,0
familiarize,2600,3,3,1.0,1582.98,1400,0
familiarize,2800,2,1,0.5,1582.98,1400,0
familiarize,3000,1,1,1.0,1582.98,1400,0
familiarize,3400,1,0,0.0,1582.98,1400,0
fangzx,800,81,79,0.9753,2026.16,2000,0
fangzx,1000,41,40,0.9756,2026.16,2000,0
fangzx,1200,50,49,0.98,2026.16,2000,0
fangzx,1400,33,32,0.9697,2026.16,2000,0
fangzx,1600,47,45,0.9574,2026.16,2000,0
fangzx,1800,65,58,0.8923,2026.16,2000,0
fangzx,2000,79,72,0.9114,2026.16,2000,1
fangzx,2200,86,84,0.9767,2026.16,2000,0
fangzx,2400,103,102,0.9903,2026.16,2000,0
fangzx,2600,64,60,0.9375,2026.16,2000,0
fangzx,2800,58,54,0.931,2026.16,2000,0
fangzx,3000,29,26,0.8966,2026.16,2000,0
fangzx,3200,17,15,0.8824,2026.16,2000,0
fangzx,3400,19,18,0.9474,2026.16,2000,0
fanhuaxingyu,800,330,330,1.0,1503.78,1400,0
fanhuaxingyu,1000,140,140,1.0,1503.78,1400,0
fanhuaxingyu,1200,152,152,1.0,1503.78,1400,0
fanhuaxingyu,1400,121,121,1.0,1503.78,1400,1
fanhuaxingyu,1600,122,122,1.0,1503.78,1400,0
fanhuaxingyu,1800,157,157,1.0,1503.78,1400,0
fanhuaxingyu,2000,108,107,0.9907,1503.78,1400,0
fanhuaxingyu,2200,95,94,0.9895,1503.78,1400,0
fanhuaxingyu,2400,78,78,1.0,1503.78,1400,0
fanhuaxingyu,2600,33,31,0.9394,1503.78,1400,0
fanhuaxingyu,2800,10,10,1.0,1503.78,1400,0
fanhuaxingyu,3000,3,2,0.6667,1503.78,1400,0
fanhuaxingyu,3200,4,3,0.75,1503.78,1400,0
fanhuaxingyu,3400,1,1,1.0,1503.78,1400,0
farkon00,800,83,82,0.988,1862.68,1800,0
farkon00,1000,39,35,0.8974,1862.68,1800,0
farkon00,1200,44,41,0.9318,1862.68,1800,0
farkon00,1400,35,33,0.9429,1862.68,1800,0
farkon00,1600,44,41,0.9318,1862.68,1800,0
farkon00,1800,72,61,0.8472,1862.68,1800,1
farkon00,2000,82,73,0.8902,1862.68,1800,0
farkon00,2200,88,83,0.9432,1862.68,1800,0
farkon00,2400,136,128,0.9412,1862.68,1800,0
farkon00,2600,47,43,0.9149,1862.68,1800,0
farkon00,2800,6,5,0.8333,1862.68,1800,0
farkon00,3000,1,1,1.0,1862.68,1800,0
farkon00,3200,1,1,1.0,1862.68,1800,0
fengqiyuka,800,51,51,1.0,2067.12,2000,0
fengqiyuka,1000,26,26,1.0,2067.12,2000,0
fengqiyuka,1200,33,33,1.0,2067.12,2000,0
fengqiyuka,1400,34,34,1.0,2067.12,2000,0
fengqiyuka,1600,46,46,1.0,2067.12,2000,0
fengqiyuka,1800,45,45,1.0,2067.12,2000,0
fengqiyuka,2000,44,44,1.0,2067.12,2000,1
fengqiyuka,2200,41,40,0.9756,2067.12,2000,0
fengqiyuka,2400,47,45,0.9574,2067.12,2000,0
fengqiyuka,2600,37,34,0.9189,2067.12,2000,0
fengqiyuka,2800,45,38,0.8444,2067.12,2000,0
fengqiyuka,3000,30,24,0.8,2067.12,2000,0
fengqiyuka,3200,27,24,0.8889,2067.12,2000,0
fengqiyuka,3400,32,30,0.9375,2067.12,2000,0
ffoooo,800,35,35,1.0,2248.46,2200,0
ffoooo,1000,14,14,1.0,2248.46,2200,0
ffoooo,1200,18,18,1.0,2248.46,2200,0
ffoooo,1400,21,20,0.9524,2248.46,2200,0
ffoooo,1600,18,15,0.8333,2248.46,2200,0
ffoooo,1800,28,27,0.9643,2248.46,2200,0
ffoooo,2000,75,75,1.0,2248.46,2200,0
ffoooo,2200,34,33,0.9706,2248.46,2200,1
ffoooo,2400,44,43,0.9773,2248.46,2200,0
ffoooo,2600,45,45,1.0,2248.46,2200,0
ffoooo,2800,40,39,0.975,2248.46,2200,0
ffoooo,3000,42,42,1.0,2248.46,2200,0
ffoooo,3200,29,27,0.931,2248.46,2200,0
ffoooo,3400,22,21,0.9545,2248.46,2200,0
fireinferno,800,206,202,0.9806,1376.54,1200,0
fireinferno,1000,78,76,0.9744,1376.54,1200,0
fireinferno,1200,78,78,1.0,1376.54,1200,1
fireinferno,1400,75,71,0.9467,1376.54,1200,0
fireinferno,1600,66,60,0.9091,1376.54,1200,0
fireinferno,1800,76,66,0.8684,1376.54,1200,0
fireinferno,2000,67,56,0.8358,1376.54,1200,0
fireinferno,2200,45,33,0.7333,1376.54,1200,0
fireinferno,2400,30,15,0.5,1376.54,1200,0
fireinferno,2600,10,6,0.6,1376.54,1200,0
fireinferno,2800,4,2,0.5,1376.54,1200,0
fireinferno,3000,1,0,0.0,1376.54,1200,0
fireinferno,3400,2,0,0.0,1376.54,1200,0
firewater,800,13,13,1.0,1672.5,1600,0
firewater,1000,9,9,1.0,1672.5,1600,0
firewater,1200,6,6,1.0,1672.5,1600,0
firewater,1400,9,9,1.0,1672.5,1600,0
firewater,1600,6,6,1.0,1672.5,1600,1
firewater,1800,13,13,1.0,1672.5,1600,0
firewater,2000,5,4,0.8,1672.5,1600,0
firewater,2200,6,5,0.8333,1672.5,1600,0
firewater,2400,7,7,1.0,1672.5,1600,0
firewater,2600,2,2,1.0,1672.5,1600,0
firewater,2800,5,5,1.0,1672.5,1600,0
firewater,3000,1,1,1.0,1672.5,1600,0
fishy15,800,253,241,0.9526,1607.04,1600,0
fishy15,1000,130,119,0.9154,1607.04,1600,0
fishy15,1200,137,124,0.9051,1607.04,1600,0
fishy15,1400,130,116,0.8923,1607.04,1600,0
fishy15,1600,140,119,0.85,1607.04,1600,1
fishy15,1800,100,90,0.9,1607.04,1600,0
fishy15,2000,109,99,0.9083,1607.04,1600,0
fishy15,2200,125,115,0.92,1607.04,1600,0
fishy15,2400,188,176,0.9362,1607.04,1600,0
fishy15,2600,16,13,0.8125,1607.04,1600,0
fishy15,2800,10,7,0.7,1607.04,1600,0
fishy15,3000,6,2,0.3333,1607.04,1600,0
fiza,800,161,161,1.0,1187.96,1000,0
fiza,1000,70,69,0.9857,1187.96,1000,1
fiza,1200,47,47,1.0,1187.96,1000,0
fiza,1400,31,30,0.9677,1187.96,1000,0
fiza,1600,17,17,1.0,1187.96,1000,0
fiza,1800,27,26,0.963,1187.96,1000,0
fiza,2000,13,13,1.0,1187.96,1000,0
fiza,2200,10,9,0.9,1187.96,1000,0
fiza,2400,6,6,1.0,1187.96,1000,0
fiza,2600,3,3,1.0,1187.96,1000,0
fiza,3000,2,1,0.5,1187.96,1000,0
flakepym,800,145,143,0.9862,1137.86,1000,0
flakepym,1000,44,40,0.9091,1137.86,1000,1
flakepym,1200,43,42,0.9767,1137.86,1000,0
flakepym,1400,38,37,0.9737,1137.86,1000,0
flakepym,1600,23,19,0.8261,1137.86,1000,0
flakepym,1800,28,16,0.5714,1137.86,1000,0
flakepym,2000,12,6,0.5,1137.86,1000,0
flakepym,2200,5,5,1.0,1137.86,1000,0
flakepym,2600,1,1,1.0,1137.86,1000,0
flashmt,800,260,259,0.9962,1884.91,1800,0
flashmt,1000,171,169,0.9883,1884.91,1800,0
flashmt,1200,219,219,1.0,1884.91,1800,0
flashmt,1400,273,272,0.9963,1884.91,1800,0
flashmt,1600,314,313,0.9968,1884.91,1800,0
flashmt,1800,367,362,0.9864,1884.91,1800,1
flashmt,2000,375,367,0.9787,1884.91,1800,0
flashmt,2200,398,393,0.9874,1884.91,1800,0
flashmt,2400,415,402,0.9687,1884.91,1800,0
flashmt,2600,235,226,0.9617,1884.91,1800,0
flashmt,2800,115,112,0.9739,1884.91,1800,0
flashmt,3000,37,33,0.8919,1884.91,1800,0
flashmt,3200,6,5,0.8333,1884.91,1800,0
flashmt,3400,2,2,1.0,1884.91,1800,0
flowing_boat,800,27,27,1.0,2247.27,2200,0
flowing_boat,1000,13,11,0.8462,2247.27,2200,0
flowing_boat,1200,21,21,1.0,2247.27,2200,0
flowing_boat,1400,10,10,1.0,2247.27,2200,0
flowing_boat,1600,24,24,1.0,2247.27,2200,0
flowing_boat,1800,49,46,0.9388,2247.27,2200,0
flowing_boat,2000,68,67,0.9853,2247.27,2200,0
flowing_boat,2200,89,89,1.0,2247.27,2200,1
flowing_boat,2400,94,90,0.9574,2247.27,2200,0
flowing_boat,2600,61,60,0.9836,2247.27,2200,0
flowing_boat,2800,54,49,0.9074,2247.27,2200,0
flowing_boat,3000,27,27,1.0,2247.27,2200,0
flowing_boat,3200,13,13,1.0,2247.27,2200,0
flowing_boat,3400,17,16,0.9412,2247.27,2200,0
flytime,800,51,51,1.0,1592.16,1400,0
flytime,1000,24,24,1.0,1592.16,1400,0
flytime,1200,20,20,1.0,1592.16,1400,0
flytime,1400,27,27,1.0,1592.16,1400,1
flytime,1600,28,28,1.0,1592.16,1400,0
flytime,1800,28,28,1.0,1592.16,1400,0
flytime,2000,31,31,1.0,1592.16,1400,0
flytime,2200,19,17,0.8947,1592.16,1400,0
flytime,2400,23,20,0.8696,1592.16,1400,0
flytime,2600,7,7,1.0,1592.16,1400,0
flytime,2800,2,2,1.0,1592.16,1400,0
flytime,3200,1,0,0.0,1592.16,1400,0
foreverlasting1202,800,10,10,1.0,1472.73,1400,0
foreverlasting1202,1000,4,4,1.0,1472.73,1400,0
foreverlasting1202,1200,8,8,1.0,1472.73,1400,0
foreverlasting1202,1400,2,2,1.0,1472.73,1400,1
foreverlasting1202,1600,7,7,1.0,1472.73,1400,0
foreverlasting1202,1800,3,3,1.0,1472.73,1400,0
foreverlasting1202,2000,3,3,1.0,1472.73,1400,0
foreverlasting1202,2200,5,4,0.8,1472.73,1400,0
foreverlasting1202,2400,3,3,1.0,1472.73,1400,0
foreverlasting1202,3200,1,0,0.0,1472.73,1400,0
francesco,800,169,163,0.9645,1422.37,1400,0
francesco,1000,78,75,0.9615,1422.37,1400,0
francesco,1200,67,62,0.9254,1422.37,1400,0
francesco,1400,62,61,0.9839,1422.37,1400,1
francesco,1600,70,69,0.9857,1422.37,1400,0
francesco,1800,72,65,0.9028,1422.37,1400,0
francesco,2000,53,48,0.9057,1422.37,1400,0
francesco,2200,47,41,0.8723,1422.37,1400,0
francesco,2400,24,17,0.7083,1422.37,1400,0
francesco,2600,7,2,0.2857,1422.37,1400,0
francesco,2800,10,5,0.5,1422.37,1400,0
frankfan,800,11,11,1.0,1300.0,1200,0
frankfan,1000,3,3,1.0,1300.0,1200,0
frankfan,1200,3,3,1.0,1300.0,1200,1
frankfan,1400,3,3,1.0,1300.0,1200,0
frankfan,1600,3,3,1.0,1300.0,1200,0
frankfan,1800,5,3,0.6,1300.0,1200,0
frankfan,2000,1,1,1.0,1300.0,1200,0
frankfan,2200,1,1,1.0,1300.0,1200,0
frankfan,2400,1,1,1.0,1300.0,1200,0
frznhc,800,70,69,0.9857,1770.22,1600,0
frznhc,1000,38,36,0.9474,1770.22,1600,0
frznhc,1200,33,31,0.9394,1770.22,1600,0
frznhc,1400,24,24,1.0,1770.22,1600,0
frznhc,1600,28,24,0.8571,1770.22,1600,1
frznhc,1800,51,45,0.8824,1770.22,1600,0
frznhc,2000,43,36,0.8372,1770.22,1600,0
frznhc,2200,45,39,0.8667,1770.22,1600,0
frznhc,2400,58,49,0.8448,1770.22,1600,0
frznhc,2600,31,26,0.8387,1770.22,1600,0
frznhc,2800,12,11,0.9167,1770.22,1600,0
frznhc,3000,11,9,0.8182,1770.22,1600,0
frznhc,3200,4,3,0.75,1770.22,1600,0
frznhc,3400,1,1,1.0,1770.22,1600,0
fuxh,800,65,65,1.0,1931.87,1800,0
fuxh,1000,31,29,0.9355,1931.87,1800,0
fuxh,1200,22,22,1.0,1931.87,1800,0
fuxh,1400,23,23,1.0,1931.87,1800,0
fuxh,1600,35,35,1.0,1931.87,1800,0
fuxh,1800,54,50,0.9259,1931.87,1800,1
fuxh,2000,57,56,0.9825,1931.87,1800,0
fuxh,2200,75,72,0.96,1931.87,1800,0
fuxh,2400,70,65,0.9286,1931.87,1800,0
fuxh,2600,42,40,0.9524,1931.87,1800,0
fuxh,2800,29,29,1.0,1931.87,1800,0
fuxh,3000,9,8,0.8889,1931.87,1800,0
fuxh,3200,5,3,0.6,1931.87,1800,0
fuxh,3400,6,5,0.8333,1931.87,1800,0
fydj,800,30,30,1.0,2168.44,2000,0
fydj,1000,9,9,1.0,2168.44,2000,0
fydj,1200,22,22,1.0,2168.44,2000,0
fydj,1400,17,17,1.0,2168.44,2000,0
fydj,1600,18,18,1.0,2168.44,2000,0
fydj,1800,23,21,0.913,2168.44,2000,0
fydj,2000,27,26,0.963,2168.44,2000,1
fydj,2200,25,23,0.92,2168.44,2000,0
fydj,2400,34,32,0.9412,2168.44,2000,0
fydj,2600,22,21,0.9545,2168.44,2000,0
fydj,2800,27,27,1.0,2168.44,2000,0
fydj,3000,20,18,0.9,2168.44,2000,0
fydj,3200,11,10,0.9091,2168.44,2000,0
fydj,3400,30,27,0.9,2168.44,2000,0
garvitgaru,800,12,9,0.75,1271.43,1200,0
garvitgaru,1000,3,2,0.6667,1271.43,1200,0
garvitgaru,1200,3,2,0.6667,1271.43,1200,1
garvitgaru,1400,5,3,0.6,1271.43,1200,0
garvitgaru,1600,2,1,0.5,1271.43,1200,0
garvitgaru,1800,3,1,0.3333,1271.43,1200,0
garvitgaru,2000,2,1,0.5,1271.43,1200,0
garvitgaru,2200,1,1,1.0,1271.43,1200,0
garvitgaru,2400,1,1,1.0,1271.43,1200,0
garvitgaru,2800,1,0,0.0,1271.43,1200,0
garvitgaru,3000,1,0,0.0,1271.43,1200,0
gdgzdyyacm,800,8,6,0.75,1491.3,1400,0
gdgzdyyacm,1000,3,3,1.0,1491.3,1400,0
gdgzdyyacm,1200,3,2,0.6667,1491.3,1400,0
gdgzdyyacm,1400,2,2,1.0,1491.3,1400,1
gdgzdyyacm,1800,5,5,1.0,1491.3,1400,0
gdgzdyyacm,2000,2,0,0.0,1491.3,1400,0
gdgzdyyacm,2200,3,3,1.0,1491.3,1400,0
gdgzdyyacm,2400,1,1,1.0,1491.3,1400,0
gdgzdyyacm,2600,1,1,1.0,1491.3,1400,0
geospiza,800,392,391,0.9974,1505.11,1400,0
geospiza,1000,158,156,0.9873,1505.11,1400,0
geospiza,1200,163,162,0.9939,1505.11,1400,0
geospiza,1400,151,145,0.9603,1505.11,1400,1
geospiza,1600,174,168,0.9655,1505.11,1400,0
geospiza,1800,144,139,0.9653,1505.11,1400,0
geospiza,2000,127,120,0.9449,1505.11,1400,0
geospiza,2200,126,118,0.9365,1505.11,1400,0
geospiza,2400,90,81,0.9,1505.11,1400,0
geospiza,2600,33,29,0.8788,1505.11,1400,0
geospiza,2800,23,18,0.7826,1505.11,1400,0
geospiza,3000,13,12,0.9231,1505.11,1400,0
geospiza,3200,9,5,0.5556,1505.11,1400,0
geospiza,3400,3,2,0.6667,1505.11,1400,0
ggorelov_why,800,26,26,1.0,1327.59,1200,0
ggorelov_why,1000,11,11,1.0,1327.59,1200,0
ggorelov_why,1200,13,13,1.0,1327.59,1200,1
ggorelov_why,1400,11,11,1.0,1327.59,1200,0
ggorelov_why,1600,8,8,1.0,1327.59,1200,0
ggorelov_why,1800,12,9,0.75,1327.59,1200,0
ggorelov_why,2000,5,4,0.8,1327.59,1200,0
ggorelov_why,2200,5,1,0.2,1327.59,1200,0
ggorelov_why,2400,6,3,0.5,1327.59,1200,0
ggorelov_why,2600,1,1,1.0,1327.59,1200,0
ghc7hHx,800,105,102,0.9714,1490.59,1400,0
ghc7hHx,1000,54,50,0.9259,1490.59,1400,0
ghc7hHx,1200,62,56,0.9032,1490.59,1400,0
ghc7hHx,1400,48,46,0.9583,1490.59,1400,1
ghc7hHx,1600,71,67,0.9437,1490.59,1400,0
ghc7hHx,1800,72,66,0.9167,1490.59,1400,0
ghc7hHx,2000,34,31,0.9118,1490.59,1400,0
ghc7hHx,2200,30,29,0.9667,1490.59,1400,0
ghc7hHx,2400,21,20,0.9524,1490.59,1400,0
ghc7hHx,2600,9,9,1.0,1490.59,1400,0
ghc7hHx,2800,2,2,1.0,1490.59,1400,0
gleb.astashkin,800,341,340,0.9971,1469.82,1400,0
gleb.astashkin,1000,181,181,1.0,1469.82,1400,0
gleb.astashkin,1200,222,220,0.991,1469.82,1400,0
gleb.astashkin,1400,223,220,0.9865,1469.82,1400,1
gleb.astashkin,1600,238,232,0.9748,1469.82,1400,0
gleb.astashkin,1800,230,215,0.9348,1469.82,1400,0
gleb.astashkin,2000,184,165,0.8967,1469.82,1400,0
gleb.astashkin,2200,116,95,0.819,1469.82,1400,0
gleb.astashkin,2400,69,41,0.5942,1469.82,1400,0
gleb.astashkin,2600,24,9,0.375,1469.82,1400,0
gleb.astashkin,2800,5,4,0.8,1469.82,1400,0
gleb.astashkin,3000,3,1,0.3333,1469.82,1400,0
gleb.astashkin,3200,15,0,0.0,1469.82,1400,0
gloria_mundi,800,73,72,0.9863,1706.82,1600,0
gloria_mundi,1000,34,34,1.0,1706.82,1600,0
gloria_mundi,1200,33,31,0.9394,1706.82,1600,0
gloria_mundi,1400,31,31,1.0,1706.82,1600,0
gloria_mundi,1600,38,37,0.9737,1706.82,1600,1
gloria_mundi,1800,49,45,0.9184,1706.82,1600,0
gloria_mundi,2000,38,38,1.0,1706.82,1600,0
gloria_mundi,2200,30,30,1.0,1706.82,1600,0
gloria_mundi,2400,38,34,0.8947,1706.82,1600,0
gloria_mundi,2600,20,20,1.0,1706.82,1600,0
gloria_mundi,2800,16,15,0.9375,1706.82,1600,0
gloria_mundi,3000,7,5,0.7143,1706.82,1600,0
gloria_mundi,3200,3,3,1.0,1706.82,1600,0
gloria_mundi,3400,3,1,0.3333,1706.82,1600,0
gnwfgg,800,98,90,0.9184,2054.49,2000,0
gnwfgg,1000,45,43,0.9556,2054.49,2000,0
gnwfgg,1200,64,58,0.9062,2054.49,2000,0
gnwfgg,1400,51,44,0.8627,2054.49,2000,0
gnwfgg,1600,70,67,0.9571,2054.49,2000,0
gnwfgg,1800,93,88,0.9462,2054.49,2000,0
gnwfgg,2000,175,168,0.96,2054.49,2000,1
gnwfgg,2200,269,260,0.9665,2054.49,2000,0
gnwfgg,2400,370,359,0.9703,2054.49,2000,0
gnwfgg,2600,127,122,0.9606,2054.49,2000,0
gnwfgg,2800,17,14,0.8235,2054.49,2000,0
gnwfgg,3000,3,1,0.3333,2054.49,2000,0
golomb,800,276,275,0.9964,1653.64,1600,0
golomb,1000,127,126,0.9921,1653.64,1600,0
golomb,1200,141,138,0.9787,1653.64,1600,0
golomb,1400,121,116,0.9587,1653.64,1600,0
golomb,1600,115,112,0.9739,1653.64,1600,1
golomb,1800,145,137,0.9448,1653.64,1600,0
golomb,2000,118,110,0.9322,1653.64,1600,0
golomb,2200,101,88,0.8713,1653.64,1600,0
golomb,2400,117,101,0.8632,1653.64,1600,0
golomb,2600,92,76,0.8261,1653.64,1600,0
golomb,2800,56,41,0.7321,1653.64,1600,0
golomb,3000,21,16,0.7619,1653.64,1600,0
golomb,3200,21,13,0.619,1653.64,1600,0
golomb,3400,17,10,0.5882,1653.64,1600,0
goodpjw2008,800,205,201,0.9805,1283.58,1200,0
goodpjw2008,1000,69,68,0.9855,1283.58,1200,0
goodpjw2008,1200,71,64,0.9014,1283.58,1200,1
goodpjw2008,1400,50,48,0.96,1283.58,1200,0
goodpjw2008,1600,51,47,0.9216,1283.58,1200,0
goodpjw2008,1800,40,34,0.85,1283.58,1200,0
goodpjw2008,2000,40,34,0.85,1283.58,1200,0
goodpjw2008,2200,24,23,0.9583,1283.58,1200,0
goodpjw2008,2400,19,16,0.8421,1283.58,1200,0
goodpjw2008,2600,1,1,1.0,1283.58,1200,0
gopal.thecoder,800,155,155,1.0,1774.02,1600,0
gopal.thecoder,1000,73,73,1.0,1774.02,1600,0
gopal.thecoder,1200,96,96,1.0,1774.02,1600,0
gopal.thecoder,1400,91,91,1.0,1774.02,1600,0
gopal.thecoder,1600,89,89,1.0,1774.02,1600,1
gopal.thecoder,1800,85,85,1.0,1774.02,1600,0
gopal.thecoder,2000,73,73,1.0,1774.02,1600,0
gopal.thecoder,2200,71,71,1.0,1774.02,1600,0
gopal.thecoder,2400,53,53,1.0,1774.02,1600,0
gopal.thecoder,2600,38,38,1.0,1774.02,1600,0
gopal.thecoder,2800,44,44,1.0,1774.02,1600,0
gopal.thecoder,3000,19,19,1.0,1774.02,1600,0
gopal.thecoder,3200,21,21,1.0,1774.02,1600,0
gopal.thecoder,3400,35,35,1.0,1774.02,1600,0
grass8sheep,800,117,117,1.0,2189.47,2000,0
grass8sheep,1000,66,64,0.9697,2189.47,2000,0
grass8sheep,1200,65,65,1.0,2189.47,2000,0
grass8sheep,1400,85,85,1.0,2189.47,2000,0
grass8sheep,1600,85,81,0.9529,2189.47,2000,0
grass8sheep,1800,97,95,0.9794,2189.47,2000,0
grass8sheep,2000,108,104,0.963,2189.47,2000,1
grass8sheep,2200,121,115,0.9504,2189.47,2000,0
grass8sheep,2400,183,179,0.9781,2189.47,2000,0
grass8sheep,2600,148,145,0.9797,2189.47,2000,0
grass8sheep,2800,110,105,0.9545,2189.47,2000,0
grass8sheep,3000,102,99,0.9706,2189.47,2000,0
grass8sheep,3200,93,89,0.957,2189.47,2000,0
grass8sheep,3400,68,62,0.9118,2189.47,2000,0
gshbholanath19,800,91,91,1.0,1906.74,1800,0
gshbholanath19,1000,50,48,0.96,1906.74,1800,0
gshbholanath19,1200,53,51,0.9623,1906.74,1800,0
gshbholanath19,1400,43,41,0.9535,1906.74,1800,0
gshbholanath19,1600,34,33,0.9706,1906.74,1800,0
gshbholanath19,1800,54,51,0.9444,1906.74,1800,1
gshbholanath19,2000,42,42,1.0,1906.74,1800,0
gshbholanath19,2200,47,45,0.9574,1906.74,1800,0
gshbholanath19,2400,38,36,0.9474,1906.74,1800,0
gshbholanath19,2600,36,34,0.9444,1906.74,1800,0
gshbholanath19,2800,30,27,0.9,1906.74,1800,0
gshbholanath19,3000,23,23,1.0,1906.74,1800,0
gshbholanath19,3200,21,19,0.9048,1906.74,1800,0
gshbholanath19,3400,41,38,0.9268,1906.74,1800,0
gubidubi,800,98,98,1.0,1423.32,1400,0
gubidubi,1000,41,40,0.9756,1423.32,1400,0
gubidubi,1200,53,53,1.0,1423.32,1400,0
gubidubi,1400,45,44,0.9778,1423.32,1400,1
gubidubi,1600,35,35,1.0,1423.32,1400,0
gubidubi,1800,49,46,0.9388,1423.32,1400,0
gubidubi,2000,35,33,0.9429,1423.32,1400,0
gubidubi,2200,24,22,0.9167,1423.32,1400,0
gubidubi,2400,17,14,0.8235,1423.32,1400,0
gubidubi,2600,2,1,0.5,1423.32,1400,0
gubidubi,2800,1,0,0.0,1423.32,1400,0
guperman,800,249,248,0.996,1584.79,1400,0
guperman,1000,107,106,0.9907,1584.79,1400,0
guperman,1200,116,115,0.9914,1584.79,1400,0
guperman,1400,98,96,0.9796,1584.79,1400,1
guperman,1600,105,101,0.9619,1584.79,1400,0
guperman,1800,122,121,0.9918,1584.79,1400,0
guperman,2000,112,105,0.9375,1584.79,1400,0
guperman,2200,87,82,0.9425,1584.79,1400,0
guperman,2400,91,84,0.9231,1584.79,1400,0
guperman,2600,25,22,0.88,1584.79,1400,0
guperman,2800,27,23,0.8519,1584.79,1400,0
guperman,3000,10,10,1.0,1584.79,1400,0
guperman,3200,7,7,1.0,1584.79,1400,0
guperman,3400,5,4,0.8,1584.79,1400,0
gzyo4,800,13,10,0.7692,1331.03,1200,0
gzyo4,1000,3,3,1.0,1331.03,1200,0
gzyo4,1200,3,2,0.6667,1331.03,1200,1
gzyo4,1400,5,4,0.8,1331.03,1200,0
gzyo4,1600,4,3,0.75,1331.03,1200,0
gzyo4,1800,4,3,0.75,1331.03,1200,0
gzyo4,2000,1,1,1.0,1331.03,1200,0
gzyo4,2200,4,3,0.75,1331.03,1200,0
hardgonnapass,800,9,7,0.7778,1438.46,1400,0
hardgonnapass,1000,4,4,1.0,1438.46,1400,0
hardgonnapass,1200,4,3,0.75,1438.46,1400,0
hardgonnapass,1400,2,2,1.0,1438.46,1400,1
hardgonnapass,1800,6,5,0.8333,1438.46,1400,0
hardgonnapass,2000,3,1,0.3333,1438.46,1400,0
hardgonnapass,2200,3,2,0.6667,1438.46,1400,0
hardgonnapass,2400,1,1,1.0,1438.46,1400,0
hardgonnapass,2600,3,1,0.3333,1438.46,1400,0
harurun4635,800,171,170,0.9942,1556.7,1400,0
harurun4635,1000,83,82,0.988,1556.7,1400,0
harurun4635,1200,84,84,1.0,1556.7,1400,0
harurun4635,1400,70,70,1.0,1556.7,1400,1
harurun4635,1600,76,73,0.9605,1556.7,1400,0
harurun4635,1800,75,74,0.9867,1556.7,1400,0
harurun4635,2000,70,67,0.9571,1556.7,1400,0
harurun4635,2200,60,55,0.9167,1556.7,1400,0
harurun4635,2400,47,42,0.8936,1556.7,1400,0
harurun4635,2600,39,31,0.7949,1556.7,1400,0
harurun4635,2800,22,14,0.6364,1556.7,1400,0
harurun4635,3000,9,4,0.4444,1556.7,1400,0
harurun4635,3200,5,3,0.6,1556.7,1400,0
harurun4635,3400,1,0,0.0,1556.7,1400,0
hhcy,800,17,17,1.0,1361.67,1200,0
hhcy,1000,9,9,1.0,1361.67,1200,0
hhcy,1200,6,6,1.0,1361.67,1200,1
hhcy,1400,7,6,0.8571,1361.67,1200,0
hhcy,1600,8,7,0.875,1361.67,1200,0
hhcy,1800,9,9,1.0,1361.67,1200,0
hhcy,2000,2,2,1.0,1361.67,1200,0
hhcy,2200,6,2,0.3333,1361.67,1200,0
hhcy,2400,2,2,1.0,1361.67,1200,0
hihihaha,800,69,68,0.9855,1623.68,1600,0
hihihaha,1000,30,29,0.9667,1623.68,1600,0
hihihaha,1200,29,29,1.0,1623.68,1600,0
hihihaha,1400,35,34,0.9714,1623.68,1600,0
hihihaha,1600,48,48,1.0,1623.68,1600,1
hihihaha,1800,47,45,0.9574,1623.68,1600,0
hihihaha,2000,33,33,1.0,1623.68,1600,0
hihihaha,2200,32,27,0.8438,1623.68,1600,0
hihihaha,2400,25,23,0.92,1623.68,1600,0
hihihaha,2600,12,12,1.0,1623.68,1600,0
hihihaha,2800,7,5,0.7143,1623.68,1600,0
hihihaha,3000,4,3,0.75,1623.68,1600,0
hihihaha,3200,3,2,0.6667,1623.68,1600,0
hihihaha,3400,1,1,1.0,1623.68,1600,0
hitman_py,800,74,74,1.0,1602.31,1600,0
hitman_py,1000,24,24,1.0,1602.31,1600,0
hitman_py,1200,31,31,1.0,1602.31,1600,0
hitman_py,1400,37,36,0.973,1602.31,1600,0
hitman_py,1600,52,52,1.0,1602.31,1600,1
hitman_py,1800,86,84,0.9767,1602.31,1600,0
hitman_py,2000,38,38,1.0,1602.31,1600,0
hitman_py,2200,22,16,0.7273,1602.31,1600,0
hitman_py,2400,19,18,0.9474,1602.31,1600,0
hitman_py,2600,9,8,0.8889,1602.31,1600,0
hitman_py,2800,5,5,1.0,1602.31,1600,0
hitman_py,3000,1,0,0.0,1602.31,1600,0
hitman_py,3200,3,3,1.0,1602.31,1600,0
hitman_py,3400,2,1,0.5,1602.31,1600,0
hitonanode,800,243,243,1.0,1862.33,1800,0
hitonanode,1000,117,117,1.0,1862.33,1800,0
hitonanode,1200,153,153,1.0,1862.33,1800,0
hitonanode,1400,182,182,1.0,1862.33,1800,0
hitonanode,1600,200,198,0.99,1862.33,1800,0
hitonanode,1800,225,224,0.9956,1862.33,1800,1
hitonanode,2000,198,197,0.9949,1862.33,1800,0
hitonanode,2200,186,181,0.9731,1862.33,1800,0
hitonanode,2400,219,210,0.9589,1862.33,1800,0
hitonanode,2600,155,142,0.9161,1862.33,1800,0
hitonanode,2800,97,87,0.8969,1862.33,1800,0
hitonanode,3000,78,63,0.8077,1862.33,1800,0
hitonanode,3200,39,29,0.7436,1862.33,1800,0
hitonanode,3400,25,13,0.52,1862.33,1800,0
hiya_arrrrr,800,8,8,1.0,1644.19,1600,0
hiya_arrrrr,1000,6,6,1.0,1644.19,1600,0
hiya_arrrrr,1200,4,4,1.0,1644.19,1600,0
hiya_arrrrr,1400,3,3,1.0,1644.19,1600,0
hiya_arrrrr,1600,4,4,1.0,1644.19,1600,1
hiya_arrrrr,1800,5,5,1.0,1644.19,1600,0
hiya_arrrrr,2000,3,3,1.0,1644.19,1600,0
hiya_arrrrr,2200,3,2,0.6667,1644.19,1600,0
hiya_arrrrr,2400,1,1,1.0,1644.19,1600,0
hiya_arrrrr,2600,4,4,1.0,1644.19,1600,0
hiya_arrrrr,2800,3,2,0.6667,1644.19,1600,0
hiya_arrrrr,3200,1,1,1.0,1644.19,1600,0
hodza,800,92,91,0.9891,1548.51,1400,0
hodza,1000,37,37,1.0,1548.51,1400,0
hodza,1200,49,47,0.9592,1548.51,1400,0
hodza,1400,33,33,1.0,1548.51,1400,1
hodza,1600,46,44,0.9565,1548.51,1400,0
hodza,1800,42,40,0.9524,1548.51,1400,0
hodza,2000,37,35,0.9459,1548.51,1400,0
hodza,2200,35,34,0.9714,1548.51,1400,0
hodza,2400,26,25,0.9615,1548.51,1400,0
hodza,2600,15,11,0.7333,1548.51,1400,0
hodza,2800,7,5,0.7143,1548.51,1400,0
hodza,3000,2,1,0.5,1548.51,1400,0
hodza,3400,2,1,0.5,1548.51,1400,0
hos.lyric,800,140,140,1.0,2033.33,2000,0
hos.lyric,1000,97,97,1.0,2033.33,2000,0
hos.lyric,1200,126,126,1.0,2033.33,2000,0
hos.lyric,1400,153,153,1.0,2033.33,2000,0
hos.lyric,1600,175,175,1.0,2033.33,2000,0
hos.lyric,1800,203,202,0.9951,2033.33,2000,0
hos.lyric,2000,185,185,1.0,2033.33,2000,1
hos.lyric,2200,158,157,0.9937,2033.33,2000,0
hos.lyric,2400,184,180,0.9783,2033.33,2000,0
hos.lyric,2600,148,137,0.9257,2033.33,2000,0
hos.lyric,2800,132,123,0.9318,2033.33,2000,0
hos.lyric,3000,102,94,0.9216,2033.33,2000,0
hos.lyric,3200,75,68,0.9067,2033.33,2000,0
hos.lyric,3400,77,56,0.7273,2033.33,2000,0
howC,800,165,165,1.0,1164.68,1000,0
howC,1000,77,76,0.987,1164.68,1000,1
howC,1200,46,43,0.9348,1164.68,1000,0
howC,1400,31,30,0.9677,1164.68,1000,0
howC,1600,27,26,0.963,1164.68,1000,0
howC,1800,19,17,0.8947,1164.68,1000,0
howC,2000,13,13,1.0,1164.68,1000,0
howC,2200,10,10,1.0,1164.68,1000,0
howC,2400,2,2,1.0,1164.68,1000,0
howC,2600,3,3,1.0,1164.68,1000,0
howC,3400,1,0,0.0,1164.68,1000,0
hpqclab,800,26,26,1.0,1556.9,1400,0
hpqclab,1000,12,12,1.0,1556.9,1400,0
hpqclab,1200,10,9,0.9,1556.9,1400,0
hpqclab,1400,17,17,1.0,1556.9,1400,1
hpqclab,1600,9,9,1.0,1556.9,1400,0
hpqclab,1800,15,13,0.8667,1556.9,1400,0
hpqclab,2000,10,9,0.9,1556.9,1400,0
hpqclab,2200,9,9,1.0,1556.9,1400,0
hpqclab,2400,6,5,0.8333,1556.9,1400,0
hpqclab,2600,2,2,1.0,1556.9,1400,0
hpqclab,2800,3,2,0.6667,1556.9,1400,0
hpqclab,3000,1,1,1.0,1556.9,1400,0
hpqclab,3200,1,0,0.0,1556.9,1400,0
hpqclab,3400,2,2,1.0,1556.9,1400,0
hshhh_,800,239,239,1.0,1473.02,1400,0
hshhh_,1000,104,104,1.0,1473.02,1400,0
hshhh_,1200,106,106,1.0,1473.02,1400,0
hshhh_,1400,96,95,0.9896,1473.02,1400,1
hshhh_,1600,99,97,0.9798,1473.02,1400,0
hshhh_,1800,109,108,0.9908,1473.02,1400,0
hshhh_,2000,65,64,0.9846,1473.02,1400,0
hshhh_,2200,66,64,0.9697,1473.02,1400,0
hshhh_,2400,40,39,0.975,1473.02,1400,0
hshhh_,2600,19,17,0.8947,1473.02,1400,0
hshhh_,2800,8,8,1.0,1473.02,1400,0
hshhh_,3000,5,5,1.0,1473.02,1400,0
hshhh_,3200,3,3,1.0,1473.02,1400,0
huangallen,800,84,83,0.9881,1564.66,1400,0
huangallen,1000,34,33,0.9706,1564.66,1400,0
huangallen,1200,36,34,0.9444,1564.66,1400,0
huangallen,1400,40,39,0.975,1564.66,1400,1
huangallen,1600,53,51,0.9623,1564.66,1400,0
huangallen,1800,54,53,0.9815,1564.66,1400,0
huangallen,2000,43,41,0.9535,1564.66,1400,0
huangallen,2200,32,29,0.9062,1564.66,1400,0
huangallen,2400,29,24,0.8276,1564.66,1400,0
huangallen,2600,15,8,0.5333,1564.66,1400,0
huangallen,2800,5,3,0.6,1564.66,1400,0
huangallen,3000,1,1,1.0,1564.66,1400,0
huanjua,800,79,74,0.9367,1338.31,1200,0
huanjua,1000,38,35,0.9211,1338.31,1200,0
huanjua,1200,36,34,0.9444,1338.31,1200,1
huanjua,1400,34,32,0.9412,1338.31,1200,0
huanjua,1600,31,28,0.9032,1338.31,1200,0
huanjua,1800,37,33,0.8919,1338.31,1200,0
huanjua,2000,20,14,0.7,1338.31,1200,0
huanjua,2200,8,6,0.75,1338.31,1200,0
huanjua,2400,8,3,0.375,1338.31,1200,0
huanjua,2600,2,1,0.5,1338.31,1200,0
huanjua,2800,1,1,1.0,1338.31,1200,0
hungcubuso1vn,800,94,91,0.9681,1633.54,1600,0
hungcubuso1vn,1000,40,38,0.95,1633.54,1600,0
hungcubuso1vn,1200,51,51,1.0,1633.54,1600,0
hungcubuso1vn,1400,34,31,0.9118,1633.54,1600,0
hungcubuso1vn,1600,36,32,0.8889,1633.54,1600,1
hungcubuso1vn,1800,81,69,0.8519,1633.54,1600,0
hungcubuso1vn,2000,69,63,0.913,1633.54,1600,0
hungcubuso1vn,2200,71,68,0.9577,1633.54,1600,0
hungcubuso1vn,2400,42,35,0.8333,1633.54,1600,0
hungcubuso1vn,2600,13,6,0.4615,1633.54,1600,0
hungcubuso1vn,2800,4,0,0.0,1633.54,1600,0
hungcubuso1vn,3000,5,1,0.2,1633.54,1600,0
hungcubuso1vn,3200,1,0,0.0,1633.54,1600,0
hungcubuso1vn,3400,8,1,0.125,1633.54,1600,0
hungcubuso5vn,800,12,12,1.0,1307.5,1200,0
hungcubuso5vn,1000,5,5,1.0,1307.5,1200,0
hungcubuso5vn,1200,7,7,1.0,1307.5,1200,1
hungcubuso5vn,1400,5,5,1.0,1307.5,1200,0
hungcubuso5vn,1600,2,2,1.0,1307.5,1200,0
hungcubuso5vn,1800,7,5,0.7143,1307.5,1200,0
hungcubuso5vn,2000,2,0,0.0,1307.5,1200,0
hungcubuso5vn,2200,5,4,0.8,1307.5,1200,0
hungpc1577,800,25,22,0.88,1166.67,1000,0
hungpc1577,1000,6,6,1.0,1166.67,1000,1
hungpc1577,1200,3,1,0.3333,1166.67,1000,0
hungpc1577,1400,6,4,0.6667,1166.67,1000,0
hungpc1577,1600,2,2,1.0,1166.67,1000,0
hungpc1577,1800,4,4,1.0,1166.67,1000,0
hungpc1577,2000,2,1,0.5,1166.67,1000,0
hungpc1577,2200,1,1,1.0,1166.67,1000,0
hungpc1577,2400,1,1,1.0,1166.67,1000,0
hungpc1577,3000,1,0,0.0,1166.67,1000,0
hushuqi_qwq,800,79,79,1.0,1387.5,1200,0
hushuqi_qwq,1000,31,31,1.0,1387.5,1200,0
hushuqi_qwq,1200,31,30,0.9677,1387.5,1200,1
hushuqi_qwq,1400,19,19,1.0,1387.5,1200,0
hushuqi_qwq,1600,18,16,0.8889,1387.5,1200,0
hushuqi_qwq,1800,25,24,0.96,1387.5,1200,0
hushuqi_qwq,2000,22,21,0.9545,1387.5,1200,0
hushuqi_qwq,2200,13,13,1.0,1387.5,1200,0
hushuqi_qwq,2400,9,8,0.8889,1387.5,1200,0
hushuqi_qwq,2600,6,4,0.6667,1387.5,1200,0
hushuqi_qwq,2800,3,3,1.0,1387.5,1200,0
iakovlev.zakhar,800,138,137,0.9928,1589.84,1400,0
iakovlev.zakhar,1000,85,80,0.9412,1589.84,1400,0
iakovlev.zakhar,1200,101,96,0.9505,1589.84,1400,0
iakovlev.zakhar,1400,109,106,0.9725,1589.84,1400,1
iakovlev.zakhar,1600,134,125,0.9328,1589.84,1400,0
iakovlev.zakhar,1800,118,101,0.8559,1589.84,1400,0
iakovlev.zakhar,2000,97,78,0.8041,1589.84,1400,0
iakovlev.zakhar,2200,68,51,0.75,1589.84,1400,0
iakovlev.zakhar,2400,61,47,0.7705,1589.84,1400,0
iakovlev.zakhar,2600,38,27,0.7105,1589.84,1400,0
iakovlev.zakhar,2800,20,13,0.65,1589.84,1400,0
iakovlev.zakhar,3000,7,4,0.5714,1589.84,1400,0
iakovlev.zakhar,3200,4,1,0.25,1589.84,1400,0
iakovlev.zakhar,3400,3,0,0.0,1589.84,1400,0
idontwannadothisanymore,800,5,5,1.0,1512.5,1400,0
idontwannadothisanymore,1000,3,3,1.0,1512.5,1400,0
idontwannadothisanymore,1200,3,3,1.0,1512.5,1400,0
idontwannadothisanymore,1400,3,3,1.0,1512.5,1400,1
idontwannadothisanymore,1600,2,2,1.0,1512.5,1400,0
idontwannadothisanymore,1800,1,1,1.0,1512.5,1400,0
idontwannadothisanymore,2000,3,3,1.0,1512.5,1400,0
idontwannadothisanymore,2200,2,2,1.0,1512.5,1400,0
idontwannadothisanymore,2400,2,1,0.5,1512.5,1400,0
idontwannadothisanymore,2600,1,1,1.0,1512.5,1400,0
ihgazi,800,303,298,0.9835,1381.05,1200,0
ihgazi,1000,145,141,0.9724,1381.05,1200,0
ihgazi,1200,135,131,0.9704,1381.05,1200,1
ihgazi,1400,124,123,0.9919,1381.05,1200,0
ihgazi,1600,131,128,0.9771,1381.05,1200,0
ihgazi,1800,164,155,0.9451,1381.05,1200,0
ihgazi,2000,90,82,0.9111,1381.05,1200,0
ihgazi,2200,50,46,0.92,1381.05,1200,0
ihgazi,2400,23,18,0.7826,1381.05,1200,0
ihgazi,2600,4,2,0.5,1381.05,1200,0
ihgazi,3000,1,0,0.0,1381.05,1200,0
iloveMT,800,64,59,0.9219,1402.16,1400,0
iloveMT,1000,26,24,0.9231,1402.16,1400,0
iloveMT,1200,26,22,0.8462,1402.16,1400,0
iloveMT,1400,13,11,0.8462,1402.16,1400,1
iloveMT,1600,21,18,0.8571,1402.16,1400,0
iloveMT,1800,17,13,0.7647,1402.16,1400,0
iloveMT,2000,12,11,0.9167,1402.16,1400,0
iloveMT,2200,13,11,0.8462,1402.16,1400,0
iloveMT,2400,8,8,1.0,1402.16,1400,0
iloveMT,2600,7,6,0.8571,1402.16,1400,0
iloveMT,2800,1,1,1.0,1402.16,1400,0
iloveMT,3000,1,1,1.0,1402.16,1400,0
irmuun,800,1211,1208,0.9975,1312.25,1200,0
irmuun,1000,669,664,0.9925,1312.25,1200,0
irmuun,1200,483,475,0.9834,1312.25,1200,1
irmuun,1400,434,412,0.9493,1312.25,1200,0
irmuun,1600,384,361,0.9401,1312.25,1200,0
irmuun,1800,318,296,0.9308,1312.25,1200,0
irmuun,2000,208,199,0.9567,1312.25,1200,0
irmuun,2200,146,127,0.8699,1312.25,1200,0
irmuun,2400,152,137,0.9013,1312.25,1200,0
irmuun,2600,27,21,0.7778,1312.25,1200,0
irmuun,2800,10,7,0.7,1312.25,1200,0
irmuun,3000,6,3,0.5,1312.25,1200,0
irmuun,3200,2,0,0.0,1312.25,1200,0
irmuun,3400,2,1,0.5,1312.25,1200,0
is-i,800,11,11,1.0,1598.11,1400,0
is-i,1000,5,5,1.0,1598.11,1400,0
is-i,1200,8,8,1.0,1598.11,1400,0
is-i,1400,3,3,1.0,1598.11,1400,1
is-i,1600,5,5,1.0,1598.11,1400,0
is-i,1800,5,4,0.8,1598.11,1400,0
is-i,2000,7,6,0.8571,1598.11,1400,0
is-i,2200,4,3,0.75,1598.11,1400,0
is-i,2400,3,3,1.0,1598.11,1400,0
is-i,2600,4,3,0.75,1598.11,1400,0
is-i,2800,3,2,0.6667,1598.11,1400,0
is_i,800,240,239,0.9958,1587.71,1400,0
is_i,1000,121,119,0.9835,1587.71,1400,0
is_i,1200,153,150,0.9804,1587.71,1400,0
is_i,1400,162,160,0.9877,1587.71,1400,1
is_i,1600,129,120,0.9302,1587.71,1400,0
is_i,1800,136,133,0.9779,1587.71,1400,0
is_i,2000,158,149,0.943,1587.71,1400,0
is_i,2200,115,110,0.9565,1587.71,1400,0
is_i,2400,100,94,0.94,1587.71,1400,0
is_i,2600,45,44,0.9778,1587.71,1400,0
is_i,2800,6,4,0.6667,1587.71,1400,0
is_i,3000,3,2,0.6667,1587.71,1400,0
is_i,3200,1,1,1.0,1587.71,1400,0
is_i,3400,2,1,0.5,1587.71,1400,0
isaf27,800,131,110,0.8397,1783.26,1600,0
isaf27,1000,77,66,0.8571,1783.26,1600,0
isaf27,1200,95,84,0.8842,1783.26,1600,0
isaf27,1400,105,96,0.9143,1783.26,1600,0
isaf27,1600,132,119,0.9015,1783.26,1600,1
isaf27,1800,111,104,0.9369,1783.26,1600,0
isaf27,2000,96,87,0.9062,1783.26,1600,0
isaf27,2200,96,85,0.8854,1783.26,1600,0
isaf27,2400,96,79,0.8229,1783.26,1600,0
isaf27,2600,61,49,0.8033,1783.26,1600,0
isaf27,2800,40,32,0.8,1783.26,1600,0
isaf27,3000,26,14,0.5385,1783.26,1600,0
isaf27,3200,15,7,0.4667,1783.26,1600,0
isaf27,3400,19,12,0.6316,1783.26,1600,0
islingr,800,287,283,0.9861,1721.27,1600,0
islingr,1000,134,131,0.9776,1721.27,1600,0
islingr,1200,155,149,0.9613,1721.27,1600,0
islingr,1400,164,160,0.9756,1721.27,1600,0
islingr,1600,182,171,0.9396,1721.27,1600,1
islingr,1800,199,193,0.9698,1721.27,1600,0
islingr,2000,203,194,0.9557,1721.27,1600,0
islingr,2200,161,154,0.9565,1721.27,1600,0
islingr,2400,206,197,0.9563,1721.27,1600,0
islingr,2600,92,85,0.9239,1721.27,1600,0
islingr,2800,37,32,0.8649,1721.27,1600,0
islingr,3000,19,15,0.7895,1721.27,1600,0
islingr,3200,13,10,0.7692,1721.27,1600,0
islingr,3400,6,3,0.5,1721.27,1600,0
iulianarsenoiu,800,113,111,0.9823,1360.16,1200,0
iulianarsenoiu,1000,50,50,1.0,1360.16,1200,0
iulianarsenoiu,1200,50,47,0.94,1360.16,1200,1
iulianarsenoiu,1400,41,38,0.9268,1360.16,1200,0
iulianarsenoiu,1600,47,40,0.8511,1360.16,1200,0
iulianarsenoiu,1800,43,34,0.7907,1360.16,1200,0
iulianarsenoiu,2000,27,23,0.8519,1360.16,1200,0
iulianarsenoiu,2200,20,12,0.6,1360.16,1200,0
iulianarsenoiu,2400,19,11,0.5789,1360.16,1200,0
iulianarsenoiu,2600,7,6,0.8571,1360.16,1200,0
iulianarsenoiu,2800,1,0,0.0,1360.16,1200,0
iulianarsenoiu,3000,2,2,1.0,1360.16,1200,0
ivandasfs,800,118,118,1.0,1462.13,1400,0
ivandasfs,1000,63,62,0.9841,1462.13,1400,0
ivandasfs,1200,77,75,0.974,1462.13,1400,0
ivandasfs,1400,79,76,0.962,1462.13,1400,1
ivandasfs,1600,69,67,0.971,1462.13,1400,0
ivandasfs,1800,83,76,0.9157,1462.13,1400,0
ivandasfs,2000,55,43,0.7818,1462.13,1400,0
ivandasfs,2200,46,31,0.6739,1462.13,1400,0
ivandasfs,2400,23,19,0.8261,1462.13,1400,0
ivandasfs,2600,13,3,0.2308,1462.13,1400,0
ivandasfs,2800,5,3,0.6,1462.13,1400,0
ivandasfs,3000,1,0,0.0,1462.13,1400,0
ivanovmark,800,22,19,0.8636,1453.23,1400,0
ivanovmark,1000,10,6,0.6,1453.23,1400,0
ivanovmark,1200,10,7,0.7,1453.23,1400,0
ivanovmark,1400,11,4,0.3636,1453.23,1400,1
ivanovmark,1600,6,4,0.6667,1453.23,1400,0
ivanovmark,1800,10,8,0.8,1453.23,1400,0
ivanovmark,2000,6,4,0.6667,1453.23,1400,0
ivanovmark,2200,6,3,0.5,1453.23,1400,0
ivanovmark,2400,5,5,1.0,1453.23,1400,0
ivanovmark,2600,2,2,1.0,1453.23,1400,0
ivanovmark,3000,1,0,0.0,1453.23,1400,0
iztrax,800,13,13,1.0,1684.13,1600,0
iztrax,1000,4,4,1.0,1684.13,1600,0
iztrax,1200,5,5,1.0,1684.13,1600,0
iztrax,1400,2,2,1.0,1684.13,1600,0
iztrax,1600,9,9,1.0,1684.13,1600,1
iztrax,1800,7,7,1.0,1684.13,1600,0
iztrax,2000,6,6,1.0,1684.13,1600,0
iztrax,2200,4,4,1.0,1684.13,1600,0
iztrax,2400,11,10,0.9091,1684.13,1600,0
iztrax,2600,1,1,1.0,1684.13,1600,0
iztrax,2800,1,1,1.0,1684.13,1600,0
iztrax,3200,1,1,1.0,1684.13,1600,0
j.w,800,88,88,1.0,1489.06,1400,0
j.w,1000,36,36,1.0,1489.06,1400,0
j.w,1200,36,35,0.9722,1489.06,1400,0
j.w,1400,65,65,1.0,1489.06,1400,1
j.w,1600,43,42,0.9767,1489.06,1400,0
j.w,1800,54,50,0.9259,1489.06,1400,0
j.w,2000,35,29,0.8286,1489.06,1400,0
j.w,2200,24,21,0.875,1489.06,1400,0
j.w,2400,27,23,0.8519,1489.06,1400,0
j.w,2600,3,3,1.0,1489.06,1400,0
j.w,2800,2,1,0.5,1489.06,1400,0
j.w,3000,1,0,0.0,1489.06,1400,0
j.w,3200,1,0,0.0,1489.06,1400,0
jackson.souza,800,409,407,0.9951,1587.82,1400,0
jackson.souza,1000,187,184,0.984,1587.82,1400,0
jackson.souza,1200,203,200,0.9852,1587.82,1400,0
jackson.souza,1400,238,237,0.9958,1587.82,1400,1
jackson.souza,1600,271,269,0.9926,1587.82,1400,0
jackson.souza,1800,241,239,0.9917,1587.82,1400,0
jackson.souza,2000,230,224,0.9739,1587.82,1400,0
jackson.souza,2200,174,163,0.9368,1587.82,1400,0
jackson.souza,2400,136,132,0.9706,1587.82,1400,0
jackson.souza,2600,51,48,0.9412,1587.82,1400,0
jackson.souza,2800,24,20,0.8333,1587.82,1400,0
jackson.souza,3000,16,14,0.875,1587.82,1400,0
jackson.souza,3200,4,4,1.0,1587.82,1400,0
jackson.souza,3400,2,2,1.0,1587.82,1400,0
janY_,800,354,354,1.0,1562.7,1400,0
janY_,1000,140,140,1.0,1562.7,1400,0
janY_,1200,166,166,1.0,1562.7,1400,0
janY_,1400,156,155,0.9936,1562.7,1400,1
janY_,1600,207,206,0.9952,1562.7,1400,0
janY_,1800,200,199,0.995,1562.7,1400,0
janY_,2000,223,216,0.9686,1562.7,1400,0
janY_,2200,111,108,0.973,1562.7,1400,0
janY_,2400,100,96,0.96,1562.7,1400,0
janY_,2600,29,25,0.8621,1562.7,1400,0
janY_,2800,19,18,0.9474,1562.7,1400,0
janY_,3000,6,5,0.8333,1562.7,1400,0
janY_,3200,1,1,1.0,1562.7,1400,0
jeroenodb,800,357,347,0.972,1997.65,1800,0
jeroenodb,1000,137,136,0.9927,1997.65,1800,0
jeroenodb,1200,154,149,0.9675,1997.65,1800,0
jeroenodb,1400,133,131,0.985,1997.65,1800,0
jeroenodb,1600,176,171,0.9716,1997.65,1800,0
jeroenodb,1800,177,168,0.9492,1997.65,1800,1
jeroenodb,2000,176,170,0.9659,1997.65,1800,0
jeroenodb,2200,186,179,0.9624,1997.65,1800,0
jeroenodb,2400,333,317,0.952,1997.65,1800,0
jeroenodb,2600,286,268,0.9371,1997.65,1800,0
jeroenodb,2800,237,215,0.9072,1997.65,1800,0
jeroenodb,3000,164,146,0.8902,1997.65,1800,0
jeroenodb,3200,57,50,0.8772,1997.65,1800,0
jeroenodb,3400,41,26,0.6341,1997.65,1800,0
jhdfarrell_,800,88,88,1.0,1433.22,1400,0
jhdfarrell_,1000,32,32,1.0,1433.22,1400,0
jhdfarrell_,1200,34,34,1.0,1433.22,1400,0
jhdfarrell_,1400,32,32,1.0,1433.22,1400,1
jhdfarrell_,1600,24,24,1.0,1433.22,1400,0
jhdfarrell_,1800,36,34,0.9444,1433.22,1400,0
jhdfarrell_,2000,20,17,0.85,1433.22,1400,0
jhdfarrell_,2200,22,22,1.0,1433.22,1400,0
jhdfarrell_,2400,13,13,1.0,1433.22,1400,0
jhdfarrell_,2600,6,6,1.0,1433.22,1400,0
jhdfarrell_,2800,1,0,0.0,1433.22,1400,0
jhdfarrell_,3200,2,2,1.0,1433.22,1400,0
jhvjh,800,118,116,0.9831,1624.02,1600,0
jhvjh,1000,64,62,0.9688,1624.02,1600,0
jhvjh,1200,54,50,0.9259,1624.02,1600,0
jhvjh,1400,58,55,0.9483,1624.02,1600,0
jhvjh,1600,68,60,0.8824,1624.02,1600,1
jhvjh,1800,67,57,0.8507,1624.02,1600,0
jhvjh,2000,89,74,0.8315,1624.02,1600,0
jhvjh,2200,79,70,0.8861,1624.02,1600,0
jhvjh,2400,39,36,0.9231,1624.02,1600,0
jhvjh,2600,17,12,0.7059,1624.02,1600,0
jhvjh,2800,12,12,1.0,1624.02,1600,0
jhvjh,3000,5,5,1.0,1624.02,1600,0
jhvjh,3200,1,1,1.0,1624.02,1600,0
jhvjh,3400,2,2,1.0,1624.02,1600,0
ji_114514,800,214,211,0.986,1728.95,1600,0
ji_114514,1000,113,109,0.9646,1728.95,1600,0
ji_114514,1200,125,123,0.984,1728.95,1600,0
ji_114514,1400,98,97,0.9898,1728.95,1600,0
ji_114514,1600,122,117,0.959,1728.95,1600,1
ji_114514,1800,147,141,0.9592,1728.95,1600,0
ji_114514,2000,143,130,0.9091,1728.95,1600,0
ji_114514,2200,174,161,0.9253,1728.95,1600,0
ji_114514,2400,156,141,0.9038,1728.95,1600,0
ji_114514,2600,88,78,0.8864,1728.95,1600,0
ji_114514,2800,31,24,0.7742,1728.95,1600,0
ji_114514,3000,14,13,0.9286,1728.95,1600,0
ji_114514,3200,2,2,1.0,1728.95,1600,0
jiangbowen,800,182,182,1.0,1996.03,1800,0
jiangbowen,1000,91,91,1.0,1996.03,1800,0
jiangbowen,1200,85,84,0.9882,1996.03,1800,0
jiangbowen,1400,97,96,0.9897,1996.03,1800,0
jiangbowen,1600,121,119,0.9835,1996.03,1800,0
jiangbowen,1800,117,112,0.9573,1996.03,1800,1
jiangbowen,2000,169,160,0.9467,1996.03,1800,0
jiangbowen,2200,93,84,0.9032,1996.03,1800,0
jiangbowen,2400,95,84,0.8842,1996.03,1800,0
jiangbowen,2600,113,105,0.9292,1996.03,1800,0
jiangbowen,2800,155,146,0.9419,1996.03,1800,0
jiangbowen,3000,85,77,0.9059,1996.03,1800,0
jiangbowen,3200,83,71,0.8554,1996.03,1800,0
jiangbowen,3400,33,26,0.7879,1996.03,1800,0
jiangly,800,964,964,1.0,1824.66,1800,0
jiangly,1000,435,435,1.0,1824.66,1800,0
jiangly,1200,469,468,0.9979,1824.66,1800,0
jiangly,1400,440,440,1.0,1824.66,1800,0
jiangly,1600,479,479,1.0,1824.66,1800,0
jiangly,1800,491,490,0.998,1824.66,1800,1
jiangly,2000,439,439,1.0,1824.66,1800,0
jiangly,2200,439,439,1.0,1824.66,1800,0
jiangly,2400,444,442,0.9955,1824.66,1800,0
jiangly,2600,346,344,0.9942,1824.66,1800,0
jiangly,2800,279,277,0.9928,1824.66,1800,0
jiangly,3000,191,189,0.9895,1824.66,1800,0
jiangly,3200,159,155,0.9748,1824.66,1800,0
jiangly,3400,147,140,0.9524,1824.66,1800,0
jinnan814,800,18,18,1.0,1317.74,1200,0
jinnan814,1000,9,9,1.0,1317.74,1200,0
jinnan814,1200,10,10,1.0,1317.74,1200,1
jinnan814,1400,5,5,1.0,1317.74,1200,0
jinnan814,1600,5,5,1.0,1317.74,1200,0
jinnan814,1800,10,9,0.9,1317.74,1200,0
jinnan814,2000,4,4,1.0,1317.74,1200,0
jinnan814,2200,4,1,0.25,1317.74,1200,0
jinnan814,2400,1,1,1.0,1317.74,1200,0
jjang36524,800,130,127,0.9769,1514.6,1400,0
jjang36524,1000,65,64,0.9846,1514.6,1400,0
jjang36524,1200,86,85,0.9884,1514.6,1400,0
jjang36524,1400,79,74,0.9367,1514.6,1400,1
jjang36524,1600,72,67,0.9306,1514.6,1400,0
jjang36524,1800,92,85,0.9239,1514.6,1400,0
jjang36524,2000,66,58,0.8788,1514.6,1400,0
jjang36524,2200,51,43,0.8431,1514.6,1400,0
jjang36524,2400,32,23,0.7188,1514.6,1400,0
jjang36524,2600,17,7,0.4118,1514.6,1400,0
jjang36524,2800,6,4,0.6667,1514.6,1400,0
jjang36524,3000,7,6,0.8571,1514.6,1400,0
jjang36524,3200,1,1,1.0,1514.6,1400,0
jjyakioi,800,41,40,0.9756,2279.72,2200,0
jjyakioi,1000,14,13,0.9286,2279.72,2200,0
jjyakioi,1200,13,11,0.8462,2279.72,2200,0
jjyakioi,1400,25,25,1.0,2279.72,2200,0
jjyakioi,1600,8,8,1.0,2279.72,2200,0
jjyakioi,1800,29,29,1.0,2279.72,2200,0
jjyakioi,2000,51,51,1.0,2279.72,2200,0
jjyakioi,2200,36,36,1.0,2279.72,2200,1
jjyakioi,2400,41,39,0.9512,2279.72,2200,0
jjyakioi,2600,37,35,0.9459,2279.72,2200,0
jjyakioi,2800,39,38,0.9744,2279.72,2200,0
jjyakioi,3000,56,56,1.0,2279.72,2200,0
jjyakioi,3200,44,44,1.0,2279.72,2200,0
jjyakioi,3400,10,9,0.9,2279.72,2200,0
jlass_,800,331,326,0.9849,1658.81,1600,0
jlass_,1000,127,127,1.0,1658.81,1600,0
jlass_,1200,148,147,0.9932,1658.81,1600,0
jlass_,1400,102,102,1.0,1658.81,1600,0
jlass_,1600,124,124,1.0,1658.81,1600,1
jlass_,1800,165,165,1.0,1658.81,1600,0
jlass_,2000,150,150,1.0,1658.81,1600,0
jlass_,2200,192,188,0.9792,1658.81,1600,0
jlass_,2400,149,145,0.9732,1658.81,1600,0
jlass_,2600,70,69,0.9857,1658.81,1600,0
jlass_,2800,27,24,0.8889,1658.81,1600,0
jlass_,3000,13,11,0.8462,1658.81,1600,0
jlass_,3200,4,4,1.0,1658.81,1600,0
jlass_,3400,1,1,1.0,1658.81,1600,0
jn_275,800,16,16,1.0,1403.39,1400,0
jn_275,1000,12,12,1.0,1403.39,1400,0
jn_275,1200,7,7,1.0,1403.39,1400,0
jn_275,1400,3,3,1.0,1403.39,1400,1
jn_275,1600,3,3,1.0,1403.39,1400,0
jn_275,1800,6,5,0.8333,1403.39,1400,0
jn_275,2000,5,5,1.0,1403.39,1400,0
jn_275,2200,3,3,1.0,1403.39,1400,0
jn_275,2400,5,4,0.8,1403.39,1400,0
jn_275,2600,3,1,0.3333,1403.39,1400,0
jn_275,2800,1,0,0.0,1403.39,1400,0
jn_275,3000,1,0,0.0,1403.39,1400,0
jootw,800,20,20,1.0,1877.01,1800,0
jootw,1000,10,9,0.9,1877.01,1800,0
jootw,1200,17,16,0.9412,1877.01,1800,0
jootw,1400,9,8,0.8889,1877.01,1800,0
jootw,1600,15,15,1.0,1877.01,1800,0
jootw,1800,15,15,1.0,1877.01,1800,1
jootw,2000,40,40,1.0,1877.01,1800,0
jootw,2200,20,20,1.0,1877.01,1800,0
jootw,2400,24,23,0.9583,1877.01,1800,0
jootw,2600,12,12,1.0,1877.01,1800,0
jootw,2800,7,7,1.0,1877.01,1800,0
jootw,3200,2,2,1.0,1877.01,1800,0
jtrh,800,169,165,0.9763,1872.51,1800,0
jtrh,1000,81,81,1.0,1872.51,1800,0
jtrh,1200,70,70,1.0,1872.51,1800,0
jtrh,1400,84,83,0.9881,1872.51,1800,0
jtrh,1600,96,95,0.9896,1872.51,1800,0
jtrh,1800,115,115,1.0,1872.51,1800,1
jtrh,2000,158,158,1.0,1872.51,1800,0
jtrh,2200,234,234,1.0,1872.51,1800,0
jtrh,2400,288,288,1.0,1872.51,1800,0
jtrh,2600,49,49,1.0,1872.51,1800,0
jtrh,2800,18,16,0.8889,1872.51,1800,0
jtrh,3000,3,3,1.0,1872.51,1800,0
jumpmelon,800,50,50,1.0,1701.67,1600,0
jumpmelon,1000,32,32,1.0,1701.67,1600,0
jumpmelon,1200,21,21,1.0,1701.67,1600,0
jumpmelon,1400,33,32,0.9697,1701.67,1600,0
jumpmelon,1600,22,22,1.0,1701.67,1600,1
jumpmelon,1800,32,32,1.0,1701.67,1600,0
jumpmelon,2000,27,27,1.0,1701.67,1600,0
jumpmelon,2200,29,26,0.8966,1701.67,1600,0
jumpmelon,2400,24,24,1.0,1701.67,1600,0
jumpmelon,2600,19,18,0.9474,1701.67,1600,0
jumpmelon,2800,11,9,0.8182,1701.67,1600,0
jumpmelon,3000,3,3,1.0,1701.67,1600,0
jumpmelon,3200,3,2,0.6667,1701.67,1600,0
jumpmelon,3400,2,2,1.0,1701.67,1600,0
jununu0811,800,150,150,1.0,1264.3,1200,0
jununu0811,1000,71,70,0.9859,1264.3,1200,0
jununu0811,1200,58,58,1.0,1264.3,1200,1
jununu0811,1400,57,56,0.9825,1264.3,1200,0
jununu0811,1600,39,37,0.9487,1264.3,1200,0
jununu0811,1800,53,42,0.7925,1264.3,1200,0
jununu0811,2000,29,23,0.7931,1264.3,1200,0
jununu0811,2200,13,9,0.6923,1264.3,1200,0
jununu0811,2400,9,6,0.6667,1264.3,1200,0
jununu0811,2600,2,0,0.0,1264.3,1200,0
jununu0811,3000,1,0,0.0,1264.3,1200,0
k1r1t0,800,521,518,0.9942,1599.15,1400,0
k1r1t0,1000,171,165,0.9649,1599.15,1400,0
k1r1t0,1200,190,186,0.9789,1599.15,1400,0
k1r1t0,1400,159,156,0.9811,1599.15,1400,1
k1r1t0,1600,181,176,0.9724,1599.15,1400,0
k1r1t0,1800,180,171,0.95,1599.15,1400,0
k1r1t0,2000,147,137,0.932,1599.15,1400,0
k1r1t0,2200,142,137,0.9648,1599.15,1400,0
k1r1t0,2400,159,148,0.9308,1599.15,1400,0
k1r1t0,2600,88,83,0.9432,1599.15,1400,0
k1r1t0,2800,50,43,0.86,1599.15,1400,0
k1r1t0,3000,39,36,0.9231,1599.15,1400,0
k1r1t0,3200,26,23,0.8846,1599.15,1400,0
k1r1t0,3400,15,12,0.8,1599.15,1400,0
k4k7us,800,188,179,0.9521,1239.86,1200,0
k4k7us,1000,62,57,0.9194,1239.86,1200,0
k4k7us,1200,48,43,0.8958,1239.86,1200,1
k4k7us,1400,57,54,0.9474,1239.86,1200,0
k4k7us,1600,26,20,0.7692,1239.86,1200,0
k4k7us,1800,36,33,0.9167,1239.86,1200,0
k4k7us,2000,17,14,0.8235,1239.86,1200,0
k4k7us,2200,12,12,1.0,1239.86,1200,0
k4k7us,2400,6,5,0.8333,1239.86,1200,0
k4k7us,2600,10,8,0.8,1239.86,1200,0
k4k7us,2800,1,1,1.0,1239.86,1200,0
k4k7us,3000,1,1,1.0,1239.86,1200,0
k4k7us,3200,1,1,1.0,1239.86,1200,0
k4k7us,3400,2,1,0.5,1239.86,1200,0
kafamcokkaristi,800,363,352,0.9697,1352.96,1200,0
kafamcokkaristi,1000,144,138,0.9583,1352.96,1200,0
kafamcokkaristi,1200,122,108,0.8852,1352.96,1200,1
kafamcokkaristi,1400,136,126,0.9265,1352.96,1200,0
kafamcokkaristi,1600,143,121,0.8462,1352.96,1200,0
kafamcokkaristi,1800,107,83,0.7757,1352.96,1200,0
kafamcokkaristi,2000,81,65,0.8025,1352.96,1200,0
kafamcokkaristi,2200,66,50,0.7576,1352.96,1200,0
kafamcokkaristi,2400,43,31,0.7209,1352.96,1200,0
kafamcokkaristi,2600,27,16,0.5926,1352.96,1200,0
kafamcokkaristi,2800,11,6,0.5455,1352.96,1200,0
kafamcokkaristi,3000,1,1,1.0,1352.96,1200,0
kafamcokkaristi,3400,1,0,0.0,1352.96,1200,0
kalimm,800,245,243,0.9918,1755.79,1600,0
kalimm,1000,146,142,0.9726,1755.79,1600,0
kalimm,1200,161,157,0.9752,1755.79,1600,0
kalimm,1400,179,169,0.9441,1755.79,1600,0
kalimm,1600,196,187,0.9541,1755.79,1600,1
kalimm,1800,198,183,0.9242,1755.79,1600,0
kalimm,2000,209,192,0.9187,1755.79,1600,0
kalimm,2200,194,173,0.8918,1755.79,1600,0
kalimm,2400,164,148,0.9024,1755.79,1600,0
kalimm,2600,112,92,0.8214,1755.79,1600,0
kalimm,2800,72,61,0.8472,1755.79,1600,0
kalimm,3000,47,39,0.8298,1755.79,1600,0
kalimm,3200,15,9,0.6,1755.79,1600,0
kalimm,3400,2,1,0.5,1755.79,1600,0
kamyak,800,270,269,0.9963,1419.91,1400,0
kamyak,1000,132,131,0.9924,1419.91,1400,0
kamyak,1200,134,131,0.9776,1419.91,1400,0
kamyak,1400,129,124,0.9612,1419.91,1400,1
kamyak,1600,135,128,0.9481,1419.91,1400,0
kamyak,1800,140,135,0.9643,1419.91,1400,0
kamyak,2000,111,103,0.9279,1419.91,1400,0
kamyak,2200,71,59,0.831,1419.91,1400,0
kamyak,2400,22,16,0.7273,1419.91,1400,0
kamyak,2600,15,7,0.4667,1419.91,1400,0
kamyak,2800,4,2,0.5,1419.91,1400,0
karthik789murugan,800,20,19,0.95,1222.5,1200,0
karthik789murugan,1000,4,4,1.0,1222.5,1200,0
karthik789murugan,1200,3,2,0.6667,1222.5,1200,1
karthik789murugan,1400,4,4,1.0,1222.5,1200,0
karthik789murugan,1600,5,4,0.8,1222.5,1200,0
karthik789murugan,1800,3,3,1.0,1222.5,1200,0
karthik789murugan,2000,2,2,1.0,1222.5,1200,0
karthik789murugan,2200,2,1,0.5,1222.5,1200,0
karthik789murugan,2600,1,1,1.0,1222.5,1200,0
kcatsuh,800,20,20,1.0,1574.74,1400,0
kcatsuh,1000,8,8,1.0,1574.74,1400,0
kcatsuh,1200,11,10,0.9091,1574.74,1400,0
kcatsuh,1400,10,10,1.0,1574.74,1400,1
kcatsuh,1600,9,9,1.0,1574.74,1400,0
kcatsuh,1800,14,12,0.8571,1574.74,1400,0
kcatsuh,2000,9,7,0.7778,1574.74,1400,0
kcatsuh,2200,10,9,0.9,1574.74,1400,0
kcatsuh,2400,7,6,0.8571,1574.74,1400,0
kcatsuh,2600,1,1,1.0,1574.74,1400,0
kcatsuh,2800,2,2,1.0,1574.74,1400,0
kcatsuh,3000,1,1,1.0,1574.74,1400,0
kdy8128,800,74,72,0.973,1344.66,1200,0
kdy8128,1000,35,34,0.9714,1344.66,1200,0
kdy8128,1200,38,36,0.9474,1344.66,1200,1
kdy8128,1400,32,32,1.0,1344.66,1200,0
kdy8128,1600,25,23,0.92,1344.66,1200,0
kdy8128,1800,23,21,0.913,1344.66,1200,0
kdy8128,2000,20,18,0.9,1344.66,1200,0
kdy8128,2200,13,10,0.7692,1344.66,1200,0
kdy8128,2400,9,6,0.6667,1344.66,1200,0
kdy8128,2600,1,1,1.0,1344.66,1200,0
keisuke6,800,164,162,0.9878,1523.33,1400,0
keisuke6,1000,66,66,1.0,1523.33,1400,0
keisuke6,1200,68,66,0.9706,1523.33,1400,0
keisuke6,1400,63,61,0.9683,1523.33,1400,1
keisuke6,1600,83,78,0.9398,1523.33,1400,0
keisuke6,1800,67,56,0.8358,1523.33,1400,0
keisuke6,2000,68,54,0.7941,1523.33,1400,0
keisuke6,2200,51,40,0.7843,1523.33,1400,0
keisuke6,2400,43,38,0.8837,1523.33,1400,0
keisuke6,2600,28,22,0.7857,1523.33,1400,0
keisuke6,2800,15,13,0.8667,1523.33,1400,0
keisuke6,3000,3,2,0.6667,1523.33,1400,0
keisuke6,3200,5,2,0.4,1523.33,1400,0
keisuke6,3400,3,0,0.0,1523.33,1400,0
kevin,800,399,399,1.0,1658.81,1600,0
kevin,1000,146,145,0.9932,1658.81,1600,0
kevin,1200,172,172,1.0,1658.81,1600,0
kevin,1400,164,163,0.9939,1658.81,1600,0
kevin,1600,203,199,0.9803,1658.81,1600,1
kevin,1800,193,189,0.9793,1658.81,1600,0
kevin,2000,175,171,0.9771,1658.81,1600,0
kevin,2200,217,210,0.9677,1658.81,1600,0
kevin,2400,186,172,0.9247,1658.81,1600,0
kevin,2600,116,107,0.9224,1658.81,1600,0
kevin,2800,42,35,0.8333,1658.81,1600,0
kevin,3000,14,12,0.8571,1658.81,1600,0
kevin,3200,4,2,0.5,1658.81,1600,0
kevin,3400,2,0,0.0,1658.81,1600,0
kevinyang,800,589,587,0.9966,1651.28,1600,0
kevinyang,1000,260,257,0.9885,1651.28,1600,0
kevinyang,1200,278,273,0.982,1651.28,1600,0
kevinyang,1400,246,243,0.9878,1651.28,1600,0
kevinyang,1600,245,241,0.9837,1651.28,1600,1
kevinyang,1800,261,251,0.9617,1651.28,1600,0
kevinyang,2000,230,220,0.9565,1651.28,1600,0
kevinyang,2200,287,278,0.9686,1651.28,1600,0
kevinyang,2400,236,228,0.9661,1651.28,1600,0
kevinyang,2600,153,143,0.9346,1651.28,1600,0
kevinyang,2800,92,89,0.9674,1651.28,1600,0
kevinyang,3000,37,36,0.973,1651.28,1600,0
kevinyang,3200,10,10,1.0,1651.28,1600,0
kevinyang,3400,2,1,0.5,1651.28,1600,0
khanhdang2109,800,100,98,0.98,1385.79,1200,0
khanhdang2109,1000,52,52,1.0,1385.79,1200,0
khanhdang2109,1200,56,55,0.9821,1385.79,1200,1
khanhdang2109,1400,47,46,0.9787,1385.79,1200,0
khanhdang2109,1600,48,45,0.9375,1385.79,1200,0
khanhdang2109,1800,44,42,0.9545,1385.79,1200,0
khanhdang2109,2000,29,28,0.9655,1385.79,1200,0
khanhdang2109,2200,15,13,0.8667,1385.79,1200,0
khanhdang2109,2400,12,10,0.8333,1385.79,1200,0
khanhdang2109,2600,3,3,1.0,1385.79,1200,0
khanhdang2109,2800,3,2,0.6667,1385.79,1200,0
khoianh,800,154,146,0.9481,1438.04,1400,0
khoianh,1000,59,57,0.9661,1438.04,1400,0
khoianh,1200,76,74,0.9737,1438.04,1400,0
khoianh,1400,64,57,0.8906,1438.04,1400,1
khoianh,1600,77,74,0.961,1438.04,1400,0
khoianh,1800,80,71,0.8875,1438.04,1400,0
khoianh,2000,58,54,0.931,1438.04,1400,0
khoianh,2200,31,28,0.9032,1438.04,1400,0
khoianh,2400,13,12,0.9231,1438.04,1400,0
khoianh,2600,5,3,0.6,1438.04,1400,0
khoianh,2800,2,1,0.5,1438.04,1400,0
khoianh,3000,2,2,1.0,1438.04,1400,0
khoianh,3200,2,2,1.0,1438.04,1400,0
kidw0124,800,111,109,0.982,1299.7,1200,0
kidw0124,1000,41,41,1.0,1299.7,1200,0
kidw0124,1200,47,47,1.0,1299.7,1200,1
kidw0124,1400,33,32,0.9697,1299.7,1200,0
kidw0124,1600,42,40,0.9524,1299.7,1200,0
kidw0124,1800,36,27,0.75,1299.7,1200,0
kidw0124,2000,33,20,0.6061,1299.7,1200,0
kidw0124,2200,15,10,0.6667,1299.7,1200,0
kidw0124,2400,13,4,0.3077,1299.7,1200,0
kidw0124,2600,4,1,0.25,1299.7,1200,0
kidw0124,2800,2,0,0.0,1299.7,1200,0
kidw0124,3000,1,0,0.0,1299.7,1200,0
kindmango,800,149,148,0.9933,1731.24,1600,0
kindmango,1000,74,72,0.973,1731.24,1600,0
kindmango,1200,72,69,0.9583,1731.24,1600,0
kindmango,1400,84,84,1.0,1731.24,1600,0
kindmango,1600,136,132,0.9706,1731.24,1600,1
kindmango,1800,165,154,0.9333,1731.24,1600,0
kindmango,2000,154,147,0.9545,1731.24,1600,0
kindmango,2200,165,161,0.9758,1731.24,1600,0
kindmango,2400,129,126,0.9767,1731.24,1600,0
kindmango,2600,7,6,0.8571,1731.24,1600,0
kindmango,2800,2,2,1.0,1731.24,1600,0
kingmessi,800,307,303,0.987,1571.91,1400,0
kingmessi,1000,178,178,1.0,1571.91,1400,0
kingmessi,1200,191,189,0.9895,1571.91,1400,0
kingmessi,1400,188,181,0.9628,1571.91,1400,1
kingmessi,1600,252,246,0.9762,1571.91,1400,0
kingmessi,1800,243,233,0.9588,1571.91,1400,0
kingmessi,2000,252,238,0.9444,1571.91,1400,0
kingmessi,2200,124,117,0.9435,1571.91,1400,0
kingmessi,2400,115,98,0.8522,1571.91,1400,0
kingmessi,2600,31,26,0.8387,1571.91,1400,0
kingmessi,2800,12,9,0.75,1571.91,1400,0
kingmessi,3000,1,1,1.0,1571.91,1400,0
kishanreddy1230,800,48,41,0.8542,1194.25,1000,0
kishanreddy1230,1000,17,12,0.7059,1194.25,1000,1
kishanreddy1230,1200,14,9,0.6429,1194.25,1000,0
kishanreddy1230,1400,6,5,0.8333,1194.25,1000,0
kishanreddy1230,1600,9,6,0.6667,1194.25,1000,0
kishanreddy1230,1800,9,5,0.5556,1194.25,1000,0
kishanreddy1230,2000,3,2,0.6667,1194.25,1000,0
kishanreddy1230,2200,5,5,1.0,1194.25,1000,0
kishanreddy1230,2400,4,1,0.25,1194.25,1000,0
kishanreddy1230,2600,1,1,1.0,1194.25,1000,0
kit27.am23,800,30,25,0.8333,1195.59,1000,0
kit27.am23,1000,16,13,0.8125,1195.59,1000,1
kit27.am23,1200,16,10,0.625,1195.59,1000,0
kit27.am23,1400,9,6,0.6667,1195.59,1000,0
kit27.am23,1600,5,4,0.8,1195.59,1000,0
kit27.am23,1800,14,6,0.4286,1195.59,1000,0
kit27.am23,2000,5,2,0.4,1195.59,1000,0
kit27.am23,2200,3,2,0.6667,1195.59,1000,0
kit27.am23,2400,2,0,0.0,1195.59,1000,0
kizen,800,115,113,0.9826,1741.28,1600,0
kizen,1000,67,67,1.0,1741.28,1600,0
kizen,1200,93,88,0.9462,1741.28,1600,0
kizen,1400,65,64,0.9846,1741.28,1600,0
kizen,1600,105,100,0.9524,1741.28,1600,1
kizen,1800,93,86,0.9247,1741.28,1600,0
kizen,2000,72,65,0.9028,1741.28,1600,0
kizen,2200,60,51,0.85,1741.28,1600,0
kizen,2400,57,48,0.8421,1741.28,1600,0
kizen,2600,41,34,0.8293,1741.28,1600,0
kizen,2800,43,38,0.8837,1741.28,1600,0
kizen,3000,37,34,0.9189,1741.28,1600,0
kizen,3200,9,8,0.8889,1741.28,1600,0
kizen,3400,2,1,0.5,1741.28,1600,0
kkykky,800,29,29,1.0,2187.4,2000,0
kkykky,1000,9,9,1.0,2187.4,2000,0
kkykky,1200,22,18,0.8182,2187.4,2000,0
kkykky,1400,11,9,0.8182,2187.4,2000,0
kkykky,1600,14,14,1.0,2187.4,2000,0
kkykky,1800,17,17,1.0,2187.4,2000,0
kkykky,2000,22,22,1.0,2187.4,2000,1
kkykky,2200,25,25,1.0,2187.4,2000,0
kkykky,2400,22,22,1.0,2187.4,2000,0
kkykky,2600,18,16,0.8889,2187.4,2000,0
kkykky,2800,19,19,1.0,2187.4,2000,0
kkykky,3000,26,25,0.9615,2187.4,2000,0
kkykky,3200,26,26,1.0,2187.4,2000,0
kkykky,3400,11,11,1.0,2187.4,2000,0
kl0989e,800,40,40,1.0,1817.09,1800,0
kl0989e,1000,21,21,1.0,1817.09,1800,0
kl0989e,1200,27,27,1.0,1817.09,1800,0
kl0989e,1400,27,27,1.0,1817.09,1800,0
kl0989e,1600,39,39,1.0,1817.09,1800,0
kl0989e,1800,39,39,1.0,1817.09,1800,1
kl0989e,2000,41,40,0.9756,1817.09,1800,0
kl0989e,2200,42,42,1.0,1817.09,1800,0
kl0989e,2400,42,41,0.9762,1817.09,1800,0
kl0989e,2600,21,20,0.9524,1817.09,1800,0
kl0989e,2800,9,8,0.8889,1817.09,1800,0
kl0989e,3000,5,5,1.0,1817.09,1800,0
kl0989e,3200,2,2,1.0,1817.09,1800,0
kmjp,800,1250,1250,1.0,1686.6,1600,0
kmjp,1000,679,679,1.0,1686.6,1600,0
kmjp,1200,731,731,1.0,1686.6,1600,0
kmjp,1400,696,696,1.0,1686.6,1600,0
kmjp,1600,751,751,1.0,1686.6,1600,1
kmjp,1800,712,712,1.0,1686.6,1600,0
kmjp,2000,654,652,0.9969,1686.6,1600,0
kmjp,2200,609,609,1.0,1686.6,1600,0
kmjp,2400,617,614,0.9951,1686.6,1600,0
kmjp,2600,398,395,0.9925,1686.6,1600,0
kmjp,2800,248,241,0.9718,1686.6,1600,0
kmjp,3000,109,103,0.945,1686.6,1600,0
kmjp,3200,33,33,1.0,1686.6,1600,0
kmjp,3400,6,6,1.0,1686.6,1600,0
knightL,800,169,169,1.0,1678.43,1600,0
knightL,1000,99,99,1.0,1678.43,1600,0
knightL,1200,131,128,0.9771,1678.43,1600,0
knightL,1400,172,170,0.9884,1678.43,1600,0
knightL,1600,224,220,0.9821,1678.43,1600,1
knightL,1800,230,219,0.9522,1678.43,1600,0
knightL,2000,163,156,0.9571,1678.43,1600,0
knightL,2200,151,144,0.9536,1678.43,1600,0
knightL,2400,114,100,0.8772,1678.43,1600,0
knightL,2600,39,30,0.7692,1678.43,1600,0
knightL,2800,22,16,0.7273,1678.43,1600,0
knightL,3000,8,5,0.625,1678.43,1600,0
knightL,3200,1,0,0.0,1678.43,1600,0
ko_osaga,800,109,107,0.9817,1987.18,1800,0
ko_osaga,1000,95,95,1.0,1987.18,1800,0
ko_osaga,1200,126,125,0.9921,1987.18,1800,0
ko_osaga,1400,131,130,0.9924,1987.18,1800,0
ko_osaga,1600,171,170,0.9942,1987.18,1800,0
ko_osaga,1800,181,180,0.9945,1987.18,1800,1
ko_osaga,2000,172,167,0.9709,1987.18,1800,0
ko_osaga,2200,161,158,0.9814,1987.18,1800,0
ko_osaga,2400,176,173,0.983,1987.18,1800,0
ko_osaga,2600,110,103,0.9364,1987.18,1800,0
ko_osaga,2800,95,90,0.9474,1987.18,1800,0
ko_osaga,3000,78,70,0.8974,1987.18,1800,0
ko_osaga,3200,52,47,0.9038,1987.18,1800,0
ko_osaga,3400,38,31,0.8158,1987.18,1800,0
kolorVXL,800,108,105,0.9722,1505.38,1400,0
kolorVXL,1000,55,54,0.9818,1505.38,1400,0
kolorVXL,1200,63,61,0.9683,1505.38,1400,0
kolorVXL,1400,41,40,0.9756,1505.38,1400,1
kolorVXL,1600,54,54,1.0,1505.38,1400,0
kolorVXL,1800,49,48,0.9796,1505.38,1400,0
kolorVXL,2000,48,48,1.0,1505.38,1400,0
kolorVXL,2200,36,35,0.9722,1505.38,1400,0
kolorVXL,2400,36,28,0.7778,1505.38,1400,0
kolorVXL,2600,10,6,0.6,1505.38,1400,0
kolorVXL,2800,7,4,0.5714,1505.38,1400,0
kolorVXL,3000,3,0,0.0,1505.38,1400,0
kondasujay2,800,124,123,0.9919,1887.83,1800,0
kondasujay2,1000,59,56,0.9492,1887.83,1800,0
kondasujay2,1200,55,55,1.0,1887.83,1800,0
kondasujay2,1400,48,47,0.9792,1887.83,1800,0
kondasujay2,1600,78,76,0.9744,1887.83,1800,0
kondasujay2,1800,77,77,1.0,1887.83,1800,1
kondasujay2,2000,97,96,0.9897,1887.83,1800,0
kondasujay2,2200,109,107,0.9817,1887.83,1800,0
kondasujay2,2400,129,125,0.969,1887.83,1800,0
kondasujay2,2600,80,76,0.95,1887.83,1800,0
kondasujay2,2800,38,35,0.9211,1887.83,1800,0
kondasujay2,3000,21,19,0.9048,1887.83,1800,0
kondasujay2,3200,13,11,0.8462,1887.83,1800,0
kondasujay2,3400,2,1,0.5,1887.83,1800,0
konghaojie,800,695,694,0.9986,1438.11,1400,0
konghaojie,1000,328,328,1.0,1438.11,1400,0
konghaojie,1200,327,325,0.9939,1438.11,1400,0
konghaojie,1400,305,301,0.9869,1438.11,1400,1
konghaojie,1600,298,287,0.9631,1438.11,1400,0
konghaojie,1800,281,269,0.9573,1438.11,1400,0
konghaojie,2000,259,256,0.9884,1438.11,1400,0
konghaojie,2200,225,213,0.9467,1438.11,1400,0
konghaojie,2400,119,111,0.9328,1438.11,1400,0
konghaojie,2600,5,3,0.6,1438.11,1400,0
konichi,800,7,7,1.0,1407.14,1400,0
konichi,1000,6,6,1.0,1407.14,1400,0
konichi,1200,4,3,0.75,1407.14,1400,0
konichi,1400,2,2,1.0,1407.14,1400,1
konichi,1600,1,1,1.0,1407.14,1400,0
konichi,1800,4,4,1.0,1407.14,1400,0
konichi,2200,3,2,0.6667,1407.14,1400,0
konichi,2400,2,2,1.0,1407.14,1400,0
konichi,2600,1,1,1.0,1407.14,1400,0
konichi,3400,1,0,0.0,1407.14,1400,0
kostylevGO,800,123,122,0.9919,1547.17,1400,0
kostylevGO,1000,48,46,0.9583,1547.17,1400,0
kostylevGO,1200,49,48,0.9796,1547.17,1400,0
kostylevGO,1400,53,53,1.0,1547.17,1400,1
kostylevGO,1600,51,50,0.9804,1547.17,1400,0
kostylevGO,1800,57,55,0.9649,1547.17,1400,0
kostylevGO,2000,46,41,0.8913,1547.17,1400,0
kostylevGO,2200,44,42,0.9545,1547.17,1400,0
kostylevGO,2400,41,32,0.7805,1547.17,1400,0
kostylevGO,2600,19,11,0.5789,1547.17,1400,0
kostylevGO,2800,17,11,0.6471,1547.17,1400,0
kostylevGO,3000,5,2,0.4,1547.17,1400,0
kostylevGO,3400,1,0,0.0,1547.17,1400,0
kotatsugame,800,751,751,1.0,1658.59,1600,0
kotatsugame,1000,364,361,0.9918,1658.59,1600,0
kotatsugame,1200,397,397,1.0,1658.59,1600,0
kotatsugame,1400,378,376,0.9947,1658.59,1600,0
kotatsugame,1600,403,401,0.995,1658.59,1600,1
kotatsugame,1800,400,398,0.995,1658.59,1600,0
kotatsugame,2000,354,348,0.9831,1658.59,1600,0
kotatsugame,2200,333,331,0.994,1658.59,1600,0
kotatsugame,2400,332,320,0.9639,1658.59,1600,0
kotatsugame,2600,189,172,0.9101,1658.59,1600,0
kotatsugame,2800,145,127,0.8759,1658.59,1600,0
kotatsugame,3000,77,56,0.7273,1658.59,1600,0
kotatsugame,3200,27,19,0.7037,1658.59,1600,0
kotatsugame,3400,5,2,0.4,1658.59,1600,0
ksun48,800,364,360,0.989,1862.92,1800,0
ksun48,1000,224,223,0.9955,1862.92,1800,0
ksun48,1200,258,255,0.9884,1862.92,1800,0
ksun48,1400,283,276,0.9753,1862.92,1800,0
ksun48,1600,301,293,0.9734,1862.92,1800,0
ksun48,1800,304,291,0.9572,1862.92,1800,1
ksun48,2000,244,233,0.9549,1862.92,1800,0
ksun48,2200,217,208,0.9585,1862.92,1800,0
ksun48,2400,238,225,0.9454,1862.92,1800,0
ksun48,2600,180,166,0.9222,1862.92,1800,0
ksun48,2800,141,127,0.9007,1862.92,1800,0
ksun48,3000,112,95,0.8482,1862.92,1800,0
ksun48,3200,119,99,0.8319,1862.92,1800,0
ksun48,3400,122,83,0.6803,1862.92,1800,0
kunzaZa183,800,773,770,0.9961,1270.72,1200,0
kunzaZa183,1000,162,161,0.9938,1270.72,1200,0
kunzaZa183,1200,59,59,1.0,1270.72,1200,1
kunzaZa183,1400,73,69,0.9452,1270.72,1200,0
kunzaZa183,1600,185,184,0.9946,1270.72,1200,0
kunzaZa183,1800,124,120,0.9677,1270.72,1200,0
kunzaZa183,2000,125,121,0.968,1270.72,1200,0
kunzaZa183,2200,68,62,0.9118,1270.72,1200,0
kunzaZa183,2400,43,38,0.8837,1270.72,1200,0
kunzaZa183,2600,17,17,1.0,1270.72,1200,0
kunzaZa183,2800,3,3,1.0,1270.72,1200,0
kunzaZa183,3000,1,1,1.0,1270.72,1200,0
kylin0610,800,57,55,0.9649,1483.48,1400,0
kylin0610,1000,25,25,1.0,1483.48,1400,0
kylin0610,1200,30,30,1.0,1483.48,1400,0
kylin0610,1400,21,21,1.0,1483.48,1400,1
kylin0610,1600,18,18,1.0,1483.48,1400,0
kylin0610,1800,25,25,1.0,1483.48,1400,0
kylin0610,2000,21,20,0.9524,1483.48,1400,0
kylin0610,2200,22,22,1.0,1483.48,1400,0
kylin0610,2400,12,10,0.8333,1483.48,1400,0
kylin0610,2600,2,2,1.0,1483.48,1400,0
kylin0610,2800,2,2,1.0,1483.48,1400,0
l1l_pr1nce,800,34,31,0.9118,1258.75,1200,0
l1l_pr1nce,1000,16,14,0.875,1258.75,1200,0
l1l_pr1nce,1200,9,8,0.8889,1258.75,1200,1
l1l_pr1nce,1400,7,6,0.8571,1258.75,1200,0
l1l_pr1nce,1600,8,7,0.875,1258.75,1200,0
l1l_pr1nce,1800,5,5,1.0,1258.75,1200,0
l1l_pr1nce,2000,6,5,0.8333,1258.75,1200,0
l1l_pr1nce,2400,5,3,0.6,1258.75,1200,0
l1l_pr1nce,2800,2,1,0.5,1258.75,1200,0
lagrange_i_f,800,84,82,0.9762,1888.24,1800,0
lagrange_i_f,1000,43,43,1.0,1888.24,1800,0
lagrange_i_f,1200,47,46,0.9787,1888.24,1800,0
lagrange_i_f,1400,38,37,0.9737,1888.24,1800,0
lagrange_i_f,1600,54,50,0.9259,1888.24,1800,0
lagrange_i_f,1800,49,49,1.0,1888.24,1800,1
lagrange_i_f,2000,71,65,0.9155,1888.24,1800,0
lagrange_i_f,2200,60,59,0.9833,1888.24,1800,0
lagrange_i_f,2400,92,91,0.9891,1888.24,1800,0
lagrange_i_f,2600,58,55,0.9483,1888.24,1800,0
lagrange_i_f,2800,21,20,0.9524,1888.24,1800,0
lagrange_i_f,3000,16,16,1.0,1888.24,1800,0
lagrange_i_f,3200,10,9,0.9,1888.24,1800,0
lagrange_i_f,3400,7,7,1.0,1888.24,1800,0
lbm47,800,186,182,0.9785,1602.89,1600,0
lbm47,1000,77,69,0.8961,1602.89,1600,0
lbm47,1200,76,67,0.8816,1602.89,1600,0
lbm47,1400,73,70,0.9589,1602.89,1600,0
lbm47,1600,95,87,0.9158,1602.89,1600,1
lbm47,1800,85,79,0.9294,1602.89,1600,0
lbm47,2000,83,70,0.8434,1602.89,1600,0
lbm47,2200,52,47,0.9038,1602.89,1600,0
lbm47,2400,62,54,0.871,1602.89,1600,0
lbm47,2600,49,43,0.8776,1602.89,1600,0
lbm47,2800,16,16,1.0,1602.89,1600,0
lbm47,3000,7,6,0.8571,1602.89,1600,0
lbm47,3200,5,5,1.0,1602.89,1600,0
lbm47,3400,2,1,0.5,1602.89,1600,0
lbq_star,800,116,116,1.0,1286.2,1200,0
lbq_star,1000,56,55,0.9821,1286.2,1200,0
lbq_star,1200,44,43,0.9773,1286.2,1200,1
lbq_star,1400,41,38,0.9268,1286.2,1200,0
lbq_star,1600,47,43,0.9149,1286.2,1200,0
lbq_star,1800,36,32,0.8889,1286.2,1200,0
lbq_star,2000,16,11,0.6875,1286.2,1200,0
lbq_star,2200,13,8,0.6154,1286.2,1200,0
lbq_star,2400,9,5,0.5556,1286.2,1200,0
lbq_star,2600,7,3,0.4286,1286.2,1200,0
lbq_star,3000,1,1,1.0,1286.2,1200,0
lchmax37,800,421,421,1.0,1029.01,1000,0
lchmax37,1000,128,128,1.0,1029.01,1000,1
lchmax37,1200,51,50,0.9804,1029.01,1000,0
lchmax37,1400,38,38,1.0,1029.01,1000,0
lchmax37,1600,32,30,0.9375,1029.01,1000,0
lchmax37,1800,31,28,0.9032,1029.01,1000,0
lchmax37,2000,13,13,1.0,1029.01,1000,0
lchmax37,2200,6,5,0.8333,1029.01,1000,0
lchmax37,2400,3,3,1.0,1029.01,1000,0
lchmax37,2600,1,1,1.0,1029.01,1000,0
lcyxds,800,143,143,1.0,1568.34,1400,0
lcyxds,1000,66,66,1.0,1568.34,1400,0
lcyxds,1200,81,81,1.0,1568.34,1400,0
lcyxds,1400,55,55,1.0,1568.34,1400,1
lcyxds,1600,70,69,0.9857,1568.34,1400,0
lcyxds,1800,76,75,0.9868,1568.34,1400,0
lcyxds,2000,58,57,0.9828,1568.34,1400,0
lcyxds,2200,54,48,0.8889,1568.34,1400,0
lcyxds,2400,49,44,0.898,1568.34,1400,0
lcyxds,2600,24,23,0.9583,1568.34,1400,0
lcyxds,2800,20,15,0.75,1568.34,1400,0
lcyxds,3000,4,2,0.5,1568.34,1400,0
lcyxds,3200,2,1,0.5,1568.34,1400,0
leaf1415,800,710,710,1.0,1673.97,1600,0
leaf1415,1000,380,377,0.9921,1673.97,1600,0
leaf1415,1200,443,440,0.9932,1673.97,1600,0
leaf1415,1400,442,440,0.9955,1673.97,1600,0
leaf1415,1600,535,528,0.9869,1673.97,1600,1
leaf1415,1800,500,493,0.986,1673.97,1600,0
leaf1415,2000,461,445,0.9653,1673.97,1600,0
leaf1415,2200,437,411,0.9405,1673.97,1600,0
leaf1415,2400,409,374,0.9144,1673.97,1600,0
leaf1415,2600,241,210,0.8714,1673.97,1600,0
leaf1415,2800,108,83,0.7685,1673.97,1600,0
leaf1415,3000,47,28,0.5957,1673.97,1600,0
leaf1415,3200,12,9,0.75,1673.97,1600,0
leaf1415,3400,2,1,0.5,1673.97,1600,0
leduchuy,800,176,162,0.9205,1112.05,1000,0
leduchuy,1000,43,37,0.8605,1112.05,1000,1
leduchuy,1200,43,34,0.7907,1112.05,1000,0
leduchuy,1400,36,26,0.7222,1112.05,1000,0
leduchuy,1600,22,15,0.6818,1112.05,1000,0
leduchuy,1800,27,19,0.7037,1112.05,1000,0
leduchuy,2000,14,8,0.5714,1112.05,1000,0
leduchuy,2200,11,5,0.4545,1112.05,1000,0
leduchuy,2400,9,0,0.0,1112.05,1000,0
leduchuy,2600,5,1,0.2,1112.05,1000,0
leduchuy,2800,2,0,0.0,1112.05,1000,0
leg,800,236,234,0.9915,1496.47,1400,0
leg,1000,127,121,0.9528,1496.47,1400,0
leg,1200,139,137,0.9856,1496.47,1400,0
leg,1400,92,88,0.9565,1496.47,1400,1
leg,1600,86,85,0.9884,1496.47,1400,0
leg,1800,95,84,0.8842,1496.47,1400,0
leg,2000,66,57,0.8636,1496.47,1400,0
leg,2200,52,47,0.9038,1496.47,1400,0
leg,2400,94,92,0.9787,1496.47,1400,0
leg,2600,44,42,0.9545,1496.47,1400,0
leg,2800,6,4,0.6667,1496.47,1400,0
leg,3000,1,1,1.0,1496.47,1400,0
leidexuan,800,15,15,1.0,1997.62,1800,0
leidexuan,1000,6,6,1.0,1997.62,1800,0
leidexuan,1200,11,11,1.0,1997.62,1800,0
leidexuan,1400,6,6,1.0,1997.62,1800,0
leidexuan,1600,9,7,0.7778,1997.62,1800,0
leidexuan,1800,10,9,0.9,1997.62,1800,1
leidexuan,2000,10,10,1.0,1997.62,1800,0
leidexuan,2200,14,12,0.8571,1997.62,1800,0
leidexuan,2400,20,19,0.95,1997.62,1800,0
leidexuan,2600,12,11,0.9167,1997.62,1800,0
leidexuan,2800,9,9,1.0,1997.62,1800,0
leidexuan,3000,8,8,1.0,1997.62,1800,0
leidexuan,3200,2,2,1.0,1997.62,1800,0
leidexuan,3400,1,1,1.0,1997.62,1800,0
leinad2,800,130,124,0.9538,1774.07,1600,0
leinad2,1000,56,54,0.9643,1774.07,1600,0
leinad2,1200,92,91,0.9891,1774.07,1600,0
leinad2,1400,84,82,0.9762,1774.07,1600,0
leinad2,1600,92,89,0.9674,1774.07,1600,1
leinad2,1800,93,90,0.9677,1774.07,1600,0
leinad2,2000,91,90,0.989,1774.07,1600,0
leinad2,2200,77,74,0.961,1774.07,1600,0
leinad2,2400,85,77,0.9059,1774.07,1600,0
leinad2,2600,52,44,0.8462,1774.07,1600,0
leinad2,2800,41,34,0.8293,1774.07,1600,0
leinad2,3000,21,16,0.7619,1774.07,1600,0
leinad2,3200,17,13,0.7647,1774.07,1600,0
leinad2,3400,11,5,0.4545,1774.07,1600,0
lethan3,800,388,379,0.9768,1486.52,1400,0
lethan3,1000,130,129,0.9923,1486.52,1400,0
lethan3,1200,155,155,1.0,1486.52,1400,0
lethan3,1400,116,115,0.9914,1486.52,1400,1
lethan3,1600,152,150,0.9868,1486.52,1400,0
lethan3,1800,100,95,0.95,1486.52,1400,0
lethan3,2000,130,125,0.9615,1486.52,1400,0
lethan3,2200,86,81,0.9419,1486.52,1400,0
lethan3,2400,96,93,0.9688,1486.52,1400,0
lethan3,2600,34,31,0.9118,1486.52,1400,0
lethan3,2800,15,14,0.9333,1486.52,1400,0
lethan3,3000,8,7,0.875,1486.52,1400,0
lethan3,3200,5,5,1.0,1486.52,1400,0
lethan3,3400,1,1,1.0,1486.52,1400,0
lftroq,800,694,694,1.0,1279.21,1200,0
lftroq,1000,267,267,1.0,1279.21,1200,0
lftroq,1200,227,226,0.9956,1279.21,1200,1
lftroq,1400,190,189,0.9947,1279.21,1200,0
lftroq,1600,174,172,0.9885,1279.21,1200,0
lftroq,1800,153,149,0.9739,1279.21,1200,0
lftroq,2000,122,116,0.9508,1279.21,1200,0
lftroq,2200,70,70,1.0,1279.21,1200,0
lftroq,2400,32,31,0.9688,1279.21,1200,0
lftroq,2600,7,7,1.0,1279.21,1200,0
lftroq,2800,2,2,1.0,1279.21,1200,0
lftroq,3000,1,1,1.0,1279.21,1200,0
lg_zhou,800,101,99,0.9802,1588.05,1400,0
lg_zhou,1000,27,27,1.0,1588.05,1400,0
lg_zhou,1200,48,48,1.0,1588.05,1400,0
lg_zhou,1400,30,30,1.0,1588.05,1400,1
lg_zhou,1600,22,22,1.0,1588.05,1400,0
lg_zhou,1800,60,57,0.95,1588.05,1400,0
lg_zhou,2000,39,35,0.8974,1588.05,1400,0
lg_zhou,2200,46,42,0.913,1588.05,1400,0
lg_zhou,2400,32,28,0.875,1588.05,1400,0
lg_zhou,2600,9,7,0.7778,1588.05,1400,0
lg_zhou,2800,14,12,0.8571,1588.05,1400,0
lg_zhou,3000,1,1,1.0,1588.05,1400,0
lg_zhou,3200,2,1,0.5,1588.05,1400,0
lg_zhou,3400,1,1,1.0,1588.05,1400,0
liaoz123,800,148,146,0.9865,1974.68,1800,0
liaoz123,1000,63,63,1.0,1974.68,1800,0
liaoz123,1200,67,67,1.0,1974.68,1800,0
liaoz123,1400,54,54,1.0,1974.68,1800,0
liaoz123,1600,65,63,0.9692,1974.68,1800,0
liaoz123,1800,99,94,0.9495,1974.68,1800,1
liaoz123,2000,92,87,0.9457,1974.68,1800,0
liaoz123,2200,115,108,0.9391,1974.68,1800,0
liaoz123,2400,131,126,0.9618,1974.68,1800,0
liaoz123,2600,134,132,0.9851,1974.68,1800,0
liaoz123,2800,75,73,0.9733,1974.68,1800,0
liaoz123,3000,39,38,0.9744,1974.68,1800,0
liaoz123,3200,22,22,1.0,1974.68,1800,0
liaoz123,3400,15,13,0.8667,1974.68,1800,0
libobil,800,173,170,0.9827,1446.21,1400,0
libobil,1000,88,86,0.9773,1446.21,1400,0
libobil,1200,91,87,0.956,1446.21,1400,0
libobil,1400,67,64,0.9552,1446.21,1400,1
libobil,1600,84,75,0.8929,1446.21,1400,0
libobil,1800,66,53,0.803,1446.21,1400,0
libobil,2000,67,60,0.8955,1446.21,1400,0
libobil,2200,60,48,0.8,1446.21,1400,0
libobil,2400,49,30,0.6122,1446.21,1400,0
libobil,2600,21,8,0.381,1446.21,1400,0
libobil,2800,6,4,0.6667,1446.21,1400,0
libobil,3000,3,1,0.3333,1446.21,1400,0
libobil,3200,3,0,0.0,1446.21,1400,0
libobil,3400,1,0,0.0,1446.21,1400,0
licnn,800,101,96,0.9505,1679.92,1600,0
licnn,1000,38,35,0.9211,1679.92,1600,0
licnn,1200,43,40,0.9302,1679.92,1600,0
licnn,1400,42,38,0.9048,1679.92,1600,0
licnn,1600,36,33,0.9167,1679.92,1600,1
licnn,1800,63,58,0.9206,1679.92,1600,0
licnn,2000,47,40,0.8511,1679.92,1600,0
licnn,2200,74,53,0.7162,1679.92,1600,0
licnn,2400,48,36,0.75,1679.92,1600,0
licnn,2600,27,22,0.8148,1679.92,1600,0
licnn,2800,17,15,0.8824,1679.92,1600,0
licnn,3000,3,2,0.6667,1679.92,1600,0
licnn,3200,3,3,1.0,1679.92,1600,0
licnn,3400,2,2,1.0,1679.92,1600,0
lightseba,800,197,196,0.9949,1702.17,1600,0
lightseba,1000,108,105,0.9722,1702.17,1600,0
lightseba,1200,123,121,0.9837,1702.17,1600,0
lightseba,1400,141,138,0.9787,1702.17,1600,0
lightseba,1600,138,127,0.9203,1702.17,1600,1
lightseba,1800,150,141,0.94,1702.17,1600,0
lightseba,2000,163,155,0.9509,1702.17,1600,0
lightseba,2200,103,94,0.9126,1702.17,1600,0
lightseba,2400,112,91,0.8125,1702.17,1600,0
lightseba,2600,70,54,0.7714,1702.17,1600,0
lightseba,2800,42,36,0.8571,1702.17,1600,0
lightseba,3000,25,20,0.8,1702.17,1600,0
lightseba,3200,15,10,0.6667,1702.17,1600,0
lightseba,3400,6,4,0.6667,1702.17,1600,0
lihaochen,800,57,56,0.9825,1837.89,1800,0
lihaochen,1000,31,29,0.9355,1837.89,1800,0
lihaochen,1200,43,36,0.8372,1837.89,1800,0
lihaochen,1400,40,35,0.875,1837.89,1800,0
lihaochen,1600,69,67,0.971,1837.89,1800,0
lihaochen,1800,80,77,0.9625,1837.89,1800,1
lihaochen,2000,94,91,0.9681,1837.89,1800,0
lihaochen,2200,99,97,0.9798,1837.89,1800,0
lihaochen,2400,63,58,0.9206,1837.89,1800,0
lihaochen,2600,24,19,0.7917,1837.89,1800,0
lihaochen,2800,7,6,0.8571,1837.89,1800,0
lihaochen,3000,5,5,1.0,1837.89,1800,0
lihaochen,3200,1,1,1.0,1837.89,1800,0
lihaochen,3400,1,1,1.0,1837.89,1800,0
linyue,800,11,11,1.0,1921.33,1800,0
linyue,1000,8,8,1.0,1921.33,1800,0
linyue,1200,11,11,1.0,1921.33,1800,0
linyue,1400,1,1,1.0,1921.33,1800,0
linyue,1600,5,5,1.0,1921.33,1800,0
linyue,1800,5,5,1.0,1921.33,1800,1
linyue,2000,4,4,1.0,1921.33,1800,0
linyue,2200,4,4,1.0,1921.33,1800,0
linyue,2400,8,7,0.875,1921.33,1800,0
linyue,2600,2,2,1.0,1921.33,1800,0
linyue,2800,4,3,0.75,1921.33,1800,0
linyue,3000,3,3,1.0,1921.33,1800,0
linyue,3200,6,6,1.0,1921.33,1800,0
linyue,3400,5,5,1.0,1921.33,1800,0
literalchild,800,143,134,0.9371,1777.81,1600,0
literalchild,1000,43,42,0.9767,1777.81,1600,0
literalchild,1200,44,44,1.0,1777.81,1600,0
literalchild,1400,41,37,0.9024,1777.81,1600,0
literalchild,1600,62,61,0.9839,1777.81,1600,1
literalchild,1800,70,67,0.9571,1777.81,1600,0
literalchild,2000,76,73,0.9605,1777.81,1600,0
literalchild,2200,84,79,0.9405,1777.81,1600,0
literalchild,2400,80,73,0.9125,1777.81,1600,0
literalchild,2600,31,27,0.871,1777.81,1600,0
literalchild,2800,32,31,0.9688,1777.81,1600,0
literalchild,3000,23,20,0.8696,1777.81,1600,0
literalchild,3200,5,4,0.8,1777.81,1600,0
literalchild,3400,2,2,1.0,1777.81,1600,0
littleju,800,7,7,1.0,1947.06,1800,0
littleju,1000,4,3,0.75,1947.06,1800,0
littleju,1200,7,5,0.7143,1947.06,1800,0
littleju,1400,3,2,0.6667,1947.06,1800,0
littleju,1600,2,2,1.0,1947.06,1800,0
littleju,1800,12,11,0.9167,1947.06,1800,1
littleju,2200,5,4,0.8,1947.06,1800,0
littleju,2400,7,6,0.8571,1947.06,1800,0
littleju,2800,5,5,1.0,1947.06,1800,0
littleju,3000,1,1,1.0,1947.06,1800,0
littleju,3200,4,3,0.75,1947.06,1800,0
littleju,3400,4,2,0.5,1947.06,1800,0
liuweih,800,98,95,0.9694,1717.53,1600,0
liuweih,1000,66,65,0.9848,1717.53,1600,0
liuweih,1200,84,81,0.9643,1717.53,1600,0
liuweih,1400,110,106,0.9636,1717.53,1600,0
liuweih,1600,102,100,0.9804,1717.53,1600,1
liuweih,1800,116,109,0.9397,1717.53,1600,0
liuweih,2000,138,135,0.9783,1717.53,1600,0
liuweih,2200,127,122,0.9606,1717.53,1600,0
liuweih,2400,77,70,0.9091,1717.53,1600,0
liuweih,2600,15,13,0.8667,1717.53,1600,0
liuweih,2800,9,8,0.8889,1717.53,1600,0
liuweih,3000,1,1,1.0,1717.53,1600,0
liuweih,3200,2,1,0.5,1717.53,1600,0
liuweih,3400,1,1,1.0,1717.53,1600,0
liyouran,800,18,18,1.0,2572.58,2400,0
liyouran,1000,9,9,1.0,2572.58,2400,0
liyouran,1200,9,9,1.0,2572.58,2400,0
liyouran,1400,7,7,1.0,2572.58,2400,0
liyouran,1600,10,10,1.0,2572.58,2400,0
liyouran,1800,15,15,1.0,2572.58,2400,0
liyouran,2000,22,22,1.0,2572.58,2400,0
liyouran,2200,27,27,1.0,2572.58,2400,0
liyouran,2400,49,49,1.0,2572.58,2400,1
liyouran,2600,73,72,0.9863,2572.58,2400,0
liyouran,2800,68,65,0.9559,2572.58,2400,0
liyouran,3000,69,67,0.971,2572.58,2400,0
liyouran,3200,47,46,0.9787,2572.58,2400,0
liyouran,3400,30,29,0.9667,2572.58,2400,0
lldxjw,800,84,84,1.0,1948.37,1800,0
lldxjw,1000,35,34,0.9714,1948.37,1800,0
lldxjw,1200,46,46,1.0,1948.37,1800,0
lldxjw,1400,34,34,1.0,1948.37,1800,0
lldxjw,1600,46,46,1.0,1948.37,1800,0
lldxjw,1800,58,58,1.0,1948.37,1800,1
lldxjw,2000,48,47,0.9792,1948.37,1800,0
lldxjw,2200,54,52,0.963,1948.37,1800,0
lldxjw,2400,69,66,0.9565,1948.37,1800,0
lldxjw,2600,50,46,0.92,1948.37,1800,0
lldxjw,2800,41,39,0.9512,1948.37,1800,0
lldxjw,3000,39,35,0.8974,1948.37,1800,0
lldxjw,3200,19,17,0.8947,1948.37,1800,0
lldxjw,3400,8,8,1.0,1948.37,1800,0
longago_06,800,220,215,0.9773,1264.94,1200,0
longago_06,1000,138,132,0.9565,1264.94,1200,0
longago_06,1200,130,126,0.9692,1264.94,1200,1
longago_06,1400,127,118,0.9291,1264.94,1200,0
longago_06,1600,88,85,0.9659,1264.94,1200,0
longago_06,1800,46,41,0.8913,1264.94,1200,0
longago_06,2000,34,28,0.8235,1264.94,1200,0
longago_06,2200,15,12,0.8,1264.94,1200,0
longago_06,2400,10,8,0.8,1264.94,1200,0
longago_06,2600,4,3,0.75,1264.94,1200,0
longago_06,2800,2,2,1.0,1264.94,1200,0
lookcook,800,242,237,0.9793,1638.7,1600,0
lookcook,1000,123,118,0.9593,1638.7,1600,0
lookcook,1200,156,152,0.9744,1638.7,1600,0
lookcook,1400,140,138,0.9857,1638.7,1600,0
lookcook,1600,222,210,0.9459,1638.7,1600,1
lookcook,1800,311,293,0.9421,1638.7,1600,0
lookcook,2000,299,278,0.9298,1638.7,1600,0
lookcook,2200,225,189,0.84,1638.7,1600,0
lookcook,2400,78,54,0.6923,1638.7,1600,0
lookcook,2600,8,6,0.75,1638.7,1600,0
lookcook,2800,2,2,1.0,1638.7,1600,0
lookcook,3400,1,0,0.0,1638.7,1600,0
love_seeker,800,41,40,0.9756,1607.96,1600,0
love_seeker,1000,17,16,0.9412,1607.96,1600,0
love_seeker,1200,24,22,0.9167,1607.96,1600,0
love_seeker,1400,26,26,1.0,1607.96,1600,0
love_seeker,1600,25,23,0.92,1607.96,1600,1
love_seeker,1800,15,13,0.8667,1607.96,1600,0
love_seeker,2000,11,11,1.0,1607.96,1600,0
love_seeker,2200,20,18,0.9,1607.96,1600,0
love_seeker,2400,15,13,0.8667,1607.96,1600,0
love_seeker,2600,16,13,0.8125,1607.96,1600,0
love_seeker,2800,8,3,0.375,1607.96,1600,0
love_seeker,3000,4,3,0.75,1607.96,1600,0
love_seeker,3200,2,0,0.0,1607.96,1600,0
love_seeker,3400,1,0,0.0,1607.96,1600,0
low_cortisol,800,9,9,1.0,2036.84,2000,0
low_cortisol,1000,3,3,1.0,2036.84,2000,0
low_cortisol,1200,4,4,1.0,2036.84,2000,0
low_cortisol,1400,2,2,1.0,2036.84,2000,0
low_cortisol,1600,2,2,1.0,2036.84,2000,0
low_cortisol,1800,5,5,1.0,2036.84,2000,0
low_cortisol,2000,4,4,1.0,2036.84,2000,1
low_cortisol,2200,5,5,1.0,2036.84,2000,0
low_cortisol,2400,7,7,1.0,2036.84,2000,0
low_cortisol,2600,8,4,0.5,2036.84,2000,0
low_cortisol,2800,6,3,0.5,2036.84,2000,0
low_cortisol,3000,4,3,0.75,2036.84,2000,0
low_cortisol,3200,4,3,0.75,2036.84,2000,0
low_cortisol,3400,5,3,0.6,2036.84,2000,0
luckym_123,800,8,7,0.875,1472.0,1400,0
luckym_123,1000,5,4,0.8,1472.0,1400,0
luckym_123,1200,3,2,0.6667,1472.0,1400,0
luckym_123,1400,2,2,1.0,1472.0,1400,1
luckym_123,1600,1,1,1.0,1472.0,1400,0
luckym_123,1800,5,3,0.6,1472.0,1400,0
luckym_123,2000,1,1,1.0,1472.0,1400,0
luckym_123,2200,3,2,0.6667,1472.0,1400,0
luckym_123,2400,2,0,0.0,1472.0,1400,0
luckym_123,2600,3,3,1.0,1472.0,1400,0
luckym_123,2800,1,0,0.0,1472.0,1400,0
luckym_123,3400,1,0,0.0,1472.0,1400,0
lucri,800,144,144,1.0,1500.32,1400,0
lucri,1000,62,62,1.0,1500.32,1400,0
lucri,1200,81,81,1.0,1500.32,1400,0
lucri,1400,52,52,1.0,1500.32,1400,1
lucri,1600,69,69,1.0,1500.32,1400,0
lucri,1800,79,77,0.9747,1500.32,1400,0
lucri,2000,49,46,0.9388,1500.32,1400,0
lucri,2200,47,43,0.9149,1500.32,1400,0
lucri,2400,33,32,0.9697,1500.32,1400,0
lucri,2600,18,17,0.9444,1500.32,1400,0
lucri,2800,4,3,0.75,1500.32,1400,0
lucri,3000,1,0,0.0,1500.32,1400,0
lucri,3200,1,0,0.0,1500.32,1400,0
lucri,3400,1,1,1.0,1500.32,1400,0
luguanshijiandaole,800,12,12,1.0,1418.75,1400,0
luguanshijiandaole,1000,4,4,1.0,1418.75,1400,0
luguanshijiandaole,1200,8,8,1.0,1418.75,1400,0
luguanshijiandaole,1400,6,6,1.0,1418.75,1400,1
luguanshijiandaole,1600,5,5,1.0,1418.75,1400,0
luguanshijiandaole,1800,5,5,1.0,1418.75,1400,0
luguanshijiandaole,2000,2,2,1.0,1418.75,1400,0
luguanshijiandaole,2200,6,5,0.8333,1418.75,1400,0
luguanshijiandaole,2400,3,1,0.3333,1418.75,1400,0
lumine_scence,800,69,68,0.9855,1487.87,1400,0
lumine_scence,1000,27,26,0.963,1487.87,1400,0
lumine_scence,1200,47,44,0.9362,1487.87,1400,0
lumine_scence,1400,33,32,0.9697,1487.87,1400,1
lumine_scence,1600,44,39,0.8864,1487.87,1400,0
lumine_scence,1800,41,36,0.878,1487.87,1400,0
lumine_scence,2000,22,21,0.9545,1487.87,1400,0
lumine_scence,2200,18,14,0.7778,1487.87,1400,0
lumine_scence,2400,28,19,0.6786,1487.87,1400,0
lumine_scence,2600,6,3,0.5,1487.87,1400,0
lumine_scence,2800,3,2,0.6667,1487.87,1400,0
lumine_scence,3000,2,1,0.5,1487.87,1400,0
m1stzy._.,800,58,54,0.931,1671.7,1600,0
m1stzy._.,1000,29,29,1.0,1671.7,1600,0
m1stzy._.,1200,27,27,1.0,1671.7,1600,0
m1stzy._.,1400,25,25,1.0,1671.7,1600,0
m1stzy._.,1600,23,21,0.913,1671.7,1600,1
m1stzy._.,1800,28,28,1.0,1671.7,1600,0
m1stzy._.,2000,31,31,1.0,1671.7,1600,0
m1stzy._.,2200,59,59,1.0,1671.7,1600,0
m1stzy._.,2400,30,29,0.9667,1671.7,1600,0
m1stzy._.,2600,6,6,1.0,1671.7,1600,0
m1stzy._.,2800,1,1,1.0,1671.7,1600,0
m1stzy._.,3200,2,1,0.5,1671.7,1600,0
ma_moutahid,800,308,301,0.9773,1429.75,1400,0
ma_moutahid,1000,125,124,0.992,1429.75,1400,0
ma_moutahid,1200,133,123,0.9248,1429.75,1400,0
ma_moutahid,1400,104,99,0.9519,1429.75,1400,1
ma_moutahid,1600,100,93,0.93,1429.75,1400,0
ma_moutahid,1800,117,99,0.8462,1429.75,1400,0
ma_moutahid,2000,87,72,0.8276,1429.75,1400,0
ma_moutahid,2200,74,55,0.7432,1429.75,1400,0
ma_moutahid,2400,65,50,0.7692,1429.75,1400,0
ma_moutahid,2600,33,22,0.6667,1429.75,1400,0
ma_moutahid,2800,12,6,0.5,1429.75,1400,0
ma_moutahid,3000,13,5,0.3846,1429.75,1400,0
ma_moutahid,3200,3,2,0.6667,1429.75,1400,0
ma_moutahid,3400,1,1,1.0,1429.75,1400,0
machine_solution,800,168,168,1.0,1490.6,1400,0
machine_solution,1000,63,63,1.0,1490.6,1400,0
machine_solution,1200,79,77,0.9747,1490.6,1400,0
machine_solution,1400,64,62,0.9688,1490.6,1400,1
machine_solution,1600,77,75,0.974,1490.6,1400,0
machine_solution,1800,68,61,0.8971,1490.6,1400,0
machine_solution,2000,66,64,0.9697,1490.6,1400,0
machine_solution,2200,44,42,0.9545,1490.6,1400,0
machine_solution,2400,42,38,0.9048,1490.6,1400,0
machine_solution,2600,12,10,0.8333,1490.6,1400,0
machine_solution,2800,11,8,0.7273,1490.6,1400,0
machine_solution,3000,1,1,1.0,1490.6,1400,0
machine_solution,3200,2,1,0.5,1490.6,1400,0
machine_solution,3400,1,0,0.0,1490.6,1400,0
madamadam,800,121,117,0.9669,1470.51,1400,0
madamadam,1000,56,52,0.9286,1470.51,1400,0
madamadam,1200,58,49,0.8448,1470.51,1400,0
madamadam,1400,45,42,0.9333,1470.51,1400,1
madamadam,1600,38,34,0.8947,1470.51,1400,0
madamadam,1800,46,35,0.7609,1470.51,1400,0
madamadam,2000,30,27,0.9,1470.51,1400,0
madamadam,2200,36,34,0.9444,1470.51,1400,0
madamadam,2400,27,25,0.9259,1470.51,1400,0
madamadam,2600,21,14,0.6667,1470.51,1400,0
madamadam,2800,7,4,0.5714,1470.51,1400,0
madamadam,3000,4,1,0.25,1470.51,1400,0
madamadam,3400,1,0,0.0,1470.51,1400,0
magikrap,800,93,92,0.9892,1424.46,1400,0
magikrap,1000,46,45,0.9783,1424.46,1400,0
magikrap,1200,39,37,0.9487,1424.46,1400,0
magikrap,1400,47,46,0.9787,1424.46,1400,1
magikrap,1600,54,51,0.9444,1424.46,1400,0
magikrap,1800,46,40,0.8696,1424.46,1400,0
magikrap,2000,31,28,0.9032,1424.46,1400,0
magikrap,2200,20,18,0.9,1424.46,1400,0
magikrap,2400,12,11,0.9167,1424.46,1400,0
magikrap,2600,3,2,0.6667,1424.46,1400,0
magikrap,2800,2,2,1.0,1424.46,1400,0
magikrap,3200,1,0,0.0,1424.46,1400,0
magnuseifr,800,408,408,1.0,1280.22,1200,0
magnuseifr,1000,142,136,0.9577,1280.22,1200,0
magnuseifr,1200,109,105,0.9633,1280.22,1200,1
magnuseifr,1400,124,116,0.9355,1280.22,1200,0
magnuseifr,1600,120,112,0.9333,1280.22,1200,0
magnuseifr,1800,96,82,0.8542,1280.22,1200,0
magnuseifr,2000,70,60,0.8571,1280.22,1200,0
magnuseifr,2200,43,34,0.7907,1280.22,1200,0
magnuseifr,2400,30,19,0.6333,1280.22,1200,0
magnuseifr,2600,9,8,0.8889,1280.22,1200,0
magnuseifr,2800,5,2,0.4,1280.22,1200,0
mahiro_zcy,800,263,261,0.9924,1451.19,1400,0
mahiro_zcy,1000,112,110,0.9821,1451.19,1400,0
mahiro_zcy,1200,119,119,1.0,1451.19,1400,0
mahiro_zcy,1400,106,106,1.0,1451.19,1400,1
mahiro_zcy,1600,98,96,0.9796,1451.19,1400,0
mahiro_zcy,1800,115,112,0.9739,1451.19,1400,0
mahiro_zcy,2000,75,71,0.9467,1451.19,1400,0
mahiro_zcy,2200,81,75,0.9259,1451.19,1400,0
mahiro_zcy,2400,45,37,0.8222,1451.19,1400,0
mahiro_zcy,2600,17,13,0.7647,1451.19,1400,0
mahiro_zcy,2800,10,8,0.8,1451.19,1400,0
mahiro_zcy,3000,2,1,0.5,1451.19,1400,0
mahiro_zcy,3200,2,1,0.5,1451.19,1400,0
makeit427,800,8,7,0.875,1560.87,1400,0
makeit427,1000,3,2,0.6667,1560.87,1400,0
makeit427,1200,3,2,0.6667,1560.87,1400,0
makeit427,1400,2,2,1.0,1560.87,1400,1
makeit427,1800,5,2,0.4,1560.87,1400,0
makeit427,2000,2,2,1.0,1560.87,1400,0
makeit427,2200,3,2,0.6667,1560.87,1400,0
makeit427,2400,3,1,0.3333,1560.87,1400,0
makeit427,2600,4,3,0.75,1560.87,1400,0
makeit427,3000,1,0,0.0,1560.87,1400,0
malachi_toney_goat,800,262,260,0.9924,1587.42,1400,0
malachi_toney_goat,1000,147,145,0.9864,1587.42,1400,0
malachi_toney_goat,1200,151,149,0.9868,1587.42,1400,0
malachi_toney_goat,1400,177,167,0.9435,1587.42,1400,1
malachi_toney_goat,1600,204,184,0.902,1587.42,1400,0
malachi_toney_goat,1800,183,166,0.9071,1587.42,1400,0
malachi_toney_goat,2000,164,146,0.8902,1587.42,1400,0
malachi_toney_goat,2200,118,107,0.9068,1587.42,1400,0
malachi_toney_goat,2400,98,86,0.8776,1587.42,1400,0
malachi_toney_goat,2600,50,41,0.82,1587.42,1400,0
malachi_toney_goat,2800,22,19,0.8636,1587.42,1400,0
malachi_toney_goat,3000,8,7,0.875,1587.42,1400,0
malachi_toney_goat,3200,3,2,0.6667,1587.42,1400,0
mango.,800,178,173,0.9719,1597.09,1400,0
mango.,1000,85,83,0.9765,1597.09,1400,0
mango.,1200,91,91,1.0,1597.09,1400,0
mango.,1400,91,89,0.978,1597.09,1400,1
mango.,1600,105,102,0.9714,1597.09,1400,0
mango.,1800,104,99,0.9519,1597.09,1400,0
mango.,2000,79,74,0.9367,1597.09,1400,0
mango.,2200,76,70,0.9211,1597.09,1400,0
mango.,2400,76,64,0.8421,1597.09,1400,0
mango.,2600,34,26,0.7647,1597.09,1400,0
mango.,2800,16,10,0.625,1597.09,1400,0
mango.,3000,10,7,0.7,1597.09,1400,0
mango.,3200,8,7,0.875,1597.09,1400,0
mango.,3400,1,0,0.0,1597.09,1400,0
maomao90,800,221,220,0.9955,1788.45,1600,0
maomao90,1000,96,96,1.0,1788.45,1600,0
maomao90,1200,133,133,1.0,1788.45,1600,0
maomao90,1400,113,109,0.9646,1788.45,1600,0
maomao90,1600,131,131,1.0,1788.45,1600,1
maomao90,1800,135,134,0.9926,1788.45,1600,0
maomao90,2000,151,146,0.9669,1788.45,1600,0
maomao90,2200,153,150,0.9804,1788.45,1600,0
maomao90,2400,155,153,0.9871,1788.45,1600,0
maomao90,2600,84,80,0.9524,1788.45,1600,0
maomao90,2800,55,49,0.8909,1788.45,1600,0
maomao90,3000,26,23,0.8846,1788.45,1600,0
maomao90,3200,18,17,0.9444,1788.45,1600,0
maomao90,3400,16,14,0.875,1788.45,1600,0
marc2825,800,252,251,0.996,1335.12,1200,0
marc2825,1000,110,109,0.9909,1335.12,1200,0
marc2825,1200,106,104,0.9811,1335.12,1200,1
marc2825,1400,85,85,1.0,1335.12,1200,0
marc2825,1600,86,82,0.9535,1335.12,1200,0
marc2825,1800,96,86,0.8958,1335.12,1200,0
marc2825,2000,65,50,0.7692,1335.12,1200,0
marc2825,2200,46,31,0.6739,1335.12,1200,0
marc2825,2400,31,17,0.5484,1335.12,1200,0
marc2825,2600,7,4,0.5714,1335.12,1200,0
marc2825,2800,2,1,0.5,1335.12,1200,0
maroonrk,800,150,150,1.0,2250.23,2200,0
maroonrk,1000,65,65,1.0,2250.23,2200,0
maroonrk,1200,115,115,1.0,2250.23,2200,0
maroonrk,1400,131,131,1.0,2250.23,2200,0
maroonrk,1600,158,158,1.0,2250.23,2200,0
maroonrk,1800,182,182,1.0,2250.23,2200,0
maroonrk,2000,166,166,1.0,2250.23,2200,0
maroonrk,2200,156,156,1.0,2250.23,2200,1
maroonrk,2400,191,191,1.0,2250.23,2200,0
maroonrk,2600,163,163,1.0,2250.23,2200,0
maroonrk,2800,153,152,0.9935,2250.23,2200,0
maroonrk,3000,155,152,0.9806,2250.23,2200,0
maroonrk,3200,171,165,0.9649,2250.23,2200,0
maroonrk,3400,196,188,0.9592,2250.23,2200,0
marttians,800,405,400,0.9877,1459.38,1400,0
marttians,1000,149,144,0.9664,1459.38,1400,0
marttians,1200,168,158,0.9405,1459.38,1400,0
marttians,1400,154,140,0.9091,1459.38,1400,1
marttians,1600,140,126,0.9,1459.38,1400,0
marttians,1800,171,156,0.9123,1459.38,1400,0
marttians,2000,126,117,0.9286,1459.38,1400,0
marttians,2200,84,77,0.9167,1459.38,1400,0
marttians,2400,84,78,0.9286,1459.38,1400,0
marttians,2600,25,24,0.96,1459.38,1400,0
marttians,2800,15,14,0.9333,1459.38,1400,0
marttians,3000,4,4,1.0,1459.38,1400,0
marttians,3200,1,1,1.0,1459.38,1400,0
marttians,3400,3,1,0.3333,1459.38,1400,0
masonpop,800,150,149,0.9933,1968.33,1800,0
masonpop,1000,62,61,0.9839,1968.33,1800,0
masonpop,1200,72,72,1.0,1968.33,1800,0
masonpop,1400,47,47,1.0,1968.33,1800,0
masonpop,1600,81,78,0.963,1968.33,1800,0
masonpop,1800,95,94,0.9895,1968.33,1800,1
masonpop,2000,116,114,0.9828,1968.33,1800,0
masonpop,2200,115,109,0.9478,1968.33,1800,0
masonpop,2400,148,146,0.9865,1968.33,1800,0
masonpop,2600,100,100,1.0,1968.33,1800,0
masonpop,2800,73,71,0.9726,1968.33,1800,0
masonpop,3000,41,41,1.0,1968.33,1800,0
masonpop,3200,23,22,0.9565,1968.33,1800,0
masonpop,3400,17,17,1.0,1968.33,1800,0
maspy,800,1393,1393,1.0,1858.62,1800,0
maspy,1000,822,822,1.0,1858.62,1800,0
maspy,1200,903,903,1.0,1858.62,1800,0
maspy,1400,905,905,1.0,1858.62,1800,0
maspy,1600,1001,1001,1.0,1858.62,1800,0
maspy,1800,1008,1008,1.0,1858.62,1800,1
maspy,2000,912,912,1.0,1858.62,1800,0
maspy,2200,852,851,0.9988,1858.62,1800,0
maspy,2400,855,855,1.0,1858.62,1800,0
maspy,2600,629,629,1.0,1858.62,1800,0
maspy,2800,480,479,0.9979,1858.62,1800,0
maspy,3000,359,359,1.0,1858.62,1800,0
maspy,3200,275,275,1.0,1858.62,1800,0
maspy,3400,284,281,0.9894,1858.62,1800,0
masy2011,800,205,202,0.9854,1746.99,1600,0
masy2011,1000,79,78,0.9873,1746.99,1600,0
masy2011,1200,71,65,0.9155,1746.99,1600,0
masy2011,1400,76,74,0.9737,1746.99,1600,0
masy2011,1600,58,55,0.9483,1746.99,1600,1
masy2011,1800,51,47,0.9216,1746.99,1600,0
masy2011,2000,32,29,0.9062,1746.99,1600,0
masy2011,2200,67,61,0.9104,1746.99,1600,0
masy2011,2400,120,115,0.9583,1746.99,1600,0
masy2011,2600,99,95,0.9596,1746.99,1600,0
masy2011,2800,53,50,0.9434,1746.99,1600,0
masy2011,3000,20,19,0.95,1746.99,1600,0
masy2011,3200,6,5,0.8333,1746.99,1600,0
masy2011,3400,7,3,0.4286,1746.99,1600,0
mathiasgw,800,242,239,0.9876,1651.45,1600,0
mathiasgw,1000,125,123,0.984,1651.45,1600,0
mathiasgw,1200,134,133,0.9925,1651.45,1600,0
mathiasgw,1400,125,125,1.0,1651.45,1600,0
mathiasgw,1600,97,96,0.9897,1651.45,1600,1
mathiasgw,1800,123,119,0.9675,1651.45,1600,0
mathiasgw,2000,116,109,0.9397,1651.45,1600,0
mathiasgw,2200,116,104,0.8966,1651.45,1600,0
mathiasgw,2400,123,111,0.9024,1651.45,1600,0
mathiasgw,2600,77,66,0.8571,1651.45,1600,0
mathiasgw,2800,37,32,0.8649,1651.45,1600,0
mathiasgw,3000,10,7,0.7,1651.45,1600,0
mathiasgw,3200,10,9,0.9,1651.45,1600,0
mathiasgw,3400,4,4,1.0,1651.45,1600,0
mattiasj,800,110,106,0.9636,965.54,800,1
mattiasj,1000,23,20,0.8696,965.54,800,0
mattiasj,1200,11,9,0.8182,965.54,800,0
mattiasj,1400,4,3,0.75,965.54,800,0
mattiasj,1600,6,3,0.5,965.54,800,0
mattiasj,1800,3,2,0.6667,965.54,800,0
mattiasj,2000,3,2,0.6667,965.54,800,0
mattiasj,2200,3,0,0.0,965.54,800,0
mattiasj,2400,3,2,0.6667,965.54,800,0
mattiasj,2600,1,1,1.0,965.54,800,0
max0000561,800,101,99,0.9802,1607.3,1600,0
max0000561,1000,35,34,0.9714,1607.3,1600,0
max0000561,1200,51,49,0.9608,1607.3,1600,0
max0000561,1400,40,39,0.975,1607.3,1600,0
max0000561,1600,47,46,0.9787,1607.3,1600,1
max0000561,1800,39,36,0.9231,1607.3,1600,0
max0000561,2000,49,46,0.9388,1607.3,1600,0
max0000561,2200,35,34,0.9714,1607.3,1600,0
max0000561,2400,54,44,0.8148,1607.3,1600,0
max0000561,2600,18,14,0.7778,1607.3,1600,0
max0000561,2800,6,6,1.0,1607.3,1600,0
max0000561,3000,4,3,0.75,1607.3,1600,0
max0000561,3200,1,1,1.0,1607.3,1600,0
max0000561,3400,1,1,1.0,1607.3,1600,0
max67,800,58,53,0.9138,2264.58,2200,0
max67,1000,20,19,0.95,2264.58,2200,0
max67,1200,35,32,0.9143,2264.58,2200,0
max67,1400,19,14,0.7368,2264.58,2200,0
max67,1600,41,37,0.9024,2264.58,2200,0
max67,1800,45,43,0.9556,2264.58,2200,0
max67,2000,46,45,0.9783,2264.58,2200,0
max67,2200,62,60,0.9677,2264.58,2200,1
max67,2400,83,77,0.9277,2264.58,2200,0
max67,2600,80,76,0.95,2264.58,2200,0
max67,2800,71,68,0.9577,2264.58,2200,0
max67,3000,40,38,0.95,2264.58,2200,0
max67,3200,43,43,1.0,2264.58,2200,0
max67,3400,37,33,0.8919,2264.58,2200,0
maxplus,800,140,140,1.0,1921.45,1800,0
maxplus,1000,78,78,1.0,1921.45,1800,0
maxplus,1200,104,104,1.0,1921.45,1800,0
maxplus,1400,110,109,0.9909,1921.45,1800,0
maxplus,1600,146,144,0.9863,1921.45,1800,0
maxplus,1800,135,124,0.9185,1921.45,1800,1
maxplus,2000,121,114,0.9421,1921.45,1800,0
maxplus,2200,111,103,0.9279,1921.45,1800,0
maxplus,2400,127,123,0.9685,1921.45,1800,0
maxplus,2600,83,80,0.9639,1921.45,1800,0
maxplus,2800,60,59,0.9833,1921.45,1800,0
maxplus,3000,41,39,0.9512,1921.45,1800,0
maxplus,3200,39,38,0.9744,1921.45,1800,0
maxplus,3400,48,46,0.9583,1921.45,1800,0
medmdg_3,800,205,201,0.9805,1276.81,1200,0
medmdg_3,1000,70,63,0.9,1276.81,1200,0
medmdg_3,1200,79,69,0.8734,1276.81,1200,1
medmdg_3,1400,66,60,0.9091,1276.81,1200,0
medmdg_3,1600,64,60,0.9375,1276.81,1200,0
medmdg_3,1800,56,44,0.7857,1276.81,1200,0
medmdg_3,2000,33,26,0.7879,1276.81,1200,0
medmdg_3,2200,30,17,0.5667,1276.81,1200,0
medmdg_3,2400,18,9,0.5,1276.81,1200,0
medmdg_3,2600,7,2,0.2857,1276.81,1200,0
medmdg_3,2800,4,1,0.25,1276.81,1200,0
medmdg_3,3400,1,0,0.0,1276.81,1200,0
menborong,800,414,413,0.9976,1373.9,1200,0
menborong,1000,163,163,1.0,1373.9,1200,0
menborong,1200,158,157,0.9937,1373.9,1200,1
menborong,1400,139,137,0.9856,1373.9,1200,0
menborong,1600,145,143,0.9862,1373.9,1200,0
menborong,1800,132,126,0.9545,1373.9,1200,0
menborong,2000,104,98,0.9423,1373.9,1200,0
menborong,2200,94,84,0.8936,1373.9,1200,0
menborong,2400,46,37,0.8043,1373.9,1200,0
menborong,2600,12,7,0.5833,1373.9,1200,0
menborong,2800,3,2,0.6667,1373.9,1200,0
menborong,3000,1,1,1.0,1373.9,1200,0
menborong,3200,1,0,0.0,1373.9,1200,0
middle_man,800,227,222,0.978,1539.81,1400,0
middle_man,1000,99,89,0.899,1539.81,1400,0
middle_man,1200,112,108,0.9643,1539.81,1400,0
middle_man,1400,93,87,0.9355,1539.81,1400,1
middle_man,1600,111,110,0.991,1539.81,1400,0
middle_man,1800,100,90,0.9,1539.81,1400,0
middle_man,2000,105,91,0.8667,1539.81,1400,0
middle_man,2200,85,72,0.8471,1539.81,1400,0
middle_man,2400,87,64,0.7356,1539.81,1400,0
middle_man,2600,29,26,0.8966,1539.81,1400,0
middle_man,2800,11,7,0.6364,1539.81,1400,0
middle_man,3000,12,6,0.5,1539.81,1400,0
middle_man,3200,1,0,0.0,1539.81,1400,0
midnight_dream,800,43,42,0.9767,1044.44,1000,0
midnight_dream,1000,11,11,1.0,1044.44,1000,1
midnight_dream,1200,8,7,0.875,1044.44,1000,0
midnight_dream,1400,5,5,1.0,1044.44,1000,0
midnight_dream,1600,1,1,1.0,1044.44,1000,0
midnight_dream,1800,3,3,1.0,1044.44,1000,0
midnight_dream,2000,1,1,1.0,1044.44,1000,0
midnight_dream,2200,2,2,1.0,1044.44,1000,0
midnight_dream,2600,1,0,0.0,1044.44,1000,0
mihamag,800,136,135,0.9926,1192.82,1000,0
mihamag,1000,63,60,0.9524,1192.82,1000,1
mihamag,1200,50,49,0.98,1192.82,1000,0
mihamag,1400,46,42,0.913,1192.82,1000,0
mihamag,1600,54,48,0.8889,1192.82,1000,0
mihamag,1800,15,12,0.8,1192.82,1000,0
mihamag,2000,16,8,0.5,1192.82,1000,0
mihamag,2200,8,5,0.625,1192.82,1000,0
mihamag,2400,2,2,1.0,1192.82,1000,0
mihamag,2600,3,1,0.3333,1192.82,1000,0
mihamag,3000,2,0,0.0,1192.82,1000,0
minhcool,800,283,273,0.9647,1582.0,1400,0
minhcool,1000,142,138,0.9718,1582.0,1400,0
minhcool,1200,169,155,0.9172,1582.0,1400,0
minhcool,1400,135,122,0.9037,1582.0,1400,1
minhcool,1600,147,125,0.8503,1582.0,1400,0
minhcool,1800,147,127,0.8639,1582.0,1400,0
minhcool,2000,156,129,0.8269,1582.0,1400,0
minhcool,2200,122,101,0.8279,1582.0,1400,0
minhcool,2400,127,110,0.8661,1582.0,1400,0
minhcool,2600,60,44,0.7333,1582.0,1400,0
minhcool,2800,25,16,0.64,1582.0,1400,0
minhcool,3000,9,6,0.6667,1582.0,1400,0
minhcool,3200,5,3,0.6,1582.0,1400,0
minhcool,3400,2,1,0.5,1582.0,1400,0
minhnguyenxuan60,800,449,449,1.0,1425.05,1400,0
minhnguyenxuan60,1000,183,183,1.0,1425.05,1400,0
minhnguyenxuan60,1200,202,202,1.0,1425.05,1400,0
minhnguyenxuan60,1400,185,184,0.9946,1425.05,1400,1
minhnguyenxuan60,1600,188,179,0.9521,1425.05,1400,0
minhnguyenxuan60,1800,151,144,0.9536,1425.05,1400,0
minhnguyenxuan60,2000,116,107,0.9224,1425.05,1400,0
minhnguyenxuan60,2200,109,92,0.844,1425.05,1400,0
minhnguyenxuan60,2400,83,71,0.8554,1425.05,1400,0
minhnguyenxuan60,2600,32,28,0.875,1425.05,1400,0
minhnguyenxuan60,2800,9,8,0.8889,1425.05,1400,0
minhnguyenxuan60,3000,9,3,0.3333,1425.05,1400,0
minhnguyenxuan60,3200,2,2,1.0,1425.05,1400,0
minhnguyenxuan60,3400,1,1,1.0,1425.05,1400,0
mircea_007,800,128,121,0.9453,1542.86,1400,0
mircea_007,1000,60,53,0.8833,1542.86,1400,0
mircea_007,1200,45,41,0.9111,1542.86,1400,0
mircea_007,1400,40,40,1.0,1542.86,1400,1
mircea_007,1600,50,47,0.94,1542.86,1400,0
mircea_007,1800,39,33,0.8462,1542.86,1400,0
mircea_007,2000,39,34,0.8718,1542.86,1400,0
mircea_007,2200,55,47,0.8545,1542.86,1400,0
mircea_007,2400,52,38,0.7308,1542.86,1400,0
mircea_007,2600,16,10,0.625,1542.86,1400,0
mircea_007,2800,9,7,0.7778,1542.86,1400,0
mircea_007,3000,3,3,1.0,1542.86,1400,0
mircea_007,3200,2,1,0.5,1542.86,1400,0
mircea_007,3400,1,1,1.0,1542.86,1400,0
mircle-,800,328,328,1.0,1688.2,1600,0
mircle-,1000,140,139,0.9929,1688.2,1600,0
mircle-,1200,143,142,0.993,1688.2,1600,0
mircle-,1400,147,144,0.9796,1688.2,1600,0
mircle-,1600,204,203,0.9951,1688.2,1600,1
mircle-,1800,230,227,0.987,1688.2,1600,0
mircle-,2000,199,198,0.995,1688.2,1600,0
mircle-,2200,211,209,0.9905,1688.2,1600,0
mircle-,2400,233,230,0.9871,1688.2,1600,0
mircle-,2600,63,60,0.9524,1688.2,1600,0
mircle-,2800,15,13,0.8667,1688.2,1600,0
mircle-,3000,3,3,1.0,1688.2,1600,0
mircle-,3200,2,2,1.0,1688.2,1600,0
mjtai,800,550,550,1.0,1513.49,1400,0
mjtai,1000,243,243,1.0,1513.49,1400,0
mjtai,1200,261,261,1.0,1513.49,1400,0
mjtai,1400,274,274,1.0,1513.49,1400,1
mjtai,1600,281,281,1.0,1513.49,1400,0
mjtai,1800,274,274,1.0,1513.49,1400,0
mjtai,2000,251,251,1.0,1513.49,1400,0
mjtai,2200,212,212,1.0,1513.49,1400,0
mjtai,2400,143,140,0.979,1513.49,1400,0
mjtai,2600,27,24,0.8889,1513.49,1400,0
mjtai,2800,2,2,1.0,1513.49,1400,0
mjtai,3000,2,1,0.5,1513.49,1400,0
mkx2023275_,800,75,74,0.9867,1978.71,1800,0
mkx2023275_,1000,34,33,0.9706,1978.71,1800,0
mkx2023275_,1200,43,41,0.9535,1978.71,1800,0
mkx2023275_,1400,30,29,0.9667,1978.71,1800,0
mkx2023275_,1600,35,33,0.9429,1978.71,1800,0
mkx2023275_,1800,58,54,0.931,1978.71,1800,1
mkx2023275_,2000,74,66,0.8919,1978.71,1800,0
mkx2023275_,2200,110,106,0.9636,1978.71,1800,0
mkx2023275_,2400,101,97,0.9604,1978.71,1800,0
mkx2023275_,2600,63,58,0.9206,1978.71,1800,0
mkx2023275_,2800,30,29,0.9667,1978.71,1800,0
mkx2023275_,3000,29,24,0.8276,1978.71,1800,0
mkx2023275_,3200,7,6,0.8571,1978.71,1800,0
mkx2023275_,3400,4,3,0.75,1978.71,1800,0
mochaowo,800,115,110,0.9565,1398.11,1200,0
mochaowo,1000,47,45,0.9574,1398.11,1200,0
mochaowo,1200,43,42,0.9767,1398.11,1200,1
mochaowo,1400,38,36,0.9474,1398.11,1200,0
mochaowo,1600,34,32,0.9412,1398.11,1200,0
mochaowo,1800,41,34,0.8293,1398.11,1200,0
mochaowo,2000,31,26,0.8387,1398.11,1200,0
mochaowo,2200,31,29,0.9355,1398.11,1200,0
mochaowo,2400,15,12,0.8,1398.11,1200,0
mochaowo,2600,6,3,0.5,1398.11,1200,0
mochaowo,2800,2,2,1.0,1398.11,1200,0
mochaowo,3400,1,0,0.0,1398.11,1200,0
modongtao,800,91,91,1.0,1711.19,1600,0
modongtao,1000,35,35,1.0,1711.19,1600,0
modongtao,1200,44,44,1.0,1711.19,1600,0
modongtao,1400,39,37,0.9487,1711.19,1600,0
modongtao,1600,75,75,1.0,1711.19,1600,1
modongtao,1800,104,103,0.9904,1711.19,1600,0
modongtao,2000,84,82,0.9762,1711.19,1600,0
modongtao,2200,50,50,1.0,1711.19,1600,0
modongtao,2400,44,38,0.8636,1711.19,1600,0
modongtao,2600,16,16,1.0,1711.19,1600,0
modongtao,2800,9,8,0.8889,1711.19,1600,0
modongtao,3000,3,3,1.0,1711.19,1600,0
modongtao,3200,5,5,1.0,1711.19,1600,0
modongtao,3400,4,3,0.75,1711.19,1600,0
moe.tsuki,800,60,60,1.0,1710.43,1600,0
moe.tsuki,1000,29,27,0.931,1710.43,1600,0
moe.tsuki,1200,51,50,0.9804,1710.43,1600,0
moe.tsuki,1400,50,44,0.88,1710.43,1600,0
moe.tsuki,1600,49,44,0.898,1710.43,1600,1
moe.tsuki,1800,83,79,0.9518,1710.43,1600,0
moe.tsuki,2000,49,45,0.9184,1710.43,1600,0
moe.tsuki,2200,43,39,0.907,1710.43,1600,0
moe.tsuki,2400,56,40,0.7143,1710.43,1600,0
moe.tsuki,2600,30,21,0.7,1710.43,1600,0
moe.tsuki,2800,12,10,0.8333,1710.43,1600,0
moe.tsuki,3000,5,0,0.0,1710.43,1600,0
moe.tsuki,3200,3,1,0.3333,1710.43,1600,0
moe.tsuki,3400,2,0,0.0,1710.43,1600,0
moksha30,800,188,175,0.9309,1001.07,1000,0
moksha30,1000,53,49,0.9245,1001.07,1000,1
moksha30,1200,25,22,0.88,1001.07,1000,0
moksha30,1400,18,13,0.7222,1001.07,1000,0
moksha30,1600,12,8,0.6667,1001.07,1000,0
moksha30,1800,8,7,0.875,1001.07,1000,0
moksha30,2000,8,4,0.5,1001.07,1000,0
moksha30,2200,3,3,1.0,1001.07,1000,0
moksha30,2400,1,0,0.0,1001.07,1000,0
moksha30,2600,1,0,0.0,1001.07,1000,0
momohara,800,121,121,1.0,1525.51,1400,0
momohara,1000,77,77,1.0,1525.51,1400,0
momohara,1200,82,81,0.9878,1525.51,1400,0
momohara,1400,78,78,1.0,1525.51,1400,1
momohara,1600,93,92,0.9892,1525.51,1400,0
momohara,1800,84,82,0.9762,1525.51,1400,0
momohara,2000,75,71,0.9467,1525.51,1400,0
momohara,2200,37,32,0.8649,1525.51,1400,0
momohara,2400,45,38,0.8444,1525.51,1400,0
momohara,2600,15,11,0.7333,1525.51,1400,0
momohara,2800,1,0,0.0,1525.51,1400,0
momohara,3000,3,2,0.6667,1525.51,1400,0
momohara,3400,1,1,1.0,1525.51,1400,0
morandyg,800,57,57,1.0,1760.26,1600,0
morandyg,1000,25,25,1.0,1760.26,1600,0
morandyg,1200,40,40,1.0,1760.26,1600,0
morandyg,1400,25,22,0.88,1760.26,1600,0
morandyg,1600,35,33,0.9429,1760.26,1600,1
morandyg,1800,55,55,1.0,1760.26,1600,0
morandyg,2000,64,58,0.9062,1760.26,1600,0
morandyg,2200,36,32,0.8889,1760.26,1600,0
morandyg,2400,29,28,0.9655,1760.26,1600,0
morandyg,2600,18,16,0.8889,1760.26,1600,0
morandyg,2800,15,13,0.8667,1760.26,1600,0
morandyg,3000,4,4,1.0,1760.26,1600,0
morandyg,3200,3,3,1.0,1760.26,1600,0
morandyg,3400,4,4,1.0,1760.26,1600,0
mrthimote,800,80,79,0.9875,1693.98,1600,0
mrthimote,1000,47,41,0.8723,1693.98,1600,0
mrthimote,1200,45,44,0.9778,1693.98,1600,0
mrthimote,1400,36,33,0.9167,1693.98,1600,0
mrthimote,1600,47,46,0.9787,1693.98,1600,1
mrthimote,1800,100,95,0.95,1693.98,1600,0
mrthimote,2000,101,94,0.9307,1693.98,1600,0
mrthimote,2200,76,69,0.9079,1693.98,1600,0
mrthimote,2400,46,35,0.7609,1693.98,1600,0
mrthimote,2600,10,8,0.8,1693.98,1600,0
mrthimote,2800,11,4,0.3636,1693.98,1600,0
mrthimote,3000,2,0,0.0,1693.98,1600,0
msab3f,800,139,139,1.0,1725.62,1600,0
msab3f,1000,69,69,1.0,1725.62,1600,0
msab3f,1200,65,64,0.9846,1725.62,1600,0
msab3f,1400,53,53,1.0,1725.62,1600,0
msab3f,1600,71,70,0.9859,1725.62,1600,1
msab3f,1800,69,69,1.0,1725.62,1600,0
msab3f,2000,100,97,0.97,1725.62,1600,0
msab3f,2200,92,90,0.9783,1725.62,1600,0
msab3f,2400,89,83,0.9326,1725.62,1600,0
msab3f,2600,59,57,0.9661,1725.62,1600,0
msab3f,2800,13,12,0.9231,1725.62,1600,0
msab3f,3000,5,5,1.0,1725.62,1600,0
mtsd,800,141,140,0.9929,1740.02,1600,0
mtsd,1000,80,78,0.975,1740.02,1600,0
mtsd,1200,106,105,0.9906,1740.02,1600,0
mtsd,1400,119,116,0.9748,1740.02,1600,0
mtsd,1600,128,127,0.9922,1740.02,1600,1
mtsd,1800,131,127,0.9695,1740.02,1600,0
mtsd,2000,119,114,0.958,1740.02,1600,0
mtsd,2200,130,119,0.9154,1740.02,1600,0
mtsd,2400,123,111,0.9024,1740.02,1600,0
mtsd,2600,70,52,0.7429,1740.02,1600,0
mtsd,2800,44,28,0.6364,1740.02,1600,0
mtsd,3000,19,9,0.4737,1740.02,1600,0
mtsd,3200,4,1,0.25,1740.02,1600,0
mtsd,3400,1,0,0.0,1740.02,1600,0
mwen,800,197,195,0.9898,1590.13,1400,0
mwen,1000,89,89,1.0,1590.13,1400,0
mwen,1200,100,100,1.0,1590.13,1400,0
mwen,1400,106,106,1.0,1590.13,1400,1
mwen,1600,121,121,1.0,1590.13,1400,0
mwen,1800,108,106,0.9815,1590.13,1400,0
mwen,2000,119,119,1.0,1590.13,1400,0
mwen,2200,87,86,0.9885,1590.13,1400,0
mwen,2400,63,61,0.9683,1590.13,1400,0
mwen,2600,33,29,0.8788,1590.13,1400,0
mwen,2800,10,6,0.6,1590.13,1400,0
mwen,3000,5,3,0.6,1590.13,1400,0
mwen,3200,1,1,1.0,1590.13,1400,0
mwen,3400,1,1,1.0,1590.13,1400,0
myoi0905,800,104,104,1.0,1589.39,1400,0
myoi0905,1000,52,52,1.0,1589.39,1400,0
myoi0905,1200,43,43,1.0,1589.39,1400,0
myoi0905,1400,57,57,1.0,1589.39,1400,1
myoi0905,1600,62,61,0.9839,1589.39,1400,0
myoi0905,1800,61,57,0.9344,1589.39,1400,0
myoi0905,2000,60,57,0.95,1589.39,1400,0
myoi0905,2200,38,37,0.9737,1589.39,1400,0
myoi0905,2400,42,35,0.8333,1589.39,1400,0
myoi0905,2600,14,13,0.9286,1589.39,1400,0
myoi0905,2800,10,8,0.8,1589.39,1400,0
myoi0905,3000,2,2,1.0,1589.39,1400,0
myoi0905,3200,2,1,0.5,1589.39,1400,0
myoi0905,3400,1,1,1.0,1589.39,1400,0
mythofys,800,254,250,0.9843,1350.25,1200,0
mythofys,1000,98,98,1.0,1350.25,1200,0
mythofys,1200,100,99,0.99,1350.25,1200,1
mythofys,1400,75,71,0.9467,1350.25,1200,0
mythofys,1600,74,73,0.9865,1350.25,1200,0
mythofys,1800,83,81,0.9759,1350.25,1200,0
mythofys,2000,56,48,0.8571,1350.25,1200,0
mythofys,2200,57,54,0.9474,1350.25,1200,0
mythofys,2400,18,16,0.8889,1350.25,1200,0
mythofys,2600,5,2,0.4,1350.25,1200,0
mythofys,3000,1,0,0.0,1350.25,1200,0
naneosmic,800,110,109,0.9909,1459.9,1400,0
naneosmic,1000,37,37,1.0,1459.9,1400,0
naneosmic,1200,47,47,1.0,1459.9,1400,0
naneosmic,1400,39,39,1.0,1459.9,1400,1
naneosmic,1600,31,31,1.0,1459.9,1400,0
naneosmic,1800,25,24,0.96,1459.9,1400,0
naneosmic,2000,38,37,0.9737,1459.9,1400,0
naneosmic,2200,28,24,0.8571,1459.9,1400,0
naneosmic,2400,28,25,0.8929,1459.9,1400,0
naneosmic,2600,7,7,1.0,1459.9,1400,0
naneosmic,2800,3,3,1.0,1459.9,1400,0
naneosmic,3400,1,1,1.0,1459.9,1400,0
natsugiri,800,468,466,0.9957,1706.21,1600,0
natsugiri,1000,300,298,0.9933,1706.21,1600,0
natsugiri,1200,359,356,0.9916,1706.21,1600,0
natsugiri,1400,373,368,0.9866,1706.21,1600,0
natsugiri,1600,483,471,0.9752,1706.21,1600,1
natsugiri,1800,449,422,0.9399,1706.21,1600,0
natsugiri,2000,404,382,0.9455,1706.21,1600,0
natsugiri,2200,367,345,0.9401,1706.21,1600,0
natsugiri,2400,367,316,0.861,1706.21,1600,0
natsugiri,2600,211,163,0.7725,1706.21,1600,0
natsugiri,2800,106,71,0.6698,1706.21,1600,0
natsugiri,3000,39,23,0.5897,1706.21,1600,0
natsugiri,3200,16,6,0.375,1706.21,1600,0
natsugiri,3400,4,1,0.25,1706.21,1600,0
newbie_wrz,800,13,13,1.0,1769.05,1600,0
newbie_wrz,1000,8,8,1.0,1769.05,1600,0
newbie_wrz,1200,8,8,1.0,1769.05,1600,0
newbie_wrz,1400,4,4,1.0,1769.05,1600,0
newbie_wrz,1600,6,5,0.8333,1769.05,1600,1
newbie_wrz,1800,9,9,1.0,1769.05,1600,0
newbie_wrz,2000,9,9,1.0,1769.05,1600,0
newbie_wrz,2200,8,8,1.0,1769.05,1600,0
newbie_wrz,2400,10,9,0.9,1769.05,1600,0
newbie_wrz,2600,8,8,1.0,1769.05,1600,0
newbie_wrz,2800,4,2,0.5,1769.05,1600,0
newbie_wrz,3000,1,1,1.0,1769.05,1600,0
ngocnghia,800,28,27,0.9643,1490.08,1400,0
ngocnghia,1000,24,21,0.875,1490.08,1400,0
ngocnghia,1200,11,10,0.9091,1490.08,1400,0
ngocnghia,1400,15,14,0.9333,1490.08,1400,1
ngocnghia,1600,17,17,1.0,1490.08,1400,0
ngocnghia,1800,17,13,0.7647,1490.08,1400,0
ngocnghia,2000,15,14,0.9333,1490.08,1400,0
ngocnghia,2200,8,6,0.75,1490.08,1400,0
ngocnghia,2400,11,4,0.3636,1490.08,1400,0
ngocnghia,2600,6,3,0.5,1490.08,1400,0
ngocnghia,2800,3,1,0.3333,1490.08,1400,0
ngocnghia,3000,1,1,1.0,1490.08,1400,0
nguyengiabach1201,800,42,42,1.0,1573.28,1400,0
nguyengiabach1201,1000,32,31,0.9688,1573.28,1400,0
nguyengiabach1201,1200,37,37,1.0,1573.28,1400,0
nguyengiabach1201,1400,56,53,0.9464,1573.28,1400,1
nguyengiabach1201,1600,48,47,0.9792,1573.28,1400,0
nguyengiabach1201,1800,88,85,0.9659,1573.28,1400,0
nguyengiabach1201,2000,56,53,0.9464,1573.28,1400,0
nguyengiabach1201,2200,10,10,1.0,1573.28,1400,0
nguyengiabach1201,2400,4,3,0.75,1573.28,1400,0
nguyengiabach1201,2600,3,1,0.3333,1573.28,1400,0
nguyengiabach1201,2800,1,1,1.0,1573.28,1400,0
nguyengiabach1201,3000,1,0,0.0,1573.28,1400,0
nguyengiabach1201,3400,1,0,0.0,1573.28,1400,0
nhphuc,800,544,538,0.989,1408.96,1400,0
nhphuc,1000,106,100,0.9434,1408.96,1400,0
nhphuc,1200,94,91,0.9681,1408.96,1400,0
nhphuc,1400,96,94,0.9792,1408.96,1400,1
nhphuc,1600,187,185,0.9893,1408.96,1400,0
nhphuc,1800,243,238,0.9794,1408.96,1400,0
nhphuc,2000,78,74,0.9487,1408.96,1400,0
nhphuc,2200,87,84,0.9655,1408.96,1400,0
nhphuc,2400,82,78,0.9512,1408.96,1400,0
nhphuc,2600,14,11,0.7857,1408.96,1400,0
nhphuc,2800,1,1,1.0,1408.96,1400,0
nhphuc,3000,1,1,1.0,1408.96,1400,0
nhphuc,3400,2,1,0.5,1408.96,1400,0
nigus,800,229,224,0.9782,1582.4,1400,0
nigus,1000,129,127,0.9845,1582.4,1400,0
nigus,1200,142,139,0.9789,1582.4,1400,0
nigus,1400,156,152,0.9744,1582.4,1400,1
nigus,1600,194,186,0.9588,1582.4,1400,0
nigus,1800,138,129,0.9348,1582.4,1400,0
nigus,2000,149,130,0.8725,1582.4,1400,0
nigus,2200,101,88,0.8713,1582.4,1400,0
nigus,2400,114,90,0.7895,1582.4,1400,0
nigus,2600,59,38,0.6441,1582.4,1400,0
nigus,2800,27,8,0.2963,1582.4,1400,0
nigus,3000,11,5,0.4545,1582.4,1400,0
nigus,3200,6,2,0.3333,1582.4,1400,0
nigus,3400,3,0,0.0,1582.4,1400,0
nishkarsh,800,180,179,0.9944,1816.35,1800,0
nishkarsh,1000,105,104,0.9905,1816.35,1800,0
nishkarsh,1200,121,119,0.9835,1816.35,1800,0
nishkarsh,1400,106,96,0.9057,1816.35,1800,0
nishkarsh,1600,109,101,0.9266,1816.35,1800,0
nishkarsh,1800,98,92,0.9388,1816.35,1800,1
nishkarsh,2000,81,72,0.8889,1816.35,1800,0
nishkarsh,2200,84,72,0.8571,1816.35,1800,0
nishkarsh,2400,134,126,0.9403,1816.35,1800,0
nishkarsh,2600,102,99,0.9706,1816.35,1800,0
nishkarsh,2800,76,70,0.9211,1816.35,1800,0
nishkarsh,3000,43,43,1.0,1816.35,1800,0
nishkarsh,3200,16,16,1.0,1816.35,1800,0
nishkarsh,3400,12,10,0.8333,1816.35,1800,0
nitram,800,134,129,0.9627,1542.36,1400,0
nitram,1000,65,62,0.9538,1542.36,1400,0
nitram,1200,72,66,0.9167,1542.36,1400,0
nitram,1400,50,47,0.94,1542.36,1400,1
nitram,1600,77,64,0.8312,1542.36,1400,0
nitram,1800,59,51,0.8644,1542.36,1400,0
nitram,2000,66,59,0.8939,1542.36,1400,0
nitram,2200,52,39,0.75,1542.36,1400,0
nitram,2400,36,29,0.8056,1542.36,1400,0
nitram,2600,16,11,0.6875,1542.36,1400,0
nitram,2800,10,6,0.6,1542.36,1400,0
nitram,3000,8,7,0.875,1542.36,1400,0
nitram,3200,5,1,0.2,1542.36,1400,0
nitram,3400,6,5,0.8333,1542.36,1400,0
niwrad,800,75,75,1.0,1645.22,1600,0
niwrad,1000,29,28,0.9655,1645.22,1600,0
niwrad,1200,39,38,0.9744,1645.22,1600,0
niwrad,1400,33,33,1.0,1645.22,1600,0
niwrad,1600,66,65,0.9848,1645.22,1600,1
niwrad,1800,59,58,0.9831,1645.22,1600,0
niwrad,2000,103,99,0.9612,1645.22,1600,0
niwrad,2200,57,55,0.9649,1645.22,1600,0
niwrad,2400,19,19,1.0,1645.22,1600,0
niwrad,2600,2,1,0.5,1645.22,1600,0
nohandle_5,800,26,26,1.0,1391.26,1200,0
nohandle_5,1000,15,15,1.0,1391.26,1200,0
nohandle_5,1200,14,14,1.0,1391.26,1200,1
nohandle_5,1400,8,8,1.0,1391.26,1200,0
nohandle_5,1600,11,11,1.0,1391.26,1200,0
nohandle_5,1800,12,11,0.9167,1391.26,1200,0
nohandle_5,2000,11,10,0.9091,1391.26,1200,0
nohandle_5,2200,7,5,0.7143,1391.26,1200,0
nohandle_5,2400,4,3,0.75,1391.26,1200,0
nohandle_5,2600,2,0,0.0,1391.26,1200,0
noimi,800,345,343,0.9942,1836.18,1800,0
noimi,1000,164,164,1.0,1836.18,1800,0
noimi,1200,221,221,1.0,1836.18,1800,0
noimi,1400,243,237,0.9753,1836.18,1800,0
noimi,1600,314,311,0.9904,1836.18,1800,0
noimi,1800,302,298,0.9868,1836.18,1800,1
noimi,2000,275,267,0.9709,1836.18,1800,0
noimi,2200,258,250,0.969,1836.18,1800,0
noimi,2400,284,266,0.9366,1836.18,1800,0
noimi,2600,210,188,0.8952,1836.18,1800,0
noimi,2800,153,130,0.8497,1836.18,1800,0
noimi,3000,91,69,0.7582,1836.18,1800,0
noimi,3200,61,34,0.5574,1836.18,1800,0
noimi,3400,17,8,0.4706,1836.18,1800,0
not10hour,800,18,18,1.0,1242.55,1200,0
not10hour,1000,8,7,0.875,1242.55,1200,0
not10hour,1200,6,6,1.0,1242.55,1200,1
not10hour,1400,6,4,0.6667,1242.55,1200,0
not10hour,1600,5,4,0.8,1242.55,1200,0
not10hour,1800,3,3,1.0,1242.55,1200,0
not10hour,2000,3,3,1.0,1242.55,1200,0
not10hour,2200,1,1,1.0,1242.55,1200,0
not10hour,2400,2,1,0.5,1242.55,1200,0
now_cow,800,131,130,0.9924,1435.36,1400,0
now_cow,1000,64,63,0.9844,1435.36,1400,0
now_cow,1200,65,61,0.9385,1435.36,1400,0
now_cow,1400,54,51,0.9444,1435.36,1400,1
now_cow,1600,57,55,0.9649,1435.36,1400,0
now_cow,1800,61,54,0.8852,1435.36,1400,0
now_cow,2000,38,33,0.8684,1435.36,1400,0
now_cow,2200,36,29,0.8056,1435.36,1400,0
now_cow,2400,27,18,0.6667,1435.36,1400,0
now_cow,2600,15,11,0.7333,1435.36,1400,0
now_cow,2800,8,3,0.375,1435.36,1400,0
now_cow,3000,3,1,0.3333,1435.36,1400,0
now_cow,3200,1,0,0.0,1435.36,1400,0
noya2,800,520,520,1.0,1542.99,1400,0
noya2,1000,216,216,1.0,1542.99,1400,0
noya2,1200,238,237,0.9958,1542.99,1400,0
noya2,1400,198,198,1.0,1542.99,1400,1
noya2,1600,213,213,1.0,1542.99,1400,0
noya2,1800,228,224,0.9825,1542.99,1400,0
noya2,2000,174,172,0.9885,1542.99,1400,0
noya2,2200,168,162,0.9643,1542.99,1400,0
noya2,2400,142,133,0.9366,1542.99,1400,0
noya2,2600,81,73,0.9012,1542.99,1400,0
noya2,2800,45,36,0.8,1542.99,1400,0
noya2,3000,16,13,0.8125,1542.99,1400,0
noya2,3200,6,5,0.8333,1542.99,1400,0
noya2,3400,1,1,1.0,1542.99,1400,0
nullbrain_,800,10,7,0.7,1511.11,1400,0
nullbrain_,1000,4,3,0.75,1511.11,1400,0
nullbrain_,1200,4,2,0.5,1511.11,1400,0
nullbrain_,1400,2,2,1.0,1511.11,1400,1
nullbrain_,1600,2,2,1.0,1511.11,1400,0
nullbrain_,1800,6,4,0.6667,1511.11,1400,0
nullbrain_,2000,4,2,0.5,1511.11,1400,0
nullbrain_,2200,4,3,0.75,1511.11,1400,0
nullbrain_,2400,2,0,0.0,1511.11,1400,0
nullbrain_,2600,2,2,1.0,1511.11,1400,0
o7ro,800,13,13,1.0,1503.85,1400,0
o7ro,1000,6,6,1.0,1503.85,1400,0
o7ro,1200,7,7,1.0,1503.85,1400,0
o7ro,1400,2,2,1.0,1503.85,1400,1
o7ro,1600,6,6,1.0,1503.85,1400,0
o7ro,1800,8,7,0.875,1503.85,1400,0
o7ro,2000,1,1,1.0,1503.85,1400,0
o7ro,2200,5,5,1.0,1503.85,1400,0
o7ro,2400,4,4,1.0,1503.85,1400,0
o7ro,3000,1,1,1.0,1503.85,1400,0
ocharin,800,169,169,1.0,1602.38,1600,0
ocharin,1000,71,69,0.9718,1602.38,1600,0
ocharin,1200,92,91,0.9891,1602.38,1600,0
ocharin,1400,69,68,0.9855,1602.38,1600,0
ocharin,1600,69,69,1.0,1602.38,1600,1
ocharin,1800,89,88,0.9888,1602.38,1600,0
ocharin,2000,75,74,0.9867,1602.38,1600,0
ocharin,2200,59,57,0.9661,1602.38,1600,0
ocharin,2400,54,52,0.963,1602.38,1600,0
ocharin,2600,34,34,1.0,1602.38,1600,0
ocharin,2800,15,13,0.8667,1602.38,1600,0
ocharin,3000,9,9,1.0,1602.38,1600,0
ocharin,3200,5,4,0.8,1602.38,1600,0
ocharin,3400,1,1,1.0,1602.38,1600,0
ococonomy1,800,217,217,1.0,1342.99,1200,0
ococonomy1,1000,91,90,0.989,1342.99,1200,0
ococonomy1,1200,106,104,0.9811,1342.99,1200,1
ococonomy1,1400,71,67,0.9437,1342.99,1200,0
ococonomy1,1600,90,84,0.9333,1342.99,1200,0
ococonomy1,1800,79,73,0.9241,1342.99,1200,0
ococonomy1,2000,50,43,0.86,1342.99,1200,0
ococonomy1,2200,39,32,0.8205,1342.99,1200,0
ococonomy1,2400,18,13,0.7222,1342.99,1200,0
ococonomy1,2600,5,3,0.6,1342.99,1200,0
ococonomy1,2800,2,1,0.5,1342.99,1200,0
ococonomy1,3000,1,1,1.0,1342.99,1200,0
octane,800,157,151,0.9618,1321.15,1200,0
octane,1000,60,58,0.9667,1321.15,1200,0
octane,1200,62,59,0.9516,1321.15,1200,1
octane,1400,50,46,0.92,1321.15,1200,0
octane,1600,60,56,0.9333,1321.15,1200,0
octane,1800,48,35,0.7292,1321.15,1200,0
octane,2000,43,37,0.8605,1321.15,1200,0
octane,2200,27,17,0.6296,1321.15,1200,0
octane,2400,14,8,0.5714,1321.15,1200,0
octane,2600,4,1,0.25,1321.15,1200,0
octane,2800,2,0,0.0,1321.15,1200,0
ok12,800,302,285,0.9437,1124.46,1000,0
ok12,1000,131,119,0.9084,1124.46,1000,1
ok12,1200,138,130,0.942,1124.46,1000,0
ok12,1400,84,72,0.8571,1124.46,1000,0
ok12,1600,56,50,0.8929,1124.46,1000,0
ok12,1800,32,23,0.7188,1124.46,1000,0
ok12,2000,14,7,0.5,1124.46,1000,0
ok12,2200,3,3,1.0,1124.46,1000,0
ok12,2400,3,2,0.6667,1124.46,1000,0
ok12,2600,1,0,0.0,1124.46,1000,0
ok12,2800,1,0,0.0,1124.46,1000,0
ok12,3400,1,0,0.0,1124.46,1000,0
omaltsev,800,18,16,0.8889,1302.17,1200,0
omaltsev,1000,7,6,0.8571,1302.17,1200,0
omaltsev,1200,11,8,0.7273,1302.17,1200,1
omaltsev,1400,6,3,0.5,1302.17,1200,0
omaltsev,1600,5,5,1.0,1302.17,1200,0
omaltsev,1800,8,2,0.25,1302.17,1200,0
omaltsev,2000,6,2,0.3333,1302.17,1200,0
omaltsev,2200,4,1,0.25,1302.17,1200,0
omaltsev,2400,6,2,0.3333,1302.17,1200,0
omaltsev,2600,3,0,0.0,1302.17,1200,0
omaltsev,2800,4,1,0.25,1302.17,1200,0
omsincoconut,800,248,242,0.9758,1374.54,1200,0
omsincoconut,1000,94,90,0.9574,1374.54,1200,0
omsincoconut,1200,109,101,0.9266,1374.54,1200,1
omsincoconut,1400,93,80,0.8602,1374.54,1200,0
omsincoconut,1600,103,90,0.8738,1374.54,1200,0
omsincoconut,1800,95,75,0.7895,1374.54,1200,0
omsincoconut,2000,89,67,0.7528,1374.54,1200,0
omsincoconut,2200,56,40,0.7143,1374.54,1200,0
omsincoconut,2400,37,14,0.3784,1374.54,1200,0
omsincoconut,2600,12,5,0.4167,1374.54,1200,0
omsincoconut,2800,8,2,0.25,1374.54,1200,0
omsincoconut,3000,2,1,0.5,1374.54,1200,0
omsincoconut,3200,4,1,0.25,1374.54,1200,0
omsincoconut,3400,3,1,0.3333,1374.54,1200,0
onlyfanz,800,16,16,1.0,1528.99,1400,0
onlyfanz,1000,9,9,1.0,1528.99,1400,0
onlyfanz,1200,6,6,1.0,1528.99,1400,0
onlyfanz,1400,4,4,1.0,1528.99,1400,1
onlyfanz,1600,6,6,1.0,1528.99,1400,0
onlyfanz,1800,9,9,1.0,1528.99,1400,0
onlyfanz,2000,8,8,1.0,1528.99,1400,0
onlyfanz,2200,4,4,1.0,1528.99,1400,0
onlyfanz,2400,5,5,1.0,1528.99,1400,0
onlyfanz,2600,2,2,1.0,1528.99,1400,0
onlyfanz,3000,1,0,0.0,1528.99,1400,0
oqmsac,800,70,70,1.0,1407.89,1400,0
oqmsac,1000,28,27,0.9643,1407.89,1400,0
oqmsac,1200,37,35,0.9459,1407.89,1400,0
oqmsac,1400,28,27,0.9643,1407.89,1400,1
oqmsac,1600,37,37,1.0,1407.89,1400,0
oqmsac,1800,31,28,0.9032,1407.89,1400,0
oqmsac,2000,24,20,0.8333,1407.89,1400,0
oqmsac,2200,17,14,0.8235,1407.89,1400,0
oqmsac,2400,12,5,0.4167,1407.89,1400,0
oqmsac,2600,4,2,0.5,1407.89,1400,0
oqmsac,2800,2,1,0.5,1407.89,1400,0
oqmsac,3000,1,0,0.0,1407.89,1400,0
orange_man,800,18,18,1.0,1619.23,1600,0
orange_man,1000,9,9,1.0,1619.23,1600,0
orange_man,1200,6,6,1.0,1619.23,1600,0
orange_man,1400,6,6,1.0,1619.23,1600,0
orange_man,1600,4,4,1.0,1619.23,1600,1
orange_man,1800,8,8,1.0,1619.23,1600,0
orange_man,2000,9,8,0.8889,1619.23,1600,0
orange_man,2200,6,6,1.0,1619.23,1600,0
orange_man,2400,4,4,1.0,1619.23,1600,0
orange_man,2600,5,5,1.0,1619.23,1600,0
orange_man,2800,2,2,1.0,1619.23,1600,0
orange_man,3000,2,2,1.0,1619.23,1600,0
orz,800,100,95,0.95,1721.8,1600,0
orz,1000,49,47,0.9592,1721.8,1600,0
orz,1200,69,66,0.9565,1721.8,1600,0
orz,1400,74,72,0.973,1721.8,1600,0
orz,1600,80,77,0.9625,1721.8,1600,1
orz,1800,85,82,0.9647,1721.8,1600,0
orz,2000,65,64,0.9846,1721.8,1600,0
orz,2200,54,49,0.9074,1721.8,1600,0
orz,2400,71,64,0.9014,1721.8,1600,0
orz,2600,40,33,0.825,1721.8,1600,0
orz,2800,20,13,0.65,1721.8,1600,0
orz,3000,18,9,0.5,1721.8,1600,0
orz,3200,20,4,0.2,1721.8,1600,0
orz,3400,4,4,1.0,1721.8,1600,0
overthinker,800,555,555,1.0,1184.97,1000,0
overthinker,1000,215,213,0.9907,1184.97,1000,1
overthinker,1200,203,201,0.9901,1184.97,1000,0
overthinker,1400,144,140,0.9722,1184.97,1000,0
overthinker,1600,34,33,0.9706,1184.97,1000,0
overthinker,1800,96,89,0.9271,1184.97,1000,0
overthinker,2000,65,65,1.0,1184.97,1000,0
overthinker,2200,20,18,0.9,1184.97,1000,0
overthinker,2400,11,10,0.9091,1184.97,1000,0
overthinker,2600,12,9,0.75,1184.97,1000,0
overthinker,2800,2,2,1.0,1184.97,1000,0
overthinker,3000,4,2,0.5,1184.97,1000,0
overthinker,3400,1,0,0.0,1184.97,1000,0
oyzr,800,38,36,0.9474,2269.64,2200,0
oyzr,1000,16,15,0.9375,2269.64,2200,0
oyzr,1200,13,12,0.9231,2269.64,2200,0
oyzr,1400,18,16,0.8889,2269.64,2200,0
oyzr,1600,19,17,0.8947,2269.64,2200,0
oyzr,1800,11,10,0.9091,2269.64,2200,0
oyzr,2000,20,20,1.0,2269.64,2200,0
oyzr,2200,28,26,0.9286,2269.64,2200,1
oyzr,2400,74,71,0.9595,2269.64,2200,0
oyzr,2600,58,56,0.9655,2269.64,2200,0
oyzr,2800,51,51,1.0,2269.64,2200,0
oyzr,3000,42,41,0.9762,2269.64,2200,0
oyzr,3200,15,12,0.8,2269.64,2200,0
oyzr,3400,10,9,0.9,2269.64,2200,0
pandaforever,800,19,19,1.0,1689.63,1600,0
pandaforever,1000,11,11,1.0,1689.63,1600,0
pandaforever,1200,17,17,1.0,1689.63,1600,0
pandaforever,1400,11,11,1.0,1689.63,1600,0
pandaforever,1600,12,12,1.0,1689.63,1600,1
pandaforever,1800,16,16,1.0,1689.63,1600,0
pandaforever,2000,12,12,1.0,1689.63,1600,0
pandaforever,2200,17,17,1.0,1689.63,1600,0
pandaforever,2400,12,10,0.8333,1689.63,1600,0
pandaforever,2600,10,9,0.9,1689.63,1600,0
pandaforever,2800,2,0,0.0,1689.63,1600,0
pandaforever,3000,3,1,0.3333,1689.63,1600,0
pandaforever,3200,1,0,0.0,1689.63,1600,0
pangz,800,357,351,0.9832,1364.78,1200,0
pangz,1000,160,153,0.9562,1364.78,1200,0
pangz,1200,157,153,0.9745,1364.78,1200,1
pangz,1400,117,114,0.9744,1364.78,1200,0
pangz,1600,132,124,0.9394,1364.78,1200,0
pangz,1800,142,138,0.9718,1364.78,1200,0
pangz,2000,97,89,0.9175,1364.78,1200,0
pangz,2200,56,49,0.875,1364.78,1200,0
pangz,2400,31,21,0.6774,1364.78,1200,0
pangz,2600,11,9,0.8182,1364.78,1200,0
pangz,2800,1,1,1.0,1364.78,1200,0
pangz,3000,4,2,0.5,1364.78,1200,0
pangz,3200,1,0,0.0,1364.78,1200,0
panospask,800,80,78,0.975,1671.66,1600,0
panospask,1000,29,29,1.0,1671.66,1600,0
panospask,1200,27,27,1.0,1671.66,1600,0
panospask,1400,39,39,1.0,1671.66,1600,0
panospask,1600,51,50,0.9804,1671.66,1600,1
panospask,1800,63,59,0.9365,1671.66,1600,0
panospask,2000,70,64,0.9143,1671.66,1600,0
panospask,2200,51,49,0.9608,1671.66,1600,0
panospask,2400,30,24,0.8,1671.66,1600,0
panospask,2600,17,15,0.8824,1671.66,1600,0
panospask,2800,6,4,0.6667,1671.66,1600,0
panospask,3000,2,2,1.0,1671.66,1600,0
panospask,3200,2,1,0.5,1671.66,1600,0
paracompact,800,411,410,0.9976,1453.11,1400,0
paracompact,1000,168,166,0.9881,1453.11,1400,0
paracompact,1200,169,163,0.9645,1453.11,1400,0
paracompact,1400,139,135,0.9712,1453.11,1400,1
paracompact,1600,136,130,0.9559,1453.11,1400,0
paracompact,1800,152,147,0.9671,1453.11,1400,0
paracompact,2000,97,90,0.9278,1453.11,1400,0
paracompact,2200,86,77,0.8953,1453.11,1400,0
paracompact,2400,97,89,0.9175,1453.11,1400,0
paracompact,2600,38,30,0.7895,1453.11,1400,0
paracompact,2800,19,11,0.5789,1453.11,1400,0
paracompact,3000,13,9,0.6923,1453.11,1400,0
paracompact,3200,3,2,0.6667,1453.11,1400,0
paracompact,3400,4,2,0.5,1453.11,1400,0
parkky,800,194,194,1.0,1356.22,1200,0
parkky,1000,52,49,0.9423,1356.22,1200,0
parkky,1200,63,62,0.9841,1356.22,1200,1
parkky,1400,59,59,1.0,1356.22,1200,0
parkky,1600,64,64,1.0,1356.22,1200,0
parkky,1800,55,52,0.9455,1356.22,1200,0
parkky,2000,50,46,0.92,1356.22,1200,0
parkky,2200,30,27,0.9,1356.22,1200,0
parkky,2400,17,14,0.8235,1356.22,1200,0
parkky,2600,4,3,0.75,1356.22,1200,0
parkky,2800,2,1,0.5,1356.22,1200,0
parkky,3000,1,0,0.0,1356.22,1200,0
patak,800,103,103,1.0,1638.26,1600,0
patak,1000,55,55,1.0,1638.26,1600,0
patak,1200,72,70,0.9722,1638.26,1600,0
patak,1400,72,70,0.9722,1638.26,1600,0
patak,1600,63,61,0.9683,1638.26,1600,1
patak,1800,62,59,0.9516,1638.26,1600,0
patak,2000,64,63,0.9844,1638.26,1600,0
patak,2200,57,55,0.9649,1638.26,1600,0
patak,2400,39,39,1.0,1638.26,1600,0
patak,2600,27,26,0.963,1638.26,1600,0
patak,2800,15,15,1.0,1638.26,1600,0
patak,3000,5,4,0.8,1638.26,1600,0
patak,3200,2,2,1.0,1638.26,1600,0
peace,800,24,24,1.0,1557.41,1400,0
peace,1000,9,9,1.0,1557.41,1400,0
peace,1200,15,15,1.0,1557.41,1400,0
peace,1400,8,8,1.0,1557.41,1400,1
peace,1600,8,8,1.0,1557.41,1400,0
peace,1800,17,15,0.8824,1557.41,1400,0
peace,2000,11,11,1.0,1557.41,1400,0
peace,2200,8,7,0.875,1557.41,1400,0
peace,2400,10,6,0.6,1557.41,1400,0
peace,2600,4,2,0.5,1557.41,1400,0
peace,2800,2,2,1.0,1557.41,1400,0
peace,3000,1,0,0.0,1557.41,1400,0
peace,3200,1,1,1.0,1557.41,1400,0
pera2008,800,426,414,0.9718,1378.7,1200,0
pera2008,1000,160,152,0.95,1378.7,1200,0
pera2008,1200,172,157,0.9128,1378.7,1200,1
pera2008,1400,167,147,0.8802,1378.7,1200,0
pera2008,1600,132,114,0.8636,1378.7,1200,0
pera2008,1800,127,108,0.8504,1378.7,1200,0
pera2008,2000,85,71,0.8353,1378.7,1200,0
pera2008,2200,90,77,0.8556,1378.7,1200,0
pera2008,2400,74,59,0.7973,1378.7,1200,0
pera2008,2600,25,18,0.72,1378.7,1200,0
pera2008,2800,6,6,1.0,1378.7,1200,0
pera2008,3000,2,1,0.5,1378.7,1200,0
perchuts,800,299,296,0.99,1613.35,1600,0
perchuts,1000,116,112,0.9655,1613.35,1600,0
perchuts,1200,123,119,0.9675,1613.35,1600,0
perchuts,1400,109,104,0.9541,1613.35,1600,0
perchuts,1600,159,152,0.956,1613.35,1600,1
perchuts,1800,158,150,0.9494,1613.35,1600,0
perchuts,2000,135,127,0.9407,1613.35,1600,0
perchuts,2200,113,109,0.9646,1613.35,1600,0
perchuts,2400,118,112,0.9492,1613.35,1600,0
perchuts,2600,44,42,0.9545,1613.35,1600,0
perchuts,2800,23,22,0.9565,1613.35,1600,0
perchuts,3000,14,10,0.7143,1613.35,1600,0
perchuts,3200,4,4,1.0,1613.35,1600,0
perchuts,3400,4,4,1.0,1613.35,1600,0
permutation,800,80,80,1.0,1704.63,1600,0
permutation,1000,39,39,1.0,1704.63,1600,0
permutation,1200,37,37,1.0,1704.63,1600,0
permutation,1400,40,38,0.95,1704.63,1600,0
permutation,1600,39,39,1.0,1704.63,1600,1
permutation,1800,44,43,0.9773,1704.63,1600,0
permutation,2000,49,48,0.9796,1704.63,1600,0
permutation,2200,24,24,1.0,1704.63,1600,0
permutation,2400,37,31,0.8378,1704.63,1600,0
permutation,2600,18,16,0.8889,1704.63,1600,0
permutation,2800,18,17,0.9444,1704.63,1600,0
permutation,3000,13,7,0.5385,1704.63,1600,0
permutation,3200,6,6,1.0,1704.63,1600,0
permutation,3400,8,7,0.875,1704.63,1600,0
peti1234,800,1094,1094,1.0,1720.89,1600,0
peti1234,1000,524,524,1.0,1720.89,1600,0
peti1234,1200,525,525,1.0,1720.89,1600,0
peti1234,1400,503,503,1.0,1720.89,1600,0
peti1234,1600,535,535,1.0,1720.89,1600,1
peti1234,1800,535,535,1.0,1720.89,1600,0
peti1234,2000,461,461,1.0,1720.89,1600,0
peti1234,2200,431,431,1.0,1720.89,1600,0
peti1234,2400,432,432,1.0,1720.89,1600,0
peti1234,2600,319,319,1.0,1720.89,1600,0
peti1234,2800,207,207,1.0,1720.89,1600,0
peti1234,3000,142,142,1.0,1720.89,1600,0
peti1234,3200,97,97,1.0,1720.89,1600,0
peti1234,3400,73,73,1.0,1720.89,1600,0
phoenix0423,800,172,172,1.0,1596.54,1400,0
phoenix0423,1000,77,77,1.0,1596.54,1400,0
phoenix0423,1200,77,77,1.0,1596.54,1400,0
phoenix0423,1400,70,70,1.0,1596.54,1400,1
phoenix0423,1600,96,96,1.0,1596.54,1400,0
phoenix0423,1800,137,136,0.9927,1596.54,1400,0
phoenix0423,2000,75,73,0.9733,1596.54,1400,0
phoenix0423,2200,68,66,0.9706,1596.54,1400,0
phoenix0423,2400,64,60,0.9375,1596.54,1400,0
phoenix0423,2600,28,27,0.9643,1596.54,1400,0
phoenix0423,2800,14,9,0.6429,1596.54,1400,0
phoenix0423,3000,6,4,0.6667,1596.54,1400,0
physics0523,800,762,761,0.9987,1558.25,1400,0
physics0523,1000,366,366,1.0,1558.25,1400,0
physics0523,1200,408,407,0.9975,1558.25,1400,0
physics0523,1400,370,369,0.9973,1558.25,1400,1
physics0523,1600,397,396,0.9975,1558.25,1400,0
physics0523,1800,372,370,0.9946,1558.25,1400,0
physics0523,2000,324,321,0.9907,1558.25,1400,0
physics0523,2200,282,276,0.9787,1558.25,1400,0
physics0523,2400,272,250,0.9191,1558.25,1400,0
physics0523,2600,127,99,0.7795,1558.25,1400,0
physics0523,2800,60,43,0.7167,1558.25,1400,0
physics0523,3000,24,13,0.5417,1558.25,1400,0
physics0523,3200,9,7,0.7778,1558.25,1400,0
physics0523,3400,3,1,0.3333,1558.25,1400,0
piaoyun,800,177,176,0.9944,1716.55,1600,0
piaoyun,1000,39,38,0.9744,1716.55,1600,0
piaoyun,1200,59,59,1.0,1716.55,1600,0
piaoyun,1400,37,37,1.0,1716.55,1600,0
piaoyun,1600,52,50,0.9615,1716.55,1600,1
piaoyun,1800,83,72,0.8675,1716.55,1600,0
piaoyun,2000,59,45,0.7627,1716.55,1600,0
piaoyun,2200,54,47,0.8704,1716.55,1600,0
piaoyun,2400,138,131,0.9493,1716.55,1600,0
piaoyun,2600,82,80,0.9756,1716.55,1600,0
piaoyun,2800,7,7,1.0,1716.55,1600,0
piaoyun,3000,1,0,0.0,1716.55,1600,0
piaoyun,3200,1,1,1.0,1716.55,1600,0
pigstd,800,92,92,1.0,2033.78,2000,0
pigstd,1000,44,44,1.0,2033.78,2000,0
pigstd,1200,58,56,0.9655,2033.78,2000,0
pigstd,1400,71,68,0.9577,2033.78,2000,0
pigstd,1600,77,76,0.987,2033.78,2000,0
pigstd,1800,86,84,0.9767,2033.78,2000,0
pigstd,2000,99,98,0.9899,2033.78,2000,1
pigstd,2200,87,87,1.0,2033.78,2000,0
pigstd,2400,117,116,0.9915,2033.78,2000,0
pigstd,2600,93,89,0.957,2033.78,2000,0
pigstd,2800,79,79,1.0,2033.78,2000,0
pigstd,3000,45,45,1.0,2033.78,2000,0
pigstd,3200,24,24,1.0,2033.78,2000,0
pigstd,3400,14,13,0.9286,2033.78,2000,0
platter,800,174,171,0.9828,1848.63,1800,0
platter,1000,102,99,0.9706,1848.63,1800,0
platter,1200,135,134,0.9926,1848.63,1800,0
platter,1400,125,120,0.96,1848.63,1800,0
platter,1600,140,136,0.9714,1848.63,1800,0
platter,1800,152,146,0.9605,1848.63,1800,1
platter,2000,137,131,0.9562,1848.63,1800,0
platter,2200,122,119,0.9754,1848.63,1800,0
platter,2400,118,109,0.9237,1848.63,1800,0
platter,2600,95,88,0.9263,1848.63,1800,0
platter,2800,88,82,0.9318,1848.63,1800,0
platter,3000,62,58,0.9355,1848.63,1800,0
platter,3200,32,27,0.8438,1848.63,1800,0
platter,3400,10,7,0.7,1848.63,1800,0
pocky9,800,12,9,0.75,1385.71,1200,0
pocky9,1000,3,3,1.0,1385.71,1200,0
pocky9,1200,3,2,0.6667,1385.71,1200,1
pocky9,1400,4,3,0.75,1385.71,1200,0
pocky9,1600,3,2,0.6667,1385.71,1200,0
pocky9,1800,5,4,0.8,1385.71,1200,0
pocky9,2000,1,1,1.0,1385.71,1200,0
pocky9,2200,6,4,0.6667,1385.71,1200,0
pocky9,2600,3,0,0.0,1385.71,1200,0
pocky9,2800,1,0,0.0,1385.71,1200,0
polosatic,800,306,299,0.9771,1449.68,1400,0
polosatic,1000,130,120,0.9231,1449.68,1400,0
polosatic,1200,117,106,0.906,1449.68,1400,0
polosatic,1400,99,81,0.8182,1449.68,1400,1
polosatic,1600,107,91,0.8505,1449.68,1400,0
polosatic,1800,204,192,0.9412,1449.68,1400,0
polosatic,2000,155,132,0.8516,1449.68,1400,0
polosatic,2200,59,46,0.7797,1449.68,1400,0
polosatic,2400,41,27,0.6585,1449.68,1400,0
polosatic,2600,12,9,0.75,1449.68,1400,0
polosatic,2800,9,2,0.2222,1449.68,1400,0
polosatic,3000,2,2,1.0,1449.68,1400,0
polosatic,3200,2,1,0.5,1449.68,1400,0
polosatic,3400,2,1,0.5,1449.68,1400,0
potato167,800,391,389,0.9949,1750.04,1600,0
potato167,1000,185,184,0.9946,1750.04,1600,0
potato167,1200,205,205,1.0,1750.04,1600,0
potato167,1400,179,178,0.9944,1750.04,1600,0
potato167,1600,194,193,0.9948,1750.04,1600,1
potato167,1800,221,217,0.9819,1750.04,1600,0
potato167,2000,189,185,0.9788,1750.04,1600,0
potato167,2200,207,201,0.971,1750.04,1600,0
potato167,2400,218,208,0.9541,1750.04,1600,0
potato167,2600,136,125,0.9191,1750.04,1600,0
potato167,2800,110,98,0.8909,1750.04,1600,0
potato167,3000,56,43,0.7679,1750.04,1600,0
potato167,3200,34,27,0.7941,1750.04,1600,0
potato167,3400,21,15,0.7143,1750.04,1600,0
prins,800,306,303,0.9902,1519.03,1400,0
prins,1000,176,173,0.983,1519.03,1400,0
prins,1200,188,179,0.9521,1519.03,1400,0
prins,1400,170,162,0.9529,1519.03,1400,1
prins,1600,186,176,0.9462,1519.03,1400,0
prins,1800,143,125,0.8741,1519.03,1400,0
prins,2000,138,122,0.8841,1519.03,1400,0
prins,2200,105,88,0.8381,1519.03,1400,0
prins,2400,108,85,0.787,1519.03,1400,0
prins,2600,42,32,0.7619,1519.03,1400,0
prins,2800,29,21,0.7241,1519.03,1400,0
prins,3000,10,7,0.7,1519.03,1400,0
prins,3200,3,3,1.0,1519.03,1400,0
prins,3400,1,1,1.0,1519.03,1400,0
profesor.programiranje,800,10,10,1.0,1392.86,1200,0
profesor.programiranje,1000,5,5,1.0,1392.86,1200,0
profesor.programiranje,1200,7,7,1.0,1392.86,1200,1
profesor.programiranje,1400,4,4,1.0,1392.86,1200,0
profesor.programiranje,1600,4,4,1.0,1392.86,1200,0
profesor.programiranje,1800,8,7,0.875,1392.86,1200,0
profesor.programiranje,2000,3,3,1.0,1392.86,1200,0
profesor.programiranje,2200,1,1,1.0,1392.86,1200,0
profesor.programiranje,2400,2,0,0.0,1392.86,1200,0
profesor.programiranje,2600,1,1,1.0,1392.86,1200,0
prunv,800,23,23,1.0,1393.83,1200,0
prunv,1000,11,11,1.0,1393.83,1200,0
prunv,1200,9,9,1.0,1393.83,1200,1
prunv,1400,6,6,1.0,1393.83,1200,0
prunv,1600,6,6,1.0,1393.83,1200,0
prunv,1800,11,11,1.0,1393.83,1200,0
prunv,2000,8,8,1.0,1393.83,1200,0
prunv,2200,6,6,1.0,1393.83,1200,0
prunv,2400,1,1,1.0,1393.83,1200,0
prz1213,800,329,329,1.0,1337.98,1200,0
prz1213,1000,147,147,1.0,1337.98,1200,0
prz1213,1200,136,136,1.0,1337.98,1200,1
prz1213,1400,116,116,1.0,1337.98,1200,0
prz1213,1600,115,113,0.9826,1337.98,1200,0
prz1213,1800,107,106,0.9907,1337.98,1200,0
prz1213,2000,71,67,0.9437,1337.98,1200,0
prz1213,2200,59,55,0.9322,1337.98,1200,0
prz1213,2400,19,17,0.8947,1337.98,1200,0
prz1213,2600,7,4,0.5714,1337.98,1200,0
prz1213,2800,1,0,0.0,1337.98,1200,0
prz1213,3400,1,0,0.0,1337.98,1200,0
quaha,800,596,594,0.9966,1235.27,1200,0
quaha,1000,226,226,1.0,1235.27,1200,0
quaha,1200,213,211,0.9906,1235.27,1200,1
quaha,1400,165,161,0.9758,1235.27,1200,0
quaha,1600,128,124,0.9688,1235.27,1200,0
quaha,1800,110,103,0.9364,1235.27,1200,0
quaha,2000,86,79,0.9186,1235.27,1200,0
quaha,2200,52,48,0.9231,1235.27,1200,0
quaha,2400,17,12,0.7059,1235.27,1200,0
quaha,2600,11,7,0.6364,1235.27,1200,0
quanjun,800,674,674,1.0,1416.34,1400,0
quanjun,1000,208,200,0.9615,1416.34,1400,0
quanjun,1200,149,146,0.9799,1416.34,1400,0
quanjun,1400,213,207,0.9718,1416.34,1400,1
quanjun,1600,169,163,0.9645,1416.34,1400,0
quanjun,1800,279,269,0.9642,1416.34,1400,0
quanjun,2000,188,181,0.9628,1416.34,1400,0
quanjun,2200,252,235,0.9325,1416.34,1400,0
quanjun,2400,33,31,0.9394,1416.34,1400,0
quanjun,2600,12,11,0.9167,1416.34,1400,0
quanjun,2800,1,1,1.0,1416.34,1400,0
quanjun,3000,1,0,0.0,1416.34,1400,0
quchen666,800,24,24,1.0,1304.17,1200,0
quchen666,1000,10,10,1.0,1304.17,1200,0
quchen666,1200,8,8,1.0,1304.17,1200,1
quchen666,1400,8,8,1.0,1304.17,1200,0
quchen666,1600,8,7,0.875,1304.17,1200,0
quchen666,1800,9,7,0.7778,1304.17,1200,0
quchen666,2000,4,4,1.0,1304.17,1200,0
quchen666,2200,4,2,0.5,1304.17,1200,0
quchen666,2400,2,2,1.0,1304.17,1200,0
qusol,800,118,117,0.9915,1528.81,1400,0
qusol,1000,56,55,0.9821,1528.81,1400,0
qusol,1200,66,64,0.9697,1528.81,1400,0
qusol,1400,50,50,1.0,1528.81,1400,1
qusol,1600,71,67,0.9437,1528.81,1400,0
qusol,1800,73,70,0.9589,1528.81,1400,0
qusol,2000,41,37,0.9024,1528.81,1400,0
qusol,2200,35,32,0.9143,1528.81,1400,0
qusol,2400,40,30,0.75,1528.81,1400,0
qusol,2600,14,12,0.8571,1528.81,1400,0
qusol,2800,10,8,0.8,1528.81,1400,0
qusol,3000,3,3,1.0,1528.81,1400,0
qusol,3200,1,0,0.0,1528.81,1400,0
qwef_,800,63,63,1.0,1735.8,1600,0
qwef_,1000,24,24,1.0,1735.8,1600,0
qwef_,1200,38,37,0.9737,1735.8,1600,0
qwef_,1400,25,25,1.0,1735.8,1600,0
qwef_,1600,36,36,1.0,1735.8,1600,1
qwef_,1800,28,27,0.9643,1735.8,1600,0
qwef_,2000,34,30,0.8824,1735.8,1600,0
qwef_,2200,26,23,0.8846,1735.8,1600,0
qwef_,2400,24,22,0.9167,1735.8,1600,0
qwef_,2600,18,14,0.7778,1735.8,1600,0
qwef_,2800,20,17,0.85,1735.8,1600,0
qwef_,3000,10,8,0.8,1735.8,1600,0
qwef_,3200,9,5,0.5556,1735.8,1600,0
qwef_,3400,11,7,0.6364,1735.8,1600,0
railx,800,12,12,1.0,1314.29,1200,0
railx,1000,8,8,1.0,1314.29,1200,0
railx,1200,7,7,1.0,1314.29,1200,1
railx,1400,3,3,1.0,1314.29,1200,0
railx,1600,1,1,1.0,1314.29,1200,0
railx,1800,7,6,0.8571,1314.29,1200,0
railx,2000,4,2,0.5,1314.29,1200,0
railx,2200,2,2,1.0,1314.29,1200,0
railx,2400,2,1,0.5,1314.29,1200,0
raresh30,800,372,361,0.9704,1271.84,1200,0
raresh30,1000,126,116,0.9206,1271.84,1200,0
raresh30,1200,136,126,0.9265,1271.84,1200,1
raresh30,1400,98,90,0.9184,1271.84,1200,0
raresh30,1600,91,83,0.9121,1271.84,1200,0
raresh30,1800,106,91,0.8585,1271.84,1200,0
raresh30,2000,66,57,0.8636,1271.84,1200,0
raresh30,2200,42,36,0.8571,1271.84,1200,0
raresh30,2400,10,10,1.0,1271.84,1200,0
raresh30,2800,3,2,0.6667,1271.84,1200,0
raresh30,3000,2,1,0.5,1271.84,1200,0
raresh30,3400,1,0,0.0,1271.84,1200,0
re-wa-tl-ok,800,214,212,0.9907,1394.97,1200,0
re-wa-tl-ok,1000,94,91,0.9681,1394.97,1200,0
re-wa-tl-ok,1200,97,94,0.9691,1394.97,1200,1
re-wa-tl-ok,1400,84,76,0.9048,1394.97,1200,0
re-wa-tl-ok,1600,134,126,0.9403,1394.97,1200,0
re-wa-tl-ok,1800,108,95,0.8796,1394.97,1200,0
re-wa-tl-ok,2000,56,48,0.8571,1394.97,1200,0
re-wa-tl-ok,2200,34,25,0.7353,1394.97,1200,0
re-wa-tl-ok,2400,27,19,0.7037,1394.97,1200,0
re-wa-tl-ok,2600,10,6,0.6,1394.97,1200,0
re-wa-tl-ok,2800,2,1,0.5,1394.97,1200,0
re-wa-tl-ok,3000,2,2,1.0,1394.97,1200,0
re-wa-tl-ok,3200,1,0,0.0,1394.97,1200,0
re-wa-tl-ok,3400,1,1,1.0,1394.97,1200,0
realcomplex,800,496,496,1.0,1649.95,1600,0
realcomplex,1000,290,290,1.0,1649.95,1600,0
realcomplex,1200,324,321,0.9907,1649.95,1600,0
realcomplex,1400,289,280,0.9689,1649.95,1600,0
realcomplex,1600,288,274,0.9514,1649.95,1600,1
realcomplex,1800,279,260,0.9319,1649.95,1600,0
realcomplex,2000,243,235,0.9671,1649.95,1600,0
realcomplex,2200,223,216,0.9686,1649.95,1600,0
realcomplex,2400,254,243,0.9567,1649.95,1600,0
realcomplex,2600,133,129,0.9699,1649.95,1600,0
realcomplex,2800,69,65,0.942,1649.95,1600,0
realcomplex,3000,43,38,0.8837,1649.95,1600,0
realcomplex,3200,20,18,0.9,1649.95,1600,0
realcomplex,3400,9,6,0.6667,1649.95,1600,0
reil_st,800,93,93,1.0,1559.31,1400,0
reil_st,1000,46,46,1.0,1559.31,1400,0
reil_st,1200,46,46,1.0,1559.31,1400,0
reil_st,1400,42,42,1.0,1559.31,1400,1
reil_st,1600,45,43,0.9556,1559.31,1400,0
reil_st,1800,49,48,0.9796,1559.31,1400,0
reil_st,2000,36,35,0.9722,1559.31,1400,0
reil_st,2200,32,27,0.8438,1559.31,1400,0
reil_st,2400,33,30,0.9091,1559.31,1400,0
reil_st,2600,16,14,0.875,1559.31,1400,0
reil_st,2800,8,8,1.0,1559.31,1400,0
reil_st,3000,3,3,1.0,1559.31,1400,0
rep,800,21,21,1.0,1547.22,1400,0
rep,1000,8,5,0.625,1547.22,1400,0
rep,1200,3,3,1.0,1547.22,1400,0
rep,1400,11,8,0.7273,1547.22,1400,1
rep,1600,12,11,0.9167,1547.22,1400,0
rep,1800,3,2,0.6667,1547.22,1400,0
rep,2000,7,6,0.8571,1547.22,1400,0
rep,2200,7,6,0.8571,1547.22,1400,0
rep,2400,5,4,0.8,1547.22,1400,0
rep,2600,4,3,0.75,1547.22,1400,0
rep,2800,4,3,0.75,1547.22,1400,0
restart_to_revive,800,75,72,0.96,1449.16,1400,0
restart_to_revive,1000,30,29,0.9667,1449.16,1400,0
restart_to_revive,1200,28,23,0.8214,1449.16,1400,0
restart_to_revive,1400,23,21,0.913,1449.16,1400,1
restart_to_revive,1600,20,17,0.85,1449.16,1400,0
restart_to_revive,1800,24,17,0.7083,1449.16,1400,0
restart_to_revive,2000,24,19,0.7917,1449.16,1400,0
restart_to_revive,2200,19,16,0.8421,1449.16,1400,0
restart_to_revive,2400,18,14,0.7778,1449.16,1400,0
restart_to_revive,2600,4,3,0.75,1449.16,1400,0
restart_to_revive,2800,7,5,0.7143,1449.16,1400,0
restart_to_revive,3000,2,2,1.0,1449.16,1400,0
restart_to_revive,3400,1,0,0.0,1449.16,1400,0
rgnerdplayer,800,792,790,0.9975,1640.51,1600,0
rgnerdplayer,1000,360,357,0.9917,1640.51,1600,0
rgnerdplayer,1200,380,376,0.9895,1640.51,1600,0
rgnerdplayer,1400,336,336,1.0,1640.51,1600,0
rgnerdplayer,1600,402,399,0.9925,1640.51,1600,1
rgnerdplayer,1800,360,358,0.9944,1640.51,1600,0
rgnerdplayer,2000,318,314,0.9874,1640.51,1600,0
rgnerdplayer,2200,359,352,0.9805,1640.51,1600,0
rgnerdplayer,2400,340,334,0.9824,1640.51,1600,0
rgnerdplayer,2600,184,175,0.9511,1640.51,1600,0
rgnerdplayer,2800,86,79,0.9186,1640.51,1600,0
rgnerdplayer,3000,50,45,0.9,1640.51,1600,0
rgnerdplayer,3200,23,21,0.913,1640.51,1600,0
rgnerdplayer,3400,7,6,0.8571,1640.51,1600,0
ricefruit,800,8,8,1.0,1440.74,1400,0
ricefruit,1000,2,2,1.0,1440.74,1400,0
ricefruit,1200,5,5,1.0,1440.74,1400,0
ricefruit,1400,2,2,1.0,1440.74,1400,1
ricefruit,1600,2,1,0.5,1440.74,1400,0
ricefruit,1800,4,4,1.0,1440.74,1400,0
ricefruit,2200,2,2,1.0,1440.74,1400,0
ricefruit,2400,3,3,1.0,1440.74,1400,0
rise_of_lasvegas,800,24,24,1.0,1677.46,1600,0
rise_of_lasvegas,1000,16,16,1.0,1677.46,1600,0
rise_of_lasvegas,1200,11,11,1.0,1677.46,1600,0
rise_of_lasvegas,1400,8,8,1.0,1677.46,1600,0
rise_of_lasvegas,1600,6,6,1.0,1677.46,1600,1
rise_of_lasvegas,1800,22,20,0.9091,1677.46,1600,0
rise_of_lasvegas,2000,22,21,0.9545,1677.46,1600,0
rise_of_lasvegas,2200,22,20,0.9091,1677.46,1600,0
rise_of_lasvegas,2400,8,8,1.0,1677.46,1600,0
rise_of_lasvegas,2600,5,5,1.0,1677.46,1600,0
rise_of_lasvegas,2800,2,2,1.0,1677.46,1600,0
rise_of_lasvegas,3000,1,1,1.0,1677.46,1600,0
risujiroh,800,491,491,1.0,1725.81,1600,0
risujiroh,1000,243,243,1.0,1725.81,1600,0
risujiroh,1200,314,314,1.0,1725.81,1600,0
risujiroh,1400,288,288,1.0,1725.81,1600,0
risujiroh,1600,349,348,0.9971,1725.81,1600,1
risujiroh,1800,372,369,0.9919,1725.81,1600,0
risujiroh,2000,320,314,0.9812,1725.81,1600,0
risujiroh,2200,311,297,0.955,1725.81,1600,0
risujiroh,2400,316,296,0.9367,1725.81,1600,0
risujiroh,2600,210,178,0.8476,1725.81,1600,0
risujiroh,2800,115,91,0.7913,1725.81,1600,0
risujiroh,3000,66,43,0.6515,1725.81,1600,0
risujiroh,3200,22,13,0.5909,1725.81,1600,0
risujiroh,3400,9,4,0.4444,1725.81,1600,0
rlakkh,800,27,22,0.8148,1764.63,1600,0
rlakkh,1000,14,10,0.7143,1764.63,1600,0
rlakkh,1200,16,11,0.6875,1764.63,1600,0
rlakkh,1400,4,1,0.25,1764.63,1600,0
rlakkh,1600,4,1,0.25,1764.63,1600,1
rlakkh,1800,8,5,0.625,1764.63,1600,0
rlakkh,2000,4,2,0.5,1764.63,1600,0
rlakkh,2200,7,6,0.8571,1764.63,1600,0
rlakkh,2400,3,1,0.3333,1764.63,1600,0
rlakkh,2600,9,8,0.8889,1764.63,1600,0
rlakkh,2800,6,4,0.6667,1764.63,1600,0
rlakkh,3000,2,2,1.0,1764.63,1600,0
rlakkh,3200,3,2,0.6667,1764.63,1600,0
rlakkh,3400,7,7,1.0,1764.63,1600,0
robert9524,800,172,155,0.9012,1457.79,1400,0
robert9524,1000,70,66,0.9429,1457.79,1400,0
robert9524,1200,88,82,0.9318,1457.79,1400,0
robert9524,1400,83,82,0.988,1457.79,1400,1
robert9524,1600,87,80,0.9195,1457.79,1400,0
robert9524,1800,69,67,0.971,1457.79,1400,0
robert9524,2000,54,51,0.9444,1457.79,1400,0
robert9524,2200,46,40,0.8696,1457.79,1400,0
robert9524,2400,30,28,0.9333,1457.79,1400,0
robert9524,2600,10,8,0.8,1457.79,1400,0
robert9524,2800,5,2,0.4,1457.79,1400,0
robert9524,3200,1,0,0.0,1457.79,1400,0
robertfan,800,20,19,0.95,2077.78,2000,0
robertfan,1000,6,6,1.0,2077.78,2000,0
robertfan,1200,14,13,0.9286,2077.78,2000,0
robertfan,1400,5,5,1.0,2077.78,2000,0
robertfan,1600,16,16,1.0,2077.78,2000,0
robertfan,1800,9,9,1.0,2077.78,2000,0
robertfan,2000,15,14,0.9333,2077.78,2000,1
robertfan,2200,12,11,0.9167,2077.78,2000,0
robertfan,2400,36,33,0.9167,2077.78,2000,0
robertfan,2600,17,14,0.8235,2077.78,2000,0
robertfan,2800,10,7,0.7,2077.78,2000,0
robertfan,3000,19,15,0.7895,2077.78,2000,0
robertfan,3200,7,6,0.8571,2077.78,2000,0
robertfan,3400,8,3,0.375,2077.78,2000,0
roycf123,800,189,185,0.9788,1217.5,1200,0
roycf123,1000,67,61,0.9104,1217.5,1200,0
roycf123,1200,133,130,0.9774,1217.5,1200,1
roycf123,1400,144,137,0.9514,1217.5,1200,0
roycf123,1600,74,69,0.9324,1217.5,1200,0
roycf123,1800,23,21,0.913,1217.5,1200,0
roycf123,2000,15,8,0.5333,1217.5,1200,0
roycf123,2200,4,4,1.0,1217.5,1200,0
roycf123,2400,3,2,0.6667,1217.5,1200,0
roycf123,3400,1,0,0.0,1217.5,1200,0
rrmpwn_,800,15,14,0.9333,1409.3,1400,0
rrmpwn_,1000,3,3,1.0,1409.3,1400,0
rrmpwn_,1200,5,5,1.0,1409.3,1400,0
rrmpwn_,1400,4,3,0.75,1409.3,1400,1
rrmpwn_,1600,8,7,0.875,1409.3,1400,0
rrmpwn_,1800,3,3,1.0,1409.3,1400,0
rrmpwn_,2000,4,3,0.75,1409.3,1400,0
rrmpwn_,2200,3,2,0.6667,1409.3,1400,0
rrmpwn_,2400,1,1,1.0,1409.3,1400,0
rrmpwn_,2600,1,1,1.0,1409.3,1400,0
rrmpwn_,2800,1,1,1.0,1409.3,1400,0
ryotori,800,26,26,1.0,1425.74,1400,0
ryotori,1000,12,12,1.0,1425.74,1400,0
ryotori,1200,24,23,0.9583,1425.74,1400,0
ryotori,1400,23,20,0.8696,1425.74,1400,1
ryotori,1600,21,20,0.9524,1425.74,1400,0
ryotori,1800,20,19,0.95,1425.74,1400,0
ryotori,2000,11,11,1.0,1425.74,1400,0
ryotori,2200,8,5,0.625,1425.74,1400,0
ryotori,2400,3,0,0.0,1425.74,1400,0
ryotori,2600,3,0,0.0,1425.74,1400,0
sahasrad,800,170,159,0.9353,1338.86,1200,0
sahasrad,1000,90,81,0.9,1338.86,1200,0
sahasrad,1200,78,74,0.9487,1338.86,1200,1
sahasrad,1400,67,60,0.8955,1338.86,1200,0
sahasrad,1600,64,62,0.9688,1338.86,1200,0
sahasrad,1800,70,56,0.8,1338.86,1200,0
sahasrad,2000,43,37,0.8605,1338.86,1200,0
sahasrad,2200,27,20,0.7407,1338.86,1200,0
sahasrad,2400,10,7,0.7,1338.86,1200,0
sahasrad,2600,5,4,0.8,1338.86,1200,0
sahasrad,2800,1,1,1.0,1338.86,1200,0
sahasrad,3400,1,0,0.0,1338.86,1200,0
sahaun,800,634,629,0.9921,1321.21,1200,0
sahaun,1000,287,274,0.9547,1321.21,1200,0
sahaun,1200,277,272,0.9819,1321.21,1200,1
sahaun,1400,277,258,0.9314,1321.21,1200,0
sahaun,1600,267,245,0.9176,1321.21,1200,0
sahaun,1800,209,176,0.8421,1321.21,1200,0
sahaun,2000,135,112,0.8296,1321.21,1200,0
sahaun,2200,74,58,0.7838,1321.21,1200,0
sahaun,2400,49,37,0.7551,1321.21,1200,0
sahaun,2600,20,13,0.65,1321.21,1200,0
sahaun,2800,7,4,0.5714,1321.21,1200,0
sahaun,3000,4,1,0.25,1321.21,1200,0
sahaun,3200,1,0,0.0,1321.21,1200,0
sahil2213,800,16,14,0.875,1451.85,1400,0
sahil2213,1000,8,6,0.75,1451.85,1400,0
sahil2213,1200,7,5,0.7143,1451.85,1400,0
sahil2213,1400,7,7,1.0,1451.85,1400,1
sahil2213,1600,5,5,1.0,1451.85,1400,0
sahil2213,1800,9,7,0.7778,1451.85,1400,0
sahil2213,2000,4,4,1.0,1451.85,1400,0
sahil2213,2200,5,4,0.8,1451.85,1400,0
sahil2213,2400,2,0,0.0,1451.85,1400,0
sahil2213,2600,2,1,0.5,1451.85,1400,0
sahil2213,2800,2,1,0.5,1451.85,1400,0
sahil2213,3400,1,0,0.0,1451.85,1400,0
sahilsingh177,800,82,77,0.939,1443.61,1400,0
sahilsingh177,1000,26,24,0.9231,1443.61,1400,0
sahilsingh177,1200,25,20,0.8,1443.61,1400,0
sahilsingh177,1400,43,43,1.0,1443.61,1400,1
sahilsingh177,1600,18,13,0.7222,1443.61,1400,0
sahilsingh177,1800,37,35,0.9459,1443.61,1400,0
sahilsingh177,2000,22,20,0.9091,1443.61,1400,0
sahilsingh177,2200,17,15,0.8824,1443.61,1400,0
sahilsingh177,2400,15,11,0.7333,1443.61,1400,0
sahilsingh177,2600,4,3,0.75,1443.61,1400,0
sahilsingh177,2800,6,4,0.6667,1443.61,1400,0
sahilsingh177,3400,1,1,1.0,1443.61,1400,0
same0620,800,94,94,1.0,1212.6,1200,0
same0620,1000,42,41,0.9762,1212.6,1200,0
same0620,1200,34,32,0.9412,1212.6,1200,1
same0620,1400,22,21,0.9545,1212.6,1200,0
same0620,1600,27,23,0.8519,1212.6,1200,0
same0620,1800,20,18,0.9,1212.6,1200,0
same0620,2000,13,10,0.7692,1212.6,1200,0
same0620,2200,5,3,0.6,1212.6,1200,0
same0620,2400,6,4,0.6667,1212.6,1200,0
sav,800,226,202,0.8938,1319.13,1200,0
sav,1000,83,73,0.8795,1319.13,1200,0
sav,1200,79,64,0.8101,1319.13,1200,1
sav,1400,79,69,0.8734,1319.13,1200,0
sav,1600,109,86,0.789,1319.13,1200,0
sav,1800,95,67,0.7053,1319.13,1200,0
sav,2000,53,36,0.6792,1319.13,1200,0
sav,2200,21,11,0.5238,1319.13,1200,0
sav,2400,16,11,0.6875,1319.13,1200,0
sav,2600,3,1,0.3333,1319.13,1200,0
sav,2800,1,0,0.0,1319.13,1200,0
sav,3000,1,0,0.0,1319.13,1200,0
sav,3400,2,2,1.0,1319.13,1200,0
scanhex,800,92,91,0.9891,1629.08,1600,0
scanhex,1000,52,47,0.9038,1629.08,1600,0
scanhex,1200,50,49,0.98,1629.08,1600,0
scanhex,1400,71,67,0.9437,1629.08,1600,0
scanhex,1600,82,72,0.878,1629.08,1600,1
scanhex,1800,89,81,0.9101,1629.08,1600,0
scanhex,2000,46,43,0.9348,1629.08,1600,0
scanhex,2200,41,33,0.8049,1629.08,1600,0
scanhex,2400,46,40,0.8696,1629.08,1600,0
scanhex,2600,26,18,0.6923,1629.08,1600,0
scanhex,2800,13,6,0.4615,1629.08,1600,0
scanhex,3000,8,4,0.5,1629.08,1600,0
scanhex,3200,6,3,0.5,1629.08,1600,0
scanhex,3400,5,3,0.6,1629.08,1600,0
sevlll777,800,536,525,0.9795,1536.26,1400,0
sevlll777,1000,286,278,0.972,1536.26,1400,0
sevlll777,1200,318,304,0.956,1536.26,1400,0
sevlll777,1400,300,271,0.9033,1536.26,1400,1
sevlll777,1600,309,259,0.8382,1536.26,1400,0
sevlll777,1800,277,229,0.8267,1536.26,1400,0
sevlll777,2000,223,179,0.8027,1536.26,1400,0
sevlll777,2200,190,155,0.8158,1536.26,1400,0
sevlll777,2400,174,128,0.7356,1536.26,1400,0
sevlll777,2600,112,77,0.6875,1536.26,1400,0
sevlll777,2800,66,40,0.6061,1536.26,1400,0
sevlll777,3000,37,26,0.7027,1536.26,1400,0
sevlll777,3200,19,11,0.5789,1536.26,1400,0
sevlll777,3400,8,3,0.375,1536.26,1400,0
shade34,800,187,184,0.984,1330.57,1200,0
shade34,1000,98,95,0.9694,1330.57,1200,0
shade34,1200,88,85,0.9659,1330.57,1200,1
shade34,1400,68,61,0.8971,1330.57,1200,0
shade34,1600,65,56,0.8615,1330.57,1200,0
shade34,1800,63,54,0.8571,1330.57,1200,0
shade34,2000,42,36,0.8571,1330.57,1200,0
shade34,2200,29,19,0.6552,1330.57,1200,0
shade34,2400,25,16,0.64,1330.57,1200,0
shade34,2600,7,4,0.5714,1330.57,1200,0
shade34,2800,5,2,0.4,1330.57,1200,0
shade34,3000,3,2,0.6667,1330.57,1200,0
shade34,3200,1,0,0.0,1330.57,1200,0
shade34,3400,1,1,1.0,1330.57,1200,0
shinchankosen,800,196,193,0.9847,1546.26,1400,0
shinchankosen,1000,82,82,1.0,1546.26,1400,0
shinchankosen,1200,86,85,0.9884,1546.26,1400,0
shinchankosen,1400,78,78,1.0,1546.26,1400,1
shinchankosen,1600,85,83,0.9765,1546.26,1400,0
shinchankosen,1800,92,90,0.9783,1546.26,1400,0
shinchankosen,2000,78,77,0.9872,1546.26,1400,0
shinchankosen,2200,73,69,0.9452,1546.26,1400,0
shinchankosen,2400,54,50,0.9259,1546.26,1400,0
shinchankosen,2600,23,21,0.913,1546.26,1400,0
shinchankosen,2800,16,11,0.6875,1546.26,1400,0
shinchankosen,3000,3,2,0.6667,1546.26,1400,0
shinchankosen,3200,1,0,0.0,1546.26,1400,0
shinchankosen,3400,2,2,1.0,1546.26,1400,0
shiomusubi496,800,88,87,0.9886,1650.33,1600,0
shiomusubi496,1000,41,40,0.9756,1650.33,1600,0
shiomusubi496,1200,43,43,1.0,1650.33,1600,0
shiomusubi496,1400,38,36,0.9474,1650.33,1600,0
shiomusubi496,1600,55,52,0.9455,1650.33,1600,1
shiomusubi496,1800,55,53,0.9636,1650.33,1600,0
shiomusubi496,2000,48,45,0.9375,1650.33,1600,0
shiomusubi496,2200,25,23,0.92,1650.33,1600,0
shiomusubi496,2400,35,31,0.8857,1650.33,1600,0
shiomusubi496,2600,18,14,0.7778,1650.33,1600,0
shiomusubi496,2800,17,14,0.8235,1650.33,1600,0
shiomusubi496,3000,11,9,0.8182,1650.33,1600,0
shiomusubi496,3200,7,4,0.5714,1650.33,1600,0
shiomusubi496,3400,4,2,0.5,1650.33,1600,0
shqrky,800,111,107,0.964,1641.72,1600,0
shqrky,1000,79,72,0.9114,1641.72,1600,0
shqrky,1200,96,91,0.9479,1641.72,1600,0
shqrky,1400,53,46,0.8679,1641.72,1600,0
shqrky,1600,51,48,0.9412,1641.72,1600,1
shqrky,1800,83,75,0.9036,1641.72,1600,0
shqrky,2000,73,70,0.9589,1641.72,1600,0
shqrky,2200,52,49,0.9423,1641.72,1600,0
shqrky,2400,58,55,0.9483,1641.72,1600,0
shqrky,2600,29,28,0.9655,1641.72,1600,0
shqrky,2800,15,15,1.0,1641.72,1600,0
shqrky,3000,7,6,0.8571,1641.72,1600,0
shqrky,3200,3,2,0.6667,1641.72,1600,0
shy_guy_16,800,29,25,0.8621,1131.37,1000,0
shy_guy_16,1000,15,10,0.6667,1131.37,1000,1
shy_guy_16,1200,8,5,0.625,1131.37,1000,0
shy_guy_16,1400,9,5,0.5556,1131.37,1000,0
shy_guy_16,1600,3,0,0.0,1131.37,1000,0
shy_guy_16,1800,4,1,0.25,1131.37,1000,0
shy_guy_16,2000,8,2,0.25,1131.37,1000,0
shy_guy_16,2200,5,1,0.2,1131.37,1000,0
shy_guy_16,2400,5,2,0.4,1131.37,1000,0
shy_guy_16,2600,5,0,0.0,1131.37,1000,0
shy_guy_16,2800,3,0,0.0,1131.37,1000,0
shy_guy_16,3000,1,0,0.0,1131.37,1000,0
shy_guy_16,3200,3,0,0.0,1131.37,1000,0
shy_guy_16,3400,2,0,0.0,1131.37,1000,0
sieun_k,800,22,21,0.9545,1220.0,1200,0
sieun_k,1000,13,12,0.9231,1220.0,1200,0
sieun_k,1200,5,4,0.8,1220.0,1200,1
sieun_k,1400,5,4,0.8,1220.0,1200,0
sieun_k,1600,5,4,0.8,1220.0,1200,0
sieun_k,1800,10,6,0.6,1220.0,1200,0
sieun_k,2000,1,1,1.0,1220.0,1200,0
sieun_k,2200,4,2,0.5,1220.0,1200,0
sieun_k,2400,5,1,0.2,1220.0,1200,0
sieun_k,2600,1,0,0.0,1220.0,1200,0
sieun_k,2800,1,0,0.0,1220.0,1200,0
siganai,800,406,406,1.0,1599.35,1400,0
siganai,1000,193,192,0.9948,1599.35,1400,0
siganai,1200,205,205,1.0,1599.35,1400,0
siganai,1400,170,170,1.0,1599.35,1400,1
siganai,1600,200,200,1.0,1599.35,1400,0
siganai,1800,220,219,0.9955,1599.35,1400,0
siganai,2000,173,173,1.0,1599.35,1400,0
siganai,2200,171,170,0.9942,1599.35,1400,0
siganai,2400,159,154,0.9686,1599.35,1400,0
siganai,2600,77,74,0.961,1599.35,1400,0
siganai,2800,46,41,0.8913,1599.35,1400,0
siganai,3000,9,4,0.4444,1599.35,1400,0
siganai,3200,1,1,1.0,1599.35,1400,0
skkkh,800,28,28,1.0,2348.45,2200,0
skkkh,1000,12,12,1.0,2348.45,2200,0
skkkh,1200,22,22,1.0,2348.45,2200,0
skkkh,1400,9,9,1.0,2348.45,2200,0
skkkh,1600,15,14,0.9333,2348.45,2200,0
skkkh,1800,19,17,0.8947,2348.45,2200,0
skkkh,2000,15,15,1.0,2348.45,2200,0
skkkh,2200,21,19,0.9048,2348.45,2200,1
skkkh,2400,39,34,0.8718,2348.45,2200,0
skkkh,2600,23,21,0.913,2348.45,2200,0
skkkh,2800,29,28,0.9655,2348.45,2200,0
skkkh,3000,25,23,0.92,2348.45,2200,0
skkkh,3200,73,72,0.9863,2348.45,2200,0
skkkh,3400,9,8,0.8889,2348.45,2200,0
skyhgzsh,800,117,117,1.0,1287.6,1200,0
skyhgzsh,1000,62,62,1.0,1287.6,1200,0
skyhgzsh,1200,53,53,1.0,1287.6,1200,1
skyhgzsh,1400,50,49,0.98,1287.6,1200,0
skyhgzsh,1600,42,38,0.9048,1287.6,1200,0
skyhgzsh,1800,41,36,0.878,1287.6,1200,0
skyhgzsh,2000,19,16,0.8421,1287.6,1200,0
skyhgzsh,2200,19,9,0.4737,1287.6,1200,0
skyhgzsh,2400,7,2,0.2857,1287.6,1200,0
skyhgzsh,2600,4,3,0.75,1287.6,1200,0
skyhgzsh,2800,1,1,1.0,1287.6,1200,0
skyhgzsh,3200,1,1,1.0,1287.6,1200,0
sleepaka,800,8,8,1.0,1422.58,1400,0
sleepaka,1000,3,3,1.0,1422.58,1400,0
sleepaka,1200,6,6,1.0,1422.58,1400,0
sleepaka,1400,6,5,0.8333,1422.58,1400,1
sleepaka,1800,3,2,0.6667,1422.58,1400,0
sleepaka,2000,4,4,1.0,1422.58,1400,0
sleepaka,2200,1,1,1.0,1422.58,1400,0
sleepaka,2400,1,0,0.0,1422.58,1400,0
sleepaka,2600,3,1,0.3333,1422.58,1400,0
sleepaka,2800,1,1,1.0,1422.58,1400,0
sleepaka,3400,1,0,0.0,1422.58,1400,0
sleepisweak,800,8,6,0.75,1442.86,1400,0
sleepisweak,1000,3,3,1.0,1442.86,1400,0
sleepisweak,1200,3,2,0.6667,1442.86,1400,0
sleepisweak,1400,2,2,1.0,1442.86,1400,1
sleepisweak,1800,5,4,0.8,1442.86,1400,0
sleepisweak,2000,2,0,0.0,1442.86,1400,0
sleepisweak,2200,2,2,1.0,1442.86,1400,0
sleepisweak,2400,2,1,0.5,1442.86,1400,0
sleepisweak,2600,2,1,0.5,1442.86,1400,0
smilences,800,93,93,1.0,1655.1,1600,0
smilences,1000,49,49,1.0,1655.1,1600,0
smilences,1200,85,84,0.9882,1655.1,1600,0
smilences,1400,96,96,1.0,1655.1,1600,0
smilences,1600,98,95,0.9694,1655.1,1600,1
smilences,1800,94,83,0.883,1655.1,1600,0
smilences,2000,70,62,0.8857,1655.1,1600,0
smilences,2200,63,48,0.7619,1655.1,1600,0
smilences,2400,64,51,0.7969,1655.1,1600,0
smilences,2600,38,26,0.6842,1655.1,1600,0
smilences,2800,19,12,0.6316,1655.1,1600,0
smilences,3000,11,4,0.3636,1655.1,1600,0
smilences,3200,4,2,0.5,1655.1,1600,0
smilences,3400,4,1,0.25,1655.1,1600,0
snowysecret,800,537,508,0.946,1619.36,1600,0
snowysecret,1000,237,211,0.8903,1619.36,1600,0
snowysecret,1200,238,219,0.9202,1619.36,1600,0
snowysecret,1400,212,191,0.9009,1619.36,1600,0
snowysecret,1600,309,280,0.9061,1619.36,1600,1
snowysecret,1800,338,308,0.9112,1619.36,1600,0
snowysecret,2000,248,233,0.9395,1619.36,1600,0
snowysecret,2200,237,224,0.9451,1619.36,1600,0
snowysecret,2400,228,217,0.9518,1619.36,1600,0
snowysecret,2600,114,100,0.8772,1619.36,1600,0
snowysecret,2800,26,17,0.6538,1619.36,1600,0
snowysecret,3000,7,6,0.8571,1619.36,1600,0
snowysecret,3200,5,1,0.2,1619.36,1600,0
snuke,800,54,54,1.0,1941.37,1800,0
snuke,1000,38,37,0.9737,1941.37,1800,0
snuke,1200,50,50,1.0,1941.37,1800,0
snuke,1400,73,68,0.9315,1941.37,1800,0
snuke,1600,87,80,0.9195,1941.37,1800,0
snuke,1800,99,90,0.9091,1941.37,1800,1
snuke,2000,81,77,0.9506,1941.37,1800,0
snuke,2200,66,60,0.9091,1941.37,1800,0
snuke,2400,86,74,0.8605,1941.37,1800,0
snuke,2600,61,52,0.8525,1941.37,1800,0
snuke,2800,54,44,0.8148,1941.37,1800,0
snuke,3000,33,24,0.7273,1941.37,1800,0
snuke,3200,21,15,0.7143,1941.37,1800,0
snuke,3400,14,5,0.3571,1941.37,1800,0
sorohue,800,54,52,0.963,1529.69,1400,0
sorohue,1000,21,20,0.9524,1529.69,1400,0
sorohue,1200,19,17,0.8947,1529.69,1400,0
sorohue,1400,21,20,0.9524,1529.69,1400,1
sorohue,1600,12,12,1.0,1529.69,1400,0
sorohue,1800,20,19,0.95,1529.69,1400,0
sorohue,2000,14,14,1.0,1529.69,1400,0
sorohue,2200,15,15,1.0,1529.69,1400,0
sorohue,2400,8,7,0.875,1529.69,1400,0
sorohue,2600,7,7,1.0,1529.69,1400,0
sorohue,2800,5,5,1.0,1529.69,1400,0
sorohue,3000,4,4,1.0,1529.69,1400,0
sorohue,3200,1,0,0.0,1529.69,1400,0
soundinggold,800,9,8,0.8889,2232.78,2200,0
soundinggold,1000,6,5,0.8333,2232.78,2200,0
soundinggold,1200,4,4,1.0,2232.78,2200,0
soundinggold,1400,3,2,0.6667,2232.78,2200,0
soundinggold,1600,6,5,0.8333,2232.78,2200,0
soundinggold,1800,5,4,0.8,2232.78,2200,0
soundinggold,2000,5,5,1.0,2232.78,2200,0
soundinggold,2200,39,36,0.9231,2232.78,2200,1
soundinggold,2400,74,74,1.0,2232.78,2200,0
soundinggold,2600,40,37,0.925,2232.78,2200,0
soundinggold,2800,2,0,0.0,2232.78,2200,0
soundinggold,3200,1,0,0.0,2232.78,2200,0
stan23456,800,255,249,0.9765,1510.16,1400,0
stan23456,1000,113,106,0.9381,1510.16,1400,0
stan23456,1200,118,118,1.0,1510.16,1400,0
stan23456,1400,88,83,0.9432,1510.16,1400,1
stan23456,1600,96,93,0.9688,1510.16,1400,0
stan23456,1800,106,93,0.8774,1510.16,1400,0
stan23456,2000,84,78,0.9286,1510.16,1400,0
stan23456,2200,82,76,0.9268,1510.16,1400,0
stan23456,2400,80,71,0.8875,1510.16,1400,0
stan23456,2600,23,20,0.8696,1510.16,1400,0
stan23456,2800,18,10,0.5556,1510.16,1400,0
stan23456,3000,4,4,1.0,1510.16,1400,0
stan23456,3200,3,2,0.6667,1510.16,1400,0
stan23456,3400,2,1,0.5,1510.16,1400,0
sto_lgvc_orz,800,82,80,0.9756,1263.51,1200,0
sto_lgvc_orz,1000,30,29,0.9667,1263.51,1200,0
sto_lgvc_orz,1200,33,30,0.9091,1263.51,1200,1
sto_lgvc_orz,1400,22,18,0.8182,1263.51,1200,0
sto_lgvc_orz,1600,21,16,0.7619,1263.51,1200,0
sto_lgvc_orz,1800,21,17,0.8095,1263.51,1200,0
sto_lgvc_orz,2000,9,9,1.0,1263.51,1200,0
sto_lgvc_orz,2200,6,4,0.6667,1263.51,1200,0
sto_lgvc_orz,2400,6,4,0.6667,1263.51,1200,0
sto_lgvc_orz,2600,1,1,1.0,1263.51,1200,0
sto_lgvc_orz,2800,2,2,1.0,1263.51,1200,0
sto_lgvc_orz,3000,1,1,1.0,1263.51,1200,0
strapple,800,68,68,1.0,2359.95,2200,0
strapple,1000,33,33,1.0,2359.95,2200,0
strapple,1200,49,48,0.9796,2359.95,2200,0
strapple,1400,51,50,0.9804,2359.95,2200,0
strapple,1600,54,53,0.9815,2359.95,2200,0
strapple,1800,80,80,1.0,2359.95,2200,0
strapple,2000,72,72,1.0,2359.95,2200,0
strapple,2200,88,87,0.9886,2359.95,2200,1
strapple,2400,99,96,0.9697,2359.95,2200,0
strapple,2600,186,183,0.9839,2359.95,2200,0
strapple,2800,134,134,1.0,2359.95,2200,0
strapple,3000,111,109,0.982,2359.95,2200,0
strapple,3200,94,90,0.9574,2359.95,2200,0
strapple,3400,69,68,0.9855,2359.95,2200,0
studyyyzz,800,9,9,1.0,2370.71,2200,0
studyyyzz,1000,3,3,1.0,2370.71,2200,0
studyyyzz,1200,6,5,0.8333,2370.71,2200,0
studyyyzz,1400,5,5,1.0,2370.71,2200,0
studyyyzz,1600,5,5,1.0,2370.71,2200,0
studyyyzz,1800,8,7,0.875,2370.71,2200,0
studyyyzz,2000,7,7,1.0,2370.71,2200,0
studyyyzz,2200,13,12,0.9231,2370.71,2200,1
studyyyzz,2400,22,21,0.9545,2370.71,2200,0
studyyyzz,2600,22,22,1.0,2370.71,2200,0
studyyyzz,2800,20,20,1.0,2370.71,2200,0
studyyyzz,3000,8,8,1.0,2370.71,2200,0
studyyyzz,3200,10,10,1.0,2370.71,2200,0
studyyyzz,3400,6,6,1.0,2370.71,2200,0
superguymj,800,130,130,1.0,1933.26,1800,0
superguymj,1000,44,44,1.0,1933.26,1800,0
superguymj,1200,73,73,1.0,1933.26,1800,0
superguymj,1400,59,59,1.0,1933.26,1800,0
superguymj,1600,76,76,1.0,1933.26,1800,0
superguymj,1800,87,87,1.0,1933.26,1800,1
superguymj,2000,88,88,1.0,1933.26,1800,0
superguymj,2200,94,93,0.9894,1933.26,1800,0
superguymj,2400,117,114,0.9744,1933.26,1800,0
superguymj,2600,84,82,0.9762,1933.26,1800,0
superguymj,2800,62,59,0.9516,1933.26,1800,0
superguymj,3000,35,33,0.9429,1933.26,1800,0
superguymj,3200,28,24,0.8571,1933.26,1800,0
superguymj,3400,8,6,0.75,1933.26,1800,0
superi0r,800,14,13,0.9286,1365.79,1200,0
superi0r,1000,5,4,0.8,1365.79,1200,0
superi0r,1200,5,4,0.8,1365.79,1200,1
superi0r,1400,4,4,1.0,1365.79,1200,0
superi0r,1600,4,3,0.75,1365.79,1200,0
superi0r,1800,3,1,0.3333,1365.79,1200,0
superi0r,2000,6,6,1.0,1365.79,1200,0
superi0r,2200,3,2,0.6667,1365.79,1200,0
superi0r,2400,2,1,0.5,1365.79,1200,0
surajchip2,800,115,113,0.9826,1718.53,1600,0
surajchip2,1000,57,55,0.9649,1718.53,1600,0
surajchip2,1200,67,67,1.0,1718.53,1600,0
surajchip2,1400,69,68,0.9855,1718.53,1600,0
surajchip2,1600,89,83,0.9326,1718.53,1600,1
surajchip2,1800,89,82,0.9213,1718.53,1600,0
surajchip2,2000,62,57,0.9194,1718.53,1600,0
surajchip2,2200,69,60,0.8696,1718.53,1600,0
surajchip2,2400,87,80,0.9195,1718.53,1600,0
surajchip2,2600,41,32,0.7805,1718.53,1600,0
surajchip2,2800,29,25,0.8621,1718.53,1600,0
surajchip2,3000,13,10,0.7692,1718.53,1600,0
surajchip2,3200,4,2,0.5,1718.53,1600,0
surajchip2,3400,2,0,0.0,1718.53,1600,0
syysongyuyang,800,79,75,0.9494,1714.18,1600,0
syysongyuyang,1000,36,34,0.9444,1714.18,1600,0
syysongyuyang,1200,26,26,1.0,1714.18,1600,0
syysongyuyang,1400,31,29,0.9355,1714.18,1600,0
syysongyuyang,1600,35,35,1.0,1714.18,1600,1
syysongyuyang,1800,42,41,0.9762,1714.18,1600,0
syysongyuyang,2000,37,37,1.0,1714.18,1600,0
syysongyuyang,2200,39,39,1.0,1714.18,1600,0
syysongyuyang,2400,38,38,1.0,1714.18,1600,0
syysongyuyang,2600,21,21,1.0,1714.18,1600,0
syysongyuyang,2800,11,11,1.0,1714.18,1600,0
syysongyuyang,3000,2,2,1.0,1714.18,1600,0
syysongyuyang,3200,3,3,1.0,1714.18,1600,0
syysongyuyang,3400,4,4,1.0,1714.18,1600,0
szh131421,800,35,34,0.9714,2025.32,2000,0
szh131421,1000,14,12,0.8571,2025.32,2000,0
szh131421,1200,24,24,1.0,2025.32,2000,0
szh131421,1400,11,11,1.0,2025.32,2000,0
szh131421,1600,28,26,0.9286,2025.32,2000,0
szh131421,1800,26,24,0.9231,2025.32,2000,0
szh131421,2000,34,33,0.9706,2025.32,2000,1
szh131421,2200,38,36,0.9474,2025.32,2000,0
szh131421,2400,39,32,0.8205,2025.32,2000,0
szh131421,2600,25,25,1.0,2025.32,2000,0
szh131421,2800,23,23,1.0,2025.32,2000,0
szh131421,3000,13,11,0.8462,2025.32,2000,0
szh131421,3200,14,13,0.9286,2025.32,2000,0
szh131421,3400,5,4,0.8,2025.32,2000,0
t98slider,800,1138,1137,0.9991,1279.59,1200,0
t98slider,1000,476,475,0.9979,1279.59,1200,0
t98slider,1200,615,615,1.0,1279.59,1200,1
t98slider,1400,499,496,0.994,1279.59,1200,0
t98slider,1600,274,268,0.9781,1279.59,1200,0
t98slider,1800,299,287,0.9599,1279.59,1200,0
t98slider,2000,202,180,0.8911,1279.59,1200,0
t98slider,2200,135,114,0.8444,1279.59,1200,0
t98slider,2400,83,59,0.7108,1279.59,1200,0
t98slider,2600,11,4,0.3636,1279.59,1200,0
t98slider,2800,2,1,0.5,1279.59,1200,0
t98slider,3000,1,0,0.0,1279.59,1200,0
tabr,800,326,324,0.9939,1703.22,1600,0
tabr,1000,148,147,0.9932,1703.22,1600,0
tabr,1200,151,149,0.9868,1703.22,1600,0
tabr,1400,170,169,0.9941,1703.22,1600,0
tabr,1600,198,197,0.9949,1703.22,1600,1
tabr,1800,199,199,1.0,1703.22,1600,0
tabr,2000,204,201,0.9853,1703.22,1600,0
tabr,2200,193,190,0.9845,1703.22,1600,0
tabr,2400,219,207,0.9452,1703.22,1600,0
tabr,2600,115,101,0.8783,1703.22,1600,0
tabr,2800,48,33,0.6875,1703.22,1600,0
tabr,3000,13,8,0.6154,1703.22,1600,0
tabr,3200,2,2,1.0,1703.22,1600,0
tanayy0207,800,106,100,0.9434,960.39,800,1
tanayy0207,1000,37,32,0.8649,960.39,800,0
tanayy0207,1200,13,9,0.6923,960.39,800,0
tanayy0207,1400,13,9,0.6923,960.39,800,0
tanayy0207,1600,2,1,0.5,960.39,800,0
tanayy0207,1800,4,1,0.25,960.39,800,0
tanayy0207,2000,1,1,1.0,960.39,800,0
tanayy0207,2200,1,1,1.0,960.39,800,0
tanayy0207,2400,1,0,0.0,960.39,800,0
tankcommander,800,24,22,0.9167,1280.33,1200,0
tankcommander,1000,7,7,1.0,1280.33,1200,0
tankcommander,1200,7,6,0.8571,1280.33,1200,1
tankcommander,1400,9,7,0.7778,1280.33,1200,0
tankcommander,1600,6,6,1.0,1280.33,1200,0
tankcommander,1800,9,8,0.8889,1280.33,1200,0
tankcommander,2000,3,3,1.0,1280.33,1200,0
tankcommander,2200,2,2,1.0,1280.33,1200,0
tanmuling0429,800,111,111,1.0,1605.17,1600,0
tanmuling0429,1000,46,45,0.9783,1605.17,1600,0
tanmuling0429,1200,52,48,0.9231,1605.17,1600,0
tanmuling0429,1400,39,38,0.9744,1605.17,1600,0
tanmuling0429,1600,51,50,0.9804,1605.17,1600,1
tanmuling0429,1800,51,46,0.902,1605.17,1600,0
tanmuling0429,2000,42,35,0.8333,1605.17,1600,0
tanmuling0429,2200,33,28,0.8485,1605.17,1600,0
tanmuling0429,2400,40,35,0.875,1605.17,1600,0
tanmuling0429,2600,27,25,0.9259,1605.17,1600,0
tanmuling0429,2800,17,16,0.9412,1605.17,1600,0
tanmuling0429,3000,3,2,0.6667,1605.17,1600,0
tanmuling0429,3200,4,4,1.0,1605.17,1600,0
tanmuling0429,3400,1,1,1.0,1605.17,1600,0
tch1cherin,800,612,601,0.982,1466.17,1400,0
tch1cherin,1000,246,238,0.9675,1466.17,1400,0
tch1cherin,1200,255,232,0.9098,1466.17,1400,0
tch1cherin,1400,206,185,0.8981,1466.17,1400,1
tch1cherin,1600,225,202,0.8978,1466.17,1400,0
tch1cherin,1800,243,212,0.8724,1466.17,1400,0
tch1cherin,2000,268,244,0.9104,1466.17,1400,0
tch1cherin,2200,215,195,0.907,1466.17,1400,0
tch1cherin,2400,120,98,0.8167,1466.17,1400,0
tch1cherin,2600,20,16,0.8,1466.17,1400,0
tch1cherin,2800,8,6,0.75,1466.17,1400,0
tch1cherin,3000,2,1,0.5,1466.17,1400,0
tch1cherin,3200,2,1,0.5,1466.17,1400,0
tch1cherin,3400,2,1,0.5,1466.17,1400,0
tealab,800,8,7,0.875,1522.22,1400,0
tealab,1000,4,3,0.75,1522.22,1400,0
tealab,1200,4,3,0.75,1522.22,1400,0
tealab,1400,2,2,1.0,1522.22,1400,1
tealab,1600,2,2,1.0,1522.22,1400,0
tealab,1800,3,1,0.3333,1522.22,1400,0
tealab,2000,3,3,1.0,1522.22,1400,0
tealab,2200,3,3,1.0,1522.22,1400,0
tealab,2400,6,3,0.5,1522.22,1400,0
tealab,2800,2,0,0.0,1522.22,1400,0
tealab,3000,2,0,0.0,1522.22,1400,0
teekaytai,800,101,101,1.0,1547.1,1400,0
teekaytai,1000,49,49,1.0,1547.1,1400,0
teekaytai,1200,51,51,1.0,1547.1,1400,0
teekaytai,1400,40,40,1.0,1547.1,1400,1
teekaytai,1600,50,50,1.0,1547.1,1400,0
teekaytai,1800,46,46,1.0,1547.1,1400,0
teekaytai,2000,46,46,1.0,1547.1,1400,0
teekaytai,2200,37,35,0.9459,1547.1,1400,0
teekaytai,2400,27,25,0.9259,1547.1,1400,0
teekaytai,2600,9,9,1.0,1547.1,1400,0
teekaytai,2800,11,11,1.0,1547.1,1400,0
teekaytai,3000,1,1,1.0,1547.1,1400,0
teekaytai,3200,1,1,1.0,1547.1,1400,0
tem_shett,800,166,165,0.994,1608.66,1600,0
tem_shett,1000,88,87,0.9886,1608.66,1600,0
tem_shett,1200,99,93,0.9394,1608.66,1600,0
tem_shett,1400,126,119,0.9444,1608.66,1600,0
tem_shett,1600,137,131,0.9562,1608.66,1600,1
tem_shett,1800,123,117,0.9512,1608.66,1600,0
tem_shett,2000,118,105,0.8898,1608.66,1600,0
tem_shett,2200,113,96,0.8496,1608.66,1600,0
tem_shett,2400,82,57,0.6951,1608.66,1600,0
tem_shett,2600,26,22,0.8462,1608.66,1600,0
tem_shett,2800,10,7,0.7,1608.66,1600,0
tem_shett,3000,5,3,0.6,1608.66,1600,0
tem_shett,3200,4,2,0.5,1608.66,1600,0
tem_shett,3400,1,1,1.0,1608.66,1600,0
temporary1,800,122,120,0.9836,1869.25,1800,0
temporary1,1000,46,45,0.9783,1869.25,1800,0
temporary1,1200,115,115,1.0,1869.25,1800,0
temporary1,1400,186,185,0.9946,1869.25,1800,0
temporary1,1600,168,166,0.9881,1869.25,1800,0
temporary1,1800,131,131,1.0,1869.25,1800,1
temporary1,2000,209,209,1.0,1869.25,1800,0
temporary1,2200,293,293,1.0,1869.25,1800,0
temporary1,2400,239,238,0.9958,1869.25,1800,0
temporary1,2600,78,75,0.9615,1869.25,1800,0
temporary1,2800,14,10,0.7143,1869.25,1800,0
temporary1,3000,1,0,0.0,1869.25,1800,0
temporary1,3400,1,0,0.0,1869.25,1800,0
tempura0224,800,101,101,1.0,1687.55,1600,0
tempura0224,1000,57,57,1.0,1687.55,1600,0
tempura0224,1200,90,90,1.0,1687.55,1600,0
tempura0224,1400,81,81,1.0,1687.55,1600,0
tempura0224,1600,106,96,0.9057,1687.55,1600,1
tempura0224,1800,114,113,0.9912,1687.55,1600,0
tempura0224,2000,95,86,0.9053,1687.55,1600,0
tempura0224,2200,74,68,0.9189,1687.55,1600,0
tempura0224,2400,71,59,0.831,1687.55,1600,0
tempura0224,2600,48,38,0.7917,1687.55,1600,0
tempura0224,2800,17,12,0.7059,1687.55,1600,0
tempura0224,3000,6,2,0.3333,1687.55,1600,0
tempura0224,3200,2,0,0.0,1687.55,1600,0
testing5294,800,13,13,1.0,1542.42,1400,0
testing5294,1000,6,6,1.0,1542.42,1400,0
testing5294,1200,11,11,1.0,1542.42,1400,0
testing5294,1400,3,3,1.0,1542.42,1400,1
testing5294,1600,6,6,1.0,1542.42,1400,0
testing5294,1800,10,10,1.0,1542.42,1400,0
testing5294,2000,5,5,1.0,1542.42,1400,0
testing5294,2200,6,6,1.0,1542.42,1400,0
testing5294,2400,5,4,0.8,1542.42,1400,0
testing5294,2600,3,2,0.6667,1542.42,1400,0
tfg,800,361,361,1.0,1746.48,1600,0
tfg,1000,235,234,0.9957,1746.48,1600,0
tfg,1200,297,296,0.9966,1746.48,1600,0
tfg,1400,307,305,0.9935,1746.48,1600,0
tfg,1600,347,345,0.9942,1746.48,1600,1
tfg,1800,377,370,0.9814,1746.48,1600,0
tfg,2000,350,343,0.98,1746.48,1600,0
tfg,2200,274,267,0.9745,1746.48,1600,0
tfg,2400,290,267,0.9207,1746.48,1600,0
tfg,2600,181,148,0.8177,1746.48,1600,0
tfg,2800,88,70,0.7955,1746.48,1600,0
tfg,3000,60,40,0.6667,1746.48,1600,0
tfg,3200,32,18,0.5625,1746.48,1600,0
tfg,3400,11,8,0.7273,1746.48,1600,0
thangdz2k7,800,111,110,0.991,1763.07,1600,0
thangdz2k7,1000,43,40,0.9302,1763.07,1600,0
thangdz2k7,1200,46,40,0.8696,1763.07,1600,0
thangdz2k7,1400,49,37,0.7551,1763.07,1600,0
thangdz2k7,1600,56,45,0.8036,1763.07,1600,1
thangdz2k7,1800,69,56,0.8116,1763.07,1600,0
thangdz2k7,2000,78,62,0.7949,1763.07,1600,0
thangdz2k7,2200,64,53,0.8281,1763.07,1600,0
thangdz2k7,2400,62,50,0.8065,1763.07,1600,0
thangdz2k7,2600,44,34,0.7727,1763.07,1600,0
thangdz2k7,2800,28,22,0.7857,1763.07,1600,0
thangdz2k7,3000,18,17,0.9444,1763.07,1600,0
thangdz2k7,3200,8,7,0.875,1763.07,1600,0
thangdz2k7,3400,3,1,0.3333,1763.07,1600,0
thanos_2,800,49,46,0.9388,1469.01,1400,0
thanos_2,1000,18,17,0.9444,1469.01,1400,0
thanos_2,1200,23,19,0.8261,1469.01,1400,0
thanos_2,1400,17,16,0.9412,1469.01,1400,1
thanos_2,1600,21,15,0.7143,1469.01,1400,0
thanos_2,1800,21,19,0.9048,1469.01,1400,0
thanos_2,2000,19,14,0.7368,1469.01,1400,0
thanos_2,2200,12,12,1.0,1469.01,1400,0
thanos_2,2400,10,8,0.8,1469.01,1400,0
thanos_2,2600,8,3,0.375,1469.01,1400,0
thanos_2,2800,2,2,1.0,1469.01,1400,0
thibautblanc,800,95,95,1.0,1367.95,1200,0
thibautblanc,1000,38,37,0.9737,1367.95,1200,0
thibautblanc,1200,46,46,1.0,1367.95,1200,1
thibautblanc,1400,42,42,1.0,1367.95,1200,0
thibautblanc,1600,49,49,1.0,1367.95,1200,0
thibautblanc,1800,28,26,0.9286,1367.95,1200,0
thibautblanc,2000,19,17,0.8947,1367.95,1200,0
thibautblanc,2200,11,11,1.0,1367.95,1200,0
thibautblanc,2400,7,6,0.8571,1367.95,1200,0
thibautblanc,2600,5,5,1.0,1367.95,1200,0
thibautblanc,2800,2,2,1.0,1367.95,1200,0
thibautblanc,3000,1,1,1.0,1367.95,1200,0
thomaswmy,800,28,28,1.0,2405.42,2400,0
thomaswmy,1000,13,12,0.9231,2405.42,2400,0
thomaswmy,1200,24,24,1.0,2405.42,2400,0
thomaswmy,1400,17,17,1.0,2405.42,2400,0
thomaswmy,1600,33,33,1.0,2405.42,2400,0
thomaswmy,1800,53,52,0.9811,2405.42,2400,0
thomaswmy,2000,57,57,1.0,2405.42,2400,0
thomaswmy,2200,65,65,1.0,2405.42,2400,0
thomaswmy,2400,78,75,0.9615,2405.42,2400,1
thomaswmy,2600,65,64,0.9846,2405.42,2400,0
thomaswmy,2800,65,64,0.9846,2405.42,2400,0
thomaswmy,3000,74,73,0.9865,2405.42,2400,0
thomaswmy,3200,56,56,1.0,2405.42,2400,0
thomaswmy,3400,44,44,1.0,2405.42,2400,0
tianbincheng,800,124,122,0.9839,1463.73,1400,0
tianbincheng,1000,56,55,0.9821,1463.73,1400,0
tianbincheng,1200,60,59,0.9833,1463.73,1400,0
tianbincheng,1400,49,48,0.9796,1463.73,1400,1
tianbincheng,1600,63,61,0.9683,1463.73,1400,0
tianbincheng,1800,51,47,0.9216,1463.73,1400,0
tianbincheng,2000,51,44,0.8627,1463.73,1400,0
tianbincheng,2200,35,31,0.8857,1463.73,1400,0
tianbincheng,2400,24,21,0.875,1463.73,1400,0
tianbincheng,2600,12,7,0.5833,1463.73,1400,0
tianbincheng,2800,2,2,1.0,1463.73,1400,0
tianbincheng,3000,1,0,0.0,1463.73,1400,0
tianbincheng,3200,4,2,0.5,1463.73,1400,0
timreizin,800,339,339,1.0,1482.41,1400,0
timreizin,1000,153,152,0.9935,1482.41,1400,0
timreizin,1200,183,182,0.9945,1482.41,1400,0
timreizin,1400,144,142,0.9861,1482.41,1400,1
timreizin,1600,165,160,0.9697,1482.41,1400,0
timreizin,1800,149,141,0.9463,1482.41,1400,0
timreizin,2000,138,126,0.913,1482.41,1400,0
timreizin,2200,112,102,0.9107,1482.41,1400,0
timreizin,2400,74,63,0.8514,1482.41,1400,0
timreizin,2600,26,24,0.9231,1482.41,1400,0
timreizin,2800,10,9,0.9,1482.41,1400,0
timreizin,3000,5,3,0.6,1482.41,1400,0
timreizin,3200,1,0,0.0,1482.41,1400,0
timreizin,3400,2,1,0.5,1482.41,1400,0
tinca_matei,800,112,110,0.9821,1677.13,1600,0
tinca_matei,1000,68,66,0.9706,1677.13,1600,0
tinca_matei,1200,87,85,0.977,1677.13,1600,0
tinca_matei,1400,67,66,0.9851,1677.13,1600,0
tinca_matei,1600,88,86,0.9773,1677.13,1600,1
tinca_matei,1800,96,87,0.9062,1677.13,1600,0
tinca_matei,2000,82,77,0.939,1677.13,1600,0
tinca_matei,2200,57,52,0.9123,1677.13,1600,0
tinca_matei,2400,71,63,0.8873,1677.13,1600,0
tinca_matei,2600,34,29,0.8529,1677.13,1600,0
tinca_matei,2800,26,22,0.8462,1677.13,1600,0
tinca_matei,3000,7,6,0.8571,1677.13,1600,0
tinca_matei,3200,5,3,0.6,1677.13,1600,0
toam,800,443,441,0.9955,1597.32,1400,0
toam,1000,195,195,1.0,1597.32,1400,0
toam,1200,212,211,0.9953,1597.32,1400,0
toam,1400,177,174,0.9831,1597.32,1400,1
toam,1600,214,214,1.0,1597.32,1400,0
toam,1800,194,192,0.9897,1597.32,1400,0
toam,2000,219,212,0.968,1597.32,1400,0
toam,2200,243,228,0.9383,1597.32,1400,0
toam,2400,215,194,0.9023,1597.32,1400,0
toam,2600,56,45,0.8036,1597.32,1400,0
toam,2800,27,16,0.5926,1597.32,1400,0
toam,3000,7,4,0.5714,1597.32,1400,0
toam,3200,4,4,1.0,1597.32,1400,0
toku4388,800,119,116,0.9748,1310.26,1200,0
toku4388,1000,54,54,1.0,1310.26,1200,0
toku4388,1200,57,56,0.9825,1310.26,1200,1
toku4388,1400,41,39,0.9512,1310.26,1200,0
toku4388,1600,55,50,0.9091,1310.26,1200,0
toku4388,1800,40,33,0.825,1310.26,1200,0
toku4388,2000,30,22,0.7333,1310.26,1200,0
toku4388,2200,23,16,0.6957,1310.26,1200,0
toku4388,2400,7,3,0.4286,1310.26,1200,0
toku4388,2600,2,1,0.5,1310.26,1200,0
toomer,800,55,55,1.0,1593.31,1400,0
toomer,1000,21,21,1.0,1593.31,1400,0
toomer,1200,30,30,1.0,1593.31,1400,0
toomer,1400,23,23,1.0,1593.31,1400,1
toomer,1600,34,34,1.0,1593.31,1400,0
toomer,1800,19,19,1.0,1593.31,1400,0
toomer,2000,27,26,0.963,1593.31,1400,0
toomer,2200,24,24,1.0,1593.31,1400,0
toomer,2400,29,28,0.9655,1593.31,1400,0
toomer,2600,9,8,0.8889,1593.31,1400,0
toomer,2800,1,1,1.0,1593.31,1400,0
tourist,800,256,256,1.0,1968.71,1800,0
tourist,1000,152,152,1.0,1968.71,1800,0
tourist,1200,185,185,1.0,1968.71,1800,0
tourist,1400,201,201,1.0,1968.71,1800,0
tourist,1600,258,258,1.0,1968.71,1800,0
tourist,1800,270,266,0.9852,1968.71,1800,1
tourist,2000,238,237,0.9958,1968.71,1800,0
tourist,2200,231,227,0.9827,1968.71,1800,0
tourist,2400,255,247,0.9686,1968.71,1800,0
tourist,2600,189,174,0.9206,1968.71,1800,0
tourist,2800,151,144,0.9536,1968.71,1800,0
tourist,3000,102,99,0.9706,1968.71,1800,0
tourist,3200,100,86,0.86,1968.71,1800,0
tourist,3400,96,82,0.8542,1968.71,1800,0
trappedintesseract,800,101,101,1.0,1316.18,1200,0
trappedintesseract,1000,45,42,0.9333,1316.18,1200,0
trappedintesseract,1200,37,34,0.9189,1316.18,1200,1
trappedintesseract,1400,38,35,0.9211,1316.18,1200,0
trappedintesseract,1600,39,32,0.8205,1316.18,1200,0
trappedintesseract,1800,31,26,0.8387,1316.18,1200,0
trappedintesseract,2000,19,15,0.7895,1316.18,1200,0
trappedintesseract,2200,22,17,0.7727,1316.18,1200,0
trappedintesseract,2400,7,5,0.7143,1316.18,1200,0
trappedintesseract,2600,3,2,0.6667,1316.18,1200,0
trappedintesseract,3000,1,0,0.0,1316.18,1200,0
trash-can,800,135,131,0.9704,1501.63,1400,0
trash-can,1000,65,60,0.9231,1501.63,1400,0
trash-can,1200,46,41,0.8913,1501.63,1400,0
trash-can,1400,42,41,0.9762,1501.63,1400,1
trash-can,1600,46,44,0.9565,1501.63,1400,0
trash-can,1800,52,50,0.9615,1501.63,1400,0
trash-can,2000,37,33,0.8919,1501.63,1400,0
trash-can,2200,37,33,0.8919,1501.63,1400,0
trash-can,2400,44,38,0.8636,1501.63,1400,0
trash-can,2600,19,16,0.8421,1501.63,1400,0
trash-can,2800,6,4,0.6667,1501.63,1400,0
trash-can,3000,1,1,1.0,1501.63,1400,0
trs719,800,9,9,1.0,1998.17,1800,0
trs719,1000,6,6,1.0,1998.17,1800,0
trs719,1200,3,3,1.0,1998.17,1800,0
trs719,1400,5,5,1.0,1998.17,1800,0
trs719,1600,9,9,1.0,1998.17,1800,0
trs719,1800,33,33,1.0,1998.17,1800,1
trs719,2000,37,37,1.0,1998.17,1800,0
trs719,2200,28,28,1.0,1998.17,1800,0
trs719,2400,21,21,1.0,1998.17,1800,0
trs719,2600,7,6,0.8571,1998.17,1800,0
trs719,2800,3,3,1.0,1998.17,1800,0
trs719,3000,3,2,0.6667,1998.17,1800,0
trs719,3200,1,1,1.0,1998.17,1800,0
trs719,3400,1,1,1.0,1998.17,1800,0
truongminhduc_beo,800,13,13,1.0,1386.36,1200,0
truongminhduc_beo,1000,5,5,1.0,1386.36,1200,0
truongminhduc_beo,1200,5,5,1.0,1386.36,1200,1
truongminhduc_beo,1400,7,7,1.0,1386.36,1200,0
truongminhduc_beo,1600,3,3,1.0,1386.36,1200,0
truongminhduc_beo,1800,6,5,0.8333,1386.36,1200,0
truongminhduc_beo,2000,3,1,0.3333,1386.36,1200,0
truongminhduc_beo,2200,3,2,0.6667,1386.36,1200,0
truongminhduc_beo,2400,1,1,1.0,1386.36,1200,0
truongminhduc_beo,2600,2,2,1.0,1386.36,1200,0
trybetter,800,44,44,1.0,1485.64,1400,0
trybetter,1000,24,24,1.0,1485.64,1400,0
trybetter,1200,21,20,0.9524,1485.64,1400,0
trybetter,1400,20,19,0.95,1485.64,1400,1
trybetter,1600,23,22,0.9565,1485.64,1400,0
trybetter,1800,16,15,0.9375,1485.64,1400,0
trybetter,2000,17,16,0.9412,1485.64,1400,0
trybetter,2200,13,11,0.8462,1485.64,1400,0
trybetter,2400,9,8,0.8889,1485.64,1400,0
trybetter,2600,6,5,0.8333,1485.64,1400,0
trybetter,2800,5,2,0.4,1485.64,1400,0
trybetter,3000,2,2,1.0,1485.64,1400,0
ttamx,800,457,455,0.9956,1701.09,1600,0
ttamx,1000,223,219,0.9821,1701.09,1600,0
ttamx,1200,224,223,0.9955,1701.09,1600,0
ttamx,1400,207,207,1.0,1701.09,1600,0
ttamx,1600,245,242,0.9878,1701.09,1600,1
ttamx,1800,257,254,0.9883,1701.09,1600,0
ttamx,2000,258,253,0.9806,1701.09,1600,0
ttamx,2200,225,219,0.9733,1701.09,1600,0
ttamx,2400,265,253,0.9547,1701.09,1600,0
ttamx,2600,144,134,0.9306,1701.09,1600,0
ttamx,2800,63,59,0.9365,1701.09,1600,0
ttamx,3000,42,34,0.8095,1701.09,1600,0
ttamx,3200,11,9,0.8182,1701.09,1600,0
ttamx,3400,13,11,0.8462,1701.09,1600,0
turmax,800,273,273,1.0,1900.92,1800,0
turmax,1000,133,133,1.0,1900.92,1800,0
turmax,1200,167,161,0.9641,1900.92,1800,0
turmax,1400,194,191,0.9845,1900.92,1800,0
turmax,1600,206,195,0.9466,1900.92,1800,0
turmax,1800,242,232,0.9587,1900.92,1800,1
turmax,2000,238,229,0.9622,1900.92,1800,0
turmax,2200,232,208,0.8966,1900.92,1800,0
turmax,2400,258,230,0.8915,1900.92,1800,0
turmax,2600,188,155,0.8245,1900.92,1800,0
turmax,2800,138,111,0.8043,1900.92,1800,0
turmax,3000,87,71,0.8161,1900.92,1800,0
turmax,3200,66,44,0.6667,1900.92,1800,0
turmax,3400,62,43,0.6935,1900.92,1800,0
turneja,800,116,114,0.9828,1736.68,1600,0
turneja,1000,54,49,0.9074,1736.68,1600,0
turneja,1200,77,77,1.0,1736.68,1600,0
turneja,1400,67,66,0.9851,1736.68,1600,0
turneja,1600,69,66,0.9565,1736.68,1600,1
turneja,1800,62,58,0.9355,1736.68,1600,0
turneja,2000,55,52,0.9455,1736.68,1600,0
turneja,2200,58,57,0.9828,1736.68,1600,0
turneja,2400,76,72,0.9474,1736.68,1600,0
turneja,2600,46,39,0.8478,1736.68,1600,0
turneja,2800,27,27,1.0,1736.68,1600,0
turneja,3000,18,18,1.0,1736.68,1600,0
turneja,3400,4,3,0.75,1736.68,1600,0
turska,800,162,155,0.9568,1739.42,1600,0
turska,1000,84,79,0.9405,1739.42,1600,0
turska,1200,113,108,0.9558,1739.42,1600,0
turska,1400,126,122,0.9683,1739.42,1600,0
turska,1600,188,172,0.9149,1739.42,1600,1
turska,1800,223,212,0.9507,1739.42,1600,0
turska,2000,194,179,0.9227,1739.42,1600,0
turska,2200,143,130,0.9091,1739.42,1600,0
turska,2400,126,111,0.881,1739.42,1600,0
turska,2600,72,63,0.875,1739.42,1600,0
turska,2800,11,9,0.8182,1739.42,1600,0
turska,3000,6,6,1.0,1739.42,1600,0
turska,3200,2,1,0.5,1739.42,1600,0
tute7627,800,499,498,0.998,1735.09,1600,0
tute7627,1000,250,249,0.996,1735.09,1600,0
tute7627,1200,317,316,0.9968,1735.09,1600,0
tute7627,1400,318,315,0.9906,1735.09,1600,0
tute7627,1600,377,372,0.9867,1735.09,1600,1
tute7627,1800,351,344,0.9801,1735.09,1600,0
tute7627,2000,330,319,0.9667,1735.09,1600,0
tute7627,2200,312,302,0.9679,1735.09,1600,0
tute7627,2400,345,318,0.9217,1735.09,1600,0
tute7627,2600,211,193,0.9147,1735.09,1600,0
tute7627,2800,119,102,0.8571,1735.09,1600,0
tute7627,3000,52,42,0.8077,1735.09,1600,0
tute7627,3200,26,16,0.6154,1735.09,1600,0
tute7627,3400,8,5,0.625,1735.09,1600,0
txngled,800,26,26,1.0,1380.61,1200,0
txngled,1000,12,12,1.0,1380.61,1200,0
txngled,1200,17,16,0.9412,1380.61,1200,1
txngled,1400,10,10,1.0,1380.61,1200,0
txngled,1600,10,9,0.9,1380.61,1200,0
txngled,1800,11,10,0.9091,1380.61,1200,0
txngled,2000,8,7,0.875,1380.61,1200,0
txngled,2200,7,4,0.5714,1380.61,1200,0
txngled,2400,4,3,0.75,1380.61,1200,0
txngled,3000,1,1,1.0,1380.61,1200,0
tychoelling,800,389,380,0.9769,1579.09,1400,0
tychoelling,1000,164,160,0.9756,1579.09,1400,0
tychoelling,1200,173,169,0.9769,1579.09,1400,0
tychoelling,1400,194,184,0.9485,1579.09,1400,1
tychoelling,1600,226,219,0.969,1579.09,1400,0
tychoelling,1800,303,300,0.9901,1579.09,1400,0
tychoelling,2000,221,211,0.9548,1579.09,1400,0
tychoelling,2200,151,144,0.9536,1579.09,1400,0
tychoelling,2400,110,107,0.9727,1579.09,1400,0
tychoelling,2600,41,36,0.878,1579.09,1400,0
tychoelling,2800,16,14,0.875,1579.09,1400,0
tychoelling,3000,11,6,0.5455,1579.09,1400,0
tychoelling,3200,1,1,1.0,1579.09,1400,0
tychoelling,3400,1,1,1.0,1579.09,1400,0
tymond,800,286,281,0.9825,1486.58,1400,0
tymond,1000,116,109,0.9397,1486.58,1400,0
tymond,1200,87,83,0.954,1486.58,1400,0
tymond,1400,82,76,0.9268,1486.58,1400,1
tymond,1600,93,90,0.9677,1486.58,1400,0
tymond,1800,156,148,0.9487,1486.58,1400,0
tymond,2000,81,79,0.9753,1486.58,1400,0
tymond,2200,54,51,0.9444,1486.58,1400,0
tymond,2400,49,46,0.9388,1486.58,1400,0
tymond,2600,18,16,0.8889,1486.58,1400,0
tymond,2800,14,13,0.9286,1486.58,1400,0
tymond,3000,10,10,1.0,1486.58,1400,0
tymond,3200,4,4,1.0,1486.58,1400,0
ub33,800,332,329,0.991,1599.12,1400,0
ub33,1000,157,154,0.9809,1599.12,1400,0
ub33,1200,153,148,0.9673,1599.12,1400,0
ub33,1400,172,162,0.9419,1599.12,1400,1
ub33,1600,170,160,0.9412,1599.12,1400,0
ub33,1800,178,166,0.9326,1599.12,1400,0
ub33,2000,147,138,0.9388,1599.12,1400,0
ub33,2200,120,107,0.8917,1599.12,1400,0
ub33,2400,141,130,0.922,1599.12,1400,0
ub33,2600,58,48,0.8276,1599.12,1400,0
ub33,2800,26,22,0.8462,1599.12,1400,0
ub33,3000,19,14,0.7368,1599.12,1400,0
ub33,3200,9,9,1.0,1599.12,1400,0
ub33,3400,7,5,0.7143,1599.12,1400,0
ukbwyx,800,146,145,0.9932,1734.2,1600,0
ukbwyx,1000,68,66,0.9706,1734.2,1600,0
ukbwyx,1200,84,81,0.9643,1734.2,1600,0
ukbwyx,1400,75,72,0.96,1734.2,1600,0
ukbwyx,1600,109,107,0.9817,1734.2,1600,1
ukbwyx,1800,137,129,0.9416,1734.2,1600,0
ukbwyx,2000,166,153,0.9217,1734.2,1600,0
ukbwyx,2200,117,106,0.906,1734.2,1600,0
ukbwyx,2400,88,74,0.8409,1734.2,1600,0
ukbwyx,2600,42,33,0.7857,1734.2,1600,0
ukbwyx,2800,32,23,0.7188,1734.2,1600,0
ukbwyx,3000,12,9,0.75,1734.2,1600,0
ukbwyx,3200,3,3,1.0,1734.2,1600,0
ukbwyx,3400,2,2,1.0,1734.2,1600,0
umbrella-leaf,800,103,103,1.0,2272.5,2200,0
umbrella-leaf,1000,50,49,0.98,2272.5,2200,0
umbrella-leaf,1200,45,45,1.0,2272.5,2200,0
umbrella-leaf,1400,50,50,1.0,2272.5,2200,0
umbrella-leaf,1600,55,55,1.0,2272.5,2200,0
umbrella-leaf,1800,65,63,0.9692,2272.5,2200,0
umbrella-leaf,2000,81,81,1.0,2272.5,2200,0
umbrella-leaf,2200,89,88,0.9888,2272.5,2200,1
umbrella-leaf,2400,125,120,0.96,2272.5,2200,0
umbrella-leaf,2600,216,216,1.0,2272.5,2200,0
umbrella-leaf,2800,154,153,0.9935,2272.5,2200,0
umbrella-leaf,3000,104,100,0.9615,2272.5,2200,0
umbrella-leaf,3200,74,70,0.9459,2272.5,2200,0
umbrella-leaf,3400,38,36,0.9474,2272.5,2200,0
umnov.max55,800,71,70,0.9859,1089.21,1000,0
umnov.max55,1000,30,25,0.8333,1089.21,1000,1
umnov.max55,1200,18,17,0.9444,1089.21,1000,0
umnov.max55,1400,11,10,0.9091,1089.21,1000,0
umnov.max55,1600,7,7,1.0,1089.21,1000,0
umnov.max55,1800,3,3,1.0,1089.21,1000,0
umnov.max55,2000,5,4,0.8,1089.21,1000,0
umnov.max55,2200,5,2,0.4,1089.21,1000,0
umnov.max55,2400,3,0,0.0,1089.21,1000,0
umnov.max55,3000,1,1,1.0,1089.21,1000,0
under1oop,800,31,31,1.0,1447.86,1400,0
under1oop,1000,15,15,1.0,1447.86,1400,0
under1oop,1200,21,20,0.9524,1447.86,1400,0
under1oop,1400,14,14,1.0,1447.86,1400,1
under1oop,1600,16,16,1.0,1447.86,1400,0
under1oop,1800,16,16,1.0,1447.86,1400,0
under1oop,2000,18,16,0.8889,1447.86,1400,0
under1oop,2200,13,9,0.6923,1447.86,1400,0
under1oop,2400,5,3,0.6,1447.86,1400,0
under1oop,2800,1,0,0.0,1447.86,1400,0
urosk,800,221,215,0.9729,1493.16,1400,0
urosk,1000,103,99,0.9612,1493.16,1400,0
urosk,1200,104,103,0.9904,1493.16,1400,0
urosk,1400,122,113,0.9262,1493.16,1400,1
urosk,1600,99,92,0.9293,1493.16,1400,0
urosk,1800,66,56,0.8485,1493.16,1400,0
urosk,2000,81,70,0.8642,1493.16,1400,0
urosk,2200,33,23,0.697,1493.16,1400,0
urosk,2400,98,88,0.898,1493.16,1400,0
urosk,2600,18,12,0.6667,1493.16,1400,0
urosk,2800,9,9,1.0,1493.16,1400,0
urosk,3000,6,6,1.0,1493.16,1400,0
urosk,3200,4,4,1.0,1493.16,1400,0
urosk,3400,2,2,1.0,1493.16,1400,0
va1bh3v,800,31,30,0.9677,1719.59,1600,0
va1bh3v,1000,21,20,0.9524,1719.59,1600,0
va1bh3v,1200,26,25,0.9615,1719.59,1600,0
va1bh3v,1400,21,21,1.0,1719.59,1600,0
va1bh3v,1600,30,27,0.9,1719.59,1600,1
va1bh3v,1800,38,37,0.9737,1719.59,1600,0
va1bh3v,2000,30,28,0.9333,1719.59,1600,0
va1bh3v,2200,26,22,0.8462,1719.59,1600,0
va1bh3v,2400,20,17,0.85,1719.59,1600,0
va1bh3v,2600,13,7,0.5385,1719.59,1600,0
va1bh3v,2800,10,6,0.6,1719.59,1600,0
va1bh3v,3000,3,2,0.6667,1719.59,1600,0
va1bh3v,3200,3,1,0.3333,1719.59,1600,0
va1bh3v,3400,4,2,0.5,1719.59,1600,0
vako_P,800,283,283,1.0,1463.79,1400,0
vako_P,1000,119,119,1.0,1463.79,1400,0
vako_P,1200,128,128,1.0,1463.79,1400,0
vako_P,1400,117,117,1.0,1463.79,1400,1
vako_P,1600,124,121,0.9758,1463.79,1400,0
vako_P,1800,111,110,0.991,1463.79,1400,0
vako_P,2000,75,73,0.9733,1463.79,1400,0
vako_P,2200,87,82,0.9425,1463.79,1400,0
vako_P,2400,52,44,0.8462,1463.79,1400,0
vako_P,2600,28,24,0.8571,1463.79,1400,0
vako_P,2800,10,10,1.0,1463.79,1400,0
vako_P,3000,2,2,1.0,1463.79,1400,0
vako_P,3200,1,0,0.0,1463.79,1400,0
valavshonok,800,941,941,1.0,1412.16,1400,0
valavshonok,1000,489,487,0.9959,1412.16,1400,0
valavshonok,1200,420,417,0.9929,1412.16,1400,0
valavshonok,1400,440,434,0.9864,1412.16,1400,1
valavshonok,1600,487,482,0.9897,1412.16,1400,0
valavshonok,1800,326,318,0.9755,1412.16,1400,0
valavshonok,2000,265,264,0.9962,1412.16,1400,0
valavshonok,2200,177,171,0.9661,1412.16,1400,0
valavshonok,2400,127,116,0.9134,1412.16,1400,0
valavshonok,2600,43,40,0.9302,1412.16,1400,0
valavshonok,2800,24,21,0.875,1412.16,1400,0
valavshonok,3000,8,6,0.75,1412.16,1400,0
valavshonok,3200,1,1,1.0,1412.16,1400,0
valavshonok,3400,2,2,1.0,1412.16,1400,0
variance,800,204,204,1.0,1385.66,1200,0
variance,1000,104,103,0.9904,1385.66,1200,0
variance,1200,92,88,0.9565,1385.66,1200,1
variance,1400,88,84,0.9545,1385.66,1200,0
variance,1600,90,84,0.9333,1385.66,1200,0
variance,1800,53,47,0.8868,1385.66,1200,0
variance,2000,45,41,0.9111,1385.66,1200,0
variance,2200,34,30,0.8824,1385.66,1200,0
variance,2400,38,33,0.8684,1385.66,1200,0
variance,2600,15,12,0.8,1385.66,1200,0
variance,2800,6,5,0.8333,1385.66,1200,0
variance,3000,1,1,1.0,1385.66,1200,0
vegemite,800,133,132,0.9925,1440.77,1400,0
vegemite,1000,20,19,0.95,1440.77,1400,0
vegemite,1200,30,27,0.9,1440.77,1400,0
vegemite,1400,29,27,0.931,1440.77,1400,1
vegemite,1600,35,33,0.9429,1440.77,1400,0
vegemite,1800,39,36,0.9231,1440.77,1400,0
vegemite,2000,37,33,0.8919,1440.77,1400,0
vegemite,2200,26,22,0.8462,1440.77,1400,0
vegemite,2400,28,25,0.8929,1440.77,1400,0
vegemite,2600,7,7,1.0,1440.77,1400,0
vegemite,2800,2,2,1.0,1440.77,1400,0
vid,800,125,125,1.0,1480.14,1400,0
vid,1000,71,69,0.9718,1480.14,1400,0
vid,1200,104,101,0.9712,1480.14,1400,0
vid,1400,111,108,0.973,1480.14,1400,1
vid,1600,109,108,0.9908,1480.14,1400,0
vid,1800,102,99,0.9706,1480.14,1400,0
vid,2000,79,78,0.9873,1480.14,1400,0
vid,2200,38,34,0.8947,1480.14,1400,0
vid,2400,13,11,0.8462,1480.14,1400,0
vid,2600,1,1,1.0,1480.14,1400,0
vid,3000,1,1,1.0,1480.14,1400,0
wabca,800,77,77,1.0,1834.51,1800,0
wabca,1000,32,32,1.0,1834.51,1800,0
wabca,1200,34,34,1.0,1834.51,1800,0
wabca,1400,28,28,1.0,1834.51,1800,0
wabca,1600,32,32,1.0,1834.51,1800,0
wabca,1800,33,33,1.0,1834.51,1800,1
wabca,2000,33,33,1.0,1834.51,1800,0
wabca,2200,54,53,0.9815,1834.51,1800,0
wabca,2400,51,51,1.0,1834.51,1800,0
wabca,2600,36,36,1.0,1834.51,1800,0
wabca,2800,19,18,0.9474,1834.51,1800,0
wabca,3000,15,15,1.0,1834.51,1800,0
wabca,3200,8,8,1.0,1834.51,1800,0
wabca,3400,2,2,1.0,1834.51,1800,0
wamachine_,800,9,7,0.7778,1356.52,1200,0
wamachine_,1000,3,3,1.0,1356.52,1200,0
wamachine_,1200,3,2,0.6667,1356.52,1200,1
wamachine_,1400,2,2,1.0,1356.52,1200,0
wamachine_,1600,2,2,1.0,1356.52,1200,0
wamachine_,1800,5,5,1.0,1356.52,1200,0
wamachine_,2000,2,0,0.0,1356.52,1200,0
wamachine_,2200,4,1,0.25,1356.52,1200,0
wamachine_,2400,1,1,1.0,1356.52,1200,0
wamachine_,2600,1,0,0.0,1356.52,1200,0
wangzeyu2013,800,59,54,0.9153,1257.14,1200,0
wangzeyu2013,1000,30,26,0.8667,1257.14,1200,0
wangzeyu2013,1200,25,20,0.8,1257.14,1200,1
wangzeyu2013,1400,29,21,0.7241,1257.14,1200,0
wangzeyu2013,1600,21,16,0.7619,1257.14,1200,0
wangzeyu2013,1800,16,11,0.6875,1257.14,1200,0
wangzeyu2013,2000,9,5,0.5556,1257.14,1200,0
wangzeyu2013,2200,8,6,0.75,1257.14,1200,0
wangzeyu2013,2400,3,2,0.6667,1257.14,1200,0
wangzeyu2013,2600,1,0,0.0,1257.14,1200,0
waste_f,800,52,52,1.0,1563.75,1400,0
waste_f,1000,30,30,1.0,1563.75,1400,0
waste_f,1200,29,28,0.9655,1563.75,1400,0
waste_f,1400,18,18,1.0,1563.75,1400,1
waste_f,1600,23,23,1.0,1563.75,1400,0
waste_f,1800,29,28,0.9655,1563.75,1400,0
waste_f,2000,24,24,1.0,1563.75,1400,0
waste_f,2200,22,21,0.9545,1563.75,1400,0
waste_f,2400,16,15,0.9375,1563.75,1400,0
waste_f,2600,7,5,0.7143,1563.75,1400,0
waste_f,2800,5,4,0.8,1563.75,1400,0
waste_f,3000,1,1,1.0,1563.75,1400,0
waste_f,3200,2,2,1.0,1563.75,1400,0
weirdflexbutok,800,498,491,0.9859,1565.02,1400,0
weirdflexbutok,1000,236,230,0.9746,1565.02,1400,0
weirdflexbutok,1200,261,247,0.9464,1565.02,1400,0
weirdflexbutok,1400,295,287,0.9729,1565.02,1400,1
weirdflexbutok,1600,303,285,0.9406,1565.02,1400,0
weirdflexbutok,1800,286,265,0.9266,1565.02,1400,0
weirdflexbutok,2000,171,153,0.8947,1565.02,1400,0
weirdflexbutok,2200,213,192,0.9014,1565.02,1400,0
weirdflexbutok,2400,212,189,0.8915,1565.02,1400,0
weirdflexbutok,2600,95,82,0.8632,1565.02,1400,0
weirdflexbutok,2800,19,10,0.5263,1565.02,1400,0
weirdflexbutok,3000,19,11,0.5789,1565.02,1400,0
weirdflexbutok,3200,3,1,0.3333,1565.02,1400,0
weirdflexbutok,3400,2,1,0.5,1565.02,1400,0
wenqizhi,800,176,176,1.0,1871.65,1800,0
wenqizhi,1000,67,67,1.0,1871.65,1800,0
wenqizhi,1200,58,58,1.0,1871.65,1800,0
wenqizhi,1400,60,60,1.0,1871.65,1800,0
wenqizhi,1600,59,59,1.0,1871.65,1800,0
wenqizhi,1800,105,104,0.9905,1871.65,1800,1
wenqizhi,2000,115,114,0.9913,1871.65,1800,0
wenqizhi,2200,130,127,0.9769,1871.65,1800,0
wenqizhi,2400,136,133,0.9779,1871.65,1800,0
wenqizhi,2600,78,78,1.0,1871.65,1800,0
wenqizhi,2800,56,55,0.9821,1871.65,1800,0
wenqizhi,3000,26,25,0.9615,1871.65,1800,0
wenqizhi,3200,14,14,1.0,1871.65,1800,0
wenqizhi,3400,6,6,1.0,1871.65,1800,0
wind_cross,800,150,148,0.9867,1655.57,1600,0
wind_cross,1000,58,56,0.9655,1655.57,1600,0
wind_cross,1200,74,74,1.0,1655.57,1600,0
wind_cross,1400,63,62,0.9841,1655.57,1600,0
wind_cross,1600,81,76,0.9383,1655.57,1600,1
wind_cross,1800,81,75,0.9259,1655.57,1600,0
wind_cross,2000,64,59,0.9219,1655.57,1600,0
wind_cross,2200,56,52,0.9286,1655.57,1600,0
wind_cross,2400,64,57,0.8906,1655.57,1600,0
wind_cross,2600,30,27,0.9,1655.57,1600,0
wind_cross,2800,26,18,0.6923,1655.57,1600,0
wind_cross,3000,12,10,0.8333,1655.57,1600,0
wind_cross,3200,5,3,0.6,1655.57,1600,0
wind_cross,3400,11,10,0.9091,1655.57,1600,0
wjyhz,800,90,89,0.9889,1221.4,1200,0
wjyhz,1000,35,34,0.9714,1221.4,1200,0
wjyhz,1200,33,27,0.8182,1221.4,1200,1
wjyhz,1400,32,22,0.6875,1221.4,1200,0
wjyhz,1600,26,25,0.9615,1221.4,1200,0
wjyhz,1800,19,15,0.7895,1221.4,1200,0
wjyhz,2000,11,9,0.8182,1221.4,1200,0
wjyhz,2200,8,7,0.875,1221.4,1200,0
wjyhz,2400,1,1,1.0,1221.4,1200,0
wjyhz,2600,2,0,0.0,1221.4,1200,0
wjyhz,3400,1,0,0.0,1221.4,1200,0
wuyuetong,800,151,146,0.9669,1298.25,1200,0
wuyuetong,1000,59,53,0.8983,1298.25,1200,0
wuyuetong,1200,55,46,0.8364,1298.25,1200,1
wuyuetong,1400,42,38,0.9048,1298.25,1200,0
wuyuetong,1600,31,28,0.9032,1298.25,1200,0
wuyuetong,1800,41,32,0.7805,1298.25,1200,0
wuyuetong,2000,31,29,0.9355,1298.25,1200,0
wuyuetong,2200,23,16,0.6957,1298.25,1200,0
wuyuetong,2400,9,6,0.6667,1298.25,1200,0
wuyuetong,2600,4,3,0.75,1298.25,1200,0
wuyuetong,2800,4,2,0.5,1298.25,1200,0
wuyuetong,3000,2,1,0.5,1298.25,1200,0
www.com,800,204,204,1.0,1571.18,1400,0
www.com,1000,88,87,0.9886,1571.18,1400,0
www.com,1200,94,94,1.0,1571.18,1400,0
www.com,1400,77,77,1.0,1571.18,1400,1
www.com,1600,105,97,0.9238,1571.18,1400,0
www.com,1800,113,105,0.9292,1571.18,1400,0
www.com,2000,115,110,0.9565,1571.18,1400,0
www.com,2200,67,57,0.8507,1571.18,1400,0
www.com,2400,55,52,0.9455,1571.18,1400,0
www.com,2600,36,33,0.9167,1571.18,1400,0
www.com,2800,15,14,0.9333,1571.18,1400,0
www.com,3000,3,2,0.6667,1571.18,1400,0
www.com,3200,4,4,1.0,1571.18,1400,0
www.com,3400,2,1,0.5,1571.18,1400,0
www_bilibili_com,800,56,56,1.0,1798.3,1600,0
www_bilibili_com,1000,32,32,1.0,1798.3,1600,0
www_bilibili_com,1200,39,38,0.9744,1798.3,1600,0
www_bilibili_com,1400,29,29,1.0,1798.3,1600,0
www_bilibili_com,1600,28,28,1.0,1798.3,1600,1
www_bilibili_com,1800,58,55,0.9483,1798.3,1600,0
www_bilibili_com,2000,39,38,0.9744,1798.3,1600,0
www_bilibili_com,2200,40,37,0.925,1798.3,1600,0
www_bilibili_com,2400,47,46,0.9787,1798.3,1600,0
www_bilibili_com,2600,26,26,1.0,1798.3,1600,0
www_bilibili_com,2800,18,12,0.6667,1798.3,1600,0
www_bilibili_com,3000,8,6,0.75,1798.3,1600,0
www_bilibili_com,3200,6,6,1.0,1798.3,1600,0
www_bilibili_com,3400,3,2,0.6667,1798.3,1600,0
x3x3,800,238,238,1.0,1726.24,1600,0
x3x3,1000,99,99,1.0,1726.24,1600,0
x3x3,1200,136,135,0.9926,1726.24,1600,0
x3x3,1400,102,101,0.9902,1726.24,1600,0
x3x3,1600,121,119,0.9835,1726.24,1600,1
x3x3,1800,155,147,0.9484,1726.24,1600,0
x3x3,2000,113,105,0.9292,1726.24,1600,0
x3x3,2200,123,120,0.9756,1726.24,1600,0
x3x3,2400,153,147,0.9608,1726.24,1600,0
x3x3,2600,95,94,0.9895,1726.24,1600,0
x3x3,2800,64,59,0.9219,1726.24,1600,0
x3x3,3000,9,8,0.8889,1726.24,1600,0
xiaoxiaobaozi,800,143,143,1.0,1544.13,1400,0
xiaoxiaobaozi,1000,82,81,0.9878,1544.13,1400,0
xiaoxiaobaozi,1200,65,62,0.9538,1544.13,1400,0
xiaoxiaobaozi,1400,70,68,0.9714,1544.13,1400,1
xiaoxiaobaozi,1600,89,84,0.9438,1544.13,1400,0
xiaoxiaobaozi,1800,63,61,0.9683,1544.13,1400,0
xiaoxiaobaozi,2000,60,58,0.9667,1544.13,1400,0
xiaoxiaobaozi,2200,58,57,0.9828,1544.13,1400,0
xiaoxiaobaozi,2400,46,42,0.913,1544.13,1400,0
xiaoxiaobaozi,2600,13,13,1.0,1544.13,1400,0
xiaoxiaobaozi,2800,8,7,0.875,1544.13,1400,0
xiaoxiaobaozi,3000,4,3,0.75,1544.13,1400,0
xiaoxiaobaozi,3200,2,2,1.0,1544.13,1400,0
xiaoxiaobaozi,3400,1,1,1.0,1544.13,1400,0
xiaoyezi2007,800,130,130,1.0,1304.89,1200,0
xiaoyezi2007,1000,53,51,0.9623,1304.89,1200,0
xiaoyezi2007,1200,48,46,0.9583,1304.89,1200,1
xiaoyezi2007,1400,33,33,1.0,1304.89,1200,0
xiaoyezi2007,1600,41,37,0.9024,1304.89,1200,0
xiaoyezi2007,1800,27,26,0.963,1304.89,1200,0
xiaoyezi2007,2000,18,16,0.8889,1304.89,1200,0
xiaoyezi2007,2200,9,8,0.8889,1304.89,1200,0
xiaoyezi2007,2400,11,11,1.0,1304.89,1200,0
xiaoyezi2007,2600,4,4,1.0,1304.89,1200,0
xiaoyezi2007,2800,4,3,0.75,1304.89,1200,0
xiaoyezi2007,3000,2,2,1.0,1304.89,1200,0
xiaoyezi2007,3400,1,1,1.0,1304.89,1200,0
xly_tyty,800,127,125,0.9843,1922.56,1800,0
xly_tyty,1000,63,63,1.0,1922.56,1800,0
xly_tyty,1200,63,61,0.9683,1922.56,1800,0
xly_tyty,1400,57,54,0.9474,1922.56,1800,0
xly_tyty,1600,68,65,0.9559,1922.56,1800,0
xly_tyty,1800,103,100,0.9709,1922.56,1800,1
xly_tyty,2000,128,120,0.9375,1922.56,1800,0
xly_tyty,2200,175,171,0.9771,1922.56,1800,0
xly_tyty,2400,171,166,0.9708,1922.56,1800,0
xly_tyty,2600,90,88,0.9778,1922.56,1800,0
xly_tyty,2800,47,47,1.0,1922.56,1800,0
xly_tyty,3000,13,12,0.9231,1922.56,1800,0
xly_tyty,3200,5,5,1.0,1922.56,1800,0
xyyjy,800,11,11,1.0,1323.08,1200,0
xyyjy,1000,3,3,1.0,1323.08,1200,0
xyyjy,1200,3,3,1.0,1323.08,1200,1
xyyjy,1400,4,1,0.25,1323.08,1200,0
xyyjy,1800,2,2,1.0,1323.08,1200,0
xyyjy,2000,4,3,0.75,1323.08,1200,0
xyyjy,2200,2,2,1.0,1323.08,1200,0
xyyjy,2400,1,0,0.0,1323.08,1200,0
xyyjy,2600,3,1,0.3333,1323.08,1200,0
ya_ssh,800,28,27,0.9643,1645.95,1600,0
ya_ssh,1000,19,18,0.9474,1645.95,1600,0
ya_ssh,1200,37,36,0.973,1645.95,1600,0
ya_ssh,1400,21,21,1.0,1645.95,1600,0
ya_ssh,1600,29,28,0.9655,1645.95,1600,1
ya_ssh,1800,28,28,1.0,1645.95,1600,0
ya_ssh,2000,24,22,0.9167,1645.95,1600,0
ya_ssh,2200,16,15,0.9375,1645.95,1600,0
ya_ssh,2400,14,14,1.0,1645.95,1600,0
ya_ssh,2600,5,4,0.8,1645.95,1600,0
ya_ssh,2800,6,6,1.0,1645.95,1600,0
ya_ssh,3000,3,3,1.0,1645.95,1600,0
yanb0,800,44,44,1.0,1383.67,1200,0
yanb0,1000,15,12,0.8,1383.67,1200,0
yanb0,1200,24,24,1.0,1383.67,1200,1
yanb0,1400,18,16,0.8889,1383.67,1200,0
yanb0,1600,14,10,0.7143,1383.67,1200,0
yanb0,1800,18,16,0.8889,1383.67,1200,0
yanb0,2000,15,13,0.8667,1383.67,1200,0
yanb0,2200,10,7,0.7,1383.67,1200,0
yanb0,2400,5,4,0.8,1383.67,1200,0
yanb0,2600,2,1,0.5,1383.67,1200,0
yanchengzhi,800,102,99,0.9706,2066.83,2000,0
yanchengzhi,1000,37,36,0.973,2066.83,2000,0
yanchengzhi,1200,34,33,0.9706,2066.83,2000,0
yanchengzhi,1400,52,52,1.0,2066.83,2000,0
yanchengzhi,1600,58,58,1.0,2066.83,2000,0
yanchengzhi,1800,63,63,1.0,2066.83,2000,0
yanchengzhi,2000,63,63,1.0,2066.83,2000,1
yanchengzhi,2200,61,60,0.9836,2066.83,2000,0
yanchengzhi,2400,93,93,1.0,2066.83,2000,0
yanchengzhi,2600,76,76,1.0,2066.83,2000,0
yanchengzhi,2800,48,48,1.0,2066.83,2000,0
yanchengzhi,3000,85,84,0.9882,2066.83,2000,0
yanchengzhi,3200,27,27,1.0,2066.83,2000,0
yanchengzhi,3400,13,13,1.0,2066.83,2000,0
yang114514,800,59,59,1.0,1595.59,1400,0
yang114514,1000,23,23,1.0,1595.59,1400,0
yang114514,1200,27,27,1.0,1595.59,1400,0
yang114514,1400,25,25,1.0,1595.59,1400,1
yang114514,1600,30,29,0.9667,1595.59,1400,0
yang114514,1800,20,20,1.0,1595.59,1400,0
yang114514,2000,29,25,0.8621,1595.59,1400,0
yang114514,2200,33,30,0.9091,1595.59,1400,0
yang114514,2400,21,21,1.0,1595.59,1400,0
yang114514,2600,6,5,0.8333,1595.59,1400,0
yang114514,2800,5,5,1.0,1595.59,1400,0
yang114514,3000,3,2,0.6667,1595.59,1400,0
yang114514,3200,1,1,1.0,1595.59,1400,0
yangchang,800,27,26,0.963,2353.83,2200,0
yangchang,1000,10,10,1.0,2353.83,2200,0
yangchang,1200,14,14,1.0,2353.83,2200,0
yangchang,1400,11,11,1.0,2353.83,2200,0
yangchang,1600,17,16,0.9412,2353.83,2200,0
yangchang,1800,26,26,1.0,2353.83,2200,0
yangchang,2000,33,30,0.9091,2353.83,2200,0
yangchang,2200,65,62,0.9538,2353.83,2200,1
yangchang,2400,72,69,0.9583,2353.83,2200,0
yangchang,2600,51,48,0.9412,2353.83,2200,0
yangchang,2800,45,41,0.9111,2353.83,2200,0
yangchang,3000,38,35,0.9211,2353.83,2200,0
yangchang,3200,45,41,0.9111,2353.83,2200,0
yangchang,3400,17,15,0.8824,2353.83,2200,0
yarolox,800,8,8,1.0,1458.33,1400,0
yarolox,1000,2,2,1.0,1458.33,1400,0
yarolox,1200,2,2,1.0,1458.33,1400,0
yarolox,1400,3,2,0.6667,1458.33,1400,1
yarolox,1800,3,3,1.0,1458.33,1400,0
yarolox,2000,3,3,1.0,1458.33,1400,0
yarolox,2200,3,3,1.0,1458.33,1400,0
yarolox,2400,1,0,0.0,1458.33,1400,0
yarolox,2600,1,1,1.0,1458.33,1400,0
yjx120921,800,65,65,1.0,2063.45,2000,0
yjx120921,1000,23,22,0.9565,2063.45,2000,0
yjx120921,1200,37,37,1.0,2063.45,2000,0
yjx120921,1400,20,20,1.0,2063.45,2000,0
yjx120921,1600,35,34,0.9714,2063.45,2000,0
yjx120921,1800,47,45,0.9574,2063.45,2000,0
yjx120921,2000,38,38,1.0,2063.45,2000,1
yjx120921,2200,46,45,0.9783,2063.45,2000,0
yjx120921,2400,68,63,0.9265,2063.45,2000,0
yjx120921,2600,52,50,0.9615,2063.45,2000,0
yjx120921,2800,42,40,0.9524,2063.45,2000,0
yjx120921,3000,39,38,0.9744,2063.45,2000,0
yjx120921,3200,21,21,1.0,2063.45,2000,0
yjx120921,3400,11,10,0.9091,2063.45,2000,0
ym_fan,800,13,13,1.0,1479.07,1400,0
ym_fan,1000,4,4,1.0,1479.07,1400,0
ym_fan,1200,4,4,1.0,1479.07,1400,0
ym_fan,1400,5,5,1.0,1479.07,1400,1
ym_fan,1600,1,1,1.0,1479.07,1400,0
ym_fan,1800,5,5,1.0,1479.07,1400,0
ym_fan,2000,2,2,1.0,1479.07,1400,0
ym_fan,2200,6,5,0.8333,1479.07,1400,0
ym_fan,2400,3,3,1.0,1479.07,1400,0
ym_fan,2800,1,1,1.0,1479.07,1400,0
yuki_neko,800,8,8,1.0,1255.56,1200,0
yuki_neko,1000,2,2,1.0,1255.56,1200,0
yuki_neko,1200,2,2,1.0,1255.56,1200,1
yuki_neko,1400,1,1,1.0,1255.56,1200,0
yuki_neko,1600,1,1,1.0,1255.56,1200,0
yuki_neko,1800,1,1,1.0,1255.56,1200,0
yuki_neko,2000,2,2,1.0,1255.56,1200,0
yuki_neko,2200,1,1,1.0,1255.56,1200,0
yunz_qiao,800,142,135,0.9507,1350.0,1200,0
yunz_qiao,1000,87,81,0.931,1350.0,1200,0
yunz_qiao,1200,88,86,0.9773,1350.0,1200,1
yunz_qiao,1400,84,84,1.0,1350.0,1200,0
yunz_qiao,1600,111,109,0.982,1350.0,1200,0
yunz_qiao,1800,65,64,0.9846,1350.0,1200,0
yunz_qiao,2000,29,26,0.8966,1350.0,1200,0
yunz_qiao,2200,8,6,0.75,1350.0,1200,0
yunz_qiao,2400,8,5,0.625,1350.0,1200,0
yunz_qiao,2600,1,1,1.0,1350.0,1200,0
yunz_qiao,2800,1,1,1.0,1350.0,1200,0
yutabi,800,110,109,0.9909,1466.89,1400,0
yutabi,1000,48,48,1.0,1466.89,1400,0
yutabi,1200,53,53,1.0,1466.89,1400,0
yutabi,1400,46,45,0.9783,1466.89,1400,1
yutabi,1600,54,51,0.9444,1466.89,1400,0
yutabi,1800,47,43,0.9149,1466.89,1400,0
yutabi,2000,41,36,0.878,1466.89,1400,0
yutabi,2200,27,23,0.8519,1466.89,1400,0
yutabi,2400,24,19,0.7917,1466.89,1400,0
yutabi,2600,8,7,0.875,1466.89,1400,0
yutabi,2800,3,2,0.6667,1466.89,1400,0
yutabi,3000,3,3,1.0,1466.89,1400,0
yutabi,3400,2,2,1.0,1466.89,1400,0
yuto1115,800,107,107,1.0,1870.14,1800,0
yuto1115,1000,58,58,1.0,1870.14,1800,0
yuto1115,1200,85,85,1.0,1870.14,1800,0
yuto1115,1400,90,88,0.9778,1870.14,1800,0
yuto1115,1600,105,104,0.9905,1870.14,1800,0
yuto1115,1800,106,104,0.9811,1870.14,1800,1
yuto1115,2000,93,91,0.9785,1870.14,1800,0
yuto1115,2200,88,86,0.9773,1870.14,1800,0
yuto1115,2400,85,79,0.9294,1870.14,1800,0
yuto1115,2600,66,65,0.9848,1870.14,1800,0
yuto1115,2800,60,52,0.8667,1870.14,1800,0
yuto1115,3000,43,37,0.8605,1870.14,1800,0
yuto1115,3200,20,14,0.7,1870.14,1800,0
yuto1115,3400,13,8,0.6154,1870.14,1800,0
zabiyakaubivaka,800,123,120,0.9756,1302.45,1200,0
zabiyakaubivaka,1000,63,62,0.9841,1302.45,1200,0
zabiyakaubivaka,1200,58,57,0.9828,1302.45,1200,1
zabiyakaubivaka,1400,51,48,0.9412,1302.45,1200,0
zabiyakaubivaka,1600,51,48,0.9412,1302.45,1200,0
zabiyakaubivaka,1800,39,33,0.8462,1302.45,1200,0
zabiyakaubivaka,2000,24,21,0.875,1302.45,1200,0
zabiyakaubivaka,2200,17,13,0.7647,1302.45,1200,0
zabiyakaubivaka,2400,9,3,0.3333,1302.45,1200,0
zabiyakaubivaka,2600,3,1,0.3333,1302.45,1200,0
zabiyakaubivaka,2800,4,2,0.5,1302.45,1200,0
zabiyakaubivaka,3000,1,0,0.0,1302.45,1200,0
zacharychao,800,537,519,0.9665,1391.06,1200,0
zacharychao,1000,295,280,0.9492,1391.06,1200,0
zacharychao,1200,295,273,0.9254,1391.06,1200,1
zacharychao,1400,224,202,0.9018,1391.06,1200,0
zacharychao,1600,193,181,0.9378,1391.06,1200,0
zacharychao,1800,132,124,0.9394,1391.06,1200,0
zacharychao,2000,124,111,0.8952,1391.06,1200,0
zacharychao,2200,105,96,0.9143,1391.06,1200,0
zacharychao,2400,107,91,0.8505,1391.06,1200,0
zacharychao,2600,26,22,0.8462,1391.06,1200,0
zacharychao,2800,19,16,0.8421,1391.06,1200,0
zacharychao,3000,7,6,0.8571,1391.06,1200,0
zacharychao,3200,3,3,1.0,1391.06,1200,0
zacharychao,3400,1,1,1.0,1391.06,1200,0
zakI98,800,133,124,0.9323,1638.94,1600,0
zakI98,1000,49,43,0.8776,1638.94,1600,0
zakI98,1200,73,65,0.8904,1638.94,1600,0
zakI98,1400,122,112,0.918,1638.94,1600,0
zakI98,1600,164,157,0.9573,1638.94,1600,1
zakI98,1800,156,149,0.9551,1638.94,1600,0
zakI98,2000,149,139,0.9329,1638.94,1600,0
zakI98,2200,91,87,0.956,1638.94,1600,0
zakI98,2400,24,22,0.9167,1638.94,1600,0
zakI98,2600,12,10,0.8333,1638.94,1600,0
zakI98,2800,2,1,0.5,1638.94,1600,0
zakI98,3000,2,0,0.0,1638.94,1600,0
zakI98,3200,1,0,0.0,1638.94,1600,0
zcz0263,800,60,60,1.0,1779.14,1600,0
zcz0263,1000,21,20,0.9524,1779.14,1600,0
zcz0263,1200,22,22,1.0,1779.14,1600,0
zcz0263,1400,13,13,1.0,1779.14,1600,0
zcz0263,1600,23,22,0.9565,1779.14,1600,1
zcz0263,1800,25,24,0.96,1779.14,1600,0
zcz0263,2000,17,17,1.0,1779.14,1600,0
zcz0263,2200,28,27,0.9643,1779.14,1600,0
zcz0263,2400,25,25,1.0,1779.14,1600,0
zcz0263,2600,14,12,0.8571,1779.14,1600,0
zcz0263,2800,12,12,1.0,1779.14,1600,0
zcz0263,3000,17,17,1.0,1779.14,1600,0
zcz0263,3200,7,7,1.0,1779.14,1600,0
zdc123456,800,256,250,0.9766,1931.25,1800,0
zdc123456,1000,98,97,0.9898,1931.25,1800,0
zdc123456,1200,116,110,0.9483,1931.25,1800,0
zdc123456,1400,106,96,0.9057,1931.25,1800,0
zdc123456,1600,119,114,0.958,1931.25,1800,0
zdc123456,1800,118,108,0.9153,1931.25,1800,1
zdc123456,2000,144,131,0.9097,1931.25,1800,0
zdc123456,2200,152,144,0.9474,1931.25,1800,0
zdc123456,2400,123,112,0.9106,1931.25,1800,0
zdc123456,2600,116,107,0.9224,1931.25,1800,0
zdc123456,2800,92,86,0.9348,1931.25,1800,0
zdc123456,3000,78,75,0.9615,1931.25,1800,0
zdc123456,3200,65,64,0.9846,1931.25,1800,0
zdc123456,3400,57,55,0.9649,1931.25,1800,0
zhangtianhan,800,146,146,1.0,1385.31,1200,0
zhangtianhan,1000,69,69,1.0,1385.31,1200,0
zhangtianhan,1200,74,74,1.0,1385.31,1200,1
zhangtianhan,1400,47,47,1.0,1385.31,1200,0
zhangtianhan,1600,55,53,0.9636,1385.31,1200,0
zhangtianhan,1800,61,60,0.9836,1385.31,1200,0
zhangtianhan,2000,34,30,0.8824,1385.31,1200,0
zhangtianhan,2200,33,28,0.8485,1385.31,1200,0
zhangtianhan,2400,25,21,0.84,1385.31,1200,0
zhangtianhan,2600,3,2,0.6667,1385.31,1200,0
zhangtianhan,2800,4,1,0.25,1385.31,1200,0
zhenghanyun2,800,33,33,1.0,2182.78,2000,0
zhenghanyun2,1000,19,18,0.9474,2182.78,2000,0
zhenghanyun2,1200,19,19,1.0,2182.78,2000,0
zhenghanyun2,1400,16,16,1.0,2182.78,2000,0
zhenghanyun2,1600,17,17,1.0,2182.78,2000,0
zhenghanyun2,1800,16,16,1.0,2182.78,2000,0
zhenghanyun2,2000,17,16,0.9412,2182.78,2000,1
zhenghanyun2,2200,38,36,0.9474,2182.78,2000,0
zhenghanyun2,2400,109,106,0.9725,2182.78,2000,0
zhenghanyun2,2600,93,89,0.957,2182.78,2000,0
zhenghanyun2,2800,36,35,0.9722,2182.78,2000,0
zhenghanyun2,3000,8,8,1.0,2182.78,2000,0
zhenghanyun2,3200,3,2,0.6667,2182.78,2000,0
zhenghanyun2,3400,7,7,1.0,2182.78,2000,0
zhuchenyao,800,58,58,1.0,1940.62,1800,0
zhuchenyao,1000,30,30,1.0,1940.62,1800,0
zhuchenyao,1200,25,25,1.0,1940.62,1800,0
zhuchenyao,1400,39,38,0.9744,1940.62,1800,0
zhuchenyao,1600,42,39,0.9286,1940.62,1800,0
zhuchenyao,1800,52,48,0.9231,1940.62,1800,1
zhuchenyao,2000,61,56,0.918,1940.62,1800,0
zhuchenyao,2200,68,64,0.9412,1940.62,1800,0
zhuchenyao,2400,62,58,0.9355,1940.62,1800,0
zhuchenyao,2600,44,41,0.9318,1940.62,1800,0
zhuchenyao,2800,33,32,0.9697,1940.62,1800,0
zhuchenyao,3000,8,7,0.875,1940.62,1800,0
zhuchenyao,3200,10,9,0.9,1940.62,1800,0
zhuchenyao,3400,9,7,0.7778,1940.62,1800,0
zhuzeyu,800,55,53,0.9636,1316.97,1200,0
zhuzeyu,1000,30,29,0.9667,1316.97,1200,0
zhuzeyu,1200,19,18,0.9474,1316.97,1200,1
zhuzeyu,1400,17,16,0.9412,1316.97,1200,0
zhuzeyu,1600,16,14,0.875,1316.97,1200,0
zhuzeyu,1800,14,13,0.9286,1316.97,1200,0
zhuzeyu,2000,8,6,0.75,1316.97,1200,0
zhuzeyu,2200,11,10,0.9091,1316.97,1200,0
zhuzeyu,2400,5,2,0.4,1316.97,1200,0
zhuzeyu,2600,3,3,1.0,1316.97,1200,0
zhuzeyu,3000,1,1,1.0,1316.97,1200,0
zhy1206,800,138,136,0.9855,1837.79,1800,0
zhy1206,1000,64,62,0.9688,1837.79,1800,0
zhy1206,1200,63,63,1.0,1837.79,1800,0
zhy1206,1400,51,51,1.0,1837.79,1800,0
zhy1206,1600,77,71,0.9221,1837.79,1800,0
zhy1206,1800,117,110,0.9402,1837.79,1800,1
zhy1206,2000,163,159,0.9755,1837.79,1800,0
zhy1206,2200,185,180,0.973,1837.79,1800,0
zhy1206,2400,118,112,0.9492,1837.79,1800,0
zhy1206,2600,42,36,0.8571,1837.79,1800,0
zhy1206,2800,18,18,1.0,1837.79,1800,0
zhy1206,3000,20,18,0.9,1837.79,1800,0
zhy1206,3200,6,5,0.8333,1837.79,1800,0
zhy1206,3400,4,3,0.75,1837.79,1800,0
zjwwjhy,800,128,128,1.0,1813.06,1800,0
zjwwjhy,1000,61,58,0.9508,1813.06,1800,0
zjwwjhy,1200,69,69,1.0,1813.06,1800,0
zjwwjhy,1400,64,63,0.9844,1813.06,1800,0
zjwwjhy,1600,70,70,1.0,1813.06,1800,0
zjwwjhy,1800,82,82,1.0,1813.06,1800,1
zjwwjhy,2000,91,89,0.978,1813.06,1800,0
zjwwjhy,2200,175,171,0.9771,1813.06,1800,0
zjwwjhy,2400,147,146,0.9932,1813.06,1800,0
zjwwjhy,2600,46,41,0.8913,1813.06,1800,0
zjwwjhy,2800,17,16,0.9412,1813.06,1800,0
zjwwjhy,3000,2,1,0.5,1813.06,1800,0
zltzlt,800,806,806,1.0,1868.91,1800,0
zltzlt,1000,368,365,0.9918,1868.91,1800,0
zltzlt,1200,403,403,1.0,1868.91,1800,0
zltzlt,1400,396,396,1.0,1868.91,1800,0
zltzlt,1600,450,450,1.0,1868.91,1800,0
zltzlt,1800,526,525,0.9981,1868.91,1800,1
zltzlt,2000,451,451,1.0,1868.91,1800,0
zltzlt,2200,470,470,1.0,1868.91,1800,0
zltzlt,2400,518,517,0.9981,1868.91,1800,0
zltzlt,2600,354,354,1.0,1868.91,1800,0
zltzlt,2800,238,238,1.0,1868.91,1800,0
zltzlt,3000,174,174,1.0,1868.91,1800,0
zltzlt,3200,141,141,1.0,1868.91,1800,0
zltzlt,3400,123,123,1.0,1868.91,1800,0
zlxFTH,800,135,135,1.0,1961.25,1800,0
zlxFTH,1000,64,62,0.9688,1961.25,1800,0
zlxFTH,1200,57,57,1.0,1961.25,1800,0
zlxFTH,1400,66,65,0.9848,1961.25,1800,0
zlxFTH,1600,83,82,0.988,1961.25,1800,0
zlxFTH,1800,84,83,0.9881,1961.25,1800,1
zlxFTH,2000,80,78,0.975,1961.25,1800,0
zlxFTH,2200,69,67,0.971,1961.25,1800,0
zlxFTH,2400,144,140,0.9722,1961.25,1800,0
zlxFTH,2600,93,91,0.9785,1961.25,1800,0
zlxFTH,2800,66,64,0.9697,1961.25,1800,0
zlxFTH,3000,36,36,1.0,1961.25,1800,0
zlxFTH,3200,29,28,0.9655,1961.25,1800,0
zlxFTH,3400,22,21,0.9545,1961.25,1800,0
zoutong,800,49,49,1.0,1683.67,1600,0
zoutong,1000,19,19,1.0,1683.67,1600,0
zoutong,1200,25,25,1.0,1683.67,1600,0
zoutong,1400,24,24,1.0,1683.67,1600,0
zoutong,1600,42,42,1.0,1683.67,1600,1
zoutong,1800,51,49,0.9608,1683.67,1600,0
zoutong,2000,35,34,0.9714,1683.67,1600,0
zoutong,2200,13,13,1.0,1683.67,1600,0
zoutong,2400,12,10,0.8333,1683.67,1600,0
zoutong,2600,6,6,1.0,1683.67,1600,0
zoutong,2800,9,8,0.8889,1683.67,1600,0
zoutong,3000,12,12,1.0,1683.67,1600,0
zoutong,3200,2,2,1.0,1683.67,1600,0
zoutong,3400,1,1,1.0,1683.67,1600,0
zsmihaly,800,56,53,0.9464,1554.92,1400,0
zsmihaly,1000,26,26,1.0,1554.92,1400,0
zsmihaly,1200,35,34,0.9714,1554.92,1400,0
zsmihaly,1400,23,21,0.913,1554.92,1400,1
zsmihaly,1600,38,35,0.9211,1554.92,1400,0
zsmihaly,1800,27,24,0.8889,1554.92,1400,0
zsmihaly,2000,27,24,0.8889,1554.92,1400,0
zsmihaly,2200,20,17,0.85,1554.92,1400,0
zsmihaly,2400,21,17,0.8095,1554.92,1400,0
zsmihaly,2600,5,5,1.0,1554.92,1400,0
zsmihaly,2800,8,7,0.875,1554.92,1400,0
zsmihaly,3200,1,1,1.0,1554.92,1400,0
zyadhany,800,551,551,1.0,1395.49,1200,0
zyadhany,1000,239,239,1.0,1395.49,1200,0
zyadhany,1200,212,211,0.9953,1395.49,1200,1
zyadhany,1400,189,182,0.963,1395.49,1200,0
zyadhany,1600,198,192,0.9697,1395.49,1200,0
zyadhany,1800,176,169,0.9602,1395.49,1200,0
zyadhany,2000,142,135,0.9507,1395.49,1200,0
zyadhany,2200,101,95,0.9406,1395.49,1200,0
zyadhany,2400,83,77,0.9277,1395.49,1200,0
zyadhany,2600,26,23,0.8846,1395.49,1200,0
zyadhany,2800,9,6,0.6667,1395.49,1200,0
zyadhany,3000,5,4,0.8,1395.49,1200,0
zyadhany,3200,1,0,0.0,1395.49,1200,0
zyc2745518585,800,7,6,0.8571,1628.0,1600,0
zyc2745518585,1000,2,1,0.5,1628.0,1600,0
zyc2745518585,1200,3,3,1.0,1628.0,1600,0
zyc2745518585,1400,1,0,0.0,1628.0,1600,0
zyc2745518585,1600,6,3,0.5,1628.0,1600,1
zyc2745518585,1800,7,3,0.4286,1628.0,1600,0
zyc2745518585,2000,9,3,0.3333,1628.0,1600,0
zyc2745518585,2200,3,2,0.6667,1628.0,1600,0
zyc2745518585,2400,4,4,1.0,1628.0,1600,0
zyc2745518585,2600,2,0,0.0,1628.0,1600,0
zzuqy,800,464,464,1.0,1493.51,1400,0
zzuqy,1000,108,108,1.0,1493.51,1400,0
zzuqy,1200,125,125,1.0,1493.51,1400,0
zzuqy,1400,94,92,0.9787,1493.51,1400,1
zzuqy,1600,188,188,1.0,1493.51,1400,0
zzuqy,1800,154,154,1.0,1493.51,1400,0
zzuqy,2000,234,229,0.9786,1493.51,1400,0
zzuqy,2200,54,46,0.8519,1493.51,1400,0
zzuqy,2400,153,148,0.9673,1493.51,1400,0
zzuqy,2600,13,11,0.8462,1493.51,1400,0
zzuqy,2800,4,4,1.0,1493.51,1400,0
zzuqy,3000,3,2,0.6667,1493.51,1400,0
zzuqy,3200,3,1,0.3333,1493.51,1400,0
zzz13579zzz,800,77,75,0.974,1590.82,1400,0
zzz13579zzz,1000,30,27,0.9,1590.82,1400,0
zzz13579zzz,1200,37,34,0.9189,1590.82,1400,0
zzz13579zzz,1400,27,26,0.963,1590.82,1400,1
zzz13579zzz,1600,31,28,0.9032,1590.82,1400,0
zzz13579zzz,1800,28,22,0.7857,1590.82,1400,0
zzz13579zzz,2000,27,23,0.8519,1590.82,1400,0
zzz13579zzz,2200,25,23,0.92,1590.82,1400,0
zzz13579zzz,2400,20,15,0.75,1590.82,1400,0
zzz13579zzz,2600,15,12,0.8,1590.82,1400,0
zzz13579zzz,2800,10,9,0.9,1590.82,1400,0
zzz13579zzz,3000,7,5,0.7143,1590.82,1400,0
zzz13579zzz,3200,4,4,1.0,1590.82,1400,0
zzz13579zzz,3400,2,2,1.0,1590.82,1400,0
