user,problem_id,solved,rating,tags,attempts
Ah_naf,1042-D,1,1800,"data structures,divide and conquer,two pointers",1
Ah_naf,1056-E,1,2100,"brute force,data structures,hashing,strings",1
Ah_naf,1093-D,1,1700,"dfs and similar,graphs",3
Ah_naf,1144-F,1,1700,"dfs and similar,graphs",5
Ah_naf,1175-D,1,1900,"greedy,sortings",2
Ah_naf,1209-B,1,1300,"implementation,math,number theory",3
Ah_naf,1209-C,1,1500,"constructive algorithms,greedy,implementation",3
Ah_naf,1209-D,1,1700,"dfs and similar,dsu,graphs",4
Ah_naf,1215-B,1,1400,"combinatorics,dp,implementation",2
Ah_naf,1251-C,1,1600,"greedy,two pointers",1
Ah_naf,126-B,1,1700,"binary search,dp,hashing,string suffix structures,strings",7
Ah_naf,1272-E,1,1900,"dfs and similar,graphs,shortest paths",1
Ah_naf,1324-D,1,1400,"binary search,data structures,sortings,two pointers",1
Ah_naf,1328-E,1,1900,"dfs and similar,graphs,trees",1
Ah_naf,1336-B,1,1700,"binary search,greedy,math,sortings,two pointers",1
Ah_naf,1343-D,1,1700,"brute force,data structures,greedy,two pointers",1
Ah_naf,1466-D,1,1500,"data structures,greedy,sortings,trees",3
Ah_naf,1537-D,1,1700,"games,math,number theory",1
Ah_naf,1555-D,1,1600,"brute force,constructive algorithms,dp,strings",1
Ah_naf,1622-C,1,1600,"binary search,brute force,greedy,sortings",4
Ah_naf,1651-D,1,1900,"binary search,data structures,dfs and similar,graphs,shortest paths",1
Ah_naf,1741-E,1,1600,dp,1
Ah_naf,1800-E1,1,1400,"brute force,constructive algorithms,dsu,graphs,greedy,strings",1
Ah_naf,1800-E2,1,1500,"brute force,constructive algorithms,dfs and similar,dsu,graphs,greedy,strings",1
Ah_naf,1801-D,1,2100,"binary search,data structures,dp,graphs,greedy,shortest paths,sortings",2
Ah_naf,1811-A,1,800,"greedy,math,strings",1
Ah_naf,1811-C,0,1100,"constructive algorithms,greedy",2
Ah_naf,1811-E,1,1500,"binary search,dp,math,number theory",1
Ah_naf,1814-A,1,800,"implementation,math",2
Ah_naf,1814-B,0,1700,"brute force,math",1
Ah_naf,1814-C,1,1500,"constructive algorithms,greedy,sortings",5
Ah_naf,1817-A,1,1500,"binary search,data structures,greedy",3
Ah_naf,1820-A,1,800,"implementation,strings",1
Ah_naf,1820-B,1,1100,"math,strings,two pointers",2
Ah_naf,1820-C,1,1300,"constructive algorithms,greedy",4
Ah_naf,1822-E,1,1600,"greedy,math,strings",1
Ah_naf,1825-A,1,800,"greedy,strings",1
Ah_naf,1825-B,1,1000,"greedy,math",3
Ah_naf,1825-C,1,1400,"greedy,sortings",1
Ah_naf,1828-A,1,800,"constructive algorithms,math",1
Ah_naf,1828-B,1,900,"math,number theory",1
Ah_naf,1828-C,1,1100,"binary search,combinatorics,sortings",1
Ah_naf,1832-A,1,800,strings,2
Ah_naf,1832-B,1,1100,"brute force,sortings,two pointers",1
Ah_naf,1832-C,1,1200,"greedy,implementation",1
Ah_naf,1833-A,0,800,"implementation,strings",1
Ah_naf,1833-E,1,1600,"dfs and similar,dsu,graphs,shortest paths",1
Ah_naf,1837-A,1,800,"constructive algorithms,math",1
Ah_naf,1837-B,1,900,greedy,1
Ah_naf,1837-C,1,1000,"constructive algorithms,greedy",1
Ah_naf,1838-A,1,800,"constructive algorithms,math",2
Ah_naf,1838-B,0,1100,"constructive algorithms,math",3
Ah_naf,1838-C,1,1400,"constructive algorithms,math,number theory",1
Ah_naf,1842-C,1,1500,dp,2
Ah_naf,1851-E,1,1500,"dfs and similar,dp,graphs,sortings",2
Ah_naf,1853-C,1,1800,"binary search,constructive algorithms,implementation,math",1
Ah_naf,1857-F,1,1600,"binary search,data structures,math",1
Ah_naf,1872-A,1,800,"brute force,greedy,math",1
Ah_naf,1872-C,1,1100,"math,number theory",2
Ah_naf,1872-D,1,1200,math,1
Ah_naf,1875-A,1,900,"brute force,greedy",1
Ah_naf,1875-B,0,1200,"brute force,greedy,implementation",1
Ah_naf,1878-A,1,800,greedy,1
Ah_naf,1878-B,1,800,"constructive algorithms,math",1
Ah_naf,1878-C,1,900,math,2
Ah_naf,1878-E,1,1400,"binary search,bitmasks,data structures,greedy",8
Ah_naf,1881-A,1,800,"brute force,strings",4
Ah_naf,1881-B,1,900,math,2
Ah_naf,1881-D,1,1300,"math,number theory",1
Ah_naf,1881-E,1,1500,dp,1
Ah_naf,1881-F,1,1700,"dfs and similar,dp,graphs,shortest paths,trees",3
Ah_naf,1882-A,1,800,greedy,1
Ah_naf,1882-B,1,1300,"bitmasks,brute force,constructive algorithms,greedy",1
Ah_naf,1882-C,1,1500,"brute force,greedy",2
Ah_naf,1883-A,1,800,math,1
Ah_naf,1883-B,1,900,strings,1
Ah_naf,1883-C,1,1000,"dp,math",1
Ah_naf,1883-D,0,1500,"data structures,greedy",4
Ah_naf,1883-E,0,1700,"bitmasks,greedy",2
Ah_naf,1883-F,1,1400,data structures,1
Ah_naf,1884-A,1,800,"brute force,greedy,math",1
Ah_naf,1884-B,1,1100,"binary search,greedy,math,two pointers",1
Ah_naf,1884-C,1,1700,"brute force,data structures,dp,greedy,sortings",1
Ah_naf,189-A,0,1300,"brute force,dp",1
Ah_naf,1890-A,1,800,constructive algorithms,1
Ah_naf,1890-B,1,800,"constructive algorithms,implementation",1
Ah_naf,1890-C,1,1300,"constructive algorithms,implementation,two pointers",4
Ah_naf,1890-D,0,1700,"graphs,greedy,math,sortings",8
Ah_naf,1891-A,1,800,"constructive algorithms,sortings",2
Ah_naf,1891-B,1,1100,"brute force,math,sortings",1
Ah_naf,1891-C,1,1500,"binary search,constructive algorithms,greedy,sortings,two pointers",11
Ah_naf,1895-A,1,800,math,1
Ah_naf,1895-B,1,800,"greedy,math,sortings",1
Ah_naf,1895-D,0,1900,"bitmasks,constructive algorithms,data structures,math,string suffix structures,trees",10
Ah_naf,1896-A,1,800,sortings,1
Ah_naf,1896-B,1,900,"greedy,strings,two pointers",1
Ah_naf,1896-C,1,1400,"binary search,constructive algorithms,greedy,sortings",2
Ah_naf,1900-A,1,800,"constructive algorithms,greedy,implementation,strings",1
Ah_naf,1901-A,1,800,"greedy,math",1
Ah_naf,1901-B,0,1100,"greedy,math",2
Ah_naf,1901-C,0,1400,"constructive algorithms,greedy,math",5
Ah_naf,1902-A,1,800,constructive algorithms,1
Ah_naf,1902-B,1,1100,"binary search,brute force,greedy",4
Ah_naf,1902-C,1,1300,"brute force,constructive algorithms,greedy,math,number theory",2
Ah_naf,1903-C,1,1400,"constructive algorithms,greedy",1
Ah_naf,1903-D1,1,1700,"binary search,bitmasks,brute force,greedy",1
Ah_naf,1904-B,1,1100,"binary search,dp,greedy,sortings,two pointers",1
Ah_naf,1904-C,1,1400,"binary search,brute force,data structures,sortings,two pointers",7
Ah_naf,1904-D1,1,1600,"brute force,constructive algorithms,greedy",9
Ah_naf,1904-D2,0,1800,"constructive algorithms,data structures,divide and conquer,greedy,implementation,sortings",5
Ah_naf,1905-A,1,800,"constructive algorithms,math",1
Ah_naf,1905-B,1,1100,"greedy,trees",1
Ah_naf,1905-C,1,1400,"greedy,strings",3
Ah_naf,1907-A,1,800,implementation,1
Ah_naf,1907-B,1,1000,"data structures,implementation,strings",1
Ah_naf,1907-C,1,1200,"constructive algorithms,greedy,math,strings",1
Ah_naf,1913-A,1,800,implementation,1
Ah_naf,1913-B,1,1000,strings,1
Ah_naf,1913-C,0,1300,"binary search,bitmasks,brute force,greedy",1
Ah_naf,1914-A,1,800,"implementation,strings",1
Ah_naf,1914-B,1,800,"constructive algorithms,math",1
Ah_naf,1914-C,1,1100,"greedy,math",2
Ah_naf,1914-D,1,1200,"brute force,dp,greedy,implementation,sortings",4
Ah_naf,1914-E1,1,1400,"brute force,games,greedy,sortings",10
Ah_naf,1914-E2,1,1400,"games,greedy,sortings",1
Ah_naf,1915-A,1,800,"bitmasks,implementation",1
Ah_naf,1915-B,1,800,"bitmasks,brute force,implementation",1
Ah_naf,1915-C,1,800,"binary search,implementation",1
Ah_naf,1915-D,1,900,"greedy,implementation,strings",1
Ah_naf,1915-F,1,1500,"data structures,divide and conquer,sortings",3
Ah_naf,1917-A,1,800,"constructive algorithms,math",1
Ah_naf,1917-C,1,1600,"brute force,greedy,implementation,math",1
Ah_naf,1918-A,1,800,"constructive algorithms,greedy,implementation,math",1
Ah_naf,1918-B,1,900,"constructive algorithms,data structures,greedy,implementation,sortings",1
Ah_naf,1918-C,1,1400,"bitmasks,greedy,implementation,math",3
Ah_naf,1919-C,1,1400,"data structures,dp,greedy",4
Ah_naf,1920-A,1,800,"brute force,greedy,math",4
Ah_naf,1920-B,1,1100,"games,greedy,math,sortings",1
Ah_naf,1920-C,1,1600,"brute force,math,number theory",3
Ah_naf,1920-D,1,1900,"binary search,brute force,dsu,implementation,math",8
Ah_naf,1921-A,1,800,"greedy,math",2
Ah_naf,1921-B,1,800,"greedy,implementation",1
Ah_naf,1921-C,1,900,"greedy,math",2
Ah_naf,1921-D,0,1100,"data structures,greedy,sortings,two pointers",2
Ah_naf,1923-A,1,800,"greedy,implementation",1
Ah_naf,1923-B,1,1100,"dp,greedy,implementation",2
Ah_naf,1923-C,1,1400,"constructive algorithms,greedy",2
Ah_naf,1923-D,1,1800,"binary search,constructive algorithms,data structures,greedy,two pointers",1
Ah_naf,1925-C,1,1500,"constructive algorithms,dp,greedy,implementation,strings",4
Ah_naf,1926-D,1,1300,"bitmasks,greedy",1
Ah_naf,1926-E,1,1500,"binary search,bitmasks,data structures,dp,implementation,math,number theory",1
Ah_naf,1926-F,1,2200,"bitmasks,brute force,dfs and similar,dp,implementation",1
Ah_naf,1927-A,1,800,"greedy,strings",1
Ah_naf,1927-B,1,900,"constructive algorithms,greedy,strings",2
Ah_naf,1927-C,1,1000,"brute force,greedy,math",1
Ah_naf,1927-D,1,1300,"binary search,brute force,data structures,dp,dsu,greedy,two pointers",6
Ah_naf,1929-A,1,800,"constructive algorithms,greedy,math,sortings",1
Ah_naf,1929-B,1,800,"constructive algorithms,greedy,math",1
Ah_naf,1929-C,1,1400,"binary search,brute force,constructive algorithms,games,greedy,math",3
Ah_naf,1931-A,1,800,"brute force,strings",2
Ah_naf,1931-B,1,800,greedy,3
Ah_naf,1931-C,1,1000,"brute force,greedy,math",2
Ah_naf,1931-D,1,1300,"combinatorics,math,number theory",1
Ah_naf,1931-E,1,1400,"games,greedy,math,sortings",1
Ah_naf,1933-A,1,800,"greedy,math,sortings",1
Ah_naf,1933-B,1,800,"implementation,math,number theory",1
Ah_naf,1933-C,1,1100,"brute force,implementation,math,number theory",1
Ah_naf,1933-D,1,1200,"constructive algorithms,greedy,math,number theory,sortings",5
Ah_naf,1933-E,1,1500,"binary search,implementation,math,ternary search",1
Ah_naf,1934-A,1,800,"greedy,math",1
Ah_naf,1934-B,1,1200,"brute force,dp,greedy,math",1
Ah_naf,1934-C,1,1700,"binary search,constructive algorithms,geometry,greedy,interactive,math",2
Ah_naf,1934-D1,0,2100,"bitmasks,constructive algorithms,greedy",4
Ah_naf,1935-A,1,800,"constructive algorithms,strings",2
Ah_naf,1935-B,1,1200,constructive algorithms,3
Ah_naf,1935-C,1,1800,"binary search,brute force,constructive algorithms,data structures,dp,greedy,sortings",10
Ah_naf,1935-D,1,1800,"binary search,combinatorics,implementation,math",1
Ah_naf,1942-A,1,800,"constructive algorithms,math",1
Ah_naf,1942-B,0,1100,"constructive algorithms,math",1
Ah_naf,1944-A,1,800,"graphs,greedy,math",1
Ah_naf,1944-B,1,1100,"bitmasks,constructive algorithms",2
Ah_naf,1946-A,1,800,"greedy,implementation,sortings",1
Ah_naf,1946-B,1,1100,"dp,greedy,math",2
Ah_naf,1946-C,1,1600,"binary search,dp,greedy,implementation,trees",2
Ah_naf,1950-G,0,1900,"bitmasks,dfs and similar,dp,graphs,hashing,implementation,strings",4
Ah_naf,1954-B,1,1200,"implementation,math",4
Ah_naf,1954-C,1,1200,"greedy,math,number theory",1
Ah_naf,1954-D,1,1800,"combinatorics,dp,math,sortings",2
Ah_naf,1955-A,1,800,math,1
Ah_naf,1955-B,1,1000,"constructive algorithms,data structures,implementation,sortings",2
Ah_naf,1955-C,0,1300,"greedy,implementation,math",3
Ah_naf,1956-A,1,800,"binary search,brute force,data structures,games,greedy",3
Ah_naf,1956-B,1,800,"games,greedy",1
Ah_naf,1956-C,1,1600,"constructive algorithms,greedy,math",1
Ah_naf,1969-C,1,1700,"dp,implementation",2
Ah_naf,2-A,1,1500,"hashing,implementation",1
Ah_naf,2001-A,1,800,"greedy,implementation",1
Ah_naf,2001-B,1,800,constructive algorithms,1
Ah_naf,2001-C,0,1500,"binary search,brute force,dfs and similar,divide and conquer,dsu,greedy,interactive,trees",7
Ah_naf,2020-A,1,800,"bitmasks,brute force,greedy,math,number theory",3
Ah_naf,2020-B,1,1200,"binary search,math",5
Ah_naf,2020-C,1,1400,"bitmasks,hashing,implementation,math,schedules,ternary search",3
Ah_naf,2021-A,1,800,"data structures,greedy,math,sortings",1
Ah_naf,2021-B,1,1200,"brute force,greedy,math,number theory",5
Ah_naf,2021-C1,1,1300,"constructive algorithms,greedy",4
Ah_naf,2022-A,1,800,"constructive algorithms,greedy,implementation,math",1
Ah_naf,2022-B,1,1300,"binary search,greedy,math",3
Ah_naf,2022-C,1,1800,"dp,implementation",2
Ah_naf,2024-A,1,800,"greedy,math",1
Ah_naf,2024-B,1,1100,"binary search,constructive algorithms,sortings",1
Ah_naf,2024-C,1,1300,"constructive algorithms,greedy,sortings",10
Ah_naf,2025-A,1,800,"binary search,greedy,strings,two pointers",1
Ah_naf,2025-B,1,1100,"combinatorics,dp,math",1
Ah_naf,2025-C,1,1300,"binary search,brute force,greedy,implementation,sortings,two pointers",4
Ah_naf,2026-A,0,900,"constructive algorithms,geometry,greedy,math",1
Ah_naf,2026-B,1,1300,"binary search,brute force,constructive algorithms,greedy",11
Ah_naf,2026-C,1,1500,"binary search,brute force,constructive algorithms,data structures,greedy,implementation",1
Ah_naf,2027-A,1,800,"geometry,implementation,math",1
Ah_naf,2027-B,1,1100,"brute force,greedy",1
Ah_naf,2027-C,0,1500,"brute force,data structures,dfs and similar,dp,graphs,greedy",10
Ah_naf,2028-A,1,900,"brute force,implementation,math",2
Ah_naf,2028-B,1,1400,"binary search,implementation,math",5
Ah_naf,2028-C,1,1600,"binary search,dp,greedy,two pointers",1
Ah_naf,2030-A,1,800,"constructive algorithms,greedy,math,sortings",1
Ah_naf,2030-B,1,800,"combinatorics,constructive algorithms,games,math",1
Ah_naf,2030-C,1,1100,"brute force,games,greedy",3
Ah_naf,2032-A,1,800,"greedy,implementation,math,number theory",1
Ah_naf,2032-B,1,1100,"constructive algorithms,greedy,implementation,math",3
Ah_naf,2032-C,1,1400,"binary search,math,sortings,two pointers",7
Ah_naf,2033-A,1,800,"constructive algorithms,implementation,math",1
Ah_naf,2033-B,1,900,"brute force,constructive algorithms,greedy",1
Ah_naf,2033-C,1,1400,"dp,greedy,two pointers",1
Ah_naf,2033-D,1,1300,"data structures,dp,dsu,greedy,math",2
Ah_naf,2033-E,1,1400,"brute force,data structures,dfs and similar,dsu,graphs,greedy,math",1
Ah_naf,2033-F,1,1800,"brute force,math,number theory",1
Ah_naf,2035-A,1,800,"implementation,math",1
Ah_naf,2035-B,1,900,"constructive algorithms,greedy,math,number theory",1
Ah_naf,2035-C,1,1400,"bitmasks,constructive algorithms,math",1
Ah_naf,2035-D,0,1800,"binary search,data structures,divide and conquer,greedy,implementation,math",4
Ah_naf,2036-A,1,800,implementation,1
Ah_naf,2036-B,1,800,"greedy,sortings",1
Ah_naf,2036-C,1,1100,"brute force,implementation",2
Ah_naf,2036-D,1,1300,"brute force,implementation,matrices",1
Ah_naf,2036-E,1,1600,"binary search,constructive algorithms,data structures,greedy",9
Ah_naf,2037-A,1,800,implementation,2
Ah_naf,2037-B,1,800,"brute force,implementation",2
Ah_naf,2037-C,1,1000,"constructive algorithms,greedy,math,number theory",1
Ah_naf,2037-D,0,1300,"data structures,greedy,two pointers",4
Ah_naf,2037-E,0,1600,"dp,greedy,interactive,two pointers",2
Ah_naf,2044-A,1,800,"brute force,math",1
Ah_naf,2044-B,1,800,"implementation,strings",1
Ah_naf,2044-C,1,800,"greedy,math",1
Ah_naf,2044-D,1,1100,"constructive algorithms,greedy,math",1
Ah_naf,2044-E,1,1300,"binary search,greedy,implementation,math,number theory",5
Ah_naf,2044-G1,1,1700,"dfs and similar,graph matchings,graphs,implementation,trees",1
Ah_naf,2049-A,1,800,"greedy,implementation",1
Ah_naf,2049-B,1,1300,"brute force,constructive algorithms,graph matchings,implementation",7
Ah_naf,2049-C,1,1500,"brute force,constructive algorithms,greedy,implementation",5
Ah_naf,2062-A,1,800,"constructive algorithms,greedy,math,strings",1
Ah_naf,2062-B,1,900,"greedy,math",1
Ah_naf,2062-C,1,1200,"brute force,math",1
Ah_naf,2063-C,0,1600,"brute force,data structures,dfs and similar,dp,graphs,greedy,sortings,trees",4
Ah_naf,2065-A,1,800,"brute force,constructive algorithms,greedy,implementation,strings",1
Ah_naf,2065-B,1,800,strings,1
Ah_naf,2065-C1,1,1100,"binary search,dp,greedy",7
Ah_naf,2065-C2,0,1300,"binary search,greedy",1
Ah_naf,2065-D,1,1200,"greedy,sortings",1
Ah_naf,2065-E,0,1600,"constructive algorithms,greedy,strings",4
Ah_naf,2193-A,1,800,"brute force,math",1
Ah_naf,2193-B,1,800,greedy,1
Ah_naf,2193-C,1,1000,"data structures,greedy",1
Ah_naf,2193-E,0,1300,"dp,math,number theory,shortest paths",2
Ah_naf,2193-F,0,1600,"dp,greedy",1
Ah_naf,2193-G,0,2100,"dfs and similar,interactive,sortings,trees",1
Ah_naf,2193-H,0,2400,"dfs and similar,dp,graphs,greedy,implementation,trees",1
Ah_naf,242-C,1,1800,"dfs and similar,graphs,hashing,shortest paths",1
Ah_naf,256-D,0,2700,dp,1
Ah_naf,265-D,1,1500,"dp,number theory",1
Ah_naf,271-D,1,1800,"data structures,strings",1
Ah_naf,322-E,1,2100,divide and conquer,1
Ah_naf,342-E,1,2400,"data structures,divide and conquer,trees",3
Ah_naf,378-C,1,1600,dfs and similar,1
Ah_naf,380-C,1,2000,"data structures,schedules",2
Ah_naf,459-D,1,1800,"data structures,divide and conquer,sortings",2
Ah_naf,474-F,1,2100,"data structures,math,number theory",7
Ah_naf,482-B,1,1800,"constructive algorithms,data structures,trees",5
Ah_naf,505-B,1,1400,"dfs and similar,dp,dsu,graphs",1
Ah_naf,510-C,1,1600,"dfs and similar,graphs,sortings",1
Ah_naf,577-B,1,1900,"combinatorics,data structures,dp,two pointers",2
Ah_naf,597-C,0,1900,"data structures,dp",4
Ah_naf,61-E,1,1900,"data structures,trees",3
Ah_naf,620-E,1,2100,"bitmasks,data structures,trees",8
Ah_naf,702-C,1,1500,"binary search,implementation,two pointers",1
Ah_naf,743-C,1,1500,"brute force,constructive algorithms,math,number theory",1
Ah_naf,762-B,1,1400,"greedy,implementation,sortings,two pointers",1
Ah_naf,781-C,1,2100,"brute force,constructive algorithms,dfs and similar,graphs,trees",2
Ah_naf,797-A,1,1100,"implementation,math,number theory",1
Ah_naf,797-B,1,1400,"dp,greedy,implementation",3
Ah_naf,797-C,1,1700,"data structures,greedy,strings",2
Ah_naf,802-J1,1,1400,"dfs and similar,graphs,trees",1
Ah_naf,808-A,1,900,implementation,1
Ah_naf,808-B,1,1300,"data structures,implementation,math",1
Ah_naf,808-C,1,1400,"constructive algorithms,greedy,sortings",1
Ah_naf,808-D,1,1900,"binary search,data structures,implementation",2
Ah_naf,813-C,1,1700,"dfs and similar,graphs",1
Ah_naf,816-A,0,1000,"brute force,implementation",1
Ah_naf,816-C,1,1700,"brute force,greedy,implementation",1
Ah_naf,837-D,0,2100,"dp,math",4
Ah_naf,841-D,0,2100,"dfs and similar,graphs",1
Ah_naf,920-F,1,2000,"brute force,data structures,dsu,number theory",1
Eftekhar_Nahim,1036-C,1,1900,"combinatorics,dp",1
Eftekhar_Nahim,1110-C,1,1500,"constructive algorithms,math,number theory",5
Eftekhar_Nahim,1114-B,1,1500,"constructive algorithms,greedy,sortings",1
Eftekhar_Nahim,1119-C,1,1500,"constructive algorithms,greedy,implementation,math",1
Eftekhar_Nahim,1144-F,1,1700,"dfs and similar,graphs",2
Eftekhar_Nahim,1167-C,1,1400,"dfs and similar,dsu,graphs",1
Eftekhar_Nahim,1196-C,1,1500,implementation,1
Eftekhar_Nahim,1311-D,1,2000,"brute force,math",2
Eftekhar_Nahim,1324-F,1,1800,"dfs and similar,dp,graphs,trees",1
Eftekhar_Nahim,1328-E,1,1900,"dfs and similar,graphs,trees",1
Eftekhar_Nahim,1348-D,1,1900,"binary search,constructive algorithms,greedy,implementation,math",3
Eftekhar_Nahim,1359-D,1,2000,"data structures,dp,implementation,two pointers",1
Eftekhar_Nahim,1370-D,1,2000,"binary search,dp,dsu,greedy,implementation",7
Eftekhar_Nahim,1375-D,1,1900,"brute force,constructive algorithms,sortings",4
Eftekhar_Nahim,1423-K,1,1600,"binary search,math,number theory,two pointers",1
Eftekhar_Nahim,1593-E,1,1600,"brute force,data structures,dfs and similar,greedy,implementation,trees",6
Eftekhar_Nahim,1607-E,1,1600,implementation,3
Eftekhar_Nahim,1609-D,1,1600,"dsu,graphs,greedy,implementation,trees",2
Eftekhar_Nahim,1610-C,1,1600,"binary search,greedy",1
Eftekhar_Nahim,1615-C,1,1600,"brute force,graphs,greedy,math",1
Eftekhar_Nahim,1661-C,1,1700,"binary search,greedy,math",3
Eftekhar_Nahim,1722-E,1,1600,"brute force,data structures,dp,implementation",4
Eftekhar_Nahim,1760-A,1,800,"implementation,sortings",1
Eftekhar_Nahim,1829-E,1,1100,"dfs and similar,dsu,graphs,implementation",1
Eftekhar_Nahim,1847-A,1,800,"greedy,sortings",2
Eftekhar_Nahim,1847-B,1,1000,"bitmasks,greedy,two pointers",2
Eftekhar_Nahim,1847-C,1,1400,"bitmasks,brute force,dp,greedy",1
Eftekhar_Nahim,1878-A,1,800,greedy,1
Eftekhar_Nahim,1878-B,1,800,"constructive algorithms,math",1
Eftekhar_Nahim,1878-C,1,900,math,1
Eftekhar_Nahim,1878-E,1,1400,"binary search,bitmasks,data structures,greedy",1
Eftekhar_Nahim,1891-A,1,800,"constructive algorithms,sortings",1
Eftekhar_Nahim,1891-B,1,1100,"brute force,math,sortings",1
Eftekhar_Nahim,1891-C,1,1500,"binary search,constructive algorithms,greedy,sortings,two pointers",3
Eftekhar_Nahim,1894-A,1,800,"implementation,strings",1
Eftekhar_Nahim,1894-B,1,1000,constructive algorithms,1
Eftekhar_Nahim,1894-C,1,1400,"constructive algorithms,graphs,implementation",1
Eftekhar_Nahim,1894-D,1,1700,"constructive algorithms,data structures,sortings,two pointers",3
Eftekhar_Nahim,1900-A,1,800,"constructive algorithms,greedy,implementation,strings",1
Eftekhar_Nahim,1900-B,1,900,"dp,math",1
Eftekhar_Nahim,1900-C,1,1300,"dfs and similar,dp,trees",1
Eftekhar_Nahim,1903-A,1,800,"brute force,greedy,sortings",1
Eftekhar_Nahim,1903-B,1,1200,"bitmasks,brute force,constructive algorithms,greedy",1
Eftekhar_Nahim,1905-A,1,800,"constructive algorithms,math",1
Eftekhar_Nahim,1905-B,1,1100,"greedy,trees",1
Eftekhar_Nahim,1909-A,1,800,"implementation,math",1
Eftekhar_Nahim,1909-B,1,1200,"bitmasks,constructive algorithms,math,number theory",2
Eftekhar_Nahim,1909-C,1,1400,"constructive algorithms,data structures,dsu,greedy,math,sortings",3
Eftekhar_Nahim,1915-F,1,1500,"data structures,divide and conquer,sortings",2
Eftekhar_Nahim,1916-A,1,800,"constructive algorithms,implementation,math,number theory",2
Eftekhar_Nahim,1916-B,1,1000,"constructive algorithms,math,number theory",2
Eftekhar_Nahim,1916-C,1,1200,"constructive algorithms,games,greedy,implementation,math",1
Eftekhar_Nahim,1916-D,1,1700,"brute force,constructive algorithms,geometry,math",5
Eftekhar_Nahim,1917-A,1,800,"constructive algorithms,math",1
Eftekhar_Nahim,1917-B,1,1100,"brute force,combinatorics,data structures,dp,strings",2
Eftekhar_Nahim,1917-C,1,1600,"brute force,greedy,implementation,math",1
Eftekhar_Nahim,1918-A,1,800,"constructive algorithms,greedy,implementation,math",1
Eftekhar_Nahim,1918-B,1,900,"constructive algorithms,data structures,greedy,implementation,sortings",1
Eftekhar_Nahim,1918-C,1,1400,"bitmasks,greedy,implementation,math",3
Eftekhar_Nahim,1918-D,1,1900,"binary search,data structures,dp,implementation,two pointers",9
Eftekhar_Nahim,1920-A,1,800,"brute force,greedy,math",1
Eftekhar_Nahim,1920-B,1,1100,"games,greedy,math,sortings",1
Eftekhar_Nahim,1920-C,1,1600,"brute force,math,number theory",1
Eftekhar_Nahim,1920-D,1,1900,"binary search,brute force,dsu,implementation,math",1
Eftekhar_Nahim,1921-A,1,800,"greedy,math",1
Eftekhar_Nahim,1921-B,1,800,"greedy,implementation",1
Eftekhar_Nahim,1921-C,1,900,"greedy,math",1
Eftekhar_Nahim,1921-D,1,1100,"data structures,greedy,sortings,two pointers",1
Eftekhar_Nahim,1921-E,1,1600,"brute force,games,greedy,math",1
Eftekhar_Nahim,1922-A,1,800,"constructive algorithms,implementation,strings",1
Eftekhar_Nahim,1922-B,1,1200,"combinatorics,constructive algorithms,math,sortings",3
Eftekhar_Nahim,1922-C,1,1300,"greedy,implementation,math",1
Eftekhar_Nahim,1922-D,1,1900,"brute force,data structures,dsu,implementation,math",1
Eftekhar_Nahim,1922-E,1,1800,"bitmasks,constructive algorithms,divide and conquer,greedy,math",4
Eftekhar_Nahim,1923-A,1,800,"greedy,implementation",1
Eftekhar_Nahim,1923-B,1,1100,"dp,greedy,implementation",2
Eftekhar_Nahim,1923-C,1,1400,"constructive algorithms,greedy",4
Eftekhar_Nahim,1925-A,1,800,"constructive algorithms,greedy,strings",1
Eftekhar_Nahim,1925-B,1,1200,"brute force,greedy,math,number theory",2
Eftekhar_Nahim,1925-C,1,1500,"constructive algorithms,dp,greedy,implementation,strings",2
Eftekhar_Nahim,1926-A,1,800,implementation,1
Eftekhar_Nahim,1926-B,1,800,"geometry,implementation",3
Eftekhar_Nahim,1926-C,1,1200,"dp,implementation",2
Eftekhar_Nahim,1926-D,1,1300,"bitmasks,greedy",3
Eftekhar_Nahim,1926-E,1,1500,"binary search,bitmasks,data structures,dp,implementation,math,number theory",1
Eftekhar_Nahim,1926-G,1,1900,"dfs and similar,dp,flows,graphs,greedy,implementation,trees",1
Eftekhar_Nahim,1927-A,1,800,"greedy,strings",1
Eftekhar_Nahim,1927-B,1,900,"constructive algorithms,greedy,strings",1
Eftekhar_Nahim,1927-C,1,1000,"brute force,greedy,math",1
Eftekhar_Nahim,1927-D,1,1300,"binary search,brute force,data structures,dp,dsu,greedy,two pointers",1
Eftekhar_Nahim,1927-E,1,1400,"constructive algorithms,math,two pointers",1
Eftekhar_Nahim,1928-A,1,800,"geometry,math",1
Eftekhar_Nahim,1928-B,1,1200,"binary search,greedy,sortings,two pointers",1
Eftekhar_Nahim,1928-C,1,1600,"brute force,math,number theory",7
Eftekhar_Nahim,1929-A,1,800,"constructive algorithms,greedy,math,sortings",1
Eftekhar_Nahim,1929-B,1,800,"constructive algorithms,greedy,math",1
Eftekhar_Nahim,1929-C,1,1400,"binary search,brute force,constructive algorithms,games,greedy,math",1
Eftekhar_Nahim,1929-D,1,1900,"combinatorics,dp,math,trees",1
Eftekhar_Nahim,1930-A,1,800,"greedy,sortings",2
Eftekhar_Nahim,1930-B,1,1000,"brute force,constructive algorithms,math",1
Eftekhar_Nahim,1930-C,1,1700,"binary search,constructive algorithms,data structures,greedy,sortings",1
Eftekhar_Nahim,1931-A,1,800,"brute force,strings",1
Eftekhar_Nahim,1931-B,1,800,greedy,1
Eftekhar_Nahim,1931-C,1,1000,"brute force,greedy,math",1
Eftekhar_Nahim,1931-D,1,1300,"combinatorics,math,number theory",1
Eftekhar_Nahim,1931-E,1,1400,"games,greedy,math,sortings",1
Eftekhar_Nahim,1932-A,1,800,"dp,greedy,implementation",1
Eftekhar_Nahim,1932-B,1,1100,number theory,2
Eftekhar_Nahim,1932-C,1,1400,"brute force,data structures,implementation,math,two pointers",2
Eftekhar_Nahim,1933-A,1,800,"greedy,math,sortings",1
Eftekhar_Nahim,1933-B,1,800,"implementation,math,number theory",1
Eftekhar_Nahim,1933-C,1,1100,"brute force,implementation,math,number theory",1
Eftekhar_Nahim,1933-D,1,1200,"constructive algorithms,greedy,math,number theory,sortings",1
Eftekhar_Nahim,1933-E,1,1500,"binary search,implementation,math,ternary search",2
Eftekhar_Nahim,1934-A,1,800,"greedy,math",1
Eftekhar_Nahim,1934-B,1,1200,"brute force,dp,greedy,math",1
Eftekhar_Nahim,1934-C,0,1700,"binary search,constructive algorithms,geometry,greedy,interactive,math",8
Eftekhar_Nahim,1935-A,1,800,"constructive algorithms,strings",1
Eftekhar_Nahim,1935-B,1,1200,constructive algorithms,1
Eftekhar_Nahim,1935-C,1,1800,"binary search,brute force,constructive algorithms,data structures,dp,greedy,sortings",3
Eftekhar_Nahim,1935-D,1,1800,"binary search,combinatorics,implementation,math",2
Eftekhar_Nahim,1937-A,1,800,"implementation,math",1
Eftekhar_Nahim,1937-B,1,1300,"dp,greedy,implementation",9
Eftekhar_Nahim,1941-A,1,800,"brute force,math",1
Eftekhar_Nahim,1941-B,1,1000,"brute force,dp,greedy,math",1
Eftekhar_Nahim,1941-C,1,900,"dp,greedy,strings",1
Eftekhar_Nahim,1941-D,1,1200,"dfs and similar,dp,implementation",1
Eftekhar_Nahim,1941-E,1,1600,"binary search,data structures,dp,two pointers",2
Eftekhar_Nahim,1941-F,1,1800,"binary search,greedy,sortings,two pointers",20
Eftekhar_Nahim,1941-G,1,2000,"constructive algorithms,dfs and similar,graphs,shortest paths",1
Eftekhar_Nahim,1944-A,1,800,"graphs,greedy,math",1
Eftekhar_Nahim,1944-B,1,1100,"bitmasks,constructive algorithms",1
Eftekhar_Nahim,1944-C,1,1300,"constructive algorithms,games,greedy",4
Eftekhar_Nahim,1945-A,1,800,"greedy,math",1
Eftekhar_Nahim,1945-B,1,900,"math,number theory",1
Eftekhar_Nahim,1945-C,1,1200,brute force,4
Eftekhar_Nahim,1945-D,1,1300,"dp,greedy",1
Eftekhar_Nahim,1945-E,1,1700,"binary search,constructive algorithms,greedy",1
Eftekhar_Nahim,1945-F,1,1900,"data structures,sortings",4
Eftekhar_Nahim,1946-A,1,800,"greedy,implementation,sortings",1
Eftekhar_Nahim,1946-B,1,1100,"dp,greedy,math",1
Eftekhar_Nahim,1946-C,1,1600,"binary search,dp,greedy,implementation,trees",3
Eftekhar_Nahim,1946-D,1,1900,"bitmasks,brute force,constructive algorithms,greedy,implementation",1
Eftekhar_Nahim,1948-A,1,800,"brute force,constructive algorithms",1
Eftekhar_Nahim,1948-B,1,1100,"brute force,dp,greedy,implementation",1
Eftekhar_Nahim,1948-C,1,1300,"brute force,constructive algorithms,dfs and similar,dp,graphs,shortest paths",1
Eftekhar_Nahim,1948-D,1,1700,"brute force,strings,two pointers",1
Eftekhar_Nahim,1949-B,1,1500,"binary search,brute force,greedy,sortings",1
Eftekhar_Nahim,1950-A,1,800,implementation,1
Eftekhar_Nahim,1950-B,1,800,implementation,1
Eftekhar_Nahim,1950-C,1,800,"implementation,math",1
Eftekhar_Nahim,1950-D,1,1100,"brute force,dp,implementation,number theory",1
Eftekhar_Nahim,1950-E,1,1500,"brute force,implementation,number theory,strings",6
Eftekhar_Nahim,1950-F,1,1700,"bitmasks,brute force,greedy,implementation,trees",3
Eftekhar_Nahim,1950-G,0,1900,"bitmasks,dfs and similar,dp,graphs,hashing,implementation,strings",6
Eftekhar_Nahim,1954-A,1,900,"constructive algorithms,greedy,math",1
Eftekhar_Nahim,1954-B,1,1200,"implementation,math",1
Eftekhar_Nahim,1954-C,1,1200,"greedy,math,number theory",1
Eftekhar_Nahim,1954-D,0,1800,"combinatorics,dp,math,sortings",2
Eftekhar_Nahim,1955-A,1,800,math,1
Eftekhar_Nahim,1955-B,1,1000,"constructive algorithms,data structures,implementation,sortings",1
Eftekhar_Nahim,1955-C,1,1300,"greedy,implementation,math",1
Eftekhar_Nahim,1955-D,1,1400,"data structures,two pointers",1
Eftekhar_Nahim,1955-E,1,1700,"brute force,greedy,implementation,sortings",1
Eftekhar_Nahim,1955-F,1,1800,"dp,games,greedy,math,schedules",1
Eftekhar_Nahim,1956-A,1,800,"binary search,brute force,data structures,games,greedy",1
Eftekhar_Nahim,1956-B,1,800,"games,greedy",1
Eftekhar_Nahim,1956-C,1,1600,"constructive algorithms,greedy,math",9
Eftekhar_Nahim,1957-A,1,800,"constructive algorithms,greedy",1
Eftekhar_Nahim,1957-B,1,1100,"bitmasks,constructive algorithms,greedy,implementation",4
Eftekhar_Nahim,1957-C,1,1600,"combinatorics,dp,math",1
Eftekhar_Nahim,1966-A,1,800,"constructive algorithms,games,greedy",1
Eftekhar_Nahim,1966-B,1,1100,"constructive algorithms,implementation",1
Eftekhar_Nahim,1966-C,1,1400,"games,greedy",1
Eftekhar_Nahim,1966-D,1,1800,"constructive algorithms,greedy,math,number theory",4
Eftekhar_Nahim,1968-A,1,800,"brute force,math,number theory",1
Eftekhar_Nahim,1968-B,1,800,"greedy,two pointers",1
Eftekhar_Nahim,1968-C,1,1000,"constructive algorithms,number theory",1
Eftekhar_Nahim,1968-D,1,1300,"brute force,dfs and similar,games,graphs,greedy,math",1
Eftekhar_Nahim,1968-E,1,1600,constructive algorithms,2
Eftekhar_Nahim,1968-F,1,1800,"binary search,data structures",2
Eftekhar_Nahim,1969-A,1,800,"constructive algorithms,implementation,math",1
Eftekhar_Nahim,1969-B,1,1000,"constructive algorithms,greedy",1
Eftekhar_Nahim,1971-A,1,800,"implementation,sortings",1
Eftekhar_Nahim,1971-B,1,800,"implementation,strings",1
Eftekhar_Nahim,1971-C,1,900,implementation,1
Eftekhar_Nahim,1971-D,1,1100,"dp,greedy,implementation,sortings,strings",2
Eftekhar_Nahim,1971-E,1,1500,"binary search,math,sortings",1
Eftekhar_Nahim,1971-F,1,1600,"binary search,brute force,dfs and similar,geometry,implementation,math",1
Eftekhar_Nahim,1971-G,1,1700,"data structures,dsu,sortings",1
Eftekhar_Nahim,1972-A,1,800,"brute force,greedy,two pointers",1
Eftekhar_Nahim,1972-B,1,900,games,1
Eftekhar_Nahim,1973-A,1,900,"brute force,dp,implementation,math",1
Eftekhar_Nahim,1973-B,1,1300,"binary search,bitmasks,data structures,greedy,math,two pointers",1
Eftekhar_Nahim,1973-C,1,1700,"constructive algorithms,greedy,implementation,math,sortings",4
Eftekhar_Nahim,1974-A,1,800,"greedy,math",2
Eftekhar_Nahim,1974-B,1,800,"implementation,sortings,strings",1
Eftekhar_Nahim,1974-C,1,1400,"combinatorics,data structures",2
Eftekhar_Nahim,1974-D,1,1400,"constructive algorithms,greedy,implementation",4
Eftekhar_Nahim,1974-E,1,1800,dp,3
Eftekhar_Nahim,1974-F,1,1900,"binary search,brute force,data structures,implementation,sortings,two pointers",1
Eftekhar_Nahim,1974-G,1,2000,"data structures,greedy,sortings",1
Eftekhar_Nahim,1976-A,1,800,"implementation,sortings,strings",1
Eftekhar_Nahim,1976-B,1,1100,"greedy,implementation",1
Eftekhar_Nahim,1976-C,1,1600,"binary search,dp,greedy,implementation,two pointers",1
Eftekhar_Nahim,1977-A,1,800,math,1
Eftekhar_Nahim,1977-B,1,1100,"bitmasks,constructive algorithms,greedy,math",2
Eftekhar_Nahim,1977-C,1,1900,"brute force,data structures,dp,greedy,math,number theory,sortings",5
Eftekhar_Nahim,1978-A,1,800,"constructive algorithms,greedy,sortings",1
Eftekhar_Nahim,1978-B,1,800,"binary search,greedy,math,ternary search",1
Eftekhar_Nahim,1978-C,1,1300,"constructive algorithms,data structures,greedy,implementation,math",1
Eftekhar_Nahim,1978-D,1,1600,"data structures,greedy,implementation,math",1
Eftekhar_Nahim,1979-A,1,800,"brute force,greedy,implementation",1
Eftekhar_Nahim,1979-B,1,1000,"bitmasks,greedy",1
Eftekhar_Nahim,1979-C,1,1200,"binary search,combinatorics,constructive algorithms,number theory",1
Eftekhar_Nahim,1979-D,1,1800,"bitmasks,brute force,constructive algorithms,dp,greedy,hashing,strings",1
Eftekhar_Nahim,1980-A,1,800,math,1
Eftekhar_Nahim,1980-B,1,800,sortings,1
Eftekhar_Nahim,1980-C,1,1300,"constructive algorithms,greedy",1
Eftekhar_Nahim,1980-D,1,1400,"greedy,implementation,math,number theory",1
Eftekhar_Nahim,1980-E,1,1600,"constructive algorithms,data structures,greedy,hashing,implementation,math,matrices,sortings",1
Eftekhar_Nahim,1981-A,1,800,"brute force,greedy,math",1
Eftekhar_Nahim,1981-B,1,1300,"bitmasks,math",2
Eftekhar_Nahim,1981-C,1,1800,"bitmasks,brute force,constructive algorithms,greedy,implementation,math",1
Eftekhar_Nahim,1982-A,1,800,"greedy,implementation,math,sortings",1
Eftekhar_Nahim,1982-B,1,1200,"brute force,implementation,math,number theory",1
Eftekhar_Nahim,1982-C,1,1200,"binary search,data structures,dp,greedy,two pointers",1
Eftekhar_Nahim,1984-A,1,800,constructive algorithms,1
Eftekhar_Nahim,1984-B,1,1100,"implementation,math",1
Eftekhar_Nahim,1984-C1,1,1300,"dp,greedy,math",1
Eftekhar_Nahim,1984-C2,0,1700,"combinatorics,dp,greedy,math",3
Eftekhar_Nahim,1985-A,1,800,"implementation,strings",1
Eftekhar_Nahim,1985-B,1,800,"brute force,math,number theory",1
Eftekhar_Nahim,1985-C,1,1000,greedy,1
Eftekhar_Nahim,1985-D,1,900,"implementation,math",1
Eftekhar_Nahim,1985-E,1,1200,"brute force,combinatorics,math",2
Eftekhar_Nahim,1985-F,1,1500,"binary search,data structures",2
Eftekhar_Nahim,1986-A,1,800,"brute force,geometry,math,sortings",1
Eftekhar_Nahim,1986-B,1,1000,"brute force,data structures,greedy,sortings",1
Eftekhar_Nahim,1986-C,1,1100,"data structures,greedy,sortings",1
Eftekhar_Nahim,1986-D,1,1400,"brute force,dp,greedy,implementation,math,two pointers",5
Eftekhar_Nahim,1987-A,1,800,"greedy,math",1
Eftekhar_Nahim,1987-B,1,1000,greedy,1
Eftekhar_Nahim,1987-C,1,1200,"dp,greedy",1
Eftekhar_Nahim,1989-A,1,800,implementation,1
Eftekhar_Nahim,1989-B,1,1200,"brute force,greedy,strings",1
Eftekhar_Nahim,1989-C,1,1400,"greedy,math",1
Eftekhar_Nahim,1991-A,1,800,"greedy,implementation",1
Eftekhar_Nahim,1991-B,1,1100,"bitmasks,constructive algorithms,greedy",1
Eftekhar_Nahim,1991-C,1,1300,"constructive algorithms,greedy,math",1
Eftekhar_Nahim,1993-A,1,800,"greedy,implementation",1
Eftekhar_Nahim,1993-B,1,1100,"constructive algorithms,greedy",1
Eftekhar_Nahim,1996-A,1,800,"binary search,math,ternary search",1
Eftekhar_Nahim,1996-B,1,800,"greedy,implementation",1
Eftekhar_Nahim,1996-C,1,1200,"dp,greedy,sortings,strings",1
Eftekhar_Nahim,1996-D,1,1500,"binary search,brute force,combinatorics,math,number theory",1
Eftekhar_Nahim,1996-E,1,1600,"combinatorics,data structures,implementation,math",1
Eftekhar_Nahim,1997-A,1,800,"brute force,implementation,strings",1
Eftekhar_Nahim,1997-B,1,1100,"constructive algorithms,two pointers",1
Eftekhar_Nahim,1997-C,1,1100,"constructive algorithms,data structures,greedy",1
Eftekhar_Nahim,1997-D,1,1500,"binary search,dfs and similar,dp,greedy,trees",1
Eftekhar_Nahim,1999-A,1,800,"implementation,math",1
Eftekhar_Nahim,2-B,1,2000,"dp,math",7
Eftekhar_Nahim,2003-A,1,800,"greedy,strings",1
Eftekhar_Nahim,2003-B,1,800,"games,greedy,sortings",1
Eftekhar_Nahim,2003-C,1,1200,"constructive algorithms,greedy,sortings,strings",3
Eftekhar_Nahim,2005-A,1,900,"combinatorics,constructive algorithms,greedy,math",1
Eftekhar_Nahim,2005-B1,1,1000,"greedy,math,sortings",1
Eftekhar_Nahim,2005-B2,1,1200,"binary search,greedy,math,sortings",1
Eftekhar_Nahim,2008-A,1,800,"brute force,constructive algorithms,greedy,math",1
Eftekhar_Nahim,2008-B,1,800,"brute force,math,strings",1
Eftekhar_Nahim,2008-C,1,800,"binary search,brute force,math",5
Eftekhar_Nahim,2008-D,1,1100,"dp,dsu,graphs,math",2
Eftekhar_Nahim,2008-E,1,1500,"brute force,data structures,dp,greedy,implementation,strings",1
Eftekhar_Nahim,2009-A,1,800,"brute force,math",1
Eftekhar_Nahim,2009-B,1,800,"brute force,implementation",1
Eftekhar_Nahim,2009-C,1,1100,"implementation,math",1
Eftekhar_Nahim,2009-D,1,1400,"geometry,math",2
Eftekhar_Nahim,2009-E,1,1400,"binary search,math,ternary search",2
Eftekhar_Nahim,2009-F,1,1700,"bitmasks,data structures,flows,math",1
Eftekhar_Nahim,2013-A,1,800,"constructive algorithms,math",1
Eftekhar_Nahim,2013-B,1,900,"constructive algorithms,greedy,math",1
Eftekhar_Nahim,2013-C,1,1400,"constructive algorithms,interactive,strings",1
Eftekhar_Nahim,2013-D,1,1900,"binary search,greedy",1
Eftekhar_Nahim,2014-A,1,800,"greedy,implementation",1
Eftekhar_Nahim,2014-B,1,800,math,1
Eftekhar_Nahim,2014-C,1,1100,"binary search,greedy,math",1
Eftekhar_Nahim,2014-D,1,1400,"brute force,data structures,greedy,sortings",2
Eftekhar_Nahim,2019-A,1,800,"brute force,dp,greedy",1
Eftekhar_Nahim,2019-B,1,1200,"implementation,math",2
Eftekhar_Nahim,2019-C,1,1600,"greedy,implementation,math",2
Eftekhar_Nahim,2020-A,1,800,"bitmasks,brute force,greedy,math,number theory",2
Eftekhar_Nahim,2020-B,1,1200,"binary search,math",6
Eftekhar_Nahim,2020-C,1,1400,"bitmasks,hashing,implementation,math,schedules,ternary search",3
Eftekhar_Nahim,2020-D,1,1800,"brute force,dp,dsu,graphs,math,trees",1
Eftekhar_Nahim,2021-A,1,800,"data structures,greedy,math,sortings",2
Eftekhar_Nahim,2021-B,1,1200,"brute force,greedy,math,number theory",8
Eftekhar_Nahim,2021-C1,1,1300,"constructive algorithms,greedy",1
Eftekhar_Nahim,2022-A,1,800,"constructive algorithms,greedy,implementation,math",1
Eftekhar_Nahim,2022-B,1,1300,"binary search,greedy,math",5
Eftekhar_Nahim,2023-A,1,1300,"constructive algorithms,greedy,math,sortings",1
Eftekhar_Nahim,2024-A,1,800,"greedy,math",1
Eftekhar_Nahim,2024-B,1,1100,"binary search,constructive algorithms,sortings",1
Eftekhar_Nahim,2024-C,0,1300,"constructive algorithms,greedy,sortings",7
Eftekhar_Nahim,2025-A,1,800,"binary search,greedy,strings,two pointers",1
Eftekhar_Nahim,2025-B,1,1100,"combinatorics,dp,math",1
Eftekhar_Nahim,2025-C,1,1300,"binary search,brute force,greedy,implementation,sortings,two pointers",1
Eftekhar_Nahim,2025-D,1,1800,"brute force,data structures,dp,implementation,math,two pointers",3
Eftekhar_Nahim,2026-A,1,900,"constructive algorithms,geometry,greedy,math",1
Eftekhar_Nahim,2027-A,1,800,"geometry,implementation,math",1
Eftekhar_Nahim,2027-B,1,1100,"brute force,greedy",1
Eftekhar_Nahim,2027-C,1,1500,"brute force,data structures,dfs and similar,dp,graphs,greedy",4
Eftekhar_Nahim,2029-A,1,800,"greedy,math",1
Eftekhar_Nahim,2029-B,1,1100,"constructive algorithms,games,strings",1
Eftekhar_Nahim,2029-C,1,1700,"binary search,data structures,dp,greedy",1
Eftekhar_Nahim,2030-A,1,800,"constructive algorithms,greedy,math,sortings",1
Eftekhar_Nahim,2030-B,1,800,"combinatorics,constructive algorithms,games,math",1
Eftekhar_Nahim,2030-C,1,1100,"brute force,games,greedy",1
Eftekhar_Nahim,2032-A,1,800,"greedy,implementation,math,number theory",1
Eftekhar_Nahim,2032-B,1,1100,"constructive algorithms,greedy,implementation,math",1
Eftekhar_Nahim,2032-C,1,1400,"binary search,math,sortings,two pointers",2
Eftekhar_Nahim,2033-A,1,800,"constructive algorithms,implementation,math",1
Eftekhar_Nahim,2033-B,1,900,"brute force,constructive algorithms,greedy",1
Eftekhar_Nahim,2033-C,1,1400,"dp,greedy,two pointers",1
Eftekhar_Nahim,2033-D,1,1300,"data structures,dp,dsu,greedy,math",1
Eftekhar_Nahim,2033-E,1,1400,"brute force,data structures,dfs and similar,dsu,graphs,greedy,math",2
Eftekhar_Nahim,2034-A,1,800,"brute force,chinese remainder theorem,math,number theory",1
Eftekhar_Nahim,2034-B,1,1000,"data structures,greedy,implementation,two pointers",1
Eftekhar_Nahim,2034-C,1,1400,"constructive algorithms,dfs and similar,graphs,implementation",1
Eftekhar_Nahim,2034-D,1,1600,"constructive algorithms,greedy,implementation,sortings",1
Eftekhar_Nahim,2035-A,1,800,"implementation,math",1
Eftekhar_Nahim,2035-B,1,900,"constructive algorithms,greedy,math,number theory",1
Eftekhar_Nahim,2035-C,1,1400,"bitmasks,constructive algorithms,math",1
Eftekhar_Nahim,2035-D,0,1800,"binary search,data structures,divide and conquer,greedy,implementation,math",4
Eftekhar_Nahim,2039-A,1,800,"constructive algorithms,number theory",1
Eftekhar_Nahim,2039-B,1,1000,"constructive algorithms,greedy,implementation,strings",2
Eftekhar_Nahim,2039-C1,1,1200,"bitmasks,brute force,math,number theory",1
Eftekhar_Nahim,2039-D,1,1700,"constructive algorithms,greedy,math,number theory",2
Eftekhar_Nahim,2040-A,1,800,"games,math",1
Eftekhar_Nahim,2040-B,1,1000,"constructive algorithms,greedy,math",1
Eftekhar_Nahim,2042-A,1,800,"greedy,sortings",1
Eftekhar_Nahim,2042-B,1,900,"games,greedy",2
Eftekhar_Nahim,2049-A,1,800,"greedy,implementation",1
Eftekhar_Nahim,2049-B,1,1300,"brute force,constructive algorithms,graph matchings,implementation",1
Eftekhar_Nahim,2049-C,1,1500,"brute force,constructive algorithms,greedy,implementation",1
Eftekhar_Nahim,2050-A,1,800,implementation,1
Eftekhar_Nahim,2050-B,1,1100,"brute force,greedy,math",1
Eftekhar_Nahim,2050-C,1,1200,"brute force,dp,math",1
Eftekhar_Nahim,2050-D,1,1300,"brute force,greedy,math,strings",1
Eftekhar_Nahim,2050-E,1,1500,"dp,implementation,strings",1
Eftekhar_Nahim,2051-A,1,800,greedy,1
Eftekhar_Nahim,2051-B,1,800,"binary search,math",1
Eftekhar_Nahim,2051-C,1,1000,"constructive algorithms,implementation",1
Eftekhar_Nahim,2051-D,1,1200,"binary search,sortings,two pointers",1
Eftekhar_Nahim,2051-E,1,1600,"binary search,brute force,data structures,greedy,sortings",6
Eftekhar_Nahim,2055-A,1,800,"constructive algorithms,games,greedy,math",1
Eftekhar_Nahim,2055-B,1,1000,"constructive algorithms,greedy,sortings",2
Eftekhar_Nahim,2055-C,1,1400,"brute force,constructive algorithms,greedy,math,two pointers",1
Eftekhar_Nahim,2057-A,1,800,"constructive algorithms,math",1
Eftekhar_Nahim,2057-B,1,1000,"greedy,sortings",1
Eftekhar_Nahim,2057-C,1,1500,"bitmasks,constructive algorithms,greedy,math",3
Eftekhar_Nahim,2059-A,1,800,"constructive algorithms,greedy,sortings",1
Eftekhar_Nahim,2059-B,1,1300,"brute force,constructive algorithms,greedy,math",1
Eftekhar_Nahim,2059-C,1,1600,"brute force,constructive algorithms,graph matchings,greedy,math,sortings",1
Eftekhar_Nahim,2060-A,1,800,brute force,2
Eftekhar_Nahim,2060-B,1,1000,"greedy,sortings",3
Eftekhar_Nahim,2060-C,1,900,"games,greedy,sortings,two pointers",1
Eftekhar_Nahim,2060-D,1,1100,greedy,2
Eftekhar_Nahim,2060-E,0,1500,"dfs and similar,dsu,graphs,greedy",1
Eftekhar_Nahim,2061-A,1,800,math,1
Eftekhar_Nahim,2061-B,1,1100,"binary search,geometry",2
Eftekhar_Nahim,2061-C,1,1600,"2-sat,combinatorics,dp",7
Eftekhar_Nahim,2061-D,1,1600,"bitmasks,data structures",4
Eftekhar_Nahim,2062-A,1,800,"constructive algorithms,greedy,math,strings",1
Eftekhar_Nahim,2062-B,1,900,"greedy,math",1
Eftekhar_Nahim,2062-C,1,1200,"brute force,math",5
Eftekhar_Nahim,2062-E1,1,2000,"data structures,dfs and similar,games,graphs,greedy,trees",2
Eftekhar_Nahim,2063-A,1,800,"math,number theory",1
Eftekhar_Nahim,2063-B,1,1100,"constructive algorithms,data structures,greedy,sortings",1
Eftekhar_Nahim,2063-C,1,1600,"brute force,data structures,dfs and similar,dp,graphs,greedy,sortings,trees",4
Eftekhar_Nahim,2064-A,1,800,"greedy,strings",1
Eftekhar_Nahim,2064-B,1,1100,"binary search,constructive algorithms,greedy,two pointers",1
Eftekhar_Nahim,2064-C,1,1300,"brute force,constructive algorithms,dp,greedy",3
Eftekhar_Nahim,2065-A,1,800,"brute force,constructive algorithms,greedy,implementation,strings",1
Eftekhar_Nahim,2065-B,1,800,strings,1
Eftekhar_Nahim,2065-C1,1,1100,"binary search,dp,greedy",1
Eftekhar_Nahim,2065-C2,1,1300,"binary search,greedy",1
Eftekhar_Nahim,2065-D,1,1200,"greedy,sortings",1
Eftekhar_Nahim,2065-E,1,1600,"constructive algorithms,greedy,strings",3
Eftekhar_Nahim,2065-F,1,1700,"data structures,dfs and similar,graphs,greedy,trees",1
Eftekhar_Nahim,2069-A,1,800,"graph matchings,greedy",1
Eftekhar_Nahim,2069-B,1,1200,"greedy,matrices",2
Eftekhar_Nahim,2070-A,1,800,"brute force,math",1
Eftekhar_Nahim,2070-B,1,1100,"brute force,implementation,math",1
Eftekhar_Nahim,2071-A,1,800,"math,number theory",1
Eftekhar_Nahim,2071-B,1,1100,"brute force,constructive algorithms,greedy,math",1
Eftekhar_Nahim,2072-A,1,800,"greedy,implementation,math",1
Eftekhar_Nahim,2072-B,1,900,"combinatorics,constructive algorithms,strings",2
Eftekhar_Nahim,2072-C,1,1200,"bitmasks,constructive algorithms,greedy",1
Eftekhar_Nahim,2072-D,1,1300,"brute force,greedy,implementation",1
Eftekhar_Nahim,2072-E,1,1500,"binary search,brute force,constructive algorithms,dp,geometry,greedy,math",4
Eftekhar_Nahim,2072-F,1,1700,"2-sat,bitmasks,combinatorics,constructive algorithms,fft,math,number theory",1
Eftekhar_Nahim,2074-A,1,800,"geometry,implementation",3
Eftekhar_Nahim,2074-B,1,800,"geometry,greedy,math",1
Eftekhar_Nahim,2075-A,1,800,"greedy,math",1
Eftekhar_Nahim,2075-C,1,1500,"binary search,combinatorics,math",3
Eftekhar_Nahim,2077-A,1,1500,"constructive algorithms,greedy,math,sortings",2
Eftekhar_Nahim,2082-B,1,1600,"brute force,greedy",5
Eftekhar_Nahim,2084-D,1,1600,"binary search,brute force,constructive algorithms,greedy,math",1
Eftekhar_Nahim,2085-C,1,1600,"bitmasks,constructive algorithms,dp,greedy",1
Eftekhar_Nahim,2086-A,1,800,math,1
Eftekhar_Nahim,2086-B,1,1100,"binary search,brute force,greedy",2
Eftekhar_Nahim,2091-A,1,800,"greedy,strings",1
Eftekhar_Nahim,2091-B,1,800,"dp,greedy,sortings",1
Eftekhar_Nahim,2091-C,1,1000,"constructive algorithms,greedy",1
Eftekhar_Nahim,2091-D,1,1200,"binary search,greedy,math",1
Eftekhar_Nahim,2091-E,1,1300,"brute force,math,number theory,two pointers",1
Eftekhar_Nahim,2092-A,1,800,"greedy,math,number theory,sortings",1
Eftekhar_Nahim,2092-B,1,1000,"brute force,constructive algorithms,implementation,math",1
Eftekhar_Nahim,2093-A,1,800,math,1
Eftekhar_Nahim,2093-B,1,900,"greedy,math",1
Eftekhar_Nahim,2093-C,1,1000,"math,number theory",4
Eftekhar_Nahim,2093-D,1,1400,"bitmasks,implementation",2
Eftekhar_Nahim,2093-E,1,1500,"binary search,brute force,greedy",1
Eftekhar_Nahim,2093-F,1,1800,"bitmasks,brute force,greedy",1
Eftekhar_Nahim,2094-F,1,1600,constructive algorithms,2
Eftekhar_Nahim,2096-A,1,800,"constructive algorithms,greedy",1
Eftekhar_Nahim,2096-B,1,1100,"greedy,math,sortings",1
Eftekhar_Nahim,2096-C,1,1700,"dp,implementation",1
Eftekhar_Nahim,2098-A,1,800,"brute force,greedy",1
Eftekhar_Nahim,2098-B,1,1400,"math,sortings",3
Eftekhar_Nahim,2098-C,1,1400,"greedy,math,sortings",3
Eftekhar_Nahim,2101-A,1,1300,"constructive algorithms,implementation",2
Eftekhar_Nahim,2103-A,1,800,"brute force,greedy,implementation,math",1
Eftekhar_Nahim,2103-B,1,1100,"greedy,math",1
Eftekhar_Nahim,2103-C,1,1600,"binary search,greedy,implementation,sortings",5
Eftekhar_Nahim,2104-A,1,800,math,1
Eftekhar_Nahim,2104-B,1,1000,"brute force,data structures,dp,greedy,implementation",1
Eftekhar_Nahim,2104-C,1,1100,"brute force,constructive algorithms,games,greedy,math",1
Eftekhar_Nahim,2104-D,1,1400,"binary search,greedy,math,number theory",2
Eftekhar_Nahim,2104-E,1,1700,"binary search,dp,greedy,strings",2
Eftekhar_Nahim,2106-A,1,800,"brute force,math",1
Eftekhar_Nahim,2106-B,1,900,"constructive algorithms,greedy,math",2
Eftekhar_Nahim,2106-C,1,1000,"greedy,math,sortings",1
Eftekhar_Nahim,2106-D,1,1500,"binary search,dp,greedy,two pointers",1
Eftekhar_Nahim,2106-E,1,1800,"binary search,greedy,math",4
Eftekhar_Nahim,2106-F,1,1900,"dfs and similar,dp,dsu,greedy,math",2
Eftekhar_Nahim,2107-A,1,800,"greedy,number theory",1
Eftekhar_Nahim,2107-B,1,1100,"games,greedy,math",2
Eftekhar_Nahim,2107-C,1,1500,"binary search,constructive algorithms,dp,implementation,math",4
Eftekhar_Nahim,2108-A,1,800,"combinatorics,greedy,math",1
Eftekhar_Nahim,2108-B,1,1300,"bitmasks,constructive algorithms,greedy,implementation,math",1
Eftekhar_Nahim,2108-C,1,1500,"binary search,brute force,data structures,dp,dsu,graphs,greedy,implementation",2
Eftekhar_Nahim,2109-A,1,800,implementation,1
Eftekhar_Nahim,2109-B,1,1200,"bitmasks,greedy,math",1
Eftekhar_Nahim,2109-C1,1,1500,"bitmasks,constructive algorithms,interactive,math,number theory",9
Eftekhar_Nahim,2109-C2,1,1700,"constructive algorithms,interactive,math,number theory",1
Eftekhar_Nahim,2109-C3,1,2600,"constructive algorithms,interactive,math,number theory",1
Eftekhar_Nahim,2109-D,1,1900,"dfs and similar,graphs,greedy,shortest paths",4
Eftekhar_Nahim,2110-A,1,800,"implementation,sortings",1
Eftekhar_Nahim,2110-B,1,900,strings,1
Eftekhar_Nahim,2110-C,1,1400,"constructive algorithms,greedy",1
Eftekhar_Nahim,2110-D,1,1700,"binary search,dfs and similar,dp,graphs,greedy,hashing",9
Eftekhar_Nahim,2111-A,1,800,"greedy,implementation,math",1
Eftekhar_Nahim,2111-B,1,1100,"brute force,dp,implementation,math",1
Eftekhar_Nahim,2111-C,1,1100,"brute force,greedy,two pointers",1
Eftekhar_Nahim,2111-D,1,1400,"constructive algorithms,data structures,greedy,implementation,sortings",1
Eftekhar_Nahim,2111-E,1,1900,"binary search,data structures,greedy,implementation,sortings,strings",1
Eftekhar_Nahim,2112-A,1,800,"implementation,math",1
Eftekhar_Nahim,2112-B,1,1100,"brute force,greedy",1
Eftekhar_Nahim,2112-C,1,1300,"binary search,brute force,greedy,two pointers",2
Eftekhar_Nahim,2112-D,1,1700,"constructive algorithms,dfs and similar,graphs,trees",1
Eftekhar_Nahim,2113-A,1,800,"greedy,math",1
Eftekhar_Nahim,2113-B,1,1200,"constructive algorithms,math",1
Eftekhar_Nahim,2113-C,1,1700,"brute force,constructive algorithms,greedy",1
Eftekhar_Nahim,2114-A,1,800,"binary search,brute force,math",1
Eftekhar_Nahim,2114-B,1,900,"greedy,math",1
Eftekhar_Nahim,2114-C,1,1000,"dp,greedy",1
Eftekhar_Nahim,2114-D,1,1400,"brute force,greedy,implementation,math",1
Eftekhar_Nahim,2114-E,1,1400,"dfs and similar,dp,greedy,trees",2
Eftekhar_Nahim,2116-A,1,800,"games,greedy",1
Eftekhar_Nahim,2116-B,1,1300,"greedy,math,sortings",2
Eftekhar_Nahim,2116-C,1,1500,"brute force,dfs and similar,dp,math,number theory,shortest paths",1
Eftekhar_Nahim,2117-A,1,800,"greedy,implementation",1
Eftekhar_Nahim,2117-B,1,800,constructive algorithms,1
Eftekhar_Nahim,2117-C,1,1200,"data structures,greedy",1
Eftekhar_Nahim,2117-D,1,1200,"binary search,math,number theory",1
Eftekhar_Nahim,2117-E,1,1600,"brute force,greedy",1
Eftekhar_Nahim,2118-A,1,800,"constructive algorithms,greedy",1
Eftekhar_Nahim,2118-B,1,1200,constructive algorithms,1
Eftekhar_Nahim,2118-C,1,1300,"bitmasks,data structures,greedy,math",2
Eftekhar_Nahim,2118-D1,1,1700,"brute force,dfs and similar,dp,graphs,implementation,number theory",12
Eftekhar_Nahim,2118-D2,0,2200,"binary search,brute force,data structures,dfs and similar,dp,graphs,implementation,math,number theory",4
Eftekhar_Nahim,2119-A,1,800,"bitmasks,greedy,math",1
Eftekhar_Nahim,2119-B,1,1200,"geometry,greedy,math",5
Eftekhar_Nahim,2119-C,1,1300,"bitmasks,constructive algorithms,math",1
Eftekhar_Nahim,2121-A,1,800,"brute force,math",1
Eftekhar_Nahim,2121-B,1,800,"constructive algorithms,greedy,strings",1
Eftekhar_Nahim,2121-C,1,1200,"greedy,implementation",1
Eftekhar_Nahim,2121-D,1,1300,"implementation,sortings",2
Eftekhar_Nahim,2121-E,1,1500,"dp,greedy,implementation,strings",1
Eftekhar_Nahim,2121-F,1,1800,"binary search,brute force,data structures,greedy,two pointers",1
Eftekhar_Nahim,2121-G,1,1900,"data structures,divide and conquer,math,sortings",1
Eftekhar_Nahim,2122-A,1,800,"constructive algorithms,greedy",2
Eftekhar_Nahim,2122-B,1,1100,"greedy,math",1
Eftekhar_Nahim,2122-C,1,1700,"constructive algorithms,geometry,greedy,math,sortings",6
Eftekhar_Nahim,2123-A,1,800,math,1
Eftekhar_Nahim,2123-B,1,800,greedy,1
Eftekhar_Nahim,2123-C,1,1000,"brute force,data structures",1
Eftekhar_Nahim,2123-D,1,1200,"constructive algorithms,games,greedy",1
Eftekhar_Nahim,2123-E,1,1400,"binary search,data structures,greedy,sortings,two pointers",1
Eftekhar_Nahim,2123-F,1,1700,"constructive algorithms,number theory",1
Eftekhar_Nahim,2125-A,1,800,"constructive algorithms,implementation,sortings,strings",1
Eftekhar_Nahim,2125-B,1,900,"math,number theory",1
Eftekhar_Nahim,2125-C,1,1100,"bitmasks,combinatorics,math,number theory",1
Eftekhar_Nahim,2126-A,1,800,"brute force,implementation,math",1
Eftekhar_Nahim,2126-B,1,800,"dp,greedy",1
Eftekhar_Nahim,2126-C,1,1100,"greedy,sortings",1
Eftekhar_Nahim,2126-D,1,1200,"data structures,greedy,sortings",2
Eftekhar_Nahim,2126-E,1,1400,"math,number theory",3
Eftekhar_Nahim,2127-A,1,800,"constructive algorithms,greedy,math",1
Eftekhar_Nahim,2127-B,1,1300,"games,greedy",2
Eftekhar_Nahim,2127-C,1,1400,"games,greedy,sortings",1
Eftekhar_Nahim,2128-A,1,800,"greedy,sortings",2
Eftekhar_Nahim,2128-B,1,1100,"constructive algorithms,greedy,sortings,two pointers",1
Eftekhar_Nahim,2128-C,1,1200,"greedy,math",1
Eftekhar_Nahim,2128-D,1,1600,"brute force,combinatorics,dp,greedy,math",1
Eftekhar_Nahim,2128-E1,1,1900,"binary search,data structures,dp,greedy,math",5
Eftekhar_Nahim,2130-A,1,800,"greedy,math",2
Eftekhar_Nahim,2130-B,1,1100,constructive algorithms,1
Eftekhar_Nahim,2130-C,1,1300,"constructive algorithms,dsu,greedy",1
Eftekhar_Nahim,2130-D,1,1600,"data structures,greedy",1
Eftekhar_Nahim,2130-E1,0,1900,"binary search,constructive algorithms,interactive,strings",2
Eftekhar_Nahim,2131-A,1,800,math,1
Eftekhar_Nahim,2131-B,1,800,"constructive algorithms,greedy,math",1
Eftekhar_Nahim,2131-C,1,1100,"math,number theory",3
Eftekhar_Nahim,2131-D,1,1400,"data structures,graphs,greedy,trees",5
Eftekhar_Nahim,2131-E,1,1400,"brute force,greedy",1
Eftekhar_Nahim,2131-F,0,1900,"binary search,data structures,greedy,math,sortings,two pointers",2
Eftekhar_Nahim,2132-A,1,800,"brute force,implementation,strings",1
Eftekhar_Nahim,2132-B,1,900,math,5
Eftekhar_Nahim,2132-C1,1,1000,"greedy,math",2
Eftekhar_Nahim,2132-C2,1,1400,"binary search,greedy,math",2
Eftekhar_Nahim,2134-A,1,800,"constructive algorithms,implementation,math",1
Eftekhar_Nahim,2134-B,1,1200,"constructive algorithms,math,number theory",4
Eftekhar_Nahim,2134-C,1,1200,"brute force,greedy,implementation",1
Eftekhar_Nahim,2136-A,1,800,"greedy,math",1
Eftekhar_Nahim,2146-A,1,800,"brute force,greedy,implementation",1
Eftekhar_Nahim,2146-B,1,1100,"greedy,implementation",2
Eftekhar_Nahim,2146-C,1,1300,"binary search,constructive algorithms",1
Eftekhar_Nahim,2148-A,1,800,"brute force,hashing,math",1
Eftekhar_Nahim,2148-B,1,800,geometry,1
Eftekhar_Nahim,2148-C,1,900,"greedy,math",1
Eftekhar_Nahim,2148-D,1,1000,"constructive algorithms,greedy,sortings",1
Eftekhar_Nahim,217-A,1,1200,"brute force,dfs and similar,dsu,graphs",1
Eftekhar_Nahim,2172-A,1,800,implementation,1
Eftekhar_Nahim,2185-A,1,800,"constructive algorithms,math",1
Eftekhar_Nahim,2185-B,1,800,greedy,1
Eftekhar_Nahim,2185-C,1,900,"implementation,sortings",1
Eftekhar_Nahim,2185-D,1,1100,"data structures,implementation,math,two pointers",1
Eftekhar_Nahim,2185-E,1,1500,"binary search,greedy,implementation,two pointers",3
Eftekhar_Nahim,220-B,1,1800,"constructive algorithms,data structures",1
Eftekhar_Nahim,2200-A,1,800,greedy,1
Eftekhar_Nahim,2200-B,1,800,"bitmasks,brute force,greedy,sortings",2
Eftekhar_Nahim,2200-C,1,900,"brute force,greedy,strings",1
Eftekhar_Nahim,2200-D,1,1300,"greedy,sortings",2
Eftekhar_Nahim,2202-A,1,800,math,1
Eftekhar_Nahim,2202-B,1,1200,"dp,greedy,implementation",9
Eftekhar_Nahim,2202-C1,1,1300,"data structures,dsu,greedy",2
Eftekhar_Nahim,2203-A,1,800,math,1
Eftekhar_Nahim,2203-B,1,1000,"bitmasks,dp,fft,greedy,math",1
Eftekhar_Nahim,2205-A,1,800,"brute force,constructive algorithms",1
Eftekhar_Nahim,2205-B,1,800,"implementation,math",1
Eftekhar_Nahim,2205-C,0,1500,"greedy,sortings",1
Eftekhar_Nahim,2232-C1,1,1300,"binary search,dp,greedy,two pointers",1
Eftekhar_Nahim,2232-C2,1,1500,"binary search,greedy,math,two pointers",1
Eftekhar_Nahim,25-D,1,1900,"dsu,graphs,trees",7
Eftekhar_Nahim,277-A,1,1400,"dfs and similar,dsu",2
Eftekhar_Nahim,300-C,1,1800,"brute force,combinatorics",1
Eftekhar_Nahim,425-A,1,1500,"brute force,sortings",2
Eftekhar_Nahim,61-E,1,1900,"data structures,trees",1
Eftekhar_Nahim,702-C,1,1500,"binary search,implementation,two pointers",1
Eftekhar_Nahim,706-D,1,1800,"binary search,bitmasks,data structures,trees",1
Mestu,1077-D,1,1600,"binary search,sortings",1
Mestu,1534-A,0,800,"brute force,implementation",2
Mestu,161-D,1,1800,"dfs and similar,dp,trees",1
Mestu,1690-F,1,1700,"graphs,math,number theory,strings",1
Mestu,1734-D,1,1800,"data structures,dp,greedy,two pointers",8
Mestu,1740-A,1,800,"constructive algorithms,number theory",2
Mestu,1759-D,1,1400,"brute force,number theory",1
Mestu,1759-E,1,1500,"brute force,dp,sortings",2
Mestu,1761-E,1,2400,"binary search,brute force,constructive algorithms,dsu,graphs,greedy,matrices,trees,two pointers",4
Mestu,1763-B,1,1200,"binary search,brute force,data structures,implementation,math,sortings",1
Mestu,1775-C,1,1600,"bitmasks,math",6
Mestu,1779-D,1,1700,"constructive algorithms,data structures,dp,dsu,greedy,sortings",5
Mestu,1780-D,1,1800,"binary search,bitmasks,constructive algorithms,interactive",1
Mestu,1793-D,1,1800,"binary search,dp,greedy,implementation,math,two pointers",2
Mestu,1794-A,1,800,strings,2
Mestu,1794-B,1,900,"constructive algorithms,greedy,math",1
Mestu,1794-C,1,1300,"binary search,greedy,math,two pointers",3
Mestu,1796-C,1,1600,"binary search,math",3
Mestu,1796-D,1,2000,"data structures,dp,greedy,two pointers",1
Mestu,1797-A,0,800,"constructive algorithms,flows,graphs,greedy,implementation",1
Mestu,1798-C,1,1700,"greedy,math,number theory",1
Mestu,1800-A,1,800,"implementation,strings",1
Mestu,1800-B,1,1000,"greedy,strings",1
Mestu,1800-C1,1,1000,"data structures,greedy",1
Mestu,1800-C2,1,1100,"data structures,greedy",1
Mestu,1800-D,1,1200,"data structures,greedy,hashing,strings",2
Mestu,1800-E1,1,1400,"brute force,constructive algorithms,dsu,graphs,greedy,strings",1
Mestu,1800-E2,1,1500,"brute force,constructive algorithms,dfs and similar,dsu,graphs,greedy,strings",1
Mestu,1801-B,1,1800,"data structures,greedy,sortings",11
Mestu,1804-A,1,800,"greedy,math",1
Mestu,1804-B,1,1000,"greedy,implementation",1
Mestu,1804-C,1,1500,"brute force,greedy,math,number theory",2
Mestu,1805-A,1,800,"bitmasks,brute force",3
Mestu,1805-B,1,800,"greedy,strings",2
Mestu,1805-C,1,1400,"binary search,data structures,geometry,math",2
Mestu,1805-D,1,1800,"dfs and similar,dp,graphs,greedy,trees",1
Mestu,1807-A,1,800,implementation,1
Mestu,1807-B,1,800,greedy,1
Mestu,1807-C,1,800,"greedy,implementation,strings",3
Mestu,1807-D,1,900,"data structures,implementation",1
Mestu,1807-E,1,1300,"binary search,implementation,interactive",2
Mestu,1807-F,1,1700,"brute force,dfs and similar,implementation",10
Mestu,1807-G1,1,1100,"brute force,data structures,dp,greedy,implementation,sortings",1
Mestu,1807-G2,1,1100,"bitmasks,dp,greedy,implementation,sortings",2
Mestu,1809-A,1,800,implementation,3
Mestu,1809-B,1,1000,"binary search,greedy,math",1
Mestu,1809-C,0,1500,"constructive algorithms,greedy,math",4
Mestu,1809-D,1,1800,"constructive algorithms,greedy",1
Mestu,1810-A,1,800,"brute force,greedy",1
Mestu,1810-B,1,800,"constructive algorithms,math,number theory",3
Mestu,1810-C,1,1300,"brute force,greedy,sortings",3
Mestu,1810-D,1,1700,"binary search,math",6
Mestu,1811-C,1,1100,"constructive algorithms,greedy",1
Mestu,1811-E,1,1500,"binary search,dp,math,number theory",3
Mestu,1814-A,1,800,"implementation,math",3
Mestu,1814-B,1,1700,"brute force,math",9
Mestu,1814-C,1,1500,"constructive algorithms,greedy,sortings",1
Mestu,1816-A,1,800,"constructive algorithms,geometry,number theory",4
Mestu,1816-B,1,1000,"constructive algorithms,greedy",1
Mestu,1816-C,1,1300,"math,sortings",6
Mestu,1818-A,1,800,"greedy,implementation",2
Mestu,1818-B,1,900,constructive algorithms,2
Mestu,1818-C,1,1500,"binary search,dp,greedy",4
Mestu,1818-D,1,1900,"brute force,dfs and similar,graphs,implementation",6
Mestu,1819-B,1,1900,"geometry,greedy,implementation,sortings,two pointers",8
Mestu,1820-A,1,800,"implementation,strings",6
Mestu,1820-B,1,1100,"math,strings,two pointers",3
Mestu,1820-C,1,1300,"constructive algorithms,greedy",2
Mestu,1821-D,1,1900,"binary search,brute force,greedy,math",20
Mestu,1822-F,1,1700,"brute force,dfs and similar,dp,graphs,trees",4
Mestu,1822-G1,1,1700,"brute force,data structures,math,number theory",1
Mestu,1825-B,1,1000,"greedy,math",2
Mestu,1826-A,1,1200,"brute force,greedy,implementation,sortings",7
Mestu,1826-B,1,1100,"math,number theory",1
Mestu,1826-C,1,1300,"greedy,math,number theory",2
Mestu,1826-D,1,1700,"brute force,dp,greedy",1
Mestu,1828-A,1,800,"constructive algorithms,math",1
Mestu,1828-B,1,900,"math,number theory",1
Mestu,1828-C,1,1100,"binary search,combinatorics,sortings",1
Mestu,1829-A,1,800,"implementation,strings",1
Mestu,1829-B,1,800,implementation,1
Mestu,1829-C,1,800,"bitmasks,greedy,implementation",1
Mestu,1829-D,1,1000,"brute force,dfs and similar,dp,implementation",1
Mestu,1829-E,1,1100,"dfs and similar,dsu,graphs,implementation",1
Mestu,1829-F,1,1300,"dfs and similar,graphs,math",1
Mestu,1829-G,1,1600,"data structures,dp,implementation,math",2
Mestu,1829-H,1,1700,"bitmasks,combinatorics,dp,math",2
Mestu,1830-B,1,2000,"brute force,math",3
Mestu,1831-A,1,800,constructive algorithms,2
Mestu,1831-B,1,1000,"constructive algorithms,greedy",3
Mestu,1831-C,1,1400,"dfs and similar,dp,graphs,trees",1
Mestu,1831-D,0,2000,"binary search,brute force,data structures,math",3
Mestu,1832-C,1,1200,"greedy,implementation",3
Mestu,1832-D1,1,2100,"binary search,greedy,implementation,math",3
Mestu,1833-A,1,800,"implementation,strings",1
Mestu,1833-B,1,900,"greedy,sortings",1
Mestu,1833-C,1,800,"greedy,math",2
Mestu,1833-D,1,1400,"brute force,constructive algorithms,greedy",2
Mestu,1833-F,1,1700,"combinatorics,constructive algorithms,data structures,implementation,math,sortings,two pointers",2
Mestu,1833-G,1,1800,"constructive algorithms,dfs and similar,dp,dsu,greedy,implementation,trees",2
Mestu,1834-D,1,1900,"brute force,data structures,greedy,implementation,sortings",1
Mestu,1836-A,1,800,"implementation,sortings",2
Mestu,1836-B,1,1100,"greedy,math",1
Mestu,1836-C,1,1700,"brute force,greedy,implementation,math",3
Mestu,1837-A,1,800,"constructive algorithms,math",1
Mestu,1837-B,1,900,greedy,2
Mestu,1837-C,1,1000,"constructive algorithms,greedy",1
Mestu,1837-D,1,1400,"constructive algorithms,greedy",4
Mestu,1837-F,1,2400,"binary search,data structures,greedy,implementation",2
Mestu,1838-A,1,800,"constructive algorithms,math",1
Mestu,1838-B,1,1100,"constructive algorithms,math",2
Mestu,1838-C,1,1400,"constructive algorithms,math,number theory",2
Mestu,1838-D,1,2100,"data structures,greedy,strings",2
Mestu,1840-A,1,800,"implementation,strings,two pointers",1
Mestu,1840-B,1,1100,"bitmasks,combinatorics,math",1
Mestu,1840-C,1,1000,"combinatorics,math,two pointers",2
Mestu,1840-D,1,1400,"binary search,greedy,sortings",1
Mestu,1840-E,1,1600,"data structures,hashing,implementation",1
Mestu,1841-A,1,800,"constructive algorithms,games",1
Mestu,1841-B,1,1000,implementation,1
Mestu,1841-C,1,1800,"brute force,dp,greedy,math,strings",8
Mestu,1841-D,1,2000,"data structures,greedy,sortings,two pointers",1
Mestu,1841-E,0,2200,"data structures,greedy,math",5
Mestu,1842-A,1,800,"games,math",1
Mestu,1842-B,1,1100,"bitmasks,greedy,math",1
Mestu,1842-C,0,1500,dp,2
Mestu,1843-A,1,800,"greedy,sortings,two pointers",1
Mestu,1843-B,1,800,"greedy,math,two pointers",1
Mestu,1843-C,1,800,"bitmasks,combinatorics,math,trees",1
Mestu,1843-D,1,1200,"combinatorics,dfs and similar,dp,math,trees",1
Mestu,1843-E,1,1600,"binary search,brute force,data structures,two pointers",1
Mestu,1843-F1,1,1800,"data structures,dfs and similar,dp,graphs,greedy,math,trees",2
Mestu,1843-F2,0,2300,"data structures,dfs and similar,divide and conquer,dp,math,trees",9
Mestu,1844-A,1,800,"constructive algorithms,games",1
Mestu,1844-B,1,1000,"constructive algorithms,math",1
Mestu,1845-A,1,800,"constructive algorithms,implementation,math,number theory",2
Mestu,1845-B,1,900,"geometry,implementation,math",3
Mestu,1845-C,1,1400,"binary search,dp,greedy,strings",3
Mestu,1845-D,1,1800,"binary search,brute force,data structures,dp,dsu,greedy,math,two pointers",2
Mestu,1846-A,1,800,"implementation,math",1
Mestu,1846-B,1,800,"brute force,implementation,strings",2
Mestu,1846-C,1,1200,"constructive algorithms,data structures,dp,greedy,sortings",2
Mestu,1846-D,1,1200,"constructive algorithms,geometry,math",1
Mestu,1846-E1,1,1300,"brute force,implementation,math",2
Mestu,1846-E2,1,1800,"binary search,brute force,implementation,math",10
Mestu,1847-A,1,800,"greedy,sortings",1
Mestu,1847-B,1,1000,"bitmasks,greedy,two pointers",2
Mestu,1847-C,0,1400,"bitmasks,brute force,dp,greedy",1
Mestu,1848-C,1,1800,"math,number theory",5
Mestu,1849-A,1,800,"implementation,math",1
Mestu,1849-B,1,1000,"greedy,math,sortings",3
Mestu,1849-C,0,1600,"binary search,brute force,data structures,hashing,strings",4
Mestu,1850-E,1,1100,"binary search,geometry,implementation,math",2
Mestu,1850-F,1,1300,"brute force,implementation,math,number theory",2
Mestu,1850-G,1,1500,"combinatorics,data structures,geometry,implementation,math,sortings",1
Mestu,1850-H,1,1700,"dfs and similar,dsu,graphs,greedy,implementation",1
Mestu,1851-A,1,800,"brute force,constructive algorithms,math",1
Mestu,1851-B,1,800,"greedy,sortings,two pointers",1
Mestu,1851-C,1,1000,greedy,1
Mestu,1851-D,1,1300,"implementation,math",1
Mestu,1851-E,1,1500,"dfs and similar,dp,graphs,sortings",1
Mestu,1851-F,1,1800,"bitmasks,greedy,math,strings,trees",1
Mestu,1852-B,1,1800,"constructive algorithms,graphs,greedy,math,sortings,two pointers",1
Mestu,1853-A,1,800,"brute force,greedy,math",2
Mestu,1853-B,1,1200,"binary search,brute force,math",1
Mestu,1853-C,1,1800,"binary search,constructive algorithms,implementation,math",3
Mestu,1854-A2,1,1900,"constructive algorithms,math",16
Mestu,1855-A,1,800,"greedy,math",1
Mestu,1855-B,1,900,"brute force,combinatorics,greedy,math,number theory",1
Mestu,1855-C1,1,1400,constructive algorithms,3
Mestu,1855-C2,1,1900,"constructive algorithms,math",5
Mestu,1856-A,1,800,implementation,5
Mestu,1856-B,1,900,"implementation,math",1
Mestu,1856-C,1,1600,"binary search,brute force,data structures,dp",1
Mestu,1856-E1,1,1800,"dfs and similar,dp,trees",6
Mestu,1857-F,1,1600,"binary search,data structures,math",6
Mestu,1857-G,1,2000,"combinatorics,divide and conquer,dsu,graphs,greedy,sortings,trees",2
Mestu,1858-A,1,800,"games,greedy,math",1
Mestu,1858-B,0,1500,"brute force,dp,greedy,math,number theory",5
Mestu,1858-C,1,1000,"constructive algorithms,greedy,math,number theory",1
Mestu,1859-A,1,800,"constructive algorithms,math,number theory",3
Mestu,1859-B,1,1000,"constructive algorithms,greedy,math,sortings",1
Mestu,1859-C,1,1200,"brute force,dp,greedy,math",1
Mestu,1859-D,1,1800,"binary search,data structures,dp,dsu,greedy,sortings",8
Mestu,1860-A,1,900,"constructive algorithms,strings",8
Mestu,1860-B,1,1200,"binary search,brute force,greedy,math",1
Mestu,1860-C,1,1400,"data structures,dp,games,greedy",1
Mestu,1861-A,1,800,"constructive algorithms,math",1
Mestu,1861-B,1,1000,"constructive algorithms,dp,greedy",3
Mestu,1861-C,1,1600,"data structures,dfs and similar,implementation,strings,trees",4
Mestu,1861-D,0,1800,"dp,greedy",4
Mestu,1862-A,1,800,"dp,greedy,implementation,strings",5
Mestu,1862-B,1,800,constructive algorithms,2
Mestu,1862-C,1,1100,"binary search,data structures,implementation,sortings",1
Mestu,1862-D,1,1300,"binary search,combinatorics,constructive algorithms,math",2
Mestu,1862-E,1,1600,"constructive algorithms,data structures,greedy",5
Mestu,1862-F,1,1800,"binary search,bitmasks,brute force,dp",3
Mestu,1862-G,0,2000,"binary search,data structures,math,sortings",1
Mestu,1863-A,1,800,"greedy,implementation",1
Mestu,1863-B,1,1100,"greedy,math,sortings",1
Mestu,1863-C,1,1100,"implementation,math",1
Mestu,1863-D,0,1400,"constructive algorithms,greedy",1
Mestu,1864-A,1,800,"constructive algorithms,greedy,implementation,math",3
Mestu,1864-B,1,1100,"constructive algorithms,greedy,sortings,strings",1
Mestu,1867-A,1,800,"constructive algorithms,sortings",1
Mestu,1867-B,1,1100,"bitmasks,constructive algorithms,strings",2
Mestu,1867-C,1,1300,"constructive algorithms,data structures,games,greedy,interactive",2
Mestu,1869-A,1,900,constructive algorithms,1
Mestu,1869-B,1,1100,"geometry,math,shortest paths,sortings",2
Mestu,1869-C,1,1300,"constructive algorithms,math",2
Mestu,1869-D1,0,1700,"bitmasks,constructive algorithms,graphs,implementation,math",2
Mestu,1872-A,1,800,"brute force,greedy,math",1
Mestu,1872-B,1,900,"greedy,implementation",2
Mestu,1872-C,1,1100,"math,number theory",3
Mestu,1872-D,1,1200,math,1
Mestu,1872-E,1,1500,"binary search,bitmasks,data structures,dp",4
Mestu,1872-F,1,1800,"dfs and similar,dsu,graphs,implementation,math",9
Mestu,1872-G,1,2000,"brute force,greedy,math",15
Mestu,1873-A,1,800,"brute force,implementation",1
Mestu,1873-B,1,800,"brute force,greedy,math",1
Mestu,1873-C,1,800,"implementation,math",1
Mestu,1873-D,1,800,"greedy,implementation,two pointers",1
Mestu,1873-E,1,1100,"binary search,sortings",1
Mestu,1873-F,1,1300,"binary search,greedy,math,two pointers",2
Mestu,1873-G,1,1500,"constructive algorithms,greedy",4
Mestu,1873-H,0,1700,"dfs and similar,dsu,games,graphs,shortest paths,trees",6
Mestu,1878-A,1,800,greedy,1
Mestu,1878-B,1,800,"constructive algorithms,math",2
Mestu,1878-C,1,900,math,1
Mestu,1878-D,1,1600,"data structures,greedy",1
Mestu,1878-E,1,1400,"binary search,bitmasks,data structures,greedy",1
Mestu,1878-F,1,1900,"brute force,math,number theory",10
Mestu,1878-G,1,2300,"binary search,bitmasks,brute force,data structures,dfs and similar,implementation,trees",7
Mestu,1879-A,1,800,greedy,2
Mestu,1879-B,1,900,"constructive algorithms,greedy",1
Mestu,1879-C,0,1300,"combinatorics,dp,greedy",2
Mestu,1881-A,1,800,"brute force,strings",3
Mestu,1881-B,1,900,math,1
Mestu,1881-C,1,1200,"brute force,implementation",1
Mestu,1881-D,1,1300,"math,number theory",1
Mestu,1881-E,1,1500,dp,1
Mestu,1882-A,1,800,greedy,1
Mestu,1882-B,1,1300,"bitmasks,brute force,constructive algorithms,greedy",1
Mestu,1882-C,1,1500,"brute force,greedy",3
Mestu,1886-A,1,800,"brute force,constructive algorithms,math",2
Mestu,1886-B,1,1200,"binary search,geometry,math",6
Mestu,1890-D,1,1700,"graphs,greedy,math,sortings",1
Mestu,1891-A,1,800,"constructive algorithms,sortings",1
Mestu,1891-B,1,1100,"brute force,math,sortings",1
Mestu,1891-C,0,1500,"binary search,constructive algorithms,greedy,sortings,two pointers",2
Mestu,1891-F,1,2000,"data structures,dfs and similar,trees",6
Mestu,1894-D,1,1700,"constructive algorithms,data structures,sortings,two pointers",2
Mestu,1898-A,1,800,"brute force,implementation,strings",1
Mestu,1898-B,0,1500,"greedy,math",5
Mestu,1899-A,1,800,"games,math,number theory",1
Mestu,1899-B,1,1100,"brute force,implementation,number theory",1
Mestu,1899-C,1,1100,"dp,greedy,two pointers",1
Mestu,1899-D,1,1300,"hashing,math,number theory",2
Mestu,1903-A,1,800,"brute force,greedy,sortings",1
Mestu,1903-B,1,1200,"bitmasks,brute force,constructive algorithms,greedy",1
Mestu,1903-C,1,1400,"constructive algorithms,greedy",3
Mestu,1907-A,0,800,implementation,1
Mestu,1910-A,1,1100,"*special,implementation",1
Mestu,1910-B,0,1600,"*special,greedy",2
Mestu,1914-A,1,800,"implementation,strings",3
Mestu,1914-B,1,800,"constructive algorithms,math",2
Mestu,1914-C,1,1100,"greedy,math",1
Mestu,1914-D,1,1200,"brute force,dp,greedy,implementation,sortings",1
Mestu,1914-E1,0,1400,"brute force,games,greedy,sortings",1
Mestu,1914-E2,0,1400,"games,greedy,sortings",1
Mestu,1915-A,1,800,"bitmasks,implementation",1
Mestu,1915-B,1,800,"bitmasks,brute force,implementation",1
Mestu,1915-C,1,800,"binary search,implementation",1
Mestu,1915-D,1,900,"greedy,implementation,strings",1
Mestu,1915-E,1,1300,"data structures,greedy,math",5
Mestu,1915-F,1,1500,"data structures,divide and conquer,sortings",1
Mestu,1915-G,0,1800,"graphs,greedy,implementation,shortest paths,sortings",4
Mestu,1917-A,1,800,"constructive algorithms,math",2
Mestu,1918-A,1,800,"constructive algorithms,greedy,implementation,math",1
Mestu,1918-B,1,900,"constructive algorithms,data structures,greedy,implementation,sortings",2
Mestu,1918-C,1,1400,"bitmasks,greedy,implementation,math",4
Mestu,1919-A,1,800,"games,math",2
Mestu,1919-B,1,800,greedy,1
Mestu,1919-C,0,1400,"data structures,dp,greedy",2
Mestu,1922-A,1,800,"constructive algorithms,implementation,strings",1
Mestu,1922-B,1,1200,"combinatorics,constructive algorithms,math,sortings",5
Mestu,1922-C,1,1300,"greedy,implementation,math",1
Mestu,1923-A,1,800,"greedy,implementation",1
Mestu,1923-B,0,1100,"dp,greedy,implementation",1
Mestu,1923-C,0,1400,"constructive algorithms,greedy",2
Mestu,1927-A,1,800,"greedy,strings",1
Mestu,1927-B,1,900,"constructive algorithms,greedy,strings",1
Mestu,1927-C,1,1000,"brute force,greedy,math",1
Mestu,1927-D,1,1300,"binary search,brute force,data structures,dp,dsu,greedy,two pointers",1
Mestu,1927-E,1,1400,"constructive algorithms,math,two pointers",2
Mestu,1941-A,1,800,"brute force,math",1
Mestu,1941-B,1,1000,"brute force,dp,greedy,math",1
Mestu,1941-C,1,900,"dp,greedy,strings",1
Mestu,1941-D,1,1200,"dfs and similar,dp,implementation",4
Mestu,1941-E,1,1600,"binary search,data structures,dp,two pointers",2
Mestu,1941-F,1,1800,"binary search,greedy,sortings,two pointers",4
Mestu,1946-A,1,800,"greedy,implementation,sortings",1
Mestu,1949-I,1,1800,"dfs and similar,geometry,graph matchings,graphs",3
Mestu,1971-A,1,800,"implementation,sortings",1
Mestu,1971-B,1,800,"implementation,strings",1
Mestu,1971-C,1,900,implementation,2
Mestu,1971-D,1,1100,"dp,greedy,implementation,sortings,strings",1
Mestu,1971-E,0,1500,"binary search,math,sortings",5
Mestu,1971-G,1,1700,"data structures,dsu,sortings",1
Mestu,2010-C1,1,1400,"brute force,strings",1
Mestu,2010-C2,1,1700,"hashing,string suffix structures,strings,two pointers",1
Mestu,2014-A,1,800,"greedy,implementation",1
Mestu,2014-B,1,800,math,1
Mestu,2014-C,1,1100,"binary search,greedy,math",1
Mestu,2014-D,1,1400,"brute force,data structures,greedy,sortings",1
Mestu,2014-E,0,1800,"dfs and similar,graphs,shortest paths",4
Mestu,2019-A,1,800,"brute force,dp,greedy",1
Mestu,2019-B,1,1200,"implementation,math",1
Mestu,204-C,1,2000,"math,probabilities",2
Mestu,245-H,1,1800,"dp,hashing,strings",5
Mestu,300-C,1,1800,"brute force,combinatorics",4
Mestu,321-C,1,2100,"constructive algorithms,dfs and similar,divide and conquer,greedy,trees",2
Mestu,342-E,1,2400,"data structures,divide and conquer,trees",1
Mestu,388-C,1,2000,"games,greedy,sortings",2
Mestu,4-A,1,800,"brute force,math",2
Mestu,435-C,1,1600,implementation,1
Mestu,460-A,1,900,"brute force,implementation,math",1
Mestu,472-D,1,1900,"dfs and similar,dsu,shortest paths,trees",1
Mestu,55-C,1,1900,games,6
Mestu,581-D,1,1700,"bitmasks,brute force,constructive algorithms,geometry,implementation,math",1
Mestu,582-A,1,1700,"constructive algorithms,greedy,number theory",1
Mestu,585-A,1,1800,"brute force,implementation",1
Mestu,600-A,1,1600,"implementation,strings",4
Mestu,734-D,1,1700,implementation,1
Mestu,766-E,1,2100,"bitmasks,constructive algorithms,data structures,dfs and similar,dp,math,trees",1
Mestu,912-D,1,2100,"data structures,graphs,greedy,probabilities,shortest paths",1
Mestu,919-D,1,1700,"dfs and similar,dp,graphs",2
RakibJoy,1083-E,1,2400,"data structures,dp,geometry",11
RakibJoy,1090-A,1,1300,greedy,1
RakibJoy,1197-D,1,1900,"dp,greedy,math",3
RakibJoy,1706-E,1,2300,"binary search,data structures,dfs and similar,divide and conquer,dsu,greedy,trees",1
RakibJoy,1780-D,1,1800,"binary search,bitmasks,constructive algorithms,interactive",2
RakibJoy,1930-C,1,1700,"binary search,constructive algorithms,data structures,greedy,sortings",14
RakibJoy,1983-E,1,2300,"combinatorics,math,probabilities",3
RakibJoy,1983-F,1,2500,"binary search,bitmasks,data structures,greedy,two pointers",10
RakibJoy,1984-A,1,800,constructive algorithms,1
RakibJoy,1984-B,1,1100,"implementation,math",2
RakibJoy,1984-C1,1,1300,"dp,greedy,math",8
RakibJoy,1984-D,1,2000,"brute force,hashing,implementation,math,string suffix structures,strings",1
RakibJoy,1988-A,1,900,"brute force,greedy,implementation,math",1
RakibJoy,1988-B,1,900,"greedy,implementation",1
RakibJoy,1988-C,1,1300,"bitmasks,constructive algorithms,greedy",1
RakibJoy,1988-D,1,2000,"brute force,dfs and similar,dp,trees",19
RakibJoy,1990-A,1,900,"brute force,games,greedy,sortings",1
RakibJoy,1990-B,1,1200,"constructive algorithms,greedy",3
RakibJoy,1990-C,1,1500,"brute force,greedy,math",3
RakibJoy,1990-D,1,1800,"bitmasks,brute force,dp,greedy,implementation",1
RakibJoy,1991-A,1,800,"greedy,implementation",1
RakibJoy,1991-B,1,1100,"bitmasks,constructive algorithms,greedy",1
RakibJoy,1991-C,1,1300,"constructive algorithms,greedy,math",1
RakibJoy,1991-D,1,1900,"bitmasks,constructive algorithms,graphs,greedy,math,number theory",3
RakibJoy,1991-E,1,1900,"constructive algorithms,dfs and similar,games,graphs,greedy,interactive",4
RakibJoy,1991-F,1,2200,"brute force,greedy,implementation,math,sortings",2
RakibJoy,1992-A,1,800,"brute force,constructive algorithms,greedy,math,sortings",1
RakibJoy,1992-B,1,800,"greedy,math,sortings",1
RakibJoy,1992-C,1,900,"constructive algorithms,math",3
RakibJoy,1992-D,1,1200,"dp,greedy,implementation",1
RakibJoy,1992-E,1,1700,"brute force,constructive algorithms,implementation,math,strings",5
RakibJoy,1992-F,1,1900,"brute force,dp,greedy,number theory,two pointers",1
RakibJoy,1992-G,1,2000,"combinatorics,dp,math",3
RakibJoy,1994-A,1,800,"constructive algorithms,greedy,implementation",1
RakibJoy,1994-B,1,1100,"bitmasks,constructive algorithms,greedy,math",1
RakibJoy,1994-C,1,1600,"binary search,dp,two pointers",1
RakibJoy,1994-D,1,1900,"constructive algorithms,dsu,graphs,greedy,math,number theory,trees",2
RakibJoy,1994-E,1,2000,"bitmasks,greedy,math,trees",1
RakibJoy,1995-A,1,800,"brute force,greedy,implementation,math",1
RakibJoy,1995-B1,1,1100,"binary search,brute force,greedy,sortings,two pointers",1
RakibJoy,1995-B2,0,1700,"binary search,data structures,greedy,math,sortings,two pointers",13
RakibJoy,1995-C,0,1800,"brute force,constructive algorithms,greedy,implementation,math,number theory",11
RakibJoy,1996-A,1,800,"binary search,math,ternary search",1
RakibJoy,1996-B,1,800,"greedy,implementation",1
RakibJoy,1996-C,1,1200,"dp,greedy,sortings,strings",1
RakibJoy,1996-D,1,1500,"binary search,brute force,combinatorics,math,number theory",2
RakibJoy,1996-E,1,1600,"combinatorics,data structures,implementation,math",1
RakibJoy,1996-F,1,1900,"binary search,greedy,math",1
RakibJoy,1996-G,1,2200,"brute force,data structures,graphs,greedy,hashing",1
RakibJoy,1997-A,1,800,"brute force,implementation,strings",1
RakibJoy,1997-B,1,1100,"constructive algorithms,two pointers",4
RakibJoy,1997-C,1,1100,"constructive algorithms,data structures,greedy",1
RakibJoy,1997-D,1,1500,"binary search,dfs and similar,dp,greedy,trees",1
RakibJoy,1997-E,1,2200,"binary search,brute force,data structures,divide and conquer,implementation",1
RakibJoy,1998-A,1,800,"constructive algorithms,implementation,math",4
RakibJoy,1998-B,1,1000,"constructive algorithms,math,number theory",1
RakibJoy,1998-C,1,1900,"binary search,brute force,constructive algorithms,greedy,implementation",1
RakibJoy,1998-D,1,2100,"data structures,dp,graphs,greedy,shortest paths",3
RakibJoy,1999-A,1,800,"implementation,math",2
RakibJoy,1999-B,1,1000,"brute force,constructive algorithms,implementation",1
RakibJoy,1999-C,1,800,"greedy,implementation",1
RakibJoy,1999-D,1,1100,"greedy,implementation,strings",1
RakibJoy,1999-E,1,1300,"dp,implementation,math",1
RakibJoy,1999-F,1,1500,"combinatorics,math",1
RakibJoy,1999-G1,1,1500,"binary search,interactive",3
RakibJoy,1999-G2,1,1700,"binary search,interactive,ternary search",13
RakibJoy,2000-A,1,800,"implementation,math,strings",3
RakibJoy,2000-B,1,800,two pointers,2
RakibJoy,2000-C,1,1000,"data structures,strings",1
RakibJoy,2000-D,1,1200,"greedy,implementation,two pointers",1
RakibJoy,2000-E,1,1400,"combinatorics,data structures,greedy,math",1
RakibJoy,2000-F,1,1900,"dp,greedy,implementation,math",1
RakibJoy,2000-G,1,2100,"binary search,brute force,graphs,greedy,shortest paths",6
RakibJoy,2001-A,1,800,"greedy,implementation",1
RakibJoy,2001-B,1,800,constructive algorithms,1
RakibJoy,2001-C,1,1500,"binary search,brute force,dfs and similar,divide and conquer,dsu,greedy,interactive,trees",2
RakibJoy,2001-D,1,1900,"brute force,constructive algorithms,data structures,greedy,implementation",1
RakibJoy,2002-A,1,800,"constructive algorithms,implementation,math",1
RakibJoy,2002-B,1,1000,"constructive algorithms,games",2
RakibJoy,2002-C,1,1200,"brute force,geometry,greedy,math",1
RakibJoy,2002-D1,1,1900,"brute force,data structures,dfs and similar,graphs,hashing,trees",2
RakibJoy,2002-D2,1,2300,"binary search,data structures,dfs and similar,graphs,hashing,trees",1
RakibJoy,2002-E,1,2300,"brute force,data structures,dp",2
RakibJoy,2003-A,1,800,"greedy,strings",1
RakibJoy,2003-B,1,800,"games,greedy,sortings",1
RakibJoy,2003-C,1,1200,"constructive algorithms,greedy,sortings,strings",2
RakibJoy,2003-D1,1,1500,"greedy,math",2
RakibJoy,2004-A,1,800,"implementation,math",1
RakibJoy,2004-B,1,1000,"brute force,greedy",1
RakibJoy,2004-C,1,1100,"games,greedy,sortings",1
RakibJoy,2004-D,1,1600,"binary search,brute force,data structures,graphs,greedy,implementation,shortest paths",1
RakibJoy,2004-E,1,2100,"brute force,games,math,number theory",1
RakibJoy,2004-F,1,2600,"binary search,brute force,data structures,greedy,math",2
RakibJoy,2005-A,1,900,"combinatorics,constructive algorithms,greedy,math",3
RakibJoy,2005-B1,1,1000,"greedy,math,sortings",1
RakibJoy,2005-B2,1,1200,"binary search,greedy,math,sortings",3
RakibJoy,2005-C,1,1800,"dp,implementation,strings",1
RakibJoy,2005-E1,1,2100,"dp,games,greedy,implementation",1
RakibJoy,2007-A,1,800,"greedy,math,number theory",2
RakibJoy,2007-B,1,900,"data structures,greedy",1
RakibJoy,2007-D,1,1700,"games,graphs,greedy,trees",4
RakibJoy,2008-A,1,800,"brute force,constructive algorithms,greedy,math",1
RakibJoy,2008-B,1,800,"brute force,math,strings",1
RakibJoy,2008-C,1,800,"binary search,brute force,math",1
RakibJoy,2008-D,1,1100,"dp,dsu,graphs,math",1
RakibJoy,2008-E,1,1500,"brute force,data structures,dp,greedy,implementation,strings",1
RakibJoy,2008-F,1,1400,"combinatorics,math,number theory",1
RakibJoy,2008-G,1,1800,"binary search,greedy,math,number theory",1
RakibJoy,2009-A,1,800,"brute force,math",1
RakibJoy,2009-B,1,800,"brute force,implementation",1
RakibJoy,2009-C,1,1100,"implementation,math",1
RakibJoy,2009-D,1,1400,"geometry,math",1
RakibJoy,2009-E,1,1400,"binary search,math,ternary search",1
RakibJoy,2009-F,1,1700,"bitmasks,data structures,flows,math",1
RakibJoy,2009-G1,1,1900,"binary search,data structures,two pointers",1
RakibJoy,2009-G2,1,2200,"binary search,data structures,dp",1
RakibJoy,2013-A,1,800,"constructive algorithms,math",1
RakibJoy,2013-B,1,900,"constructive algorithms,greedy,math",1
RakibJoy,2013-C,1,1400,"constructive algorithms,interactive,strings",1
RakibJoy,2013-D,1,1900,"binary search,greedy",4
RakibJoy,2014-A,1,800,"greedy,implementation",1
RakibJoy,2014-B,1,800,math,1
RakibJoy,2014-C,1,1100,"binary search,greedy,math",1
RakibJoy,2014-D,1,1400,"brute force,data structures,greedy,sortings",1
RakibJoy,2014-E,1,1800,"dfs and similar,graphs,shortest paths",1
RakibJoy,2014-F,1,2000,"dfs and similar,dp,greedy,trees",1
RakibJoy,2014-H,1,1900,"data structures,divide and conquer,greedy,hashing",3
RakibJoy,2019-C,1,1600,"greedy,implementation,math",1
RakibJoy,2019-E,1,1700,"constructive algorithms,dfs and similar,dp,sortings,trees",1
RakibJoy,2021-A,1,800,"data structures,greedy,math,sortings",1
RakibJoy,2021-B,1,1200,"brute force,greedy,math,number theory",1
RakibJoy,2021-C1,1,1300,"constructive algorithms,greedy",1
RakibJoy,2021-C2,1,1900,"constructive algorithms,data structures,greedy,implementation,sortings",2
RakibJoy,2021-E1,1,2300,"brute force,data structures,dfs and similar,dp,dsu,fft,graphs,greedy,implementation,math,trees",1
RakibJoy,2021-E2,1,2500,"data structures,dp,dsu,graphs,math,trees",8
RakibJoy,2022-A,1,800,"constructive algorithms,greedy,implementation,math",1
RakibJoy,2022-B,1,1300,"binary search,greedy,math",2
RakibJoy,2022-C,1,1800,"dp,implementation",2
RakibJoy,2022-D1,1,1900,"binary search,brute force,constructive algorithms,implementation,interactive",8
RakibJoy,2024-A,1,800,"greedy,math",1
RakibJoy,2024-B,1,1100,"binary search,constructive algorithms,sortings",1
RakibJoy,2024-C,1,1300,"constructive algorithms,greedy,sortings",1
RakibJoy,2024-D,1,1700,"constructive algorithms,data structures,divide and conquer,dp,flows,graphs,greedy,implementation,shortest paths",1
RakibJoy,2025-A,1,800,"binary search,greedy,strings,two pointers",1
RakibJoy,2025-B,1,1100,"combinatorics,dp,math",1
RakibJoy,2025-C,1,1300,"binary search,brute force,greedy,implementation,sortings,two pointers",1
RakibJoy,2025-D,1,1800,"brute force,data structures,dp,implementation,math,two pointers",3
RakibJoy,2025-E,1,2200,"combinatorics,dp,fft,greedy,math",10
RakibJoy,2027-A,1,800,"geometry,implementation,math",1
RakibJoy,2027-B,1,1100,"brute force,greedy",1
RakibJoy,2027-C,1,1500,"brute force,data structures,dfs and similar,dp,graphs,greedy",1
RakibJoy,2027-D1,1,1700,"binary search,dp,graphs,greedy,implementation,two pointers",1
RakibJoy,2027-D2,1,2200,"binary search,data structures,dp,greedy,implementation,two pointers",2
RakibJoy,2030-A,1,800,"constructive algorithms,greedy,math,sortings",1
RakibJoy,2030-B,1,800,"combinatorics,constructive algorithms,games,math",1
RakibJoy,2030-C,1,1100,"brute force,games,greedy",1
RakibJoy,2030-D,1,1700,"data structures,implementation,sortings",2
RakibJoy,2036-A,1,800,implementation,1
RakibJoy,2036-B,1,800,"greedy,sortings",1
RakibJoy,2036-C,1,1100,"brute force,implementation",1
RakibJoy,2036-D,1,1300,"brute force,implementation,matrices",1
RakibJoy,2036-E,1,1600,"binary search,constructive algorithms,data structures,greedy",1
RakibJoy,2036-F,1,1900,"bitmasks,dp,number theory,two pointers",3
RakibJoy,2036-G,0,2200,"binary search,constructive algorithms,divide and conquer,interactive,math,number theory",8
RakibJoy,2038-A,1,1400,"games,greedy",1
RakibJoy,2038-B,1,2100,"binary search,brute force,greedy,math",9
RakibJoy,2038-C,1,1400,"data structures,geometry,greedy,sortings",1
RakibJoy,2038-D,1,2400,"binary search,bitmasks,data structures,dp,implementation",3
RakibJoy,2038-G,1,1900,"constructive algorithms,implementation,interactive",2
RakibJoy,2038-J,1,800,"greedy,implementation",1
RakibJoy,2038-K,1,2100,"brute force,dp,greedy,math,number theory",1
RakibJoy,2038-L,1,1400,"brute force,dp,greedy,math,two pointers",1
RakibJoy,2038-N,1,800,implementation,1
RakibJoy,2041-A,1,1300,"implementation,sortings",1
RakibJoy,2041-B,1,1200,"binary search,brute force,math",2
RakibJoy,2041-C,1,2000,"bitmasks,dfs and similar,dp",5
RakibJoy,2041-D,1,1700,"brute force,dfs and similar,graphs,shortest paths",3
RakibJoy,2041-E,1,1200,"constructive algorithms,math",1
RakibJoy,2041-M,1,2000,"binary search,data structures,greedy,two pointers",1
RakibJoy,2042-A,1,800,"greedy,sortings",1
RakibJoy,2042-B,1,900,"games,greedy",1
RakibJoy,2042-C,1,1800,greedy,6
RakibJoy,2042-D,1,1900,"data structures,implementation,sortings,two pointers",1
RakibJoy,2044-A,1,800,"brute force,math",1
RakibJoy,2044-B,1,800,"implementation,strings",1
RakibJoy,2044-C,1,800,"greedy,math",1
RakibJoy,2044-D,1,1100,"constructive algorithms,greedy,math",1
RakibJoy,2044-E,1,1300,"binary search,greedy,implementation,math,number theory",1
RakibJoy,2044-F,1,1900,"binary search,brute force,data structures,math,number theory",1
RakibJoy,2044-G1,1,1700,"dfs and similar,graph matchings,graphs,implementation,trees",1
RakibJoy,2044-G2,0,1900,"dfs and similar,dp,dsu,graphs,implementation,trees",2
RakibJoy,2045-A,1,1700,"brute force,greedy",3
RakibJoy,2045-B,1,2000,"math,number theory",6
RakibJoy,2045-C,1,1400,"greedy,strings",1
RakibJoy,2045-H,1,2200,"dp,sortings,string suffix structures,strings",4
RakibJoy,2045-I,1,2100,data structures,1
RakibJoy,2045-M,1,1800,"brute force,dfs and similar,graphs,implementation",1
RakibJoy,2051-A,1,800,greedy,1
RakibJoy,2051-B,1,800,"binary search,math",1
RakibJoy,2051-C,1,1000,"constructive algorithms,implementation",1
RakibJoy,2051-D,1,1200,"binary search,sortings,two pointers",1
RakibJoy,2051-E,1,1600,"binary search,brute force,data structures,greedy,sortings",2
RakibJoy,2051-F,1,2000,"brute force,greedy,implementation,math",7
RakibJoy,2051-G,1,2100,"bitmasks,dp,dsu,graphs",1
RakibJoy,2052-A,1,1600,constructive algorithms,3
RakibJoy,2052-D,1,2100,"brute force,graphs",1
RakibJoy,2052-E,1,1900,"brute force,expression parsing,strings",16
RakibJoy,2052-F,1,1700,"constructive algorithms,dp,graphs",2
RakibJoy,2052-J,1,2000,"binary search,greedy,sortings",3
RakibJoy,2052-M,0,2700,"dp,graphs,math,trees",1
RakibJoy,2053-A,1,800,"dp,geometry,greedy,math",1
RakibJoy,2053-B,1,1200,"binary search,brute force,data structures,greedy",1
RakibJoy,2053-C,1,1500,"bitmasks,divide and conquer,dp,math",1
RakibJoy,2053-D,1,1700,"binary search,data structures,greedy,math,schedules,sortings",1
RakibJoy,2053-E,1,1900,"dfs and similar,dp,games,graphs,greedy,trees",1
RakibJoy,2055-A,1,800,"constructive algorithms,games,greedy,math",2
RakibJoy,2055-B,1,1000,"constructive algorithms,greedy,sortings",1
RakibJoy,2055-C,1,1400,"brute force,constructive algorithms,greedy,math,two pointers",1
RakibJoy,2055-D,1,2000,"greedy,implementation,math",1
RakibJoy,2061-A,1,800,math,1
RakibJoy,2061-B,1,1100,"binary search,geometry",1
RakibJoy,2061-C,1,1600,"2-sat,combinatorics,dp",1
RakibJoy,2061-D,1,1600,"bitmasks,data structures",1
RakibJoy,2061-E,1,2000,"bitmasks,brute force,dp,greedy,math,sortings",1
RakibJoy,2061-F1,1,2100,"greedy,implementation",1
RakibJoy,2062-A,1,800,"constructive algorithms,greedy,math,strings",1
RakibJoy,2062-B,1,900,"greedy,math",1
RakibJoy,2062-C,1,1200,"brute force,math",1
RakibJoy,2062-D,1,2200,"dfs and similar,dp,graphs,greedy,trees",1
RakibJoy,2062-E1,1,2000,"data structures,dfs and similar,games,graphs,greedy,trees",1
RakibJoy,2063-A,1,800,"math,number theory",1
RakibJoy,2063-B,1,1100,"constructive algorithms,data structures,greedy,sortings",2
RakibJoy,2063-C,1,1600,"brute force,data structures,dfs and similar,dp,graphs,greedy,sortings,trees",1
RakibJoy,2063-D,1,2000,"binary search,brute force,data structures,geometry,greedy,implementation,math,ternary search,two pointers",11
RakibJoy,2065-A,1,800,"brute force,constructive algorithms,greedy,implementation,strings",1
RakibJoy,2065-B,1,800,strings,1
RakibJoy,2065-C1,1,1100,"binary search,dp,greedy",3
RakibJoy,2065-C2,1,1300,"binary search,greedy",3
RakibJoy,2065-D,1,1200,"greedy,sortings",1
RakibJoy,2065-E,1,1600,"constructive algorithms,greedy,strings",2
RakibJoy,2065-F,1,1700,"data structures,dfs and similar,graphs,greedy,trees",1
RakibJoy,2065-G,1,1700,"combinatorics,math,number theory",1
RakibJoy,2065-H,1,2200,"combinatorics,data structures,divide and conquer,dp,math,matrices",1
RakibJoy,2068-F,1,1900,"brute force,greedy,implementation,strings",1
RakibJoy,2068-J,0,2000,"combinatorics,greedy",4
RakibJoy,2069-A,1,800,"graph matchings,greedy",1
RakibJoy,2069-C,1,1500,"combinatorics,dp,greedy,two pointers",1
RakibJoy,2069-D,1,1800,"binary search,greedy,hashing,strings,two pointers",4
RakibJoy,2071-A,1,800,"math,number theory",1
RakibJoy,2071-B,1,1100,"brute force,constructive algorithms,greedy,math",1
RakibJoy,2071-C,1,1700,"constructive algorithms,data structures,dfs and similar,dp,greedy,sortings,trees",1
RakibJoy,2071-D1,1,1800,"bitmasks,brute force,dp,implementation,math",1
RakibJoy,2072-A,1,800,"greedy,implementation,math",1
RakibJoy,2072-B,1,900,"combinatorics,constructive algorithms,strings",1
RakibJoy,2072-C,1,1200,"bitmasks,constructive algorithms,greedy",1
RakibJoy,2072-D,1,1300,"brute force,greedy,implementation",1
RakibJoy,2072-E,1,1500,"binary search,brute force,constructive algorithms,dp,geometry,greedy,math",1
RakibJoy,2072-F,1,1700,"2-sat,bitmasks,combinatorics,constructive algorithms,fft,math,number theory",1
RakibJoy,2073-A,1,1900,,6
RakibJoy,2073-G,1,2200,,3
RakibJoy,2073-J,1,2000,,1
RakibJoy,2073-L,1,1300,,1
RakibJoy,2074-A,1,800,"geometry,implementation",2
RakibJoy,2074-B,1,800,"geometry,greedy,math",1
RakibJoy,2074-C,1,1100,"bitmasks,brute force,geometry,greedy,probabilities",1
RakibJoy,2074-D,1,1400,"brute force,data structures,geometry,implementation,two pointers",1
RakibJoy,2074-E,1,1600,"geometry,interactive,probabilities",21
RakibJoy,2081-A,1,1800,"bitmasks,dp,math,probabilities",2
RakibJoy,2081-D,1,2600,"constructive algorithms,dsu,graphs,greedy,math,number theory,sortings,trees",17
RakibJoy,2091-F,1,1800,"binary search,brute force,dp",1
RakibJoy,2092-A,1,800,"greedy,math,number theory,sortings",1
RakibJoy,2092-B,1,1000,"brute force,constructive algorithms,implementation,math",1
RakibJoy,2092-C,1,1200,"constructive algorithms,greedy,math",1
RakibJoy,2092-D,1,1800,"brute force,constructive algorithms,greedy,implementation,strings",1
RakibJoy,2123-A,1,800,math,1
RakibJoy,2123-B,0,800,greedy,1
RakibJoy,2123-C,0,1000,"brute force,data structures",2
RakibJoy,2123-D,0,1200,"constructive algorithms,games,greedy",2
RakibJoy,2123-E,1,1400,"binary search,data structures,greedy,sortings,two pointers",2
RakibJoy,2123-F,0,1700,"constructive algorithms,number theory",5
RakibJoy,2128-A,1,800,"greedy,sortings",1
RakibJoy,2128-B,1,1100,"constructive algorithms,greedy,sortings,two pointers",1
RakibJoy,2128-C,1,1200,"greedy,math",4
RakibJoy,2128-D,1,1600,"brute force,combinatorics,dp,greedy,math",2
RakibJoy,2130-A,1,800,"greedy,math",1
RakibJoy,2130-B,1,1100,constructive algorithms,1
RakibJoy,2130-C,1,1300,"constructive algorithms,dsu,greedy",1
RakibJoy,2130-D,1,1600,"data structures,greedy",1
RakibJoy,2130-E1,1,1900,"binary search,constructive algorithms,interactive,strings",4
RakibJoy,2132-A,1,800,"brute force,implementation,strings",1
RakibJoy,2132-B,1,900,math,1
RakibJoy,2132-C1,1,1000,"greedy,math",1
RakibJoy,2132-C2,1,1400,"binary search,greedy,math",1
RakibJoy,2132-D,1,1600,"binary search,dp,implementation,math",1
RakibJoy,2132-E,1,1700,"binary search,data structures,greedy,sortings,ternary search",3
RakibJoy,2149-A,1,800,math,1
RakibJoy,2149-B,1,800,"greedy,sortings",1
RakibJoy,2149-C,1,900,greedy,2
RakibJoy,2149-D,1,1200,strings,1
RakibJoy,2149-E,1,1500,"data structures,two pointers",1
RakibJoy,2149-F,1,1900,"binary search,math,ternary search",2
RakibJoy,2149-G,1,2100,"binary search,brute force,data structures,divide and conquer,probabilities",5
RakibJoy,2158-A,1,800,"constructive algorithms,greedy,math",1
RakibJoy,2158-B,1,1200,"constructive algorithms,greedy,math",1
RakibJoy,2158-C,1,1400,"dp,games,greedy",5
RakibJoy,2162-A,1,800,"brute force,greedy",1
RakibJoy,2162-B,1,1000,"brute force,constructive algorithms",1
RakibJoy,2162-C,1,1100,"bitmasks,constructive algorithms,greedy",1
RakibJoy,2162-D,1,1400,"binary search,interactive",3
RakibJoy,2162-E,1,1600,"constructive algorithms,greedy,schedules",11
RakibJoy,2169-A,1,900,"greedy,implementation",2
RakibJoy,2169-B,1,1100,"greedy,implementation",3
RakibJoy,2169-C,1,1300,"dp,greedy,math,two pointers",1
RakibJoy,2169-D1,1,1500,"binary search,implementation,math,number theory",1
RakibJoy,2169-D2,0,2100,"binary search,divide and conquer,greedy,implementation,math,number theory",7
RakibJoy,2170-A,1,800,"bitmasks,brute force,greedy,implementation,math",1
RakibJoy,2170-B,1,1200,"greedy,math",1
RakibJoy,2170-C,1,1300,"binary search,greedy,two pointers",1
RakibJoy,2170-D,0,2200,"constructive algorithms,greedy,implementation",4
RakibJoy,2173-A,1,800,"greedy,implementation",2
RakibJoy,2173-B,1,1100,"dp,greedy,math",1
RakibJoy,2189-A,1,800,"greedy,implementation",1
RakibJoy,2189-C1,1,1300,"bitmasks,constructive algorithms,math",2
RakibJoy,2189-C2,0,1800,"bitmasks,constructive algorithms,math",8
RakibJoy,2193-A,1,800,"brute force,math",1
RakibJoy,2193-B,1,800,greedy,1
RakibJoy,2193-C,1,1000,"data structures,greedy",1
RakibJoy,2193-D,1,1100,"binary search,sortings,two pointers",1
RakibJoy,2193-E,1,1300,"dp,math,number theory,shortest paths",1
RakibJoy,2193-F,1,1600,"dp,greedy",2
RakibJoy,2193-G,1,2100,"dfs and similar,interactive,sortings,trees",6
RakibJoy,2201-A1,0,1300,data structures,1
RakibJoy,2202-A,1,800,math,1
RakibJoy,2202-B,1,1200,"dp,greedy,implementation",1
RakibJoy,2202-C1,1,1300,"data structures,dsu,greedy",1
RakibJoy,2202-C2,1,1700,"data structures,dp,dsu,greedy",1
RakibJoy,2202-D,1,1700,"constructive algorithms,implementation",1
RakibJoy,2218-G,1,1800,"implementation,math",1
RakibJoy,2220-D1,1,1900,"binary search,interactive",1
RakibJoy,2220-D2,1,2000,"binary search,interactive",2
RakibJoy,2225-A,1,800,"greedy,math",1
RakibJoy,2225-B,1,900,"brute force,greedy",1
RakibJoy,2225-C,1,1100,"dp,greedy",2
RakibJoy,2225-D,1,1500,"bitmasks,brute force,math",1
RakibJoy,2225-E,0,2200,"constructive algorithms,geometry,math",11
RakibJoy,2226-A,1,800,"greedy,math",1
RakibJoy,2226-B,1,900,"greedy,math,number theory",1
RakibJoy,2226-C,0,1500,"binary search,data structures,greedy,math,two pointers",2
RakibJoy,4-A,1,800,"brute force,math",2
RakibJoy,573-B,1,1600,"binary search,data structures,dp,math",1
RakibJoy,630-R,1,1200,"games,math",1
RakibJoy,657-B,0,2200,math,1
RakibJoy,888-G,1,2300,"bitmasks,constructive algorithms,data structures",1
RakibJoy,961-C,1,1400,"bitmasks,brute force,implementation",1
RakibJoy,988-D,1,1800,"brute force,math",5
RakibJoy,999-E,1,2000,"dfs and similar,graphs,greedy",1
Robin008,1046-F,1,1400,implementation,2
Robin008,1051-C,1,1500,"brute force,dp,greedy,implementation,math",7
Robin008,1076-B,1,1200,"implementation,math,number theory",3
Robin008,1106-B,1,1500,"data structures,implementation",1
Robin008,1131-B,1,1400,"greedy,implementation",4
Robin008,1133-B,1,1200,"math,number theory",2
Robin008,1133-D,1,1500,"hashing,math,number theory",3
Robin008,1141-D,1,1500,"greedy,implementation",1
Robin008,1144-F,1,1700,"dfs and similar,graphs",5
Robin008,1154-A,1,800,math,1
Robin008,1154-B,1,1200,math,3
Robin008,1154-E,1,1800,"data structures,implementation,sortings",1
Robin008,1157-C1,1,1300,greedy,1
Robin008,1157-C2,1,1700,greedy,4
Robin008,1167-D,1,1500,"constructive algorithms,greedy",1
Robin008,1180-A,1,800,"dp,implementation,math",3
Robin008,1186-D,1,1500,"constructive algorithms,greedy,math",2
Robin008,1197-A,1,900,"greedy,math,sortings",1
Robin008,1197-B,1,1000,"greedy,implementation",1
Robin008,1197-C,1,1400,"greedy,sortings",2
Robin008,1200-A,1,800,"brute force,data structures,implementation",1
Robin008,1200-B,1,1200,"dp,greedy",4
Robin008,1200-C,1,1400,"math,number theory",3
Robin008,1202-D,1,1900,"combinatorics,constructive algorithms,math,strings",2
Robin008,1238-A,1,900,"math,number theory",1
Robin008,1238-D,1,1900,"binary search,combinatorics,dp,strings",2
Robin008,1245-B,1,1200,"constructive algorithms,dp,greedy",1
Robin008,1249-C1,1,1300,"brute force,greedy,implementation",1
Robin008,1249-C2,1,1500,"binary search,greedy,math,meet-in-the-middle",2
Robin008,1251-B,1,1400,"greedy,strings",1
Robin008,1256-C,1,1700,greedy,8
Robin008,1260-A,1,1000,math,2
Robin008,1260-B,1,1300,"binary search,math",1
Robin008,1263-D,1,1500,"dfs and similar,dsu,graphs",8
Robin008,1269-B,1,1500,"brute force,sortings",3
Robin008,1272-D,1,1500,"brute force,dp",5
Robin008,1272-E,0,1900,"dfs and similar,graphs,shortest paths",2
Robin008,1284-A,1,800,"implementation,strings",2
Robin008,1284-B,1,1400,"binary search,combinatorics,data structures,dp,implementation,sortings",3
Robin008,1291-A,1,900,"greedy,math,strings",4
Robin008,1291-C,1,1600,"brute force,data structures,greedy,math",8
Robin008,1294-C,1,1300,"greedy,math,number theory",1
Robin008,1295-B,1,1700,"math,strings",3
Robin008,1296-A,1,800,math,3
Robin008,1296-D,1,1500,"greedy,sortings",3
Robin008,1300-B,1,1000,"greedy,implementation,sortings",2
Robin008,1305-C,1,1600,"brute force,combinatorics,math,number theory",1
Robin008,1367-D,1,1800,"constructive algorithms,greedy,implementation,sortings",1
Robin008,1368-A,1,800,"brute force,greedy,implementation,math",1
Robin008,1368-B,1,1500,"brute force,constructive algorithms,greedy,math,strings",3
Robin008,1368-C,1,1500,constructive algorithms,2
Robin008,137-A,1,900,implementation,1
Robin008,137-B,1,1000,greedy,1
Robin008,137-C,1,1500,sortings,1
Robin008,1371-A,1,800,math,1
Robin008,1371-B,1,1200,math,3
Robin008,1371-C,1,1300,"greedy,implementation,math",3
Robin008,1371-D,1,1600,"constructive algorithms,greedy,implementation",1
Robin008,1372-A,1,800,"constructive algorithms,implementation",1
Robin008,1372-C,1,1500,"constructive algorithms,math",2
Robin008,1375-A,1,1100,"constructive algorithms,math",1
Robin008,1375-B,1,1200,"constructive algorithms,greedy",2
Robin008,1375-C,1,1400,"constructive algorithms,data structures,greedy",3
Robin008,1379-A,1,1500,"brute force,implementation,strings",2
Robin008,1379-B,1,1500,"binary search,brute force,math,number theory",9
Robin008,1380-A,1,900,"brute force,data structures",1
Robin008,1380-B,1,1400,greedy,2
Robin008,1380-C,1,1400,"brute force,dp,greedy,implementation,sortings",1
Robin008,1380-D,0,2000,"constructive algorithms,greedy,implementation,math,two pointers",2
Robin008,1382-A,1,800,brute force,1
Robin008,1382-B,1,1100,"dp,games",1
Robin008,1382-C1,1,1300,"constructive algorithms,data structures,strings",1
Robin008,1382-C2,1,1700,"constructive algorithms,data structures,implementation,strings",1
Robin008,1384-A,1,1200,"constructive algorithms,greedy,strings",1
Robin008,1384-C,1,1700,"dfs and similar,dsu,graphs,greedy,sortings,trees",1
Robin008,1385-A,1,800,math,1
Robin008,1385-B,1,800,greedy,1
Robin008,1385-C,1,1200,greedy,1
Robin008,1388-A,1,800,"brute force,greedy,math,number theory",2
Robin008,1388-B,1,1000,"greedy,math",3
Robin008,1388-C,0,1800,"dfs and similar,greedy,math,trees",1
Robin008,1389-A,1,800,"constructive algorithms,greedy,math,number theory",1
Robin008,1389-B,1,1600,"brute force,dp,greedy",2
Robin008,1389-C,1,1500,"brute force,dp,greedy,two pointers",4
Robin008,1391-A,1,800,"constructive algorithms,math",1
Robin008,1391-B,1,800,"brute force,greedy,implementation",1
Robin008,1391-C,1,1500,"combinatorics,dp,graphs,math",1
Robin008,1392-A,1,800,"greedy,math",1
Robin008,1392-B,1,800,"implementation,math",3
Robin008,1392-C,1,1200,"greedy,implementation",3
Robin008,1393-A,1,800,"greedy,math",1
Robin008,1393-B,1,1400,"constructive algorithms,data structures,greedy,implementation",2
Robin008,1395-A,0,1000,"brute force,math",9
Robin008,1395-B,1,1100,constructive algorithms,4
Robin008,1395-C,1,1600,"bitmasks,brute force,dp,greedy",1
Robin008,1397-A,1,800,"greedy,strings",1
Robin008,1398-A,1,800,"geometry,math",1
Robin008,1398-B,1,800,"games,greedy,sortings",1
Robin008,1398-C,0,1600,"data structures,dp,math",4
Robin008,1398-D,1,1800,"dp,greedy,sortings",2
Robin008,1399-A,1,800,"greedy,sortings",1
Robin008,1399-B,1,800,greedy,1
Robin008,1399-C,1,1200,"brute force,greedy,two pointers",1
Robin008,1399-D,1,1500,"constructive algorithms,data structures,greedy,implementation",3
Robin008,1399-E1,1,2000,"data structures,dfs and similar,greedy,trees",7
Robin008,1400-A,1,800,"constructive algorithms,strings",4
Robin008,1400-B,1,1700,"brute force,greedy,math",2
Robin008,1400-C,1,1500,"2-sat,brute force,constructive algorithms,greedy",1
Robin008,1401-A,1,900,"constructive algorithms,math",4
Robin008,1401-B,1,1100,"constructive algorithms,greedy,math",4
Robin008,1401-C,1,1300,"constructive algorithms,math,number theory,sortings",1
Robin008,1405-A,1,800,constructive algorithms,1
Robin008,1405-B,1,1000,"constructive algorithms,implementation",1
Robin008,1406-A,1,900,"greedy,implementation,math",1
Robin008,1406-B,1,1200,"brute force,dp,greedy,implementation,sortings",6
Robin008,1407-A,1,1100,"constructive algorithms,math",2
Robin008,1407-B,1,1300,"brute force,greedy,math,number theory",2
Robin008,1407-C,0,1600,"constructive algorithms,interactive,math,two pointers",1
Robin008,1408-A,1,800,constructive algorithms,1
Robin008,1408-C,1,1500,"binary search,dp,implementation,math,two pointers",1
Robin008,1409-A,1,800,"greedy,math",1
Robin008,1409-B,1,1100,"brute force,greedy,math",1
Robin008,1409-C,1,1200,"brute force,math,number theory",3
Robin008,1409-D,1,1500,"greedy,math",2
Robin008,1417-A,1,800,"greedy,math",1
Robin008,1417-B,1,1100,"greedy,math,sortings",2
Robin008,1417-C,1,1500,data structures,3
Robin008,1418-A,1,1000,math,1
Robin008,1418-B,1,1300,"greedy,sortings",2
Robin008,1419-A,1,900,"games,greedy,implementation",1
Robin008,1419-B,1,1200,"brute force,constructive algorithms,greedy,implementation,math",1
Robin008,1419-C,1,1500,"greedy,implementation,math",1
Robin008,1419-D1,1,1000,"binary search,constructive algorithms,greedy,sortings",1
Robin008,1419-D2,1,1500,"binary search,brute force,constructive algorithms,greedy,sortings,two pointers",1
Robin008,1420-A,1,900,"math,sortings",2
Robin008,1420-B,1,1200,"bitmasks,math",1
Robin008,1421-A,1,800,"bitmasks,greedy,math",1
Robin008,1421-B,1,1100,"constructive algorithms,implementation",2
Robin008,1421-C,1,1400,"constructive algorithms,strings",2
Robin008,1422-A,1,800,"geometry,math",1
Robin008,1422-B,1,1300,"greedy,implementation,math",1
Robin008,1426-A,1,800,"implementation,math",1
Robin008,1426-B,1,900,implementation,1
Robin008,1426-C,1,1100,"binary search,constructive algorithms,math",1
Robin008,1426-D,1,1500,"constructive algorithms,data structures,greedy,sortings",2
Robin008,1427-A,1,900,"math,sortings",6
Robin008,1427-B,1,1400,"greedy,implementation,sortings",1
Robin008,1427-C,1,2000,dp,5
Robin008,1428-A,1,800,math,1
Robin008,1428-B,1,1200,"graphs,implementation",4
Robin008,1428-C,1,1100,"brute force,data structures,greedy,strings",1
Robin008,1430-A,1,900,"brute force,constructive algorithms,math",1
Robin008,1430-B,1,800,"greedy,implementation,sortings",2
Robin008,1430-C,1,1000,"constructive algorithms,data structures,greedy,implementation,math",1
Robin008,1433-A,1,800,"implementation,math",1
Robin008,1433-B,1,800,"greedy,implementation",1
Robin008,1433-C,1,900,"constructive algorithms,greedy",3
Robin008,1433-D,1,1200,"constructive algorithms,dfs and similar",2
Robin008,1433-E,1,1300,"combinatorics,math",1
Robin008,1436-A,1,800,math,1
Robin008,1436-B,1,900,"constructive algorithms,math",1
Robin008,1437-B,1,1200,"constructive algorithms,greedy",2
Robin008,1437-C,1,1800,"dp,flows,graph matchings,greedy,math,sortings",2
Robin008,1437-D,1,1600,"graphs,greedy,shortest paths,trees",1
Robin008,1438-A,1,800,"constructive algorithms,implementation",1
Robin008,1438-B,1,1000,"constructive algorithms,data structures,greedy,sortings",1
Robin008,1438-C,1,2000,"2-sat,chinese remainder theorem,constructive algorithms,fft,flows",6
Robin008,1440-A,1,800,"implementation,math",1
Robin008,1443-A,1,800,"constructive algorithms,math",3
Robin008,1443-B,1,1300,"dp,greedy,math,sortings",11
Robin008,1443-C,1,1400,"binary search,greedy,sortings",3
Robin008,1445-A,1,800,"greedy,sortings",1
Robin008,1445-C,1,1500,"math,number theory",4
Robin008,1447-A,1,800,"constructive algorithms,math",1
Robin008,1447-B,1,1000,"greedy,math",1
Robin008,1447-C,1,1300,"constructive algorithms,greedy,math,sortings",2
Robin008,1450-A,1,800,"constructive algorithms,sortings",1
Robin008,1450-B,1,1000,"brute force,geometry,greedy",1
Robin008,1450-C1,0,2100,"constructive algorithms,math",9
Robin008,1451-A,1,800,"greedy,math",1
Robin008,1451-B,1,900,"dp,greedy,implementation,strings",1
Robin008,1451-C,1,1400,"dp,greedy,hashing,implementation,strings",1
Robin008,1452-A,1,800,math,1
Robin008,1452-B,1,1400,"binary search,greedy,math,sortings",3
Robin008,1452-C,1,800,greedy,1
Robin008,1453-A,1,800,implementation,1
Robin008,1453-B,1,1400,"constructive algorithms,implementation",1
Robin008,1454-A,1,800,"constructive algorithms,probabilities",1
Robin008,1454-B,1,800,implementation,1
Robin008,1454-C,1,1200,"greedy,implementation",1
Robin008,1454-D,1,1300,"constructive algorithms,math,number theory",4
Robin008,1454-F,0,2100,"binary search,data structures,greedy,two pointers",1
Robin008,1455-A,1,800,"math,number theory",1
Robin008,1455-B,1,1200,"constructive algorithms,math",1
Robin008,1455-C,1,1100,"constructive algorithms,games,math",3
Robin008,1455-D,1,1600,"dp,greedy,sortings",3
Robin008,1457-A,1,800,"brute force,math",1
Robin008,1457-B,1,1100,"brute force,greedy",4
Robin008,1457-C,1,1400,"dp,implementation",2
Robin008,1459-A,1,800,"math,probabilities",4
Robin008,1459-B,0,1300,"dp,math",5
Robin008,1461-A,1,800,"constructive algorithms,greedy",1
Robin008,1461-B,1,1400,"brute force,dp,implementation",1
Robin008,1461-D,1,1600,"binary search,brute force,data structures,divide and conquer,implementation,sortings",1
Robin008,1462-A,1,800,"implementation,two pointers",1
Robin008,1462-B,1,800,"dp,implementation,strings",1
Robin008,1462-C,1,900,"brute force,greedy,math",1
Robin008,1462-D,1,1400,"greedy,math,number theory",3
Robin008,1462-E1,1,1500,"binary search,combinatorics,math,sortings,two pointers",3
Robin008,1462-E2,1,1700,"binary search,combinatorics,implementation,math,sortings,two pointers",13
Robin008,1462-F,1,1800,"binary search,data structures,greedy",1
Robin008,1463-A,1,1100,"binary search,math",7
Robin008,1463-B,1,1400,"bitmasks,constructive algorithms,greedy",3
Robin008,1465-A,1,800,"implementation,strings",1
Robin008,1465-C,0,1700,"dfs and similar,dsu,greedy,implementation",6
Robin008,1466-A,1,800,"brute force,geometry,math",1
Robin008,1466-B,1,800,"dp,greedy",2
Robin008,1466-C,1,1300,"dp,greedy,strings",2
Robin008,1466-D,1,1500,"data structures,greedy,sortings,trees",1
Robin008,1467-A,1,900,"constructive algorithms,greedy,math",5
Robin008,1467-B,0,1700,"brute force,implementation",2
Robin008,1468-C,1,1400,"data structures,implementation",8
Robin008,1468-D,1,1700,"binary search,sortings",4
Robin008,1468-E,1,800,greedy,1
Robin008,1468-F,1,1700,"geometry,hashing,number theory",1
Robin008,1468-K,1,1600,"brute force,implementation",8
Robin008,1468-N,1,900,"greedy,implementation",3
Robin008,1469-A,1,1000,"constructive algorithms,greedy",1
Robin008,1469-B,1,1000,"dp,greedy",4
Robin008,1469-D,1,1700,"brute force,constructive algorithms,math,number theory",7
Robin008,1471-A,1,900,"greedy,math,number theory",1
Robin008,1471-B,1,1100,"brute force,greedy,implementation,math",1
Robin008,1471-C,1,1300,"brute force,greedy,sortings",3
Robin008,1472-A,1,800,"greedy,math",1
Robin008,1472-B,1,800,"dp,greedy,math",2
Robin008,1472-C,1,1100,"dp,graphs",3
Robin008,1472-D,1,1200,"dp,games,greedy,sortings",1
Robin008,1472-E,1,1700,"binary search,data structures,dp,sortings,two pointers",11
Robin008,1473-A,1,800,"greedy,implementation,math,sortings",1
Robin008,1473-B,1,1000,"brute force,math,number theory,strings",1
Robin008,1473-C,1,1500,"constructive algorithms,math",1
Robin008,1473-D,1,1700,"data structures,dp,implementation,strings",1
Robin008,1474-A,1,800,greedy,1
Robin008,1474-B,1,1000,"binary search,constructive algorithms,greedy,math,number theory",1
Robin008,1474-C,1,1700,"brute force,constructive algorithms,data structures,greedy,implementation,sortings",1
Robin008,1475-A,1,900,"math,number theory",1
Robin008,1475-B,1,900,"brute force,dp,math",1
Robin008,1475-C,1,1400,"combinatorics,graphs,math",3
Robin008,1475-D,1,1800,"binary search,dp,sortings,two pointers",1
Robin008,1475-E,1,1600,"combinatorics,math,sortings",1
Robin008,1475-G,1,1900,"dp,math,number theory,sortings",1
Robin008,1476-A,1,1000,"binary search,constructive algorithms,greedy,math",2
Robin008,1476-B,1,1300,"binary search,brute force,greedy,math",2
Robin008,1476-C,0,1600,"dp,graphs,greedy",5
Robin008,1478-A,1,800,"brute force,greedy",1
Robin008,1478-B,0,1100,"brute force,dp,greedy,math",4
Robin008,1478-D,1,1800,"constructive algorithms,math,number theory",1
Robin008,1481-C,0,1600,"brute force,constructive algorithms,greedy",4
Robin008,1485-B,1,1200,"dp,implementation,math",1
Robin008,1486-A,1,900,"greedy,implementation",1
Robin008,1486-C1,0,1600,"binary search,interactive",1
Robin008,1486-C2,0,1900,"binary search,interactive",1
Robin008,1487-A,1,800,"implementation,sortings",1
Robin008,1490-A,1,800,"greedy,math",1
Robin008,1490-B,1,1000,"brute force,constructive algorithms,math",1
Robin008,1490-C,1,1100,"binary search,brute force,math",1
Robin008,1490-D,1,1200,"dfs and similar,divide and conquer,implementation",1
Robin008,1490-E,1,1400,"binary search,data structures,greedy",1
Robin008,1490-F,1,1500,"binary search,data structures,greedy,math,sortings",2
Robin008,1491-A,1,800,"brute force,greedy,implementation",1
Robin008,1491-B,1,1200,"brute force,math",1
Robin008,1492-A,1,800,math,1
Robin008,1492-B,1,1100,"data structures,greedy,math",1
Robin008,1492-C,1,1500,"binary search,data structures,dp,greedy,two pointers",1
Robin008,1493-A,1,800,"constructive algorithms,greedy",6
Robin008,1494-A,1,900,"bitmasks,brute force,implementation",2
Robin008,1494-B,1,1400,"bitmasks,brute force,greedy,implementation",7
Robin008,1497-A,1,800,"brute force,data structures,greedy,sortings",2
Robin008,1497-B,1,1200,"constructive algorithms,greedy,math",1
Robin008,1497-C1,1,1200,"constructive algorithms,math",1
Robin008,1497-C2,1,1600,"constructive algorithms,math",1
Robin008,1499-A,1,800,"combinatorics,constructive algorithms,math",2
Robin008,1499-B,1,1000,"brute force,dp,greedy,implementation",2
Robin008,1499-C,1,1500,"brute force,data structures,greedy,math",1
Robin008,1506-C,1,1000,"brute force,implementation,strings",1
Robin008,1506-D,1,1400,"constructive algorithms,data structures,greedy",1
Robin008,1510-D,0,2100,"dp,math,number theory",4
Robin008,1510-G,0,2100,,2
Robin008,1510-K,1,1200,"brute force,graphs,implementation",1
Robin008,1511-A,1,800,greedy,1
Robin008,1511-C,1,1100,"brute force,data structures,implementation,trees",3
Robin008,1512-A,1,800,"brute force,implementation",1
Robin008,1512-B,1,800,implementation,2
Robin008,1512-C,1,1200,"constructive algorithms,implementation,strings",1
Robin008,1512-D,1,1200,"constructive algorithms,data structures,greedy",4
Robin008,1513-C,1,1600,"dp,matrices",1
Robin008,1514-A,1,800,"math,number theory",1
Robin008,1514-B,1,1200,"bitmasks,combinatorics,math",1
Robin008,1516-A,1,800,greedy,1
Robin008,1517-A,1,800,"greedy,math",1
Robin008,1517-B,1,1200,"constructive algorithms,greedy,sortings",1
Robin008,1517-C,1,1400,"constructive algorithms,dfs and similar,greedy,implementation",1
Robin008,1519-A,1,800,math,1
Robin008,1519-B,1,800,"dp,math",2
Robin008,1519-C,1,1400,"brute force,data structures,greedy,number theory,sortings",1
Robin008,1520-A,1,800,"brute force,implementation",1
Robin008,1520-B,1,800,"brute force,math,number theory",1
Robin008,1520-C,1,1000,constructive algorithms,1
Robin008,1520-D,1,1200,"data structures,hashing,math",2
Robin008,1520-E,1,1400,"greedy,math",1
Robin008,1520-F1,1,1600,"binary search,interactive",4
Robin008,1525-B,1,900,"constructive algorithms,greedy",4
Robin008,1526-A,1,800,"constructive algorithms,sortings",1
Robin008,1526-B,0,1400,"dp,math,number theory",1
Robin008,1526-C1,1,1500,"brute force,data structures,dp,greedy",1
Robin008,1526-C2,1,1600,"data structures,greedy",1
Robin008,1527-A,1,800,bitmasks,3
Robin008,1539-C,1,1200,"greedy,sortings",2
Robin008,1547-A,1,800,"implementation,math",2
Robin008,1547-B,1,800,"greedy,implementation,strings",1
Robin008,1547-C,1,1100,"greedy,two pointers",2
Robin008,1559-A,0,900,"bitmasks,constructive algorithms,math",2
Robin008,1560-A,1,800,implementation,1
Robin008,1560-B,1,800,math,2
Robin008,1560-C,1,800,"implementation,math",1
Robin008,1560-D,1,1300,"greedy,math,strings",1
Robin008,157-A,1,800,brute force,1
Robin008,157-B,1,1000,"geometry,sortings",1
Robin008,157-C,1,1700,"brute force,dp,strings",3
Robin008,1573-A,1,800,greedy,1
Robin008,1573-C,1,1800,"data structures,dp,graphs,implementation",3
Robin008,1579-C,1,1500,"greedy,implementation",1
Robin008,1579-D,1,1400,"constructive algorithms,graphs,greedy",2
Robin008,1579-E1,1,1000,"constructive algorithms,greedy,math",1
Robin008,1592-B,1,1200,"constructive algorithms,dsu,math,sortings",3
Robin008,1592-C,1,1700,"bitmasks,constructive algorithms,dfs and similar,dp,graphs,trees",3
Robin008,1598-A,1,800,"brute force,dfs and similar,dp,implementation",1
Robin008,1598-B,1,1000,"brute force,implementation",3
Robin008,1598-C,1,1200,"data structures,dp,implementation,math,two pointers",3
Robin008,1634-A,1,800,"greedy,strings",1
Robin008,1669-A,1,800,implementation,2
Robin008,1669-B,1,800,"implementation,sortings",1
Robin008,1669-C,1,800,"greedy,implementation,math",1
Robin008,1669-D,1,1100,implementation,1
Robin008,1669-E,1,1200,"data structures,math,strings",2
Robin008,1669-F,1,1100,"binary search,data structures,greedy,two pointers",1
Robin008,1669-G,1,1200,"dfs and similar,implementation",2
Robin008,1669-H,1,1300,"bitmasks,greedy,math",1
Robin008,1671-C,1,1200,"binary search,brute force,greedy,math",2
Robin008,1675-D,1,1300,"graphs,implementation,trees",6
Robin008,1676-A,1,800,implementation,1
Robin008,1676-B,1,800,"greedy,math,sortings",1
Robin008,1676-C,1,800,"brute force,greedy,implementation,math,strings",1
Robin008,1676-D,1,1000,"brute force,greedy,implementation",1
Robin008,1676-E,1,1100,"binary search,greedy,sortings",1
Robin008,1676-F,1,1300,"data structures,greedy,implementation,sortings,two pointers",5
Robin008,1676-G,1,1300,"dfs and similar,dp,graphs,trees",1
Robin008,1714-E,1,1400,"brute force,math,number theory",2
Robin008,1772-A,1,800,implementation,1
Robin008,1774-C,0,1300,"constructive algorithms,dp,greedy",1
Robin008,1796-C,0,1600,"binary search,math",1
Robin008,180-C,1,1400,dp,1
Robin008,1800-A,1,800,"implementation,strings",1
Robin008,1800-B,1,1000,"greedy,strings",1
Robin008,1800-C1,1,1000,"data structures,greedy",4
Robin008,1800-C2,1,1100,"data structures,greedy",1
Robin008,1800-D,1,1200,"data structures,greedy,hashing,strings",2
Robin008,1807-A,1,800,implementation,1
Robin008,1807-B,1,800,greedy,1
Robin008,1807-C,1,800,"greedy,implementation,strings",1
Robin008,1807-D,1,900,"data structures,implementation",1
Robin008,1807-E,1,1300,"binary search,implementation,interactive",2
Robin008,1807-G1,1,1100,"brute force,data structures,dp,greedy,implementation,sortings",1
Robin008,1807-G2,1,1100,"bitmasks,dp,greedy,implementation,sortings",2
Robin008,182-B,1,1000,implementation,1
Robin008,182-D,1,1400,"brute force,hashing,implementation,math,strings",1
Robin008,1873-A,1,800,"brute force,implementation",1
Robin008,1873-B,1,800,"brute force,greedy,math",1
Robin008,1873-C,1,800,"implementation,math",1
Robin008,1873-D,1,800,"greedy,implementation,two pointers",1
Robin008,1873-E,1,1100,"binary search,sortings",4
Robin008,1873-F,0,1300,"binary search,greedy,math,two pointers",5
Robin008,1873-G,0,1500,"constructive algorithms,greedy",4
Robin008,1878-A,1,800,greedy,1
Robin008,1878-B,1,800,"constructive algorithms,math",3
Robin008,1881-A,1,800,"brute force,strings",4
Robin008,1881-B,1,900,math,2
Robin008,1881-E,1,1500,dp,2
Robin008,203-A,1,1200,"brute force,implementation",3
Robin008,203-B,1,1300,"brute force,implementation",2
Robin008,203-C,1,1400,"greedy,sortings",1
Robin008,264-B,0,1500,"dp,number theory",5
Robin008,265-D,1,1500,"dp,number theory",1
Robin008,270-B,1,1400,"data structures,greedy,implementation",2
Robin008,276-C,1,1500,"data structures,greedy,implementation,sortings",2
Robin008,278-C,1,1400,dsu,2
Robin008,279-B,1,1400,"binary search,brute force,implementation,two pointers",2
Robin008,282-C,1,1500,"constructive algorithms,implementation,math",1
Robin008,401-C,1,1400,"constructive algorithms,greedy,implementation",1
Robin008,413-B,1,1300,implementation,1
Robin008,415-A,1,900,implementation,1
Robin008,415-B,1,1500,"binary search,greedy,implementation,math",3
Robin008,415-C,1,1500,"constructive algorithms,greedy,number theory",3
Robin008,415-D,1,1400,"combinatorics,dp,number theory",1
Robin008,417-B,1,1400,implementation,1
Robin008,417-C,1,1400,"constructive algorithms,graphs,implementation",4
Robin008,44-C,1,1300,implementation,2
Robin008,455-A,1,1500,dp,4
Robin008,456-C,1,1500,dp,1
Robin008,465-A,1,900,implementation,1
Robin008,465-B,1,1000,implementation,2
Robin008,471-A,1,1100,implementation,5
Robin008,471-B,1,1300,"implementation,sortings",2
Robin008,471-C,1,1700,"binary search,brute force,greedy,math",1
Robin008,479-C,1,1400,"greedy,sortings",1
Robin008,514-A,1,1200,"greedy,implementation",2
Robin008,514-B,1,1400,"brute force,data structures,geometry,implementation,math",1
Robin008,515-A,1,1000,math,1
Robin008,515-C,1,1400,"greedy,math,sortings",1
Robin008,526-A,1,1300,"brute force,implementation",3
Robin008,526-B,1,1400,"dfs and similar,greedy,implementation",1
Robin008,534-A,1,1100,"constructive algorithms,implementation,math",1
Robin008,538-A,1,1400,"brute force,implementation",5
Robin008,538-B,1,1400,"constructive algorithms,dp,greedy,implementation",1
Robin008,538-C,1,1600,"binary search,brute force,greedy,implementation,math",6
Robin008,545-A,1,900,implementation,1
Robin008,545-B,1,1100,greedy,1
Robin008,545-C,1,1500,"dp,greedy",1
Robin008,545-D,1,1300,"greedy,implementation,sortings",1
Robin008,546-B,1,1200,"brute force,greedy,implementation,sortings",2
Robin008,546-C,1,1400,"brute force,dfs and similar,games",1
Robin008,546-D,1,1700,"constructive algorithms,dp,math,number theory",2
Robin008,557-B,1,1500,"constructive algorithms,implementation,math,sortings",5
Robin008,567-A,1,900,"greedy,implementation",1
Robin008,567-B,1,1300,implementation,1
Robin008,567-C,1,1700,"binary search,data structures,dp",1
Robin008,585-A,0,1800,"brute force,implementation",3
Robin008,593-A,1,1200,"brute force,implementation",1
Robin008,593-B,1,1600,"geometry,sortings",1
Robin008,612-C,1,1400,"data structures,expression parsing,math",7
Robin008,632-A,1,1200,,1
Robin008,632-B,1,1400,"brute force,constructive algorithms",2
Robin008,632-C,1,1700,"sortings,strings",2
Robin008,670-D1,1,1400,"binary search,brute force,implementation",1
Robin008,670-D2,1,1500,"binary search,implementation",1
Robin008,680-B,1,1000,"constructive algorithms,implementation",1
Robin008,682-B,1,1200,sortings,1
Robin008,690-F1,1,1300,,1
Robin008,714-C,1,1400,"data structures,implementation",3
Robin008,727-C,1,1400,"constructive algorithms,interactive,math",1
Robin008,734-B,1,800,"brute force,greedy,implementation,math",1
Robin008,734-C,1,1600,"binary search,dp,greedy,two pointers",4
Robin008,734-D,1,1700,implementation,3
Robin008,758-A,1,800,"implementation,math",1
Robin008,758-B,1,1100,"brute force,implementation,number theory",1
Robin008,758-C,1,1700,"binary search,constructive algorithms,implementation,math",2
Robin008,771-B,1,1500,"constructive algorithms,greedy",7
Robin008,808-A,1,900,implementation,1
Robin008,808-B,1,1300,"data structures,implementation,math",1
Robin008,808-C,1,1400,"constructive algorithms,greedy,sortings",2
Robin008,816-C,0,1700,"brute force,greedy,implementation",1
Robin008,842-A,1,1200,"brute force,two pointers",2
Robin008,842-B,1,1100,geometry,2
Robin008,877-B,1,1500,"brute force,dp",2
Robin008,883-F,1,1300,implementation,1
Robin008,898-A,1,800,"implementation,math",2
Robin008,898-B,1,1100,"brute force,implementation,number theory",1
Robin008,898-C,1,1400,"implementation,strings",2
Robin008,898-D,1,1600,greedy,2
Robin008,920-A,1,1000,implementation,1
Robin008,920-B,1,1200,implementation,1
Robin008,920-C,1,1400,"dfs and similar,greedy,math,sortings,two pointers",1
Robin008,946-C,1,1300,"greedy,strings",3
Robin008,950-A,1,800,"implementation,math",1
Robin008,950-B,1,1100,"greedy,implementation",1
Robin008,950-C,0,1600,"constructive algorithms,greedy",4
Robin008,955-B,1,1400,implementation,2
Robin008,977-B,1,900,"implementation,strings",1
Robin008,977-C,1,1200,sortings,8
Robin008,977-D,1,1400,"dfs and similar,math,sortings",1
Robin008,987-A,1,800,implementation,1
Robin008,987-B,1,1100,math,2
Robin008,987-C,1,1400,"brute force,dp,implementation",2
Robin008,991-C,1,1500,"binary search,implementation",2
Robin008,994-B,1,1400,"greedy,implementation,sortings",6
RollBack,1-A,1,1000,math,2
RollBack,1092-F,1,1900,"dfs and similar,dp,trees",3
RollBack,1138-D,1,1600,"greedy,hashing,string suffix structures,strings",1
RollBack,1165-D,1,1600,"math,number theory",1
RollBack,1178-D,1,1500,"constructive algorithms,greedy,math,number theory",1
RollBack,1195-D1,1,1500,"combinatorics,math,number theory",1
RollBack,1197-D,1,1900,"dp,greedy,math",2
RollBack,1216-C,1,1700,"geometry,math",2
RollBack,1225-D,1,1800,"hashing,math,number theory",2
RollBack,1228-C,1,1700,"math,number theory",1
RollBack,1242-A,1,1500,"constructive algorithms,math,number theory",1
RollBack,1245-D,1,1900,"dsu,graphs,greedy,shortest paths,trees",4
RollBack,1249-E,1,1700,"dp,shortest paths",1
RollBack,1256-F,1,2000,"constructive algorithms,sortings,strings",1
RollBack,1257-D,1,1700,"binary search,data structures,dp,greedy,sortings,two pointers",1
RollBack,1262-D1,1,1600,"data structures,greedy",1
RollBack,1262-D2,1,1800,"binary search,data structures,greedy,sortings",1
RollBack,1281-B,1,1600,greedy,1
RollBack,1324-F,1,1800,"dfs and similar,dp,graphs,trees",1
RollBack,1349-A,1,1600,"data structures,math,number theory",2
RollBack,1400-D,1,1900,"brute force,combinatorics,data structures,math,two pointers",2
RollBack,1430-E,1,1900,"data structures,greedy,strings",3
RollBack,1455-D,1,1600,"dp,greedy,sortings",2
RollBack,1459-C,1,1600,"math,number theory",4
RollBack,1503-B,1,1700,"constructive algorithms,games,interactive",2
RollBack,1505-B,1,1600,"*special,implementation,number theory",2
RollBack,1508-A,1,1900,"constructive algorithms,greedy,implementation,strings,two pointers",1
RollBack,1508-B,1,1800,"binary search,combinatorics,constructive algorithms,implementation",1
RollBack,1585-D,1,1900,"data structures,math",1
RollBack,1608-C,1,1700,"data structures,dfs and similar,dp,graphs,greedy,two pointers",1
RollBack,161-D,1,1800,"dfs and similar,dp,trees",3
RollBack,1613-D,1,1900,"dp,math",3
RollBack,1618-E,1,1700,"constructive algorithms,math",1
RollBack,1620-C,1,1800,"brute force,dp,greedy,implementation,math",3
RollBack,1621-A,1,800,constructive algorithms,1
RollBack,1626-A,1,800,"constructive algorithms,sortings",1
RollBack,1626-B,1,1100,"greedy,strings",1
RollBack,1626-C,1,1700,"binary search,data structures,dp,greedy,implementation,math,two pointers",3
RollBack,1627-A,1,800,"constructive algorithms,implementation",1
RollBack,1627-B,1,1300,"games,greedy,sortings",1
RollBack,1627-D,1,1900,"brute force,dp,math,number theory",1
RollBack,1628-B,1,1700,"greedy,strings",2
RollBack,1629-A,1,800,"brute force,greedy,sortings",1
RollBack,1629-B,1,800,"greedy,math,number theory",1
RollBack,1629-C,1,1400,"constructive algorithms,data structures,greedy,math,two pointers",1
RollBack,1629-D,1,1700,"greedy,strings",1
RollBack,1630-A,1,1500,"bitmasks,constructive algorithms",3
RollBack,1630-B,1,1800,"binary search,constructive algorithms,data structures,greedy,two pointers",1
RollBack,1631-A,1,800,greedy,1
RollBack,1631-B,1,1100,"dp,greedy",1
RollBack,1632-A,1,800,implementation,1
RollBack,1632-B,1,1000,"bitmasks,constructive algorithms",1
RollBack,1632-C,1,1600,"binary search,bitmasks,brute force,dp,math",5
RollBack,1633-C,1,1100,"brute force,math",1
RollBack,1633-D,1,1600,"dp,greedy",3
RollBack,1634-A,1,800,"greedy,strings",1
RollBack,1634-B,1,1400,"bitmasks,math",1
RollBack,1634-C,1,1000,constructive algorithms,1
RollBack,1635-A,1,800,"bitmasks,greedy",1
RollBack,1635-B,1,800,greedy,1
RollBack,1635-C,1,1200,"constructive algorithms,greedy",1
RollBack,1635-D,1,1800,"bitmasks,dp,math,matrices,number theory,strings",1
RollBack,1637-A,1,800,"brute force,sortings",1
RollBack,1637-D,1,1800,"dp,greedy,math",2
RollBack,1638-A,1,800,"constructive algorithms,greedy,math",1
RollBack,1638-B,1,1100,"data structures,math,sortings",1
RollBack,1642-A,1,800,geometry,1
RollBack,1642-B,1,900,greedy,1
RollBack,1642-C,1,1200,"greedy,sortings",1
RollBack,1644-A,1,800,implementation,1
RollBack,1644-B,1,800,"brute force,constructive algorithms,implementation",1
RollBack,1644-C,1,1400,"brute force,dp,greedy,implementation",1
RollBack,1644-D,1,1700,"data structures,implementation,math",9
RollBack,1644-E,1,1900,"brute force,combinatorics,data structures,implementation,math",4
RollBack,1646-A,1,800,math,1
RollBack,1646-B,1,800,"brute force,constructive algorithms,greedy,sortings,two pointers",1
RollBack,1646-C,1,1500,"bitmasks,brute force,constructive algorithms,dp,math",2
RollBack,1647-A,1,800,"implementation,math",1
RollBack,1647-B,1,1200,"brute force,constructive algorithms,graphs,implementation",1
RollBack,1647-C,1,1300,"constructive algorithms,greedy",1
RollBack,1647-D,1,1900,"constructive algorithms,dp,math,number theory",5
RollBack,1648-B,1,1800,"brute force,constructive algorithms,data structures,math",4
RollBack,1648-C,1,1900,"combinatorics,data structures,implementation",2
RollBack,1649-A,1,800,implementation,1
RollBack,1649-B,1,1300,"greedy,implementation",1
RollBack,1649-C,1,1400,"brute force,implementation,math,matrices",1
RollBack,1649-D,1,1800,"brute force,constructive algorithms,math,sortings",1
RollBack,1650-A,1,800,"implementation,strings",1
RollBack,1650-B,1,900,math,1
RollBack,1650-C,1,1200,"greedy,hashing,implementation,sortings",8
RollBack,1650-D,1,1300,"brute force,constructive algorithms,implementation,math",1
RollBack,1650-E,1,1900,"binary search,data structures,greedy,implementation,math,sortings",3
RollBack,1651-A,1,800,implementation,1
RollBack,1651-B,1,800,"constructive algorithms,greedy",2
RollBack,1651-C,1,1500,"brute force,data structures,implementation",10
RollBack,1651-D,1,1900,"binary search,data structures,dfs and similar,graphs,shortest paths",2
RollBack,1654-A,1,800,"brute force,greedy,implementation,sortings",1
RollBack,1654-B,1,800,strings,1
RollBack,1654-C,1,1400,"data structures,greedy,implementation,sortings",1
RollBack,1656-A,1,800,"math,sortings",1
RollBack,1656-B,1,1100,"data structures,greedy,math,two pointers",1
RollBack,1656-C,1,1200,"constructive algorithms,math,number theory,sortings",1
RollBack,1656-D,1,1900,"constructive algorithms,math,number theory",1
RollBack,1657-A,1,800,"brute force,math",5
RollBack,1657-B,1,800,greedy,2
RollBack,1657-C,1,1200,"greedy,implementation",7
RollBack,1658-A,1,800,"constructive algorithms,implementation,math",1
RollBack,1658-B,1,800,"combinatorics,math,number theory",1
RollBack,1658-C,1,1700,"constructive algorithms,math",1
RollBack,1658-D1,1,1600,"bitmasks,math",16
RollBack,1659-C,1,1500,"binary search,brute force,dp,greedy,implementation,math",1
RollBack,1659-D,1,1900,"constructive algorithms,data structures,greedy,implementation,math,two pointers",2
RollBack,1660-A,1,800,"greedy,math",1
RollBack,1660-B,1,800,math,1
RollBack,1660-C,1,1300,"dp,greedy,strings",1
RollBack,1660-D,1,1600,"brute force,implementation,math,two pointers",1
RollBack,1660-E,1,1600,"brute force,constructive algorithms,greedy,implementation",3
RollBack,1660-F1,1,1700,"brute force,implementation,math,strings",1
RollBack,1661-A,1,800,"greedy,math",1
RollBack,1661-B,1,1300,"bitmasks,brute force,dfs and similar,dp,graphs,greedy,shortest paths",6
RollBack,1661-C,1,1700,"binary search,greedy,math",2
RollBack,1661-D,1,1900,"data structures,greedy",2
RollBack,1665-A,1,800,"constructive algorithms,math",1
RollBack,1665-B,1,900,"constructive algorithms,greedy,sortings",3
RollBack,1665-C,1,1600,"binary search,greedy,sortings,trees",1
RollBack,1666-C,1,1800,"brute force,constructive algorithms,geometry",3
RollBack,1666-L,1,1800,"dfs and similar,graphs",3
RollBack,1669-A,1,800,implementation,1
RollBack,1669-B,1,800,"implementation,sortings",1
RollBack,1669-C,1,800,"greedy,implementation,math",1
RollBack,1669-D,1,1100,implementation,1
RollBack,1669-E,1,1200,"data structures,math,strings",1
RollBack,1669-F,1,1100,"binary search,data structures,greedy,two pointers",1
RollBack,1669-G,1,1200,"dfs and similar,implementation",1
RollBack,1669-H,1,1300,"bitmasks,greedy,math",1
RollBack,1670-A,1,800,"greedy,implementation,sortings",1
RollBack,1670-B,1,1100,"brute force,implementation,strings",4
RollBack,1670-C,1,1400,"data structures,dfs and similar,dsu,graphs,implementation,math",1
RollBack,1670-D,1,1700,"binary search,brute force,geometry,greedy,implementation,math",1
RollBack,1671-D,1,1600,"brute force,constructive algorithms,greedy",1
RollBack,1672-D,1,1700,"constructive algorithms,greedy,implementation,two pointers",10
RollBack,1673-C,1,1500,"brute force,dp,math,number theory",1
RollBack,1673-D,1,1900,"combinatorics,math,number theory",3
RollBack,1674-A,1,800,"constructive algorithms,math",1
RollBack,1674-B,1,800,"combinatorics,math",1
RollBack,1674-C,1,1000,"combinatorics,implementation,strings",1
RollBack,1674-D,1,1200,"constructive algorithms,implementation,sortings",1
RollBack,1674-E,1,2000,"binary search,brute force,constructive algorithms,greedy,math",6
RollBack,1674-F,1,1800,"data structures,greedy,implementation",1
RollBack,1675-A,1,800,"greedy,math",1
RollBack,1675-B,1,900,"greedy,implementation",1
RollBack,1675-E,1,1500,"dsu,greedy,strings",1
RollBack,1675-F,1,1800,"dfs and similar,dp,greedy,trees",3
RollBack,1676-A,1,800,implementation,1
RollBack,1676-B,1,800,"greedy,math,sortings",1
RollBack,1676-C,1,800,"brute force,greedy,implementation,math,strings",1
RollBack,1676-D,1,1000,"brute force,greedy,implementation",1
RollBack,1676-E,1,1100,"binary search,greedy,sortings",1
RollBack,1676-F,1,1300,"data structures,greedy,implementation,sortings,two pointers",1
RollBack,1676-G,1,1300,"dfs and similar,dp,graphs,trees",1
RollBack,1676-H1,1,1400,brute force,1
RollBack,1676-H2,1,1500,"data structures,divide and conquer,sortings",1
RollBack,1677-A,1,1600,"brute force,data structures,dp",1
RollBack,1677-B,1,1700,"data structures,implementation,math",3
RollBack,1677-C,1,1900,"constructive algorithms,dfs and similar,graphs,greedy",1
RollBack,1678-A,1,800,implementation,1
RollBack,1678-B1,1,800,implementation,1
RollBack,1678-B2,1,1800,"dp,greedy,implementation",1
RollBack,1679-D,1,1900,"binary search,dfs and similar,dp,graphs",15
RollBack,1680-C,1,1600,"binary search,greedy,strings,two pointers",1
RollBack,1680-E,1,2000,"bitmasks,dp,greedy",2
RollBack,1681-A,1,800,"games,greedy",1
RollBack,1681-B,1,800,"implementation,math",1
RollBack,1681-C,1,1200,"implementation,sortings",1
RollBack,1681-D,1,1700,"brute force,dfs and similar,dp,hashing,shortest paths",9
RollBack,1682-D,1,2000,"constructive algorithms,implementation,trees",3
RollBack,1684-D,1,1700,"constructive algorithms,greedy,sortings",1
RollBack,1684-E,1,2100,"binary search,brute force,constructive algorithms,data structures,greedy,two pointers",3
RollBack,1686-A,1,800,greedy,1
RollBack,1686-B,1,800,"dp,greedy",1
RollBack,1686-C,1,1100,"constructive algorithms,greedy,sortings",1
RollBack,1686-D,1,2000,"constructive algorithms,greedy,sortings,strings,two pointers",2
RollBack,1687-A,1,1600,"brute force,greedy",1
RollBack,1687-B,1,1700,"constructive algorithms,graphs,greedy,interactive,sortings",2
RollBack,1688-C,1,1700,"constructive algorithms,greedy,strings",1
RollBack,1688-E,1,1700,"brute force,constructive algorithms,dsu,graphs,greedy,interactive,sortings",1
RollBack,1689-C,1,1600,"dfs and similar,dp,trees",2
RollBack,1689-D,1,1900,"data structures,dp,geometry,shortest paths",13
RollBack,1690-E,1,1500,"binary search,greedy,math,two pointers",1
RollBack,1690-F,1,1700,"graphs,math,number theory,strings",1
RollBack,1691-D,1,1800,"binary search,constructive algorithms,data structures,divide and conquer,implementation,two pointers",8
RollBack,1692-H,1,1700,"data structures,dp,greedy,math",1
RollBack,1694-D,1,1700,"dfs and similar,dp,greedy,trees",1
RollBack,1695-C,1,1700,"brute force,data structures,dp,graphs,greedy,shortest paths",1
RollBack,1695-D1,1,2200,"brute force,constructive algorithms,dfs and similar,dp,greedy,trees",1
RollBack,1695-D2,1,2300,"constructive algorithms,dfs and similar,dp,greedy,trees",5
RollBack,1696-D,1,1900,"binary search,constructive algorithms,data structures,divide and conquer,greedy,shortest paths",1
RollBack,1697-D,1,1900,"binary search,constructive algorithms,interactive",1
RollBack,1698-D,1,1600,"binary search,constructive algorithms,interactive",1
RollBack,1699-C,1,1700,"combinatorics,constructive algorithms,math",6
RollBack,1700-C,1,1700,"constructive algorithms,data structures,greedy",4
RollBack,1700-D,1,1900,"binary search,dp,greedy,math",4
RollBack,1701-D,1,1900,"binary search,data structures,greedy,math,sortings,two pointers",3
RollBack,1702-E,1,1600,"dfs and similar,dsu,graphs",3
RollBack,1702-F,1,1700,"constructive algorithms,data structures,greedy,math,number theory",1
RollBack,1702-G1,1,1900,"dfs and similar,trees",1
RollBack,1702-G2,1,2000,"data structures,dfs and similar,trees",2
RollBack,1703-G,1,1600,"bitmasks,brute force,dp,greedy,math",3
RollBack,1704-D,1,1900,"constructive algorithms,hashing,implementation,math",1
RollBack,1705-D,1,1800,"combinatorics,constructive algorithms,greedy,math,sortings",2
RollBack,1706-D1,1,1700,"binary search,brute force,constructive algorithms,greedy,number theory",9
RollBack,1706-D2,0,2400,"brute force,constructive algorithms,data structures,dp,greedy,math,number theory,two pointers",8
RollBack,1707-A,1,1600,"binary search,constructive algorithms,greedy,implementation",1
RollBack,1707-B,1,1900,"brute force,data structures,implementation,sortings",6
RollBack,1709-C,1,1800,"constructive algorithms,greedy,implementation,strings",1
RollBack,1709-D,1,1700,"binary search,data structures,greedy,math",1
RollBack,1710-A,1,1500,"constructive algorithms,greedy,math",1
RollBack,1712-A,1,800,"greedy,implementation",1
RollBack,1712-B,1,800,"constructive algorithms,greedy,number theory",1
RollBack,1712-C,1,1100,"greedy,sortings",3
RollBack,1712-D,0,2000,"binary search,constructive algorithms,data structures,greedy,shortest paths",1
RollBack,1713-A,1,800,"geometry,greedy,implementation",1
RollBack,1713-B,1,1000,"constructive algorithms,sortings",1
RollBack,1713-C,1,1200,"constructive algorithms,dp,math",1
RollBack,1713-D,1,1800,"constructive algorithms,greedy,interactive,number theory,probabilities",5
RollBack,1714-D,1,1600,"brute force,data structures,dp,greedy,strings",4
RollBack,1714-E,1,1400,"brute force,math,number theory",1
RollBack,1714-F,1,1900,"constructive algorithms,implementation,trees",2
RollBack,1714-G,1,1700,"binary search,data structures,dfs and similar,trees",1
RollBack,1715-C,1,1700,"combinatorics,data structures,implementation,math",2
RollBack,1715-D,1,1900,"2-sat,bitmasks,graphs,greedy",11
RollBack,1717-C,1,1300,greedy,1
RollBack,1717-D,1,1900,"combinatorics,constructive algorithms,greedy,math",1
RollBack,1718-A1,1,1800,"dp,greedy",1
RollBack,1718-A2,1,1900,"data structures,dp,greedy",1
RollBack,1719-D1,1,1800,"bitmasks,brute force,dp,greedy",3
RollBack,1720-A,1,900,"math,number theory",1
RollBack,1720-B,1,800,"brute force,data structures,greedy,math,sortings",1
RollBack,1720-C,1,1200,"greedy,implementation",2
RollBack,1720-D1,1,1800,"bitmasks,brute force,dp,strings,trees,two pointers",2
RollBack,1721-D,1,1800,"bitmasks,dfs and similar,divide and conquer,greedy,sortings",1
RollBack,1721-E,0,2200,"dfs and similar,dp,hashing,string suffix structures,strings,trees",1
RollBack,1722-A,1,800,implementation,1
RollBack,1722-B,1,800,implementation,2
RollBack,1722-C,1,800,"data structures,implementation",2
RollBack,1722-E,1,1600,"brute force,data structures,dp,implementation",1
RollBack,1722-F,1,1700,"dfs and similar,implementation",1
RollBack,1722-G,1,1500,"bitmasks,constructive algorithms,greedy",1
RollBack,1725-G,1,1500,"binary search,geometry,math",2
RollBack,1725-H,1,1800,"constructive algorithms,math",1
RollBack,1725-M,1,1800,"dp,graphs,shortest paths",1
RollBack,1728-D,1,1800,"constructive algorithms,dp,games,two pointers",5
RollBack,1729-E,1,1800,"interactive,probabilities",5
RollBack,1729-F,1,1900,"hashing,math",2
RollBack,1729-G,1,2100,"combinatorics,dp,hashing,strings,two pointers",1
RollBack,1730-B,1,1600,"binary search,geometry,greedy,implementation,math,ternary search",3
RollBack,1731-C,1,1700,"bitmasks,brute force,hashing,math,number theory",1
RollBack,1731-D,1,1700,"binary search,brute force,data structures,dp,two pointers",1
RollBack,1731-E,1,2000,"dp,greedy,math,number theory",3
RollBack,1732-C1,1,1800,"binary search,bitmasks,greedy,two pointers",2
RollBack,1732-D1,1,1500,"brute force,data structures,implementation,number theory",14
RollBack,1734-D,1,1800,"data structures,dp,greedy,two pointers",1
RollBack,1735-D,1,1700,"brute force,combinatorics,data structures,hashing,math",1
RollBack,1737-C,1,1500,"constructive algorithms,games,implementation,math",3
RollBack,1738-B,1,1200,"constructive algorithms,greedy,math,sortings",1
RollBack,1738-C,1,1500,"dp,games,greedy,math",3
RollBack,1738-D,1,1900,"constructive algorithms,data structures,dfs and similar,dsu,graphs,trees",4
RollBack,1739-B,1,1100,"constructive algorithms,greedy,math",3
RollBack,1739-C,1,1500,"combinatorics,constructive algorithms,dp,games",1
RollBack,1739-D,1,1900,"binary search,data structures,dfs and similar,graphs,greedy,trees",1
RollBack,1740-D,1,1500,"constructive algorithms,data structures",1
RollBack,1740-E,1,1800,"constructive algorithms,data structures,dfs and similar,dp,greedy,trees",5
RollBack,1741-B,1,800,"constructive algorithms,math",1
RollBack,1741-C,1,1100,"brute force,greedy,math,two pointers",4
RollBack,1741-E,1,1600,dp,5
RollBack,1742-A,1,800,implementation,1
RollBack,1742-B,1,800,"greedy,implementation,sortings",1
RollBack,1742-C,1,900,implementation,1
RollBack,1742-D,1,1100,"brute force,greedy,number theory",1
RollBack,1742-E,1,1200,"binary search,greedy,math",1
RollBack,1742-F,1,1500,"constructive algorithms,greedy,strings",1
RollBack,1742-G,1,1500,"bitmasks,brute force,greedy,math,sortings",2
RollBack,1743-D,1,1700,"brute force,dp,greedy,probabilities",6
RollBack,1744-E1,1,1500,"brute force,math,number theory",1
RollBack,1744-E2,1,1900,"brute force,math,number theory",1
RollBack,1746-D,1,1900,"dfs and similar,dp,greedy,sortings,trees",2
RollBack,1747-D,1,1900,"binary search,bitmasks,constructive algorithms,data structures",1
RollBack,1748-C,1,1600,"brute force,data structures,dp,greedy,implementation",4
RollBack,1749-C,1,1400,"binary search,data structures,games,greedy,implementation",1
RollBack,1749-D,1,1900,"combinatorics,dp,math,number theory",1
RollBack,1750-D,1,1800,"combinatorics,math,number theory",2
RollBack,1753-A1,1,1300,"constructive algorithms,dp,greedy",1
RollBack,1753-A2,1,1500,"constructive algorithms,dp,greedy",1
RollBack,1753-B,1,1600,"math,number theory",1
RollBack,1754-C1,1,1300,constructive algorithms,1
RollBack,1754-C2,0,1500,"constructive algorithms,implementation",1
RollBack,1758-D,1,1800,"binary search,brute force,constructive algorithms,math,two pointers",1
RollBack,1759-E,1,1500,"brute force,dp,sortings",1
RollBack,1759-F,1,1800,"binary search,data structures,greedy,math,number theory",7
RollBack,1759-G,1,1900,"binary search,constructive algorithms,data structures,greedy,math",1
RollBack,1760-F,1,1500,"binary search,greedy,sortings",3
RollBack,1760-G,1,1700,"bitmasks,dfs and similar,graphs",5
RollBack,1763-C,1,2000,"brute force,constructive algorithms,greedy",3
RollBack,1763-D,1,2200,"combinatorics,dp,implementation,math,number theory",2
RollBack,1764-A,1,800,greedy,1
RollBack,1764-B,1,900,"math,number theory",2
RollBack,1764-C,1,1400,"graphs,greedy",2
RollBack,1765-B,1,800,greedy,1
RollBack,1765-D,1,1700,"binary search,constructive algorithms,two pointers",1
RollBack,1765-E,1,1000,"brute force,math",1
RollBack,1765-K,1,1500,"greedy,math",1
RollBack,1765-M,1,1000,"math,number theory",1
RollBack,1765-N,1,1500,greedy,1
RollBack,1766-A,1,800,"brute force,implementation",1
RollBack,1766-B,1,1000,implementation,1
RollBack,1766-C,1,1300,"dp,implementation",1
RollBack,1766-D,1,1600,"math,number theory",1
RollBack,1767-A,1,800,implementation,1
RollBack,1767-B,1,800,"data structures,greedy,sortings",1
RollBack,1767-D,1,1500,"combinatorics,constructive algorithms,dp,greedy,math",1
RollBack,1768-D,1,1800,"constructive algorithms,dfs and similar,graphs,greedy",1
RollBack,1770-C,1,1700,"brute force,chinese remainder theorem,math,number theory",1
RollBack,1771-A,1,900,"combinatorics,math,sortings",1
RollBack,1771-B,1,1400,"binary search,constructive algorithms,dp,two pointers",1
RollBack,1771-C,1,1600,"greedy,math,number theory",3
RollBack,1771-D,1,2100,"brute force,data structures,dfs and similar,dp,strings,trees",4
RollBack,1772-A,1,800,implementation,1
RollBack,1772-B,1,800,"brute force,implementation",4
RollBack,1772-C,1,1000,"constructive algorithms,greedy,math",1
RollBack,1772-D,1,1400,"constructive algorithms,math",5
RollBack,1772-E,1,1700,games,1
RollBack,1773-A,1,1900,"constructive algorithms,graph matchings,math,probabilities",9
RollBack,1773-E,1,1400,"greedy,sortings",1
RollBack,1773-F,1,800,constructive algorithms,3
RollBack,1773-J,0,2900,"constructive algorithms,math",1
RollBack,1773-K,1,1900,constructive algorithms,3
RollBack,1774-A,1,800,"constructive algorithms,math",1
RollBack,1774-B,1,1500,"constructive algorithms,greedy,math",1
RollBack,1774-C,1,1300,"constructive algorithms,dp,greedy",1
RollBack,1774-D,1,1600,"brute force,constructive algorithms,greedy,implementation,two pointers",1
RollBack,1774-E,1,1900,"dfs and similar,dp,greedy,trees",1
RollBack,1775-C,1,1600,"bitmasks,math",1
RollBack,1775-D,1,1800,"dfs and similar,graphs,math,number theory,shortest paths",1
RollBack,1777-C,1,1700,"binary search,math,number theory,sortings,two pointers",1
RollBack,1778-C,1,1600,"bitmasks,brute force,strings",1
RollBack,1779-A,1,800,"constructive algorithms,greedy,strings",1
RollBack,1779-B,1,900,"constructive algorithms,math",1
RollBack,1779-C,1,1600,"data structures,greedy",2
RollBack,1779-D,1,1700,"constructive algorithms,data structures,dp,dsu,greedy,sortings",1
RollBack,1781-C,1,1600,"brute force,constructive algorithms,greedy,implementation,sortings,strings",1
RollBack,1781-D,1,1800,"brute force,math,number theory",2
RollBack,1783-C,1,1700,"binary search,greedy,sortings",1
RollBack,1783-D,1,2000,"brute force,dp,implementation",1
RollBack,1784-B,1,1900,constructive algorithms,1
RollBack,1787-C,1,1600,"dp,greedy,math",1
RollBack,1787-D,0,1900,"combinatorics,dfs and similar,dsu,graphs,implementation",8
RollBack,1788-E,1,2200,"data structures,dfs and similar,dp",1
RollBack,1790-A,1,800,"implementation,math,strings",3
RollBack,1790-B,1,800,"greedy,math",1
RollBack,1790-F,1,2100,"brute force,dfs and similar,divide and conquer,graphs,greedy,math,shortest paths,trees",1
RollBack,1791-A,1,800,"implementation,strings",1
RollBack,1791-B,1,800,"geometry,implementation",1
RollBack,1791-C,1,800,"implementation,two pointers",1
RollBack,1791-D,1,1000,"brute force,greedy,strings",1
RollBack,1791-E,1,1100,"dp,greedy,sortings",1
RollBack,1791-F,1,1500,"binary search,brute force,data structures",3
RollBack,1791-G1,1,1100,"greedy,sortings",1
RollBack,1791-G2,1,1900,"binary search,greedy,sortings",15
RollBack,1792-C,1,1500,"binary search,brute force,greedy,math,two pointers",1
RollBack,1792-D,1,1700,"binary search,bitmasks,data structures,hashing,math,sortings",1
RollBack,1794-D,1,1900,"combinatorics,divide and conquer,dp,math,number theory",2
RollBack,1795-A,0,800,"brute force,implementation,strings",1
RollBack,1795-B,0,900,"brute force,geometry,greedy",1
RollBack,1795-C,0,1500,"binary search,data structures,implementation",1
RollBack,1796-C,1,1600,"binary search,math",1
RollBack,1797-E,1,2300,"brute force,data structures,dsu,math,number theory,two pointers",1
RollBack,1798-D,1,1600,"constructive algorithms,greedy,math",1
RollBack,1800-E2,1,1500,"brute force,constructive algorithms,dfs and similar,dsu,graphs,greedy,strings",1
RollBack,1800-F,1,1900,"bitmasks,hashing,meet-in-the-middle,strings",1
RollBack,1801-A,1,1600,"bitmasks,constructive algorithms",1
RollBack,1801-B,1,1800,"data structures,greedy,sortings",1
RollBack,1804-C,1,1500,"brute force,greedy,math,number theory",1
RollBack,1804-D,1,2000,"brute force,dp,greedy,implementation",9
RollBack,1807-G1,1,1100,"brute force,data structures,dp,greedy,implementation,sortings",3
RollBack,1807-G2,0,1100,"bitmasks,dp,greedy,implementation,sortings",1
RollBack,1811-A,1,800,"greedy,math,strings",1
RollBack,1811-B,1,1000,"implementation,math",1
RollBack,1811-C,1,1100,"constructive algorithms,greedy",4
RollBack,1811-D,0,1600,"constructive algorithms,implementation,math",1
RollBack,1811-E,1,1500,"binary search,dp,math,number theory",1
RollBack,1814-B,1,1700,"brute force,math",1
RollBack,1814-C,1,1500,"constructive algorithms,greedy,sortings",1
RollBack,1823-C,1,1300,"greedy,math,number theory",1
RollBack,1833-A,1,800,"implementation,strings",1
RollBack,1833-B,1,900,"greedy,sortings",1
RollBack,1833-C,1,800,"greedy,math",1
RollBack,1833-D,1,1400,"brute force,constructive algorithms,greedy",1
RollBack,1833-E,0,1600,"dfs and similar,dsu,graphs,shortest paths",2
RollBack,1833-G,1,1800,"constructive algorithms,dfs and similar,dp,dsu,greedy,implementation,trees",1
RollBack,1837-A,0,800,"constructive algorithms,math",1
RollBack,1840-A,0,800,"implementation,strings,two pointers",1
RollBack,1840-C,0,1000,"combinatorics,math,two pointers",1
RollBack,1840-D,0,1400,"binary search,greedy,sortings",1
RollBack,1840-E,0,1600,"data structures,hashing,implementation",1
RollBack,1846-A,1,800,"implementation,math",1
RollBack,1846-B,1,800,"brute force,implementation,strings",1
RollBack,1846-C,1,1200,"constructive algorithms,data structures,dp,greedy,sortings",2
RollBack,1846-E1,1,1300,"brute force,implementation,math",1
RollBack,1846-G,0,1900,"bitmasks,dp,graphs,greedy,shortest paths",4
RollBack,1851-A,1,800,"brute force,constructive algorithms,math",1
RollBack,1851-B,1,800,"greedy,sortings,two pointers",1
RollBack,1851-C,1,1000,greedy,1
RollBack,1851-D,1,1300,"implementation,math",4
RollBack,1851-F,1,1800,"bitmasks,greedy,math,strings,trees",1
RollBack,1857-A,1,800,"greedy,math",1
RollBack,1857-B,1,1100,"greedy,implementation,math",1
RollBack,1857-C,1,1200,"greedy,sortings",1
RollBack,1857-D,1,1300,"math,sortings,trees",3
RollBack,1857-E,1,1500,"math,sortings",1
RollBack,1862-A,1,800,"dp,greedy,implementation,strings",1
RollBack,1862-B,1,800,constructive algorithms,1
RollBack,1862-C,1,1100,"binary search,data structures,implementation,sortings",1
RollBack,1862-D,1,1300,"binary search,combinatorics,constructive algorithms,math",1
RollBack,1862-E,1,1600,"constructive algorithms,data structures,greedy",1
RollBack,1862-F,1,1800,"binary search,bitmasks,brute force,dp",1
RollBack,1878-A,1,800,greedy,1
RollBack,1878-B,1,800,"constructive algorithms,math",2
RollBack,1878-C,1,900,math,2
RollBack,1878-D,0,1600,"data structures,greedy",1
RollBack,1878-E,1,1400,"binary search,bitmasks,data structures,greedy",2
RollBack,1878-F,1,1900,"brute force,math,number theory",2
RollBack,1879-A,0,800,greedy,1
RollBack,1881-A,1,800,"brute force,strings",1
RollBack,1881-B,1,900,math,1
RollBack,1881-C,1,1200,"brute force,implementation",1
RollBack,1881-D,1,1300,"math,number theory",1
RollBack,1881-E,1,1500,dp,1
RollBack,1881-F,1,1700,"dfs and similar,dp,graphs,shortest paths,trees",3
RollBack,1888-A,0,900,strings,1
RollBack,1894-A,0,800,"implementation,strings",1
RollBack,1899-A,1,800,"games,math,number theory",1
RollBack,1899-B,1,1100,"brute force,implementation,number theory",1
RollBack,1899-C,1,1100,"dp,greedy,two pointers",2
RollBack,1899-D,1,1300,"hashing,math,number theory",1
RollBack,1899-E,1,1300,"greedy,implementation,sortings",1
RollBack,1899-F,1,1600,"constructive algorithms,graphs,greedy,shortest paths,trees",6
RollBack,1907-A,1,800,implementation,2
RollBack,1907-B,1,1000,"data structures,implementation,strings",2
RollBack,1907-C,1,1200,"constructive algorithms,greedy,math,strings",2
RollBack,1907-D,1,1400,"binary search,constructive algorithms",1
RollBack,1907-E,0,1600,"brute force,combinatorics,number theory",5
RollBack,223-C,1,1900,"combinatorics,math,number theory",3
RollBack,246-D,1,1600,"brute force,dfs and similar,graphs",3
RollBack,271-D,1,1800,"data structures,strings",6
RollBack,276-C,1,1500,"data structures,greedy,implementation,sortings",1
RollBack,296-D,1,1700,"dp,graphs",2
RollBack,376-D,1,1600,"dp,implementation,sortings",6
RollBack,385-C,1,1700,"binary search,brute force,data structures,dp,implementation,math,number theory",1
RollBack,4-A,1,800,"brute force,math",3
RollBack,430-D,1,1600,"brute force,dp",9
RollBack,439-D,1,1700,"binary search,sortings,ternary search,two pointers",4
RollBack,448-C,1,1900,"divide and conquer,dp,greedy",1
RollBack,455-B,1,1900,"dfs and similar,dp,games,implementation,strings,trees",10
RollBack,460-C,1,1700,"binary search,data structures,greedy",1
RollBack,484-B,1,2100,"binary search,math,sortings,two pointers",1
RollBack,490-C,1,1700,"brute force,math,number theory,strings",1
RollBack,5-C,1,1900,"constructive algorithms,data structures,dp,greedy,sortings,strings",1
RollBack,50-A,1,800,"greedy,math",1
RollBack,577-B,1,1900,"combinatorics,data structures,dp,two pointers",2
RollBack,600-E,1,2300,"data structures,dfs and similar,dsu,trees",1
RollBack,607-B,1,1900,dp,3
RollBack,707-C,1,1500,"math,number theory",1
RollBack,724-B,1,1500,"brute force,greedy,implementation,math",1
RollBack,735-D,1,1600,"math,number theory",1
RollBack,863-D,1,1800,"data structures,implementation",1
RollBack,91-B,1,1500,"binary search,data structures",4
RollBack,911-G,1,2500,data structures,3
RollBack,960-B,1,1500,"data structures,greedy,sortings",1
rkb_rd,1073-E,1,2300,"bitmasks,combinatorics,dp,math",8
rkb_rd,1082-G,0,2400,"flows,graphs",1
rkb_rd,1140-E,1,2200,"combinatorics,divide and conquer,dp",3
rkb_rd,1175-E,1,2200,"data structures,dfs and similar,divide and conquer,dp,greedy,implementation,trees",1
rkb_rd,1175-F,0,2500,"brute force,data structures,divide and conquer,hashing,math",1
rkb_rd,1202-E,0,2400,"brute force,string suffix structures,strings",1
rkb_rd,1207-F,0,2100,"brute force,data structures,implementation",1
rkb_rd,1217-F,0,2600,"data structures,divide and conquer,dsu,graphs,trees",1
rkb_rd,1220-E,0,2200,"dfs and similar,dp,dsu,graphs,greedy,trees",1
rkb_rd,1234-F,1,2200,"bitmasks,dp",5
rkb_rd,1236-D,1,2300,"brute force,data structures,greedy,implementation",11
rkb_rd,1248-E,1,2300,"data structures,greedy",13
rkb_rd,1407-D,1,2200,"data structures,dp,graphs",2
rkb_rd,1408-D,1,2000,"binary search,brute force,data structures,dp,implementation,sortings,two pointers",1
rkb_rd,1427-D,1,2000,"constructive algorithms,implementation",2
rkb_rd,1440-C2,1,1900,"constructive algorithms,implementation",6
rkb_rd,1443-D,1,1800,"dp,greedy,math",3
rkb_rd,1450-C1,1,2100,"constructive algorithms,math",4
rkb_rd,1450-C2,1,2300,"constructive algorithms,math",1
rkb_rd,1480-D1,1,1900,"data structures,dp,greedy,implementation",1
rkb_rd,1480-D2,1,2100,"data structures,dp,greedy",1
rkb_rd,1496-D,1,1900,games,1
rkb_rd,1501-D,1,2200,"binary search,brute force,chinese remainder theorem,math",22
rkb_rd,1504-D,1,1700,"constructive algorithms,games,graphs,interactive",1
rkb_rd,1509-D,1,1900,"constructive algorithms,greedy,strings,two pointers",1
rkb_rd,1513-E,1,2300,"combinatorics,constructive algorithms,math,sortings",6
rkb_rd,1516-D,1,2100,"binary search,data structures,dp,graphs,number theory,two pointers",8
rkb_rd,1527-D,0,2400,"combinatorics,dfs and similar,implementation,math,trees",1
rkb_rd,1527-E,1,2500,"binary search,data structures,divide and conquer,dp",4
rkb_rd,1537-E2,1,2200,"binary search,data structures,greedy,hashing,string suffix structures,strings,two pointers",2
rkb_rd,1537-F,0,2200,"constructive algorithms,dfs and similar,dsu,graphs,greedy,math",1
rkb_rd,1573-C,1,1800,"data structures,dp,graphs,implementation",3
rkb_rd,1574-D,1,2000,"binary search,brute force,data structures,dfs and similar,graphs,greedy,hashing,implementation",33
rkb_rd,1592-E,1,2400,"bitmasks,greedy,math,two pointers",2
rkb_rd,1602-D,1,1900,"data structures,dp,graphs,greedy,shortest paths",1
rkb_rd,1608-D,1,2400,"combinatorics,fft,graphs,math,number theory",10
rkb_rd,1624-F,1,2000,"binary search,constructive algorithms,interactive",7
rkb_rd,1654-E,1,2300,"brute force,data structures,graphs,math",24
rkb_rd,1654-F,0,2800,"bitmasks,data structures,divide and conquer,greedy,hashing,sortings,strings",1
rkb_rd,1681-F,1,2300,"data structures,dfs and similar,divide and conquer,dp,dsu,trees",2
rkb_rd,1703-A,1,800,"brute force,implementation,strings",1
rkb_rd,1703-B,1,800,"data structures,implementation",1
rkb_rd,1703-C,1,800,"brute force,implementation,strings",1
rkb_rd,1703-G,0,1600,"bitmasks,brute force,dp,greedy,math",2
rkb_rd,1712-E1,1,2300,"binary search,brute force,combinatorics,math,number theory,two pointers",5
rkb_rd,1712-E2,1,2500,"brute force,data structures,math,number theory,two pointers",7
rkb_rd,1721-E,1,2200,"dfs and similar,dp,hashing,string suffix structures,strings,trees",1
rkb_rd,1726-D,1,2000,"brute force,constructive algorithms,dfs and similar,dsu,graphs,probabilities,trees",3
rkb_rd,1760-A,1,800,"implementation,sortings",1
rkb_rd,1760-B,1,800,"greedy,implementation,strings",1
rkb_rd,1782-D,1,1800,"brute force,dp,math,number theory",1
rkb_rd,1789-B,1,800,"brute force,implementation,strings,two pointers",4
rkb_rd,1799-C,1,1700,"greedy,strings",7
rkb_rd,1799-D1,1,1900,dp,9
rkb_rd,1799-D2,1,2100,"data structures,dp",3
rkb_rd,1806-C,1,1600,"brute force,constructive algorithms,math",3
rkb_rd,1806-E,1,2200,"brute force,data structures,dfs and similar,trees",2
rkb_rd,1807-A,1,800,implementation,1
rkb_rd,1807-B,1,800,greedy,1
rkb_rd,1819-B,1,1900,"geometry,greedy,implementation,sortings,two pointers",36
rkb_rd,1824-B2,1,2300,"combinatorics,dfs and similar,math,probabilities,trees",1
rkb_rd,1827-C,1,2600,"binary search,brute force,data structures,dp,hashing,strings",2
rkb_rd,1828-D1,1,2000,"binary search,brute force,data structures,dp,dsu,greedy",2
rkb_rd,1828-D2,1,2400,"binary search,data structures,dp,greedy",5
rkb_rd,1834-A,1,800,"greedy,math",2
rkb_rd,1834-B,1,1000,"greedy,math",1
rkb_rd,1834-D,1,1900,"brute force,data structures,greedy,implementation,sortings",10
rkb_rd,1836-A,1,800,"implementation,sortings",1
rkb_rd,1836-B,1,1100,"greedy,math",4
rkb_rd,1836-C,1,1700,"brute force,greedy,implementation,math",1
rkb_rd,1837-E,1,2200,"combinatorics,trees",2
rkb_rd,1840-A,1,800,"implementation,strings,two pointers",2
rkb_rd,1840-B,1,1100,"bitmasks,combinatorics,math",2
rkb_rd,1840-C,1,1000,"combinatorics,math,two pointers",1
rkb_rd,1840-D,1,1400,"binary search,greedy,sortings",1
rkb_rd,1840-E,1,1600,"data structures,hashing,implementation",1
rkb_rd,1840-G1,1,2200,"constructive algorithms,interactive,math,meet-in-the-middle,probabilities",3
rkb_rd,1841-A,1,800,"constructive algorithms,games",2
rkb_rd,1841-B,1,1000,implementation,1
rkb_rd,1841-C,1,1800,"brute force,dp,greedy,math,strings",1
rkb_rd,1841-D,1,2000,"data structures,greedy,sortings,two pointers",8
rkb_rd,1842-A,1,800,"games,math",2
rkb_rd,1842-B,1,1100,"bitmasks,greedy,math",1
rkb_rd,1842-C,1,1500,dp,3
rkb_rd,1842-D,0,1900,"constructive algorithms,graphs,greedy",3
rkb_rd,1842-F,0,2500,"dfs and similar,greedy,shortest paths,sortings,trees",4
rkb_rd,1843-A,1,800,"greedy,sortings,two pointers",1
rkb_rd,1843-B,1,800,"greedy,math,two pointers",1
rkb_rd,1843-C,1,800,"bitmasks,combinatorics,math,trees",1
rkb_rd,1843-D,1,1200,"combinatorics,dfs and similar,dp,math,trees",2
rkb_rd,1843-E,1,1600,"binary search,brute force,data structures,two pointers",1
rkb_rd,1843-F1,1,1800,"data structures,dfs and similar,dp,graphs,greedy,math,trees",1
rkb_rd,1843-F2,1,2300,"data structures,dfs and similar,divide and conquer,dp,math,trees",26
rkb_rd,1844-A,1,800,"constructive algorithms,games",2
rkb_rd,1844-B,1,1000,"constructive algorithms,math",2
rkb_rd,1844-C,1,1300,"dp,greedy,implementation,math",3
rkb_rd,1844-D,1,1400,"constructive algorithms,greedy,math,number theory,strings",1
rkb_rd,1845-A,1,800,"constructive algorithms,implementation,math,number theory",2
rkb_rd,1845-B,1,900,"geometry,implementation,math",1
rkb_rd,1845-C,1,1400,"binary search,dp,greedy,strings",1
rkb_rd,1845-D,1,1800,"binary search,brute force,data structures,dp,dsu,greedy,math,two pointers",13
rkb_rd,1846-A,1,800,"implementation,math",1
rkb_rd,1846-B,1,800,"brute force,implementation,strings",1
rkb_rd,1846-C,1,1200,"constructive algorithms,data structures,dp,greedy,sortings",1
rkb_rd,1846-D,1,1200,"constructive algorithms,geometry,math",1
rkb_rd,1846-E1,1,1300,"brute force,implementation,math",1
rkb_rd,1846-E2,1,1800,"binary search,brute force,implementation,math",5
rkb_rd,1846-G,1,1900,"bitmasks,dp,graphs,greedy,shortest paths",2
rkb_rd,1847-A,1,800,"greedy,sortings",1
rkb_rd,1847-B,1,1000,"bitmasks,greedy,two pointers",2
rkb_rd,1847-C,1,1400,"bitmasks,brute force,dp,greedy",2
rkb_rd,1847-D,1,1900,"data structures,dsu,greedy,implementation,strings",5
rkb_rd,1848-A,1,900,"games,math",1
rkb_rd,1848-B,1,1200,"binary search,data structures,greedy,implementation,math,sortings",1
rkb_rd,1848-C,1,1800,"math,number theory",3
rkb_rd,1848-D,0,2200,"binary search,brute force,math,ternary search",15
rkb_rd,1850-A,1,800,"implementation,sortings",2
rkb_rd,1851-A,1,800,"brute force,constructive algorithms,math",1
rkb_rd,1851-B,1,800,"greedy,sortings,two pointers",1
rkb_rd,1851-C,1,1000,greedy,1
rkb_rd,1851-D,1,1300,"implementation,math",1
rkb_rd,1851-F,1,1800,"bitmasks,greedy,math,strings,trees",1
rkb_rd,1851-G,1,2000,"binary search,data structures,dsu,graphs,implementation,sortings,trees,two pointers",3
rkb_rd,1853-A,1,800,"brute force,greedy,math",3
rkb_rd,1853-B,1,1200,"binary search,brute force,math",1
rkb_rd,1854-B,1,2200,"bitmasks,brute force,dp",1
rkb_rd,1855-A,1,800,"greedy,math",1
rkb_rd,1855-B,1,900,"brute force,combinatorics,greedy,math,number theory",1
rkb_rd,1855-C1,1,1400,constructive algorithms,4
rkb_rd,1855-C2,1,1900,"constructive algorithms,math",8
rkb_rd,1856-A,1,800,implementation,2
rkb_rd,1856-B,1,900,"implementation,math",1
rkb_rd,1856-C,1,1600,"binary search,brute force,data structures,dp",1
rkb_rd,1856-D,1,2100,"divide and conquer,interactive",2
rkb_rd,1856-E1,1,1800,"dfs and similar,dp,trees",2
rkb_rd,1856-E2,1,2700,"bitmasks,dfs and similar,dp,fft,greedy,implementation,math,trees",6
rkb_rd,1857-A,1,800,"greedy,math",1
rkb_rd,1857-B,1,1100,"greedy,implementation,math",1
rkb_rd,1857-C,1,1200,"greedy,sortings",1
rkb_rd,1857-D,1,1300,"math,sortings,trees",1
rkb_rd,1857-E,1,1500,"math,sortings",1
rkb_rd,1857-F,1,1600,"binary search,data structures,math",5
rkb_rd,1857-G,1,2000,"combinatorics,divide and conquer,dsu,graphs,greedy,sortings,trees",2
rkb_rd,1858-A,1,800,"games,greedy,math",1
rkb_rd,1858-B,1,1500,"brute force,dp,greedy,math,number theory",4
rkb_rd,1858-C,1,1000,"constructive algorithms,greedy,math,number theory",1
rkb_rd,1858-D,1,2200,"brute force,data structures,dp,greedy,two pointers",3
rkb_rd,1858-E1,0,2500,"brute force,data structures,dfs and similar,trees",2
rkb_rd,1859-A,1,800,"constructive algorithms,math,number theory",3
rkb_rd,1859-B,1,1000,"constructive algorithms,greedy,math,sortings",1
rkb_rd,1859-C,1,1200,"brute force,dp,greedy,math",2
rkb_rd,1859-D,1,1800,"binary search,data structures,dp,dsu,greedy,sortings",2
rkb_rd,1859-E,0,2500,"brute force,dp,math",20
rkb_rd,1860-A,1,900,"constructive algorithms,strings",4
rkb_rd,1860-B,1,1200,"binary search,brute force,greedy,math",4
rkb_rd,1860-C,1,1400,"data structures,dp,games,greedy",2
rkb_rd,1860-D,1,2200,dp,2
rkb_rd,1860-E,1,2400,"data structures,dfs and similar,graphs,shortest paths",2
rkb_rd,1861-A,1,800,"constructive algorithms,math",1
rkb_rd,1861-B,1,1000,"constructive algorithms,dp,greedy",1
rkb_rd,1861-C,0,1600,"data structures,dfs and similar,implementation,strings,trees",9
rkb_rd,1862-A,1,800,"dp,greedy,implementation,strings",1
rkb_rd,1862-B,1,800,constructive algorithms,1
rkb_rd,1862-C,1,1100,"binary search,data structures,implementation,sortings",1
rkb_rd,1862-D,1,1300,"binary search,combinatorics,constructive algorithms,math",1
rkb_rd,1862-E,1,1600,"constructive algorithms,data structures,greedy",1
rkb_rd,1862-F,1,1800,"binary search,bitmasks,brute force,dp",1
rkb_rd,1866-A,1,800,math,2
rkb_rd,1866-B,1,1400,"combinatorics,math,number theory",1
rkb_rd,1867-A,1,800,"constructive algorithms,sortings",3
rkb_rd,1867-B,1,1100,"bitmasks,constructive algorithms,strings",1
rkb_rd,1867-C,1,1300,"constructive algorithms,data structures,games,greedy,interactive",1
rkb_rd,1867-E1,0,2000,"constructive algorithms,interactive,math",1
rkb_rd,1869-A,1,900,constructive algorithms,2
rkb_rd,1869-B,1,1100,"geometry,math,shortest paths,sortings",1
rkb_rd,1869-C,1,1300,"constructive algorithms,math",2
rkb_rd,1869-D1,0,1700,"bitmasks,constructive algorithms,graphs,implementation,math",1
rkb_rd,1870-A,1,800,"constructive algorithms,greedy,math",1
rkb_rd,1870-B,1,1200,"bitmasks,greedy,math",1
rkb_rd,1870-C,1,1300,"binary search,data structures,dp,implementation,math,two pointers",3
rkb_rd,1870-D,0,1800,"greedy,implementation,sortings",2
rkb_rd,1870-E,1,2300,"bitmasks,brute force,dp,shortest paths",8
rkb_rd,1872-D,1,1200,math,1
rkb_rd,1872-E,1,1500,"binary search,bitmasks,data structures,dp",1
rkb_rd,1872-F,1,1800,"dfs and similar,dsu,graphs,implementation,math",3
rkb_rd,1873-G,1,1500,"constructive algorithms,greedy",1
rkb_rd,1873-H,1,1700,"dfs and similar,dsu,games,graphs,shortest paths,trees",4
rkb_rd,1877-A,1,800,math,1
rkb_rd,1877-B,1,1000,"binary search,greedy,sortings",1
rkb_rd,1877-C,1,1200,"math,number theory",3
rkb_rd,1877-D,1,1500,"combinatorics,number theory,sortings",1
rkb_rd,1877-E,0,2100,"constructive algorithms,graphs,implementation",13
rkb_rd,1881-A,1,800,"brute force,strings",1
rkb_rd,1881-B,1,900,math,1
rkb_rd,1881-C,1,1200,"brute force,implementation",1
rkb_rd,1881-D,1,1300,"math,number theory",1
rkb_rd,1881-E,1,1500,dp,1
rkb_rd,1881-F,1,1700,"dfs and similar,dp,graphs,shortest paths,trees",1
rkb_rd,1881-G,0,2000,"binary search,data structures",7
rkb_rd,1882-A,1,800,greedy,2
rkb_rd,1882-B,1,1300,"bitmasks,brute force,constructive algorithms,greedy",1
rkb_rd,1882-C,1,1500,"brute force,greedy",3
rkb_rd,1884-A,1,800,"brute force,greedy,math",1
rkb_rd,1884-B,1,1100,"binary search,greedy,math,two pointers",1
rkb_rd,1884-C,1,1700,"brute force,data structures,dp,greedy,sortings",1
rkb_rd,1884-D,1,2100,"dp,math,number theory",1
rkb_rd,1888-A,1,900,strings,1
rkb_rd,1888-B,1,1000,"math,number theory",1
rkb_rd,1888-C,1,1400,data structures,1
rkb_rd,1888-D1,1,1400,"binary search,greedy",1
rkb_rd,1888-D2,1,1900,"binary search,brute force,greedy,math",12
rkb_rd,1890-A,1,800,constructive algorithms,2
rkb_rd,1890-B,1,800,"constructive algorithms,implementation",1
rkb_rd,1890-C,1,1300,"constructive algorithms,implementation,two pointers",2
rkb_rd,1890-D,0,1700,"graphs,greedy,math,sortings",2
rkb_rd,1890-E1,0,2000,"brute force,data structures,dp",1
rkb_rd,1890-E2,0,2600,"data structures,dp",1
rkb_rd,1891-A,1,800,"constructive algorithms,sortings",1
rkb_rd,1891-B,1,1100,"brute force,math,sortings",1
rkb_rd,1891-C,0,1500,"binary search,constructive algorithms,greedy,sortings,two pointers",4
rkb_rd,1891-D,1,1900,"binary search,brute force,math",2
rkb_rd,1891-E,0,2500,"brute force,greedy,implementation,math,sortings",3
rkb_rd,1891-F,1,2000,"data structures,dfs and similar,trees",1
rkb_rd,1894-A,1,800,"implementation,strings",2
rkb_rd,1894-B,1,1000,constructive algorithms,1
rkb_rd,1894-C,1,1400,"constructive algorithms,graphs,implementation",6
rkb_rd,1894-D,1,1700,"constructive algorithms,data structures,sortings,two pointers",3
rkb_rd,1896-A,1,800,sortings,1
rkb_rd,1896-B,1,900,"greedy,strings,two pointers",1
rkb_rd,1896-C,1,1400,"binary search,constructive algorithms,greedy,sortings",2
rkb_rd,1899-A,1,800,"games,math,number theory",1
rkb_rd,1899-B,1,1100,"brute force,implementation,number theory",1
rkb_rd,1899-C,1,1100,"dp,greedy,two pointers",1
rkb_rd,1899-D,1,1300,"hashing,math,number theory",1
rkb_rd,1899-E,1,1300,"greedy,implementation,sortings",1
rkb_rd,1899-F,1,1600,"constructive algorithms,graphs,greedy,shortest paths,trees",1
rkb_rd,1900-A,1,800,"constructive algorithms,greedy,implementation,strings",1
rkb_rd,1901-A,1,800,"greedy,math",1
rkb_rd,1901-B,1,1100,"greedy,math",10
rkb_rd,1901-C,1,1400,"constructive algorithms,greedy,math",1
rkb_rd,1901-D,1,1700,"binary search,dp,greedy,implementation,math",3
rkb_rd,1903-A,1,800,"brute force,greedy,sortings",2
rkb_rd,1903-B,1,1200,"bitmasks,brute force,constructive algorithms,greedy",1
rkb_rd,1903-C,1,1400,"constructive algorithms,greedy",4
rkb_rd,1903-D1,1,1700,"binary search,bitmasks,brute force,greedy",3
rkb_rd,1903-D2,0,2500,"bitmasks,divide and conquer,dp,greedy",4
rkb_rd,1904-A,1,900,"brute force,implementation",1
rkb_rd,1904-B,1,1100,"binary search,dp,greedy,sortings,two pointers",1
rkb_rd,1904-C,1,1400,"binary search,brute force,data structures,sortings,two pointers",3
rkb_rd,1904-D1,0,1600,"brute force,constructive algorithms,greedy",3
rkb_rd,1905-A,1,800,"constructive algorithms,math",1
rkb_rd,1905-B,1,1100,"greedy,trees",1
rkb_rd,1905-C,1,1400,"greedy,strings",1
rkb_rd,1905-D,1,2000,"data structures,implementation,math,two pointers",9
rkb_rd,1907-A,1,800,implementation,1
rkb_rd,1907-B,1,1000,"data structures,implementation,strings",1
rkb_rd,1907-C,1,1200,"constructive algorithms,greedy,math,strings",2
rkb_rd,1907-D,1,1400,"binary search,constructive algorithms",1
rkb_rd,1909-A,1,800,"implementation,math",1
rkb_rd,1909-B,1,1200,"bitmasks,constructive algorithms,math,number theory",1
rkb_rd,1909-C,1,1400,"constructive algorithms,data structures,dsu,greedy,math,sortings",3
rkb_rd,1910-A,1,1100,"*special,implementation",2
rkb_rd,1910-B,1,1600,"*special,greedy",1
rkb_rd,1910-C,1,1600,"*special,implementation",1
rkb_rd,1910-D,0,1800,"*special,greedy",3
rkb_rd,1914-E2,0,1400,"games,greedy,sortings",1
rkb_rd,1918-A,1,800,"constructive algorithms,greedy,implementation,math",1
rkb_rd,1918-B,1,900,"constructive algorithms,data structures,greedy,implementation,sortings",1
rkb_rd,1918-C,1,1400,"bitmasks,greedy,implementation,math",1
rkb_rd,1918-D,0,1900,"binary search,data structures,dp,implementation,two pointers",7
rkb_rd,1919-A,1,800,"games,math",1
rkb_rd,1919-B,1,800,greedy,1
rkb_rd,1919-C,0,1400,"data structures,dp,greedy",6
rkb_rd,1923-C,1,1400,"constructive algorithms,greedy",1
rkb_rd,1948-D,1,1700,"brute force,strings,two pointers",1
rkb_rd,1951-D,1,2000,"constructive algorithms,greedy,math",4
rkb_rd,1978-A,1,800,"constructive algorithms,greedy,sortings",1
rkb_rd,1978-B,1,800,"binary search,greedy,math,ternary search",1
rkb_rd,1978-C,0,1300,"constructive algorithms,data structures,greedy,implementation,math",3
rkb_rd,1978-D,1,1600,"data structures,greedy,implementation,math",2
rkb_rd,1984-A,1,800,constructive algorithms,2
rkb_rd,1984-B,1,1100,"implementation,math",3
rkb_rd,1984-C1,0,1300,"dp,greedy,math",2
rkb_rd,1998-A,0,800,"constructive algorithms,implementation,math",1
rkb_rd,1998-B,1,1000,"constructive algorithms,math,number theory",1
rkb_rd,2005-A,1,900,"combinatorics,constructive algorithms,greedy,math",2
rkb_rd,2005-B1,1,1000,"greedy,math,sortings",2
rkb_rd,2005-B2,1,1200,"binary search,greedy,math,sortings",1
rkb_rd,2005-C,1,1800,"dp,implementation,strings",1
rkb_rd,2005-E1,1,2100,"dp,games,greedy,implementation",3
rkb_rd,2005-E2,0,2500,"data structures,dp,games,greedy,implementation",2
rkb_rd,204-A,1,1500,"binary search,combinatorics,dp",1
rkb_rd,204-E,1,2800,"data structures,implementation,string suffix structures,two pointers",5
rkb_rd,2040-A,1,800,"games,math",1
rkb_rd,2040-B,1,1000,"constructive algorithms,greedy,math",1
rkb_rd,2040-C,1,1600,"bitmasks,combinatorics,constructive algorithms,greedy,math,two pointers",3
rkb_rd,2040-D,0,1900,"brute force,constructive algorithms,dfs and similar,greedy,number theory,trees,two pointers",3
rkb_rd,2055-A,1,800,"constructive algorithms,games,greedy,math",2
rkb_rd,2055-B,1,1000,"constructive algorithms,greedy,sortings",1
rkb_rd,2055-C,1,1400,"brute force,constructive algorithms,greedy,math,two pointers",1
rkb_rd,2123-A,1,800,math,1
rkb_rd,2123-B,1,800,greedy,2
rkb_rd,2123-C,1,1000,"brute force,data structures",2
rkb_rd,2123-D,0,1200,"constructive algorithms,games,greedy",5
rkb_rd,2143-A,1,800,"brute force,two pointers",1
rkb_rd,2143-B,1,1000,"greedy,sortings,two pointers",2
rkb_rd,2144-A,1,800,"brute force,constructive algorithms,math,number theory",1
rkb_rd,2144-B,1,1000,"constructive algorithms,greedy",2
rkb_rd,2144-C,1,1300,"combinatorics,dp,math",1
rkb_rd,245-H,1,1800,"dp,hashing,strings",1
rkb_rd,32-B,0,800,"expression parsing,implementation",1
rkb_rd,4-A,1,800,"brute force,math",1
rkb_rd,553-A,1,1500,"combinatorics,dp,math",1
rkb_rd,557-E,1,2300,"data structures,dp,graphs,string suffix structures,strings,trees",8
rkb_rd,558-E,1,2300,"data structures,sortings,strings",4
rkb_rd,577-B,1,1900,"combinatorics,data structures,dp,two pointers",1
rkb_rd,615-D,1,2000,"math,number theory",3
rkb_rd,653-F,1,2600,"data structures,string suffix structures,strings",2
rkb_rd,730-B,1,1800,"constructive algorithms,interactive",2
rkb_rd,840-D,1,2500,"data structures,probabilities",8
rkb_rd,868-F,0,2500,"divide and conquer,dp",1
rkb_rd,891-C,0,2300,"data structures,dsu,graphs",1
rkb_rd,913-D,1,1800,"binary search,brute force,data structures,greedy,sortings",2
rkb_rd,959-E,0,1900,"bitmasks,dp,graphs,implementation,math",1
rkb_rd,981-E,1,2200,"bitmasks,data structures,divide and conquer,dp",3
shimolnaha108,1004-A,1,900,implementation,1
shimolnaha108,1030-B,1,1100,geometry,2
shimolnaha108,1088-B,1,1000,"implementation,sortings",2
shimolnaha108,114-A,1,1000,math,1
shimolnaha108,1155-A,1,1000,"implementation,sortings,strings",2
shimolnaha108,116-B,1,1100,"greedy,implementation",1
shimolnaha108,1184-A1,1,1200,"brute force,math,number theory",1
shimolnaha108,1184-B1,1,1400,"binary search,sortings",2
shimolnaha108,1184-C1,0,1600,implementation,4
shimolnaha108,1221-B,1,1100,"constructive algorithms,greedy",1
shimolnaha108,1234-B2,1,1300,"data structures,implementation",1
shimolnaha108,1255-B,1,1100,"graphs,implementation",1
shimolnaha108,1277-A,1,1000,implementation,2
shimolnaha108,1277-B,1,1200,"greedy,number theory",1
shimolnaha108,1368-B,1,1500,"brute force,constructive algorithms,greedy,math,strings",2
shimolnaha108,1381-A1,1,1300,"constructive algorithms,data structures,strings",2
shimolnaha108,1404-A,1,1500,"implementation,strings",2
shimolnaha108,1520-D,1,1200,"data structures,hashing,math",1
shimolnaha108,1520-E,1,1400,"greedy,math",1
shimolnaha108,1521-B,1,1300,"constructive algorithms,math,number theory",4
shimolnaha108,1523-A,1,800,implementation,2
shimolnaha108,1523-B,1,1100,constructive algorithms,2
shimolnaha108,1525-A,1,800,"math,number theory",1
shimolnaha108,1525-B,1,900,"constructive algorithms,greedy",1
shimolnaha108,1525-D,0,1800,"dp,flows,graph matchings,greedy",1
shimolnaha108,1526-A,1,800,"constructive algorithms,sortings",1
shimolnaha108,1526-B,1,1400,"dp,math,number theory",3
shimolnaha108,1526-C1,1,1500,"brute force,data structures,dp,greedy",3
shimolnaha108,1526-C2,1,1600,"data structures,greedy",7
shimolnaha108,1527-A,1,800,bitmasks,1
shimolnaha108,1527-B1,1,1200,"constructive algorithms,games",4
shimolnaha108,1527-B2,1,1900,"constructive algorithms,games",4
shimolnaha108,1527-C,1,1600,"hashing,implementation,math",1
shimolnaha108,1529-A,1,800,"constructive algorithms,greedy,math",3
shimolnaha108,1529-B,1,1100,"greedy,math,sortings",2
shimolnaha108,1530-A,1,800,"greedy,math",1
shimolnaha108,1530-B,1,800,"constructive algorithms,implementation",2
shimolnaha108,1530-C,1,1200,"binary search,brute force,greedy,sortings",21
shimolnaha108,1534-A,1,800,"brute force,implementation",2
shimolnaha108,1534-B,1,1100,"greedy,implementation,math",4
shimolnaha108,1535-A,1,800,"brute force,implementation",1
shimolnaha108,1535-B,1,900,"brute force,greedy,math,number theory,sortings",1
shimolnaha108,1535-C,1,1400,"binary search,dp,greedy,implementation,strings,two pointers",3
shimolnaha108,1536-A,1,800,"brute force,constructive algorithms",2
shimolnaha108,1536-B,1,1200,"brute force,constructive algorithms,strings",4
shimolnaha108,1537-A,1,800,"greedy,math",1
shimolnaha108,1537-B,1,900,"constructive algorithms,greedy,math",2
shimolnaha108,1537-C,1,1200,"constructive algorithms,greedy,implementation,math",3
shimolnaha108,1538-A,1,800,"brute force,dp,greedy",1
shimolnaha108,1538-B,1,800,"greedy,math",1
shimolnaha108,1538-C,1,1300,"binary search,data structures,math,two pointers",1
shimolnaha108,1538-D,0,1700,"constructive algorithms,math,number theory",1
shimolnaha108,1538-F,1,1500,"binary search,dp,math,number theory",2
shimolnaha108,1539-A,1,1000,"combinatorics,geometry,greedy,math",1
shimolnaha108,1539-B,1,800,"dp,implementation,strings",1
shimolnaha108,1539-C,1,1200,"greedy,sortings",2
shimolnaha108,1541-A,1,800,"constructive algorithms,greedy,implementation",3
shimolnaha108,1541-B,1,1200,"brute force,implementation,math,number theory",2
shimolnaha108,1542-A,1,800,math,1
shimolnaha108,1542-B,1,1500,"constructive algorithms,math,number theory",4
shimolnaha108,1543-A,1,900,"greedy,math,number theory",1
shimolnaha108,1543-B,1,900,"combinatorics,greedy,math",1
shimolnaha108,1546-A,1,800,"brute force,greedy",2
shimolnaha108,1546-B,1,1200,"interactive,math",1
shimolnaha108,1546-C,1,1500,sortings,1
shimolnaha108,1547-A,1,800,"implementation,math",1
shimolnaha108,1547-B,1,800,"greedy,implementation,strings",3
shimolnaha108,1547-C,1,1100,"greedy,two pointers",5
shimolnaha108,1549-A,1,800,"math,number theory",1
shimolnaha108,1549-B,1,800,"dfs and similar,dp,flows,graph matchings,graphs,greedy,implementation",1
shimolnaha108,1550-A,1,800,"greedy,math",1
shimolnaha108,1550-B,1,1000,"greedy,math",1
shimolnaha108,1550-C,0,1700,"brute force,geometry,greedy,implementation",1
shimolnaha108,1551-A,1,800,"greedy,math",1
shimolnaha108,1551-B1,1,800,"greedy,strings",1
shimolnaha108,1551-B2,0,1400,"binary search,constructive algorithms,data structures,greedy",1
shimolnaha108,1552-A,1,800,"sortings,strings",2
shimolnaha108,1552-B,1,1500,"combinatorics,graphs,greedy,sortings",3
shimolnaha108,1553-A,1,800,"math,number theory",1
shimolnaha108,1553-B,0,1300,"brute force,dp,hashing,implementation,strings",4
shimolnaha108,1553-C,1,1200,"bitmasks,brute force,dp,greedy",2
shimolnaha108,1554-A,1,800,greedy,1
shimolnaha108,1554-B,1,1700,"bitmasks,brute force,greedy,math",7
shimolnaha108,1555-A,1,900,"brute force,math",3
shimolnaha108,1555-B,1,1300,brute force,7
shimolnaha108,1555-C,1,1300,"brute force,constructive algorithms,dp,implementation",1
shimolnaha108,1556-A,1,800,math,1
shimolnaha108,1556-B,1,1300,implementation,2
shimolnaha108,1557-A,1,800,"brute force,math,sortings",1
shimolnaha108,1557-B,1,1100,"greedy,sortings",3
shimolnaha108,1559-A,1,900,"bitmasks,constructive algorithms,math",1
shimolnaha108,1559-B,1,900,"dp,greedy",2
shimolnaha108,1559-C,1,1200,"constructive algorithms,graphs",3
shimolnaha108,1560-A,1,800,implementation,1
shimolnaha108,1560-B,1,800,math,2
shimolnaha108,1560-C,1,800,"implementation,math",1
shimolnaha108,1561-A,1,800,"brute force,implementation,sortings",8
shimolnaha108,1561-C,1,1300,"binary search,greedy,sortings",3
shimolnaha108,1562-A,1,800,"greedy,math",3
shimolnaha108,1562-B,1,1000,"brute force,constructive algorithms,implementation,math,number theory",2
shimolnaha108,1562-C,0,1500,"constructive algorithms,math",2
shimolnaha108,1566-A,1,800,"binary search,greedy,math",1
shimolnaha108,1566-B,1,800,"bitmasks,constructive algorithms,dp,greedy",1
shimolnaha108,1566-C,1,1000,"bitmasks,constructive algorithms,dp,greedy",3
shimolnaha108,1566-D1,1,1100,"data structures,greedy,sortings",2
shimolnaha108,1567-A,1,800,"implementation,strings",1
shimolnaha108,1567-B,1,1000,"bitmasks,greedy",3
shimolnaha108,1567-C,0,1600,"bitmasks,combinatorics,dp,math",1
shimolnaha108,1569-A,1,800,implementation,1
shimolnaha108,1569-B,1,1000,constructive algorithms,2
shimolnaha108,1573-A,1,800,greedy,1
shimolnaha108,1573-B,0,1400,"greedy,math,sortings",1
shimolnaha108,1574-A,1,800,constructive algorithms,2
shimolnaha108,1574-B,1,1100,"combinatorics,greedy,math",3
shimolnaha108,1579-A,1,800,"math,strings",1
shimolnaha108,1579-B,1,1100,"implementation,sortings",2
shimolnaha108,1579-E1,1,1000,"constructive algorithms,greedy,math",1
shimolnaha108,1581-A,1,800,"combinatorics,math,number theory",1
shimolnaha108,1581-B,0,1200,"constructive algorithms,graphs,greedy,math",1
shimolnaha108,1582-A,1,800,math,1
shimolnaha108,1582-B,1,900,"combinatorics,math",1
shimolnaha108,1582-C,1,1200,"brute force,data structures,greedy,strings,two pointers",2
shimolnaha108,1586-A,1,800,"brute force,constructive algorithms,greedy,math,number theory",2
shimolnaha108,1586-B,1,1200,"brute force,constructive algorithms,trees",2
shimolnaha108,1591-A,1,800,implementation,1
shimolnaha108,1591-B,1,900,greedy,1
shimolnaha108,1592-A,1,800,"binary search,greedy,math,sortings",3
shimolnaha108,1592-B,1,1200,"constructive algorithms,dsu,math,sortings",3
shimolnaha108,1593-A,1,800,math,1
shimolnaha108,1593-B,1,900,"dfs and similar,dp,greedy,math",1
shimolnaha108,1593-C,1,1000,"binary search,greedy",1
shimolnaha108,1594-A,1,800,math,1
shimolnaha108,1594-B,1,1100,"bitmasks,math",2
shimolnaha108,1598-A,1,800,"brute force,dfs and similar,dp,implementation",1
shimolnaha108,1598-B,1,1000,"brute force,implementation",1
shimolnaha108,1602-A,1,800,implementation,1
shimolnaha108,1602-B,1,1100,"constructive algorithms,implementation",2
shimolnaha108,1604-A,1,800,greedy,1
shimolnaha108,1604-B,1,1100,,1
shimolnaha108,1604-C,1,1300,"brute force,greedy,math,number theory",1
shimolnaha108,1605-A,1,800,"math,number theory",3
shimolnaha108,1605-B,1,1000,"greedy,sortings",3
shimolnaha108,1605-C,1,1400,"brute force,greedy,implementation,strings",2
shimolnaha108,1606-A,1,900,strings,1
shimolnaha108,1606-B,1,1100,"greedy,implementation,math",1
shimolnaha108,1607-A,1,800,"implementation,strings",1
shimolnaha108,1607-B,1,900,math,1
shimolnaha108,1607-C,1,1000,"brute force,sortings",1
shimolnaha108,1610-A,1,900,math,4
shimolnaha108,1610-B,1,1100,"greedy,two pointers",2
shimolnaha108,1611-A,1,800,"constructive algorithms,math",1
shimolnaha108,1611-B,1,800,"binary search,constructive algorithms,math",1
shimolnaha108,1611-C,0,1000,constructive algorithms,3
shimolnaha108,1613-A,1,900,"implementation,math",6
shimolnaha108,1613-B,1,1000,"greedy,implementation,sortings",3
shimolnaha108,1613-C,1,1200,binary search,1
shimolnaha108,1615-A,1,800,"greedy,math",1
shimolnaha108,1615-B,0,1300,"bitmasks,greedy,math",1
shimolnaha108,1616-A,1,800,implementation,1
shimolnaha108,1616-B,1,1100,"greedy,strings",3
shimolnaha108,1617-A,1,800,"constructive algorithms,greedy,sortings,strings",5
shimolnaha108,1617-B,1,900,"brute force,constructive algorithms,math,number theory",3
shimolnaha108,1617-C,0,1300,"binary search,greedy,math,sortings",1
shimolnaha108,1618-A,1,800,"math,sortings",1
shimolnaha108,1618-B,1,800,implementation,3
shimolnaha108,1619-A,1,800,"implementation,strings",1
shimolnaha108,1619-B,1,800,"implementation,math",1
shimolnaha108,1619-C,0,1200,implementation,4
shimolnaha108,1620-A,1,800,"constructive algorithms,dsu,implementation",2
shimolnaha108,1620-B,1,1000,"geometry,greedy,math",1
shimolnaha108,1621-A,1,800,constructive algorithms,4
shimolnaha108,1622-A,1,800,"geometry,math",1
shimolnaha108,1622-B,1,1000,"data structures,greedy,math,sortings",1
shimolnaha108,1623-A,1,800,"brute force,implementation,math",2
shimolnaha108,1623-B,1,1100,"brute force,dfs and similar,implementation,sortings",5
shimolnaha108,1624-A,1,800,math,1
shimolnaha108,1624-B,1,900,"implementation,math",3
shimolnaha108,1624-C,1,1100,"constructive algorithms,flows,graph matchings,greedy,math",1
shimolnaha108,1625-A,1,800,"bitmasks,greedy,math",3
shimolnaha108,1625-B,1,1100,"brute force,greedy,sortings",4
shimolnaha108,1626-A,1,800,"constructive algorithms,sortings",1
shimolnaha108,1626-B,1,1100,"greedy,strings",2
shimolnaha108,1627-A,1,800,"constructive algorithms,implementation",1
shimolnaha108,1629-A,1,800,"brute force,greedy,sortings",1
shimolnaha108,1629-B,1,800,"greedy,math,number theory",1
shimolnaha108,1631-A,1,800,greedy,1
shimolnaha108,1631-B,1,1100,"dp,greedy",3
shimolnaha108,1634-A,1,800,"greedy,strings",1
shimolnaha108,1634-B,1,1400,"bitmasks,math",1
shimolnaha108,1634-C,1,1000,constructive algorithms,3
shimolnaha108,1635-A,1,800,"bitmasks,greedy",1
shimolnaha108,1635-B,1,800,greedy,1
shimolnaha108,1635-C,1,1200,"constructive algorithms,greedy",3
shimolnaha108,1637-A,1,800,"brute force,sortings",2
shimolnaha108,1638-A,1,800,"constructive algorithms,greedy,math",4
shimolnaha108,1638-B,1,1100,"data structures,math,sortings",6
shimolnaha108,1642-B,1,900,greedy,1
shimolnaha108,1644-A,1,800,implementation,1
shimolnaha108,1644-B,1,800,"brute force,constructive algorithms,implementation",1
shimolnaha108,1646-A,1,800,math,1
shimolnaha108,1646-B,1,800,"brute force,constructive algorithms,greedy,sortings,two pointers",1
shimolnaha108,1646-C,0,1500,"bitmasks,brute force,constructive algorithms,dp,math",1
shimolnaha108,1647-A,1,800,"implementation,math",1
shimolnaha108,1647-B,1,1200,"brute force,constructive algorithms,graphs,implementation",5
shimolnaha108,1647-C,1,1300,"constructive algorithms,greedy",1
shimolnaha108,1650-A,1,800,"implementation,strings",1
shimolnaha108,1650-B,1,900,math,6
shimolnaha108,1650-C,1,1200,"greedy,hashing,implementation,sortings",2
shimolnaha108,1651-A,1,800,implementation,1
shimolnaha108,1651-B,1,800,"constructive algorithms,greedy",2
shimolnaha108,1656-A,1,800,"math,sortings",3
shimolnaha108,1656-B,1,1100,"data structures,greedy,math,two pointers",1
shimolnaha108,1656-C,1,1200,"constructive algorithms,math,number theory,sortings",2
shimolnaha108,1657-A,1,800,"brute force,math",1
shimolnaha108,1657-B,1,800,greedy,1
shimolnaha108,1657-C,1,1200,"greedy,implementation",3
shimolnaha108,1658-A,1,800,"constructive algorithms,implementation,math",1
shimolnaha108,1658-B,1,800,"combinatorics,math,number theory",1
shimolnaha108,1658-C,0,1700,"constructive algorithms,math",1
shimolnaha108,1659-A,1,1000,"constructive algorithms,greedy,implementation,math",1
shimolnaha108,1659-B,0,1300,"bitmasks,constructive algorithms,greedy,strings",3
shimolnaha108,1660-A,1,800,"greedy,math",1
shimolnaha108,1660-B,1,800,math,1
shimolnaha108,1660-C,1,1300,"dp,greedy,strings",1
shimolnaha108,1661-A,1,800,"greedy,math",2
shimolnaha108,1661-B,1,1300,"bitmasks,brute force,dfs and similar,dp,graphs,greedy,shortest paths",1
shimolnaha108,1665-A,1,800,"constructive algorithms,math",1
shimolnaha108,1665-B,1,900,"constructive algorithms,greedy,sortings",1
shimolnaha108,1668-A,1,800,"implementation,math",1
shimolnaha108,1668-B,1,900,"greedy,math,sortings",1
shimolnaha108,1668-C,1,1300,"brute force,greedy,math",2
shimolnaha108,1669-A,1,800,implementation,1
shimolnaha108,1669-B,1,800,"implementation,sortings",1
shimolnaha108,1669-C,1,800,"greedy,implementation,math",1
shimolnaha108,1669-D,1,1100,implementation,1
shimolnaha108,1669-E,1,1200,"data structures,math,strings",2
shimolnaha108,1669-F,1,1100,"binary search,data structures,greedy,two pointers",1
shimolnaha108,1669-G,1,1200,"dfs and similar,implementation",1
shimolnaha108,1670-A,1,800,"greedy,implementation,sortings",1
shimolnaha108,1670-B,1,1100,"brute force,implementation,strings",4
shimolnaha108,1671-A,1,800,implementation,1
shimolnaha108,1671-B,1,1000,"brute force,math,sortings",1
shimolnaha108,1671-C,1,1200,"binary search,brute force,greedy,math",2
shimolnaha108,1672-A,1,800,"games,implementation,math",5
shimolnaha108,1672-B,1,800,"constructive algorithms,implementation",3
shimolnaha108,1672-C,1,1100,"constructive algorithms,greedy,implementation",1
shimolnaha108,1672-D,0,1700,"constructive algorithms,greedy,implementation,two pointers",4
shimolnaha108,1673-A,1,800,"games,greedy,strings",1
shimolnaha108,1673-B,1,1100,"brute force,greedy,strings",1
shimolnaha108,1674-A,1,800,"constructive algorithms,math",1
shimolnaha108,1674-B,1,800,"combinatorics,math",1
shimolnaha108,1674-C,1,1000,"combinatorics,implementation,strings",2
shimolnaha108,1674-D,1,1200,"constructive algorithms,implementation,sortings",2
shimolnaha108,1675-A,1,800,"greedy,math",1
shimolnaha108,1675-B,1,900,"greedy,implementation",1
shimolnaha108,1675-C,1,1100,implementation,2
shimolnaha108,1676-A,1,800,implementation,1
shimolnaha108,1676-B,1,800,"greedy,math,sortings",1
shimolnaha108,1676-C,1,800,"brute force,greedy,implementation,math,strings",1
shimolnaha108,1676-D,1,1000,"brute force,greedy,implementation",1
shimolnaha108,1676-E,1,1100,"binary search,greedy,sortings",1
shimolnaha108,1676-F,1,1300,"data structures,greedy,implementation,sortings,two pointers",2
shimolnaha108,1676-G,1,1300,"dfs and similar,dp,graphs,trees",2
shimolnaha108,1676-H1,1,1400,brute force,1
shimolnaha108,1678-A,1,800,implementation,1
shimolnaha108,1678-B1,1,800,implementation,1
shimolnaha108,1679-A,1,900,"brute force,greedy,math,number theory",2
shimolnaha108,1679-B,1,1200,"data structures,implementation",1
shimolnaha108,1680-A,1,800,"brute force,math",2
shimolnaha108,1680-B,1,800,implementation,2
shimolnaha108,1680-C,0,1600,"binary search,greedy,strings,two pointers",8
shimolnaha108,1681-A,1,800,"games,greedy",1
shimolnaha108,1681-B,1,800,"implementation,math",1
shimolnaha108,1681-C,1,1200,"implementation,sortings",1
shimolnaha108,1681-D,0,1700,"brute force,dfs and similar,dp,hashing,shortest paths",2
shimolnaha108,1682-A,1,800,"greedy,strings",1
shimolnaha108,1682-B,1,1100,"bitmasks,constructive algorithms,sortings",4
shimolnaha108,1682-C,1,1400,"constructive algorithms,greedy,implementation,math",9
shimolnaha108,1684-A,1,800,"constructive algorithms,games,math,strings",1
shimolnaha108,1684-B,1,800,"constructive algorithms,math",1
shimolnaha108,1684-C,1,1400,"brute force,constructive algorithms,greedy,implementation,sortings",6
shimolnaha108,1686-A,1,800,greedy,1
shimolnaha108,1686-B,1,800,"dp,greedy",1
shimolnaha108,1686-C,1,1100,"constructive algorithms,greedy,sortings",4
shimolnaha108,1688-A,1,800,"bitmasks,brute force",5
shimolnaha108,1688-B,1,800,"bitmasks,constructive algorithms,greedy,sortings",2
shimolnaha108,1689-A,1,800,"brute force,greedy,implementation,sortings,two pointers",2
shimolnaha108,1689-B,1,900,"data structures,greedy",1
shimolnaha108,1690-A,1,800,"constructive algorithms,greedy",2
shimolnaha108,1690-B,1,800,"greedy,implementation",4
shimolnaha108,1690-C,1,800,"data structures,greedy,implementation",1
shimolnaha108,1690-D,1,1000,"implementation,two pointers",1
shimolnaha108,1690-E,1,1500,"binary search,greedy,math,two pointers",2
shimolnaha108,1691-A,1,800,"brute force,greedy,math",2
shimolnaha108,1691-B,1,1000,"constructive algorithms,greedy,implementation,two pointers",1
shimolnaha108,1691-C,0,1400,"brute force,constructive algorithms,greedy,math,strings",1
shimolnaha108,1694-A,1,800,"greedy,implementation",2
shimolnaha108,1694-B,1,1200,"constructive algorithms,greedy",2
shimolnaha108,1694-C,1,1300,greedy,6
shimolnaha108,1696-A,1,800,"bitmasks,greedy",1
shimolnaha108,1696-B,1,900,greedy,2
shimolnaha108,1696-C,1,1400,"constructive algorithms,greedy,implementation,math",3
shimolnaha108,1697-A,1,800,"greedy,implementation",1
shimolnaha108,1697-B,1,900,"greedy,sortings",1
shimolnaha108,1698-A,1,800,"bitmasks,brute force",1
shimolnaha108,1698-B,1,800,"constructive algorithms,greedy,implementation",1
shimolnaha108,1698-C,1,1300,"brute force,data structures",7
shimolnaha108,1699-A,1,800,"constructive algorithms,math",2
shimolnaha108,1699-B,1,900,"bitmasks,constructive algorithms,matrices",1
shimolnaha108,1700-A,1,800,"constructive algorithms,greedy,math",1
shimolnaha108,1700-B,1,1100,"constructive algorithms,implementation,math",2
shimolnaha108,1700-C,1,1700,"constructive algorithms,data structures,greedy",1
shimolnaha108,1701-A,1,800,implementation,1
shimolnaha108,1701-B,1,800,greedy,2
shimolnaha108,1702-A,1,800,constructive algorithms,1
shimolnaha108,1702-B,1,800,greedy,1
shimolnaha108,1702-C,1,1100,"data structures,greedy",2
shimolnaha108,1702-D,1,1000,greedy,2
shimolnaha108,1703-A,1,800,"brute force,implementation,strings",1
shimolnaha108,1703-B,1,800,"data structures,implementation",1
shimolnaha108,1703-C,1,800,"brute force,implementation,strings",1
shimolnaha108,1703-D,1,1100,"brute force,data structures,strings",1
shimolnaha108,1703-E,1,1200,implementation,1
shimolnaha108,1705-A,1,800,"greedy,sortings",1
shimolnaha108,1705-B,1,900,"constructive algorithms,greedy,implementation",1
shimolnaha108,1705-C,0,1400,"brute force,implementation",1
shimolnaha108,1706-A,1,800,"2-sat,constructive algorithms,greedy,string suffix structures,strings",1
shimolnaha108,1708-A,1,800,"greedy,math",2
shimolnaha108,1708-B,1,1100,"constructive algorithms,math",3
shimolnaha108,1709-A,1,800,"brute force,greedy,implementation,math",1
shimolnaha108,1709-B,1,900,"data structures,dp,implementation",1
shimolnaha108,1711-A,1,800,constructive algorithms,1
shimolnaha108,1711-B,1,1300,"brute force,graphs",1
shimolnaha108,1714-A,1,900,"implementation,math",5
shimolnaha108,1714-B,1,800,"data structures,greedy,implementation",1
shimolnaha108,1714-C,1,800,greedy,1
shimolnaha108,1719-A,1,800,"games,math",1
shimolnaha108,1719-B,1,800,"constructive algorithms,math",1
shimolnaha108,1721-A,1,800,"greedy,implementation",1
shimolnaha108,1721-B,1,1000,implementation,4
shimolnaha108,1722-A,1,800,implementation,2
shimolnaha108,1722-B,1,800,implementation,1
shimolnaha108,1722-C,1,800,"data structures,implementation",1
shimolnaha108,1722-D,1,1100,"greedy,sortings",7
shimolnaha108,1728-A,1,800,"brute force,greedy,implementation,sortings",2
shimolnaha108,1728-B,1,800,"constructive algorithms,greedy",2
shimolnaha108,1730-A,1,800,"data structures,greedy,sortings",1
shimolnaha108,1730-C,1,1200,"data structures,greedy,math,sortings",1
shimolnaha108,1734-A,1,800,"brute force,greedy,sortings",1
shimolnaha108,1734-B,1,800,constructive algorithms,3
shimolnaha108,1734-C,1,1200,"greedy,math",2
shimolnaha108,1735-A,1,800,"constructive algorithms,greedy,math",1
shimolnaha108,1735-B,1,900,"greedy,math",3
shimolnaha108,1738-A,0,800,"greedy,implementation,sortings",2
shimolnaha108,1741-B,1,800,"constructive algorithms,math",3
shimolnaha108,1744-A,1,800,"greedy,implementation",1
shimolnaha108,1744-B,1,800,"implementation,math",1
shimolnaha108,1744-C,1,1000,"binary search,implementation,two pointers",1
shimolnaha108,1744-D,1,1200,"greedy,math,sortings",3
shimolnaha108,1747-A,1,800,"constructive algorithms,greedy",1
shimolnaha108,1747-B,1,900,constructive algorithms,9
shimolnaha108,1747-C,1,1200,games,2
shimolnaha108,1748-A,1,800,math,1
shimolnaha108,1758-A,1,800,"constructive algorithms,strings",1
shimolnaha108,1758-B,1,900,constructive algorithms,1
shimolnaha108,1758-C,0,1400,"greedy,number theory",6
shimolnaha108,1759-A,1,800,"implementation,strings",1
shimolnaha108,1759-B,1,800,math,1
shimolnaha108,1759-C,1,1100,"greedy,math,shortest paths",1
shimolnaha108,1760-A,1,800,"implementation,sortings",1
shimolnaha108,1760-B,1,800,"greedy,implementation,strings",1
shimolnaha108,1760-C,1,800,"data structures,implementation,sortings",5
shimolnaha108,1760-D,1,1000,"implementation,two pointers",1
shimolnaha108,1760-E,1,1100,"data structures,greedy,math",2
shimolnaha108,1771-C,0,1600,"greedy,math,number theory",11
shimolnaha108,1772-A,1,800,implementation,1
shimolnaha108,1772-B,1,800,"brute force,implementation",1
shimolnaha108,1772-C,1,1000,"constructive algorithms,greedy,math",1
shimolnaha108,1778-A,1,800,"greedy,implementation",1
shimolnaha108,1788-B,1,1100,"constructive algorithms,greedy,implementation,math,probabilities",2
shimolnaha108,1789-A,1,800,"brute force,math,number theory",1
shimolnaha108,1789-B,1,800,"brute force,implementation,strings,two pointers",1
shimolnaha108,1790-A,1,800,"implementation,math,strings",3
shimolnaha108,1790-B,1,800,"greedy,math",2
shimolnaha108,1790-C,1,1000,"brute force,implementation,math",1
shimolnaha108,1790-D,0,1200,"data structures,greedy,sortings",2
shimolnaha108,1791-A,1,800,"implementation,strings",1
shimolnaha108,1791-B,1,800,"geometry,implementation",1
shimolnaha108,1791-C,1,800,"implementation,two pointers",1
shimolnaha108,1791-D,1,1000,"brute force,greedy,strings",1
shimolnaha108,1791-E,1,1100,"dp,greedy,sortings",6
shimolnaha108,1791-G1,0,1100,"greedy,sortings",7
shimolnaha108,1794-A,1,800,strings,1
shimolnaha108,1794-B,1,900,"constructive algorithms,greedy,math",1
shimolnaha108,1795-A,1,800,"brute force,implementation,strings",1
shimolnaha108,1795-B,1,900,"brute force,geometry,greedy",2
shimolnaha108,1800-A,1,800,"implementation,strings",1
shimolnaha108,1800-B,1,1000,"greedy,strings",1
shimolnaha108,1800-C1,1,1000,"data structures,greedy",1
shimolnaha108,1800-C2,1,1100,"data structures,greedy",2
shimolnaha108,1806-A,1,800,"geometry,greedy,math",3
shimolnaha108,1806-B,1,900,"constructive algorithms,greedy",2
shimolnaha108,1807-B,1,800,greedy,1
shimolnaha108,1807-C,1,800,"greedy,implementation,strings",1
shimolnaha108,1807-D,1,900,"data structures,implementation",1
shimolnaha108,1807-G1,1,1100,"brute force,data structures,dp,greedy,implementation,sortings",2
shimolnaha108,1807-G2,1,1100,"bitmasks,dp,greedy,implementation,sortings",1
shimolnaha108,1810-A,1,800,"brute force,greedy",1
shimolnaha108,1810-B,1,800,"constructive algorithms,math,number theory",1
shimolnaha108,1818-A,1,800,"greedy,implementation",2
shimolnaha108,1818-B,1,900,constructive algorithms,2
shimolnaha108,1818-C,1,1500,"binary search,dp,greedy",8
shimolnaha108,1821-A,1,800,"combinatorics,math",1
shimolnaha108,1821-B,1,1100,"brute force,greedy",1
shimolnaha108,1821-C,0,1300,"brute force,implementation,math,strings",2
shimolnaha108,1822-A,1,800,"brute force,implementation",2
shimolnaha108,1822-B,1,800,"greedy,math,sortings",1
shimolnaha108,1822-C,1,800,math,1
shimolnaha108,1823-A,1,800,"combinatorics,constructive algorithms,math",2
shimolnaha108,1823-B,1,900,"brute force,math,sortings",5
shimolnaha108,1825-A,1,800,"greedy,strings",1
shimolnaha108,1825-B,1,1000,"greedy,math",3
shimolnaha108,1829-A,1,800,"implementation,strings",1
shimolnaha108,1829-B,1,800,implementation,1
shimolnaha108,1829-C,1,800,"bitmasks,greedy,implementation",1
shimolnaha108,1829-D,1,1000,"brute force,dfs and similar,dp,implementation",1
shimolnaha108,1832-A,1,800,strings,1
shimolnaha108,1832-B,1,1100,"brute force,sortings,two pointers",8
shimolnaha108,1832-C,1,1200,"greedy,implementation",1
shimolnaha108,1833-A,1,800,"implementation,strings",1
shimolnaha108,1833-B,1,900,"greedy,sortings",1
shimolnaha108,1833-C,1,800,"greedy,math",1
shimolnaha108,1840-A,1,800,"implementation,strings,two pointers",1
shimolnaha108,1840-B,1,1100,"bitmasks,combinatorics,math",1
shimolnaha108,1840-C,1,1000,"combinatorics,math,two pointers",2
shimolnaha108,1842-A,1,800,"games,math",1
shimolnaha108,1842-B,1,1100,"bitmasks,greedy,math",6
shimolnaha108,1845-A,1,800,"constructive algorithms,implementation,math,number theory",1
shimolnaha108,1845-B,1,900,"geometry,implementation,math",2
shimolnaha108,1846-A,1,800,"implementation,math",1
shimolnaha108,1846-B,1,800,"brute force,implementation,strings",1
shimolnaha108,1846-C,1,1200,"constructive algorithms,data structures,dp,greedy,sortings",3
shimolnaha108,1846-D,1,1200,"constructive algorithms,geometry,math",1
shimolnaha108,1846-E1,0,1300,"brute force,implementation,math",7
shimolnaha108,1857-A,1,800,"greedy,math",1
shimolnaha108,1857-B,1,1100,"greedy,implementation,math",1
shimolnaha108,1857-C,1,1200,"greedy,sortings",1
shimolnaha108,1858-A,1,800,"games,greedy,math",2
shimolnaha108,1859-B,1,1000,"constructive algorithms,greedy,math,sortings",2
shimolnaha108,1859-C,1,1200,"brute force,dp,greedy,math",1
shimolnaha108,1860-A,1,900,"constructive algorithms,strings",3
shimolnaha108,1860-B,1,1200,"binary search,brute force,greedy,math",6
shimolnaha108,1861-A,1,800,"constructive algorithms,math",1
shimolnaha108,1861-B,1,1000,"constructive algorithms,dp,greedy",1
shimolnaha108,1862-A,1,800,"dp,greedy,implementation,strings",1
shimolnaha108,1862-B,1,800,constructive algorithms,1
shimolnaha108,1862-C,1,1100,"binary search,data structures,implementation,sortings",1
shimolnaha108,1864-A,1,800,"constructive algorithms,greedy,implementation,math",1
shimolnaha108,1864-B,1,1100,"constructive algorithms,greedy,sortings,strings",1
shimolnaha108,1864-C,1,1300,"bitmasks,constructive algorithms,math,number theory",1
shimolnaha108,1867-A,1,800,"constructive algorithms,sortings",2
shimolnaha108,1867-B,1,1100,"bitmasks,constructive algorithms,strings",1
shimolnaha108,1870-A,1,800,"constructive algorithms,greedy,math",1
shimolnaha108,1870-B,1,1200,"bitmasks,greedy,math",4
shimolnaha108,1873-A,1,800,"brute force,implementation",1
shimolnaha108,1873-B,1,800,"brute force,greedy,math",1
shimolnaha108,1873-C,1,800,"implementation,math",1
shimolnaha108,1873-D,1,800,"greedy,implementation,two pointers",1
shimolnaha108,1873-E,1,1100,"binary search,sortings",5
shimolnaha108,1875-A,1,900,"brute force,greedy",4
shimolnaha108,1875-B,0,1200,"brute force,greedy,implementation",10
shimolnaha108,1878-B,1,800,"constructive algorithms,math",1
shimolnaha108,1878-C,1,900,math,1
shimolnaha108,1882-A,1,800,greedy,1
shimolnaha108,1882-B,1,1300,"bitmasks,brute force,constructive algorithms,greedy",1
shimolnaha108,1883-C,1,1000,"dp,math",1
shimolnaha108,1886-A,1,800,"brute force,constructive algorithms,math",1
shimolnaha108,1886-B,1,1200,"binary search,geometry,math",1
shimolnaha108,1886-C,0,1600,"implementation,strings",2
shimolnaha108,1899-A,1,800,"games,math,number theory",1
shimolnaha108,1899-B,1,1100,"brute force,implementation,number theory",4
shimolnaha108,1899-C,1,1100,"dp,greedy,two pointers",1
shimolnaha108,1899-D,1,1300,"hashing,math,number theory",2
shimolnaha108,1915-A,1,800,"bitmasks,implementation",1
shimolnaha108,1915-B,1,800,"bitmasks,brute force,implementation",1
shimolnaha108,1915-C,1,800,"binary search,implementation",1
shimolnaha108,1915-D,1,900,"greedy,implementation,strings",2
shimolnaha108,1915-E,0,1300,"data structures,greedy,math",5
shimolnaha108,1919-A,1,800,"games,math",1
shimolnaha108,1919-B,1,800,greedy,1
shimolnaha108,1919-C,0,1400,"data structures,dp,greedy",5
shimolnaha108,1922-A,1,800,"constructive algorithms,implementation,strings",2
shimolnaha108,1922-B,1,1200,"combinatorics,constructive algorithms,math,sortings",5
shimolnaha108,217-A,1,1200,"brute force,dfs and similar,dsu,graphs",1
shimolnaha108,25-B,1,1100,implementation,1
shimolnaha108,259-A,1,1000,"brute force,strings",1
shimolnaha108,259-B,1,1100,"brute force,implementation",2
shimolnaha108,362-B,1,1100,"implementation,sortings",2
shimolnaha108,365-A,1,1100,implementation,2
shimolnaha108,365-B,1,1100,implementation,1
shimolnaha108,389-A,1,1000,"greedy,math",1
shimolnaha108,389-B,1,1100,"greedy,implementation",1
shimolnaha108,476-A,0,1000,"implementation,math",1
shimolnaha108,476-B,1,1300,"bitmasks,brute force,combinatorics,dp,math,probabilities",1
shimolnaha108,600-B,1,1300,"binary search,data structures,sortings,two pointers",1
shimolnaha108,699-A,1,1000,implementation,1
shimolnaha108,699-B,1,1400,implementation,5
shimolnaha108,75-C,1,1600,"binary search,number theory",5
shimolnaha108,841-B,1,1100,"games,math",1
shimolnaha108,869-B,1,1100,math,1
shimolnaha108,935-B,1,900,implementation,1
shimolnaha108,977-D,1,1400,"dfs and similar,math,sortings",1
tuhin107494,113-B,1,2000,"brute force,data structures,hashing,strings",1
tuhin107494,114-D,1,2000,"data structures,hashing,string suffix structures,strings",12
tuhin107494,1154-G,1,2200,"brute force,greedy,math,number theory",2
tuhin107494,1200-E,1,2000,"brute force,hashing,implementation,string suffix structures,strings",11
tuhin107494,121-E,0,2400,data structures,1
tuhin107494,122-D,1,1500,brute force,4
tuhin107494,1303-C,1,1600,"dfs and similar,greedy,implementation",2
tuhin107494,1326-D1,1,1500,"hashing,string suffix structures,strings",1
tuhin107494,1326-D2,1,1800,"binary search,greedy,hashing,string suffix structures,strings",8
tuhin107494,1717-A,1,800,"math,number theory",1
tuhin107494,1717-B,1,1100,"constructive algorithms,implementation",6
tuhin107494,1717-C,1,1300,greedy,6
tuhin107494,1721-A,1,800,"greedy,implementation",1
tuhin107494,1721-B,1,1000,implementation,2
tuhin107494,1721-C,1,1400,"binary search,greedy,two pointers",3
tuhin107494,1721-D,0,1800,"bitmasks,dfs and similar,divide and conquer,greedy,sortings",1
tuhin107494,1722-A,1,800,implementation,1
tuhin107494,1722-B,1,800,implementation,1
tuhin107494,1722-C,1,800,"data structures,implementation",1
tuhin107494,1722-G,0,1500,"bitmasks,constructive algorithms,greedy",4
tuhin107494,1726-A,1,900,"greedy,math",3
tuhin107494,1726-B,1,1100,"bitmasks,constructive algorithms,math",1
tuhin107494,1726-C,0,1300,"data structures,dsu,graphs,greedy",1
tuhin107494,1728-A,1,800,"brute force,greedy,implementation,sortings",1
tuhin107494,1728-B,1,800,"constructive algorithms,greedy",1
tuhin107494,1728-C,1,1400,"data structures,greedy,sortings",4
tuhin107494,1729-A,1,800,math,1
tuhin107494,1729-B,1,800,"greedy,strings",1
tuhin107494,1729-C,1,1100,"constructive algorithms,strings",2
tuhin107494,1729-D,1,1200,"greedy,sortings,two pointers",1
tuhin107494,1729-F,1,1900,"hashing,math",2
tuhin107494,1730-A,1,800,"data structures,greedy,sortings",1
tuhin107494,1730-B,0,1600,"binary search,geometry,greedy,implementation,math,ternary search",3
tuhin107494,1730-C,1,1200,"data structures,greedy,math,sortings",2
tuhin107494,1732-A,0,1000,"brute force,combinatorics,constructive algorithms,implementation,math,number theory",2
tuhin107494,1732-B,1,900,"brute force,dp,greedy,implementation",2
tuhin107494,1732-D1,1,1500,"brute force,data structures,implementation,number theory",1
tuhin107494,1733-A,1,800,"greedy,sortings",2
tuhin107494,1733-B,1,900,"constructive algorithms,math",3
tuhin107494,1733-C,1,1300,"constructive algorithms,sortings",1
tuhin107494,1733-D1,1,1400,"constructive algorithms,greedy,math",3
tuhin107494,1734-A,1,800,"brute force,greedy,sortings",1
tuhin107494,1734-B,1,800,constructive algorithms,3
tuhin107494,1734-C,1,1200,"greedy,math",1
tuhin107494,1734-D,0,1800,"data structures,dp,greedy,two pointers",3
tuhin107494,1735-A,1,800,"constructive algorithms,greedy,math",2
tuhin107494,1735-B,1,900,"greedy,math",1
tuhin107494,1736-A,1,800,"brute force,greedy,sortings",1
tuhin107494,1736-B,1,1200,"math,number theory",2
tuhin107494,1736-C1,1,1300,"binary search,data structures,schedules,two pointers",1
tuhin107494,1737-A,1,900,"greedy,implementation,strings",2
tuhin107494,1737-B,1,1300,"binary search,implementation,math",26
tuhin107494,1738-B,1,1200,"constructive algorithms,greedy,math,sortings",2
tuhin107494,1738-C,1,1500,"dp,games,greedy,math",2
tuhin107494,1739-A,1,800,implementation,1
tuhin107494,1739-B,0,1100,"constructive algorithms,greedy,math",2
tuhin107494,1740-A,1,800,"constructive algorithms,number theory",1
tuhin107494,1740-B,1,800,"geometry,greedy,sortings",1
tuhin107494,1740-C,0,1400,"constructive algorithms,games,greedy,sortings",2
tuhin107494,1741-A,1,800,"implementation,strings",1
tuhin107494,1741-B,1,800,"constructive algorithms,math",1
tuhin107494,1741-C,1,1100,"brute force,greedy,math,two pointers",1
tuhin107494,1741-D,1,1300,"dfs and similar,divide and conquer,graphs,sortings,trees",1
tuhin107494,1743-A,1,800,"brute force,combinatorics,implementation,math",1
tuhin107494,1743-B,1,800,"constructive algorithms,greedy",1
tuhin107494,1747-A,1,800,"constructive algorithms,greedy",1
tuhin107494,1747-B,1,900,constructive algorithms,2
tuhin107494,1747-C,1,1200,games,3
tuhin107494,1750-A,1,800,"constructive algorithms,implementation,math",1
tuhin107494,1750-B,1,800,"brute force,greedy,implementation",1
tuhin107494,1750-C,1,1400,"constructive algorithms,implementation",1
tuhin107494,1750-D,1,1800,"combinatorics,math,number theory",1
tuhin107494,1754-A,1,800,greedy,3
tuhin107494,1754-B,1,800,"constructive algorithms,greedy,math",1
tuhin107494,1754-C1,1,1300,constructive algorithms,2
tuhin107494,1754-D,0,1600,math,2
tuhin107494,1759-A,1,800,"implementation,strings",1
tuhin107494,1759-B,1,800,math,1
tuhin107494,1759-C,1,1100,"greedy,math,shortest paths",3
tuhin107494,1759-D,1,1400,"brute force,number theory",1
tuhin107494,1759-E,1,1500,"brute force,dp,sortings",3
tuhin107494,1759-G,1,1900,"binary search,constructive algorithms,data structures,greedy,math",2
tuhin107494,1760-A,1,800,"implementation,sortings",1
tuhin107494,1760-B,1,800,"greedy,implementation,strings",1
tuhin107494,1760-C,1,800,"data structures,implementation,sortings",1
tuhin107494,1760-D,1,1000,"implementation,two pointers",1
tuhin107494,1760-E,1,1100,"data structures,greedy,math",1
tuhin107494,1760-F,0,1500,"binary search,greedy,sortings",1
tuhin107494,1761-A,1,800,"brute force,constructive algorithms",1
tuhin107494,1761-B,1,1000,"constructive algorithms,greedy,implementation",1
tuhin107494,1761-C,1,1400,"constructive algorithms,dfs and similar,graphs,greedy",1
tuhin107494,1762-A,1,800,"greedy,math,number theory",1
tuhin107494,1762-B,1,1100,"constructive algorithms,implementation,number theory,sortings",3
tuhin107494,1764-A,1,800,greedy,1
tuhin107494,1764-B,1,900,"math,number theory",3
tuhin107494,1766-A,1,800,"brute force,implementation",1
tuhin107494,1766-B,1,1000,implementation,2
tuhin107494,1766-D,0,1600,"math,number theory",1
tuhin107494,1767-A,1,800,implementation,4
tuhin107494,1767-B,1,800,"data structures,greedy,sortings",3
tuhin107494,1768-A,1,800,"greedy,math,number theory",1
tuhin107494,1768-B,1,900,"greedy,math",1
tuhin107494,1768-C,1,1300,"constructive algorithms,greedy,implementation,sortings",1
tuhin107494,1768-D,0,1800,"constructive algorithms,dfs and similar,graphs,greedy",5
tuhin107494,1770-A,0,1000,"brute force,greedy",3
tuhin107494,1770-B,1,1000,constructive algorithms,1
tuhin107494,1770-C,0,1700,"brute force,chinese remainder theorem,math,number theory",1
tuhin107494,1771-A,1,900,"combinatorics,math,sortings",1
tuhin107494,1771-B,1,1400,"binary search,constructive algorithms,dp,two pointers",3
tuhin107494,1771-C,1,1600,"greedy,math,number theory",1
tuhin107494,1778-A,1,800,"greedy,implementation",1
tuhin107494,1778-C,1,1600,"bitmasks,brute force,strings",1
tuhin107494,1779-A,0,800,"constructive algorithms,greedy,strings",1
tuhin107494,1779-B,0,900,"constructive algorithms,math",3
tuhin107494,1779-C,1,1600,"data structures,greedy",5
tuhin107494,1783-A,1,800,"constructive algorithms,math,sortings",2
tuhin107494,1783-B,1,1100,"constructive algorithms,math",4
tuhin107494,1786-A1,1,800,implementation,1
tuhin107494,1786-A2,1,800,implementation,1
tuhin107494,1786-B,1,1300,"brute force,sortings",1
tuhin107494,1786-C,1,1000,"greedy,sortings",1
tuhin107494,1787-A,1,800,"constructive algorithms,math",1
tuhin107494,1787-B,1,1100,"greedy,math,number theory",1
tuhin107494,1788-A,1,800,"brute force,implementation,math",1
tuhin107494,1788-B,1,1100,"constructive algorithms,greedy,implementation,math,probabilities",1
tuhin107494,1788-C,1,1300,"constructive algorithms,greedy,math",1
tuhin107494,1789-A,1,800,"brute force,math,number theory",1
tuhin107494,1789-B,1,800,"brute force,implementation,strings,two pointers",1
tuhin107494,1790-A,1,800,"implementation,math,strings",1
tuhin107494,1790-B,1,800,"greedy,math",1
tuhin107494,1790-C,1,1000,"brute force,implementation,math",2
tuhin107494,1790-D,1,1200,"data structures,greedy,sortings",8
tuhin107494,1790-E,1,1400,"bitmasks,constructive algorithms",2
tuhin107494,1791-A,1,800,"implementation,strings",1
tuhin107494,1791-B,1,800,"geometry,implementation",1
tuhin107494,1791-C,1,800,"implementation,two pointers",1
tuhin107494,1791-D,1,1000,"brute force,greedy,strings",1
tuhin107494,1791-E,1,1100,"dp,greedy,sortings",1
tuhin107494,1791-F,1,1500,"binary search,brute force,data structures",1
tuhin107494,1791-G1,1,1100,"greedy,sortings",1
tuhin107494,1791-G2,0,1900,"binary search,greedy,sortings",1
tuhin107494,1792-A,1,800,"greedy,sortings",1
tuhin107494,1792-B,1,1200,"greedy,math",5
tuhin107494,1792-C,1,1500,"binary search,brute force,greedy,math,two pointers",1
tuhin107494,1793-A,1,800,"greedy,math",1
tuhin107494,1793-B,1,1100,"constructive algorithms,math",1
tuhin107494,1793-C,1,1200,"constructive algorithms,data structures,two pointers",3
tuhin107494,1794-A,1,800,strings,1
tuhin107494,1794-B,1,900,"constructive algorithms,greedy,math",1
tuhin107494,1794-C,0,1300,"binary search,greedy,math,two pointers",1
tuhin107494,1795-A,1,800,"brute force,implementation,strings",1
tuhin107494,1795-B,1,900,"brute force,geometry,greedy",2
tuhin107494,1796-A,1,800,"brute force,implementation,strings",2
tuhin107494,1796-B,1,1000,"implementation,strings",1
tuhin107494,1797-A,1,800,"constructive algorithms,flows,graphs,greedy,implementation",2
tuhin107494,1797-B,1,1100,"constructive algorithms,greedy",5
tuhin107494,1798-A,1,800,"greedy,implementation,sortings",1
tuhin107494,1798-B,1,1000,"brute force,data structures,greedy,implementation",2
tuhin107494,1798-C,1,1700,"greedy,math,number theory",1
tuhin107494,1804-A,1,800,"greedy,math",1
tuhin107494,1804-B,1,1000,"greedy,implementation",2
tuhin107494,1805-A,1,800,"bitmasks,brute force",1
tuhin107494,1805-B,1,800,"greedy,strings",1
tuhin107494,1805-C,0,1400,"binary search,data structures,geometry,math",3
tuhin107494,1806-A,1,800,"geometry,greedy,math",1
tuhin107494,1806-B,1,900,"constructive algorithms,greedy",3
tuhin107494,1807-A,1,800,implementation,1
tuhin107494,1807-B,1,800,greedy,2
tuhin107494,1807-C,1,800,"greedy,implementation,strings",2
tuhin107494,1807-D,1,900,"data structures,implementation",1
tuhin107494,1807-F,0,1700,"brute force,dfs and similar,implementation",2
tuhin107494,1807-G1,1,1100,"brute force,data structures,dp,greedy,implementation,sortings",3
tuhin107494,1807-G2,1,1100,"bitmasks,dp,greedy,implementation,sortings",2
tuhin107494,1808-A,1,900,"brute force,implementation",3
tuhin107494,1808-B,1,1200,"math,sortings",1
tuhin107494,1808-C,0,1900,"brute force,dp,greedy,implementation",4
tuhin107494,1809-A,1,800,implementation,1
tuhin107494,1809-B,1,1000,"binary search,greedy,math",1
tuhin107494,1809-C,1,1500,"constructive algorithms,greedy,math",2
tuhin107494,1810-A,1,800,"brute force,greedy",1
tuhin107494,1810-B,1,800,"constructive algorithms,math,number theory",1
tuhin107494,1810-C,1,1300,"brute force,greedy,sortings",3
tuhin107494,1811-A,1,800,"greedy,math,strings",1
tuhin107494,1811-C,1,1100,"constructive algorithms,greedy",1
tuhin107494,1814-A,1,800,"implementation,math",3
tuhin107494,1814-B,1,1700,"brute force,math",5
tuhin107494,1816-A,1,800,"constructive algorithms,geometry,number theory",2
tuhin107494,1816-B,1,1000,"constructive algorithms,greedy",5
tuhin107494,1816-C,1,1300,"math,sortings",1
tuhin107494,1818-A,0,800,"greedy,implementation",1
tuhin107494,1818-B,1,900,constructive algorithms,2
tuhin107494,1823-A,1,800,"combinatorics,constructive algorithms,math",1
tuhin107494,1823-B,1,900,"brute force,math,sortings",1
tuhin107494,1823-C,1,1300,"greedy,math,number theory",1
tuhin107494,1825-A,1,800,"greedy,strings",2
tuhin107494,1825-B,1,1000,"greedy,math",1
tuhin107494,1825-C,1,1400,"greedy,sortings",3
tuhin107494,1826-A,0,1200,"brute force,greedy,implementation,sortings",4
tuhin107494,1826-B,1,1100,"math,number theory",1
tuhin107494,1826-C,0,1300,"greedy,math,number theory",1
tuhin107494,1826-D,1,1700,"brute force,dp,greedy",2
tuhin107494,1828-A,1,800,"constructive algorithms,math",2
tuhin107494,1828-B,1,900,"math,number theory",1
tuhin107494,1829-A,1,800,"implementation,strings",1
tuhin107494,1829-B,1,800,implementation,2
tuhin107494,1829-C,1,800,"bitmasks,greedy,implementation",2
tuhin107494,1829-D,1,1000,"brute force,dfs and similar,dp,implementation",1
tuhin107494,1829-E,1,1100,"dfs and similar,dsu,graphs,implementation",1
tuhin107494,1829-F,1,1300,"dfs and similar,graphs,math",1
tuhin107494,1829-G,1,1600,"data structures,dp,implementation,math",1
tuhin107494,1831-A,1,800,constructive algorithms,1
tuhin107494,1831-B,1,1000,"constructive algorithms,greedy",2
tuhin107494,1831-C,0,1400,"dfs and similar,dp,graphs,trees",2
tuhin107494,1832-A,1,800,strings,1
tuhin107494,1832-B,1,1100,"brute force,sortings,two pointers",1
tuhin107494,1832-C,1,1200,"greedy,implementation",1
tuhin107494,1833-A,1,800,"implementation,strings",1
tuhin107494,1833-B,1,900,"greedy,sortings",3
tuhin107494,1833-C,1,800,"greedy,math",2
tuhin107494,1833-D,1,1400,"brute force,constructive algorithms,greedy",4
tuhin107494,1833-F,1,1700,"combinatorics,constructive algorithms,data structures,implementation,math,sortings,two pointers",1
tuhin107494,1837-A,1,800,"constructive algorithms,math",2
tuhin107494,1837-B,1,900,greedy,2
tuhin107494,1837-C,1,1000,"constructive algorithms,greedy",1
tuhin107494,1837-D,1,1400,"constructive algorithms,greedy",3
tuhin107494,1838-A,0,800,"constructive algorithms,math",3
tuhin107494,1838-B,1,1100,"constructive algorithms,math",4
tuhin107494,1838-C,1,1400,"constructive algorithms,math,number theory",5
tuhin107494,1839-A,1,800,"greedy,implementation,math",1
tuhin107494,1839-B,0,1100,"greedy,sortings",2
tuhin107494,1840-A,1,800,"implementation,strings,two pointers",1
tuhin107494,1840-B,1,1100,"bitmasks,combinatorics,math",1
tuhin107494,1840-C,1,1000,"combinatorics,math,two pointers",1
tuhin107494,1840-D,1,1400,"binary search,greedy,sortings",3
tuhin107494,1840-E,1,1600,"data structures,hashing,implementation",1
tuhin107494,1841-A,1,800,"constructive algorithms,games",1
tuhin107494,1841-B,1,1000,implementation,3
tuhin107494,1842-A,1,800,"games,math",2
tuhin107494,1842-B,1,1100,"bitmasks,greedy,math",1
tuhin107494,1842-C,0,1500,dp,5
tuhin107494,1843-A,1,800,"greedy,sortings,two pointers",1
tuhin107494,1843-B,1,800,"greedy,math,two pointers",1
tuhin107494,1843-C,1,800,"bitmasks,combinatorics,math,trees",1
tuhin107494,1843-D,1,1200,"combinatorics,dfs and similar,dp,math,trees",1
tuhin107494,1843-E,1,1600,"binary search,brute force,data structures,two pointers",1
tuhin107494,1844-A,1,800,"constructive algorithms,games",2
tuhin107494,1844-B,1,1000,"constructive algorithms,math",3
tuhin107494,1851-A,0,800,"brute force,constructive algorithms,math",1
tuhin107494,1851-B,1,800,"greedy,sortings,two pointers",13
tuhin107494,1855-A,1,800,"greedy,math",1
tuhin107494,1855-B,1,900,"brute force,combinatorics,greedy,math,number theory",1
tuhin107494,1855-C1,1,1400,constructive algorithms,6
tuhin107494,1855-C2,0,1900,"constructive algorithms,math",1
tuhin107494,1856-A,1,800,implementation,1
tuhin107494,1856-B,0,900,"implementation,math",5
tuhin107494,1857-A,1,800,"greedy,math",1
tuhin107494,1857-B,1,1100,"greedy,implementation,math",1
tuhin107494,1857-C,1,1200,"greedy,sortings",2
tuhin107494,1857-D,1,1300,"math,sortings,trees",1
tuhin107494,1857-E,1,1500,"math,sortings",1
tuhin107494,1858-A,1,800,"games,greedy,math",1
tuhin107494,1858-B,0,1500,"brute force,dp,greedy,math,number theory",1
tuhin107494,1858-C,1,1000,"constructive algorithms,greedy,math,number theory",1
tuhin107494,1860-A,1,900,"constructive algorithms,strings",1
tuhin107494,1860-B,1,1200,"binary search,brute force,greedy,math",2
tuhin107494,1860-C,1,1400,"data structures,dp,games,greedy",1
tuhin107494,1861-A,1,800,"constructive algorithms,math",1
tuhin107494,1861-B,1,1000,"constructive algorithms,dp,greedy",1
tuhin107494,1861-C,0,1600,"data structures,dfs and similar,implementation,strings,trees",1
tuhin107494,1862-A,1,800,"dp,greedy,implementation,strings",2
tuhin107494,1862-B,1,800,constructive algorithms,1
tuhin107494,1862-C,1,1100,"binary search,data structures,implementation,sortings",1
tuhin107494,1862-D,1,1300,"binary search,combinatorics,constructive algorithms,math",1
tuhin107494,1862-E,1,1600,"constructive algorithms,data structures,greedy",2
tuhin107494,1863-A,1,800,"greedy,implementation",3
tuhin107494,1863-B,1,1100,"greedy,math,sortings",1
tuhin107494,1863-C,1,1100,"implementation,math",1
tuhin107494,1864-A,1,800,"constructive algorithms,greedy,implementation,math",2
tuhin107494,1864-B,1,1100,"constructive algorithms,greedy,sortings,strings",2
tuhin107494,1864-C,1,1300,"bitmasks,constructive algorithms,math,number theory",2
tuhin107494,1864-D,0,1700,"brute force,constructive algorithms,data structures,dp,greedy,math",1
tuhin107494,1870-A,1,800,"constructive algorithms,greedy,math",2
tuhin107494,1870-B,1,1200,"bitmasks,greedy,math",1
tuhin107494,1870-C,1,1300,"binary search,data structures,dp,implementation,math,two pointers",1
tuhin107494,1872-A,1,800,"brute force,greedy,math",1
tuhin107494,1872-C,1,1100,"math,number theory",4
tuhin107494,1877-A,1,800,math,1
tuhin107494,1881-A,1,800,"brute force,strings",4
tuhin107494,1881-B,1,900,math,1
tuhin107494,1881-D,1,1300,"math,number theory",1
tuhin107494,1881-E,1,1500,dp,1
tuhin107494,1891-A,1,800,"constructive algorithms,sortings",1
tuhin107494,1891-B,0,1100,"brute force,math,sortings",1
tuhin107494,1899-A,1,800,"games,math,number theory",1
tuhin107494,1899-B,1,1100,"brute force,implementation,number theory",1
tuhin107494,1899-C,1,1100,"dp,greedy,two pointers",1
tuhin107494,1907-A,1,800,implementation,2
tuhin107494,1907-B,1,1000,"data structures,implementation,strings",1
tuhin107494,1907-C,0,1200,"constructive algorithms,greedy,math,strings",3
tuhin107494,1926-A,1,800,implementation,1
tuhin107494,1926-B,1,800,"geometry,implementation",1
tuhin107494,1926-C,1,1200,"dp,implementation",1
tuhin107494,1926-D,1,1300,"bitmasks,greedy",2
tuhin107494,1926-E,1,1500,"binary search,bitmasks,data structures,dp,implementation,math,number theory",1
tuhin107494,1937-B,1,1300,"dp,greedy,implementation",1
tuhin107494,1946-A,1,800,"greedy,implementation,sortings",1
tuhin107494,1946-B,1,1100,"dp,greedy,math",1
tuhin107494,1946-C,0,1600,"binary search,dp,greedy,implementation,trees",1
tuhin107494,1950-A,1,800,implementation,1
tuhin107494,1950-B,1,800,implementation,1
tuhin107494,1950-C,1,800,"implementation,math",1
tuhin107494,1950-D,1,1100,"brute force,dp,implementation,number theory",2
tuhin107494,1950-E,1,1500,"brute force,implementation,number theory,strings",2
tuhin107494,1956-A,1,800,"binary search,brute force,data structures,games,greedy",2
tuhin107494,1956-B,1,800,"games,greedy",1
tuhin107494,1956-C,0,1600,"constructive algorithms,greedy,math",5
tuhin107494,1968-A,1,800,"brute force,math,number theory",2
tuhin107494,1968-B,1,800,"greedy,two pointers",1
tuhin107494,1968-C,1,1000,"constructive algorithms,number theory",1
tuhin107494,1968-D,1,1300,"brute force,dfs and similar,games,graphs,greedy,math",1
tuhin107494,1968-G1,1,1900,"binary search,data structures,dp,hashing,string suffix structures,strings",1
tuhin107494,1982-A,1,800,"greedy,implementation,math,sortings",1
tuhin107494,1982-B,1,1200,"brute force,implementation,math,number theory",1
tuhin107494,1982-C,1,1200,"binary search,data structures,dp,greedy,two pointers",2
tuhin107494,1992-A,1,800,"brute force,constructive algorithms,greedy,math,sortings",2
tuhin107494,1992-B,1,800,"greedy,math,sortings",1
tuhin107494,1992-C,1,900,"constructive algorithms,math",1
tuhin107494,1992-E,1,1700,"brute force,constructive algorithms,implementation,math,strings",2
tuhin107494,1992-F,1,1900,"brute force,dp,greedy,number theory,two pointers",10
tuhin107494,1998-A,1,800,"constructive algorithms,implementation,math",5
tuhin107494,1998-B,1,1000,"constructive algorithms,math,number theory",1
tuhin107494,1999-A,1,800,"implementation,math",1
tuhin107494,1999-B,1,1000,"brute force,constructive algorithms,implementation",3
tuhin107494,1999-D,0,1100,"greedy,implementation,strings",1
tuhin107494,1999-E,1,1300,"dp,implementation,math",1
tuhin107494,2000-A,1,800,"implementation,math,strings",1
tuhin107494,2000-B,1,800,two pointers,2
tuhin107494,2000-C,1,1000,"data structures,strings",1
tuhin107494,2000-D,1,1200,"greedy,implementation,two pointers",1
tuhin107494,2001-A,1,800,"greedy,implementation",1
tuhin107494,2001-D,1,1900,"brute force,constructive algorithms,data structures,greedy,implementation",3
tuhin107494,2004-A,1,800,"implementation,math",1
tuhin107494,2004-B,1,1000,"brute force,greedy",2
tuhin107494,2004-C,1,1100,"games,greedy,sortings",2
tuhin107494,2007-A,1,800,"greedy,math,number theory",1
tuhin107494,2008-A,1,800,"brute force,constructive algorithms,greedy,math",1
tuhin107494,2008-B,1,800,"brute force,math,strings",1
tuhin107494,2008-C,1,800,"binary search,brute force,math",1
tuhin107494,2008-D,1,1100,"dp,dsu,graphs,math",1
tuhin107494,2008-F,1,1400,"combinatorics,math,number theory",2
tuhin107494,2009-A,1,800,"brute force,math",1
tuhin107494,2009-B,1,800,"brute force,implementation",1
tuhin107494,2009-C,1,1100,"implementation,math",1
tuhin107494,2009-D,1,1400,"geometry,math",2
tuhin107494,2009-E,1,1400,"binary search,math,ternary search",2
tuhin107494,2009-F,1,1700,"bitmasks,data structures,flows,math",1
tuhin107494,2019-A,1,800,"brute force,dp,greedy",1
tuhin107494,2019-B,1,1200,"implementation,math",1
tuhin107494,2020-A,1,800,"bitmasks,brute force,greedy,math,number theory",1
tuhin107494,2020-B,1,1200,"binary search,math",2
tuhin107494,2020-C,1,1400,"bitmasks,hashing,implementation,math,schedules,ternary search",1
tuhin107494,2033-A,1,800,"constructive algorithms,implementation,math",1
tuhin107494,2033-B,1,900,"brute force,constructive algorithms,greedy",1
tuhin107494,2033-C,1,1400,"dp,greedy,two pointers",1
tuhin107494,2033-D,0,1300,"data structures,dp,dsu,greedy,math",6
tuhin107494,2036-A,1,800,implementation,1
tuhin107494,2036-B,1,800,"greedy,sortings",1
tuhin107494,2036-C,1,1100,"brute force,implementation",1
tuhin107494,2036-D,0,1300,"brute force,implementation,matrices",1
tuhin107494,2050-A,1,800,implementation,1
tuhin107494,2050-B,1,1100,"brute force,greedy,math",1
tuhin107494,2050-C,1,1200,"brute force,dp,math",1
tuhin107494,2050-D,1,1300,"brute force,greedy,math,strings",2
tuhin107494,2050-E,1,1500,"dp,implementation,strings",1
tuhin107494,2057-A,1,800,"constructive algorithms,math",6
tuhin107494,2057-B,1,1000,"greedy,sortings",16
tuhin107494,2121-A,1,800,"brute force,math",2
tuhin107494,2121-B,1,800,"constructive algorithms,greedy,strings",2
tuhin107494,2121-C,1,1200,"greedy,implementation",2
tuhin107494,2121-D,1,1300,"implementation,sortings",2
tuhin107494,2137-A,1,800,"constructive algorithms,math",3
tuhin107494,2137-B,1,900,"constructive algorithms,math,number theory",1
tuhin107494,2137-C,1,1100,"brute force,greedy,implementation,math",2
tuhin107494,2149-A,1,800,math,1
tuhin107494,2149-B,1,800,"greedy,sortings",1
tuhin107494,2149-C,1,900,greedy,1
tuhin107494,2149-D,1,1200,strings,5
tuhin107494,2236-A,1,800,"greedy,math",1
tuhin107494,2236-B,1,800,"greedy,math,strings",1
tuhin107494,2236-C,0,1000,"brute force,greedy,math",6
tuhin107494,379-F,0,2400,"data structures,divide and conquer,trees",1
tuhin107494,432-D,1,2000,"dp,string suffix structures,strings,two pointers",1
tuhin107494,450-A,1,1000,implementation,1
tuhin107494,471-D,1,1800,"string suffix structures,strings",1
tuhin107494,48-D,1,1500,greedy,2
tuhin107494,552-A,1,1000,"implementation,math",2
tuhin107494,557-B,0,1500,"constructive algorithms,implementation,math,sortings",11
tuhin107494,56-B,1,1300,implementation,1
tuhin107494,59-C,1,1600,expression parsing,2
tuhin107494,691-D,1,1700,"dfs and similar,dsu,math",1
tuhin107494,706-D,1,1800,"binary search,bitmasks,data structures,trees",11
tuhin107494,713-D,0,2700,"binary search,data structures",2
tuhin107494,723-F,1,2300,"dsu,graphs,greedy,implementation",14
tuhin107494,805-C,1,1000,constructive algorithms,1
tuhin107494,817-E,1,2000,"bitmasks,data structures,trees",4
tuhin107494,833-A,1,1700,"math,number theory",9
tuhin107494,844-C,1,1400,"dfs and similar,math",2
tuhin107494,862-B,1,1300,"dfs and similar,graphs,trees",1
tuhin107494,863-E,1,2000,"data structures,sortings",1
tuhin107494,888-G,1,2300,"bitmasks,constructive algorithms,data structures",14
tuhin107494,898-F,1,2300,"brute force,hashing,math",1
tuhin107494,915-F,1,2400,"data structures,dsu,graphs,trees",3
