user,rating_bucket,solved,attempts,weakness_score
-1e11,800,0.995575221238938,1.154867256637168,0.03128215682239144
-1e11,1000,0.9896373056994818,1.2124352331606219,0.03855886251355589
-1e11,1200,0.9905660377358491,1.3443396226415094,0.04069767441860465
-1e11,1400,0.9782608695652174,1.508695652173913,0.05682507583417592
-1e11,1600,0.9692982456140351,1.6885964912280702,0.06997144022847815
-1e11,1800,0.9464285714285714,1.7053571428571428,0.09323089700996681
-1e11,2000,0.9261363636363636,2.028409090909091,0.12103594080338265
-1e11,2200,0.8424657534246576,2.5753424657534247,0.21742593182542208
-1e11,2400,0.8547008547008547,2.8547008547008548,0.21168753726893266
-1e11,2600,0.6666666666666666,2.857142857142857,0.39977851605758585
-1e11,2800,0.5714285714285714,2.5714285714285716,0.48837209302325585
-1e11,3000,0.25,4.0,0.8430232558139534
-1e11,3200,0.8333333333333334,1.5,0.2015503875968992
-1e11,3400,1.0,5.0,0.11627906976744186
-Armageddon-,800,1.0,1.2272727272727273,0.02854122621564482
-Armageddon-,1000,1.0,1.6923076923076923,0.03935599284436494
-Armageddon-,1200,1.0,1.6923076923076923,0.03935599284436494
-Armageddon-,1400,0.8888888888888888,2.0,0.1576227390180879
-Armageddon-,1600,1.0,1.8461538461538463,0.042933810375670844
-Armageddon-,1800,0.9090909090909091,2.3636363636363638,0.145877378435518
-Armageddon-,2000,1.0,3.4285714285714284,0.07973421926910298
-Armageddon-,2200,0.7272727272727273,4.0,0.3657505285412262
-Armageddon-,2400,1.0,4.714285714285714,0.10963455149501661
-Armageddon-,2600,0.2,1.8,0.8418604651162791
-Armageddon-,2800,0.5,3.0,0.5697674418604651
-Armageddon-,3200,0.0,2.0,1.0465116279069768
-Armageddon-,3400,0.0,2.0,1.0465116279069768
-Shu-,800,1.0,1.16,0.02697674418604651
-Shu-,1000,0.9583333333333334,1.375,0.07364341085271314
-Shu-,1200,1.0,1.7027027027027026,0.039597737272155875
-Shu-,1400,1.0,1.826086956521739,0.042467138523761376
-Shu-,1600,1.0,1.9285714285714286,0.044850498338870434
-Shu-,1800,1.0,1.6451612903225807,0.03825956489122281
-Shu-,2000,0.9411764705882353,1.7647058823529411,0.09986320109439126
-Shu-,2200,0.9,2.1333333333333333,0.14961240310077517
-Shu-,2400,1.0,2.466666666666667,0.057364341085271324
-Shu-,2600,1.0,3.3333333333333335,0.07751937984496124
-Shu-,2800,1.0,3.0,0.06976744186046512
-Shu-,3000,1.0,1.6666666666666667,0.03875968992248062
-Shu-,3200,1.0,1.0,0.023255813953488372
-firefly-,800,0.9916666666666667,1.1791666666666667,0.03575581395348834
-firefly-,1000,1.0,1.1730769230769231,0.027280858676207515
-firefly-,1200,0.981651376146789,1.4128440366972477,0.0512054619159377
-firefly-,1400,0.9722222222222222,1.787037037037037,0.06933677863910423
-firefly-,1600,0.992,2.0,0.05451162790697675
-firefly-,1800,0.9637681159420289,2.1449275362318843,0.08611391978429395
-firefly-,2000,0.925531914893617,2.5638297872340425,0.1340920336467096
-firefly-,2200,0.9302325581395349,2.6627906976744184,0.13169280692266092
-firefly-,2400,0.8333333333333334,2.888888888888889,0.23385012919896636
-firefly-,2600,0.7,1.8,0.3418604651162791
-firefly-,2800,0.6,3.2,0.4744186046511628
-firefly-,3000,1.0,5.0,0.11627906976744186
-firefly-,3200,1.0,1.0,0.023255813953488372
0.1w33hw3,800,0.981651376146789,1.5963302752293578,0.055472583742265845
0.1w33hw3,1000,0.9545454545454546,1.2954545454545454,0.07558139534883716
0.1w33hw3,1200,0.9795918367346939,1.5714285714285714,0.05695301376364501
0.1w33hw3,1400,0.9636363636363636,1.5454545454545454,0.07230443974630021
0.1w33hw3,1600,0.9661016949152542,1.8135593220338984,0.07607410327158062
0.1w33hw3,1800,0.9821428571428571,2.25,0.07018272425249175
0.1w33hw3,2000,1.0,1.8363636363636364,0.0427061310782241
0.1w33hw3,2200,0.967741935483871,2.1451612903225805,0.082145536384096
0.1w33hw3,2400,0.9692307692307692,2.1076923076923078,0.07978533094812165
0.1w33hw3,2600,1.0,2.119047619047619,0.04928017718715393
0.1w33hw3,2800,0.9714285714285714,2.342857142857143,0.08305647840531563
0.1w33hw3,3000,1.0,2.9565217391304346,0.06875631951466127
0.1w33hw3,3200,0.7777777777777778,2.3333333333333335,0.27648578811369506
0.1w33hw3,3400,0.8333333333333334,3.5,0.24806201550387594
08kevin,800,0.9868421052631579,1.3026315789473684,0.04345165238678095
08kevin,1000,1.0,1.5483870967741935,0.03600900225056264
08kevin,1200,1.0,1.4230769230769231,0.03309481216457961
08kevin,1400,1.0,2.0526315789473686,0.047735618115055084
08kevin,1600,1.0,2.04,0.04744186046511628
08kevin,1800,0.9615384615384616,2.3461538461538463,0.09302325581395346
08kevin,2000,0.9523809523809523,3.761904761904762,0.13510520487264677
08kevin,2200,0.9375,2.125,0.1119186046511628
08kevin,2400,0.7619047619047619,4.0476190476190474,0.3322259136212625
08kevin,2600,1.0,2.4444444444444446,0.056847545219638244
08kevin,2800,0.8181818181818182,4.0,0.27484143763213525
08kevin,3000,0.7777777777777778,4.333333333333333,0.32299741602067183
08kevin,3200,1.0,4.0,0.09302325581395349
08kevin,3400,1.0,1.5,0.03488372093023256
0htoAi,800,1.0,1.2409638554216869,0.02885962454469039
0htoAi,1000,1.0,1.34375,0.03125
0htoAi,1200,1.0,1.7027027027027026,0.039597737272155875
0htoAi,1400,0.9642857142857143,1.8571428571428572,0.07890365448504982
0htoAi,1600,1.0,1.9333333333333333,0.04496124031007752
0htoAi,1800,0.9347826086956522,3.130434782608696,0.13801820020222444
0htoAi,2000,0.8214285714285714,3.142857142857143,0.2516611295681063
0htoAi,2200,0.8888888888888888,2.7222222222222223,0.17441860465116282
0htoAi,2400,0.7857142857142857,3.357142857142857,0.292358803986711
0htoAi,2600,0.7142857142857143,5.142857142857143,0.4053156146179402
0htoAi,2800,1.0,5.285714285714286,0.12292358803986711
0htoAi,3000,0.5,1.0,0.5232558139534884
0wuming0,800,1.0,1.0953947368421053,0.025474296205630357
0wuming0,1000,1.0,1.184782608695652,0.0275530839231547
0wuming0,1200,1.0,1.1511627906976745,0.026771227690643593
0wuming0,1400,1.0,1.2677595628415301,0.029482780531198374
0wuming0,1600,1.0,1.4075829383886256,0.03273448693927036
0wuming0,1800,1.0,1.4158878504672898,0.032927624429471856
0wuming0,2000,1.0,1.834862385321101,0.04267121826328142
0wuming0,2200,1.0,1.8333333333333333,0.04263565891472868
0wuming0,2400,1.0,2.0,0.046511627906976744
0wuming0,2600,1.0,2.381818181818182,0.055391120507399576
0wuming0,2800,1.0,2.373134328358209,0.055189170426935094
0wuming0,3000,1.0,2.880952380952381,0.06699889258028793
0wuming0,3200,1.0,3.142857142857143,0.07308970099667773
0wuming0,3400,1.0,3.4444444444444446,0.08010335917312662
0x0c5cbae8,800,1.0,1.1,0.025581395348837212
0x0c5cbae8,1000,1.0,1.3055555555555556,0.030361757105943153
0x0c5cbae8,1200,1.0,1.3125,0.030523255813953487
0x0c5cbae8,1400,1.0,1.5714285714285714,0.03654485049833887
0x0c5cbae8,1600,1.0,1.411764705882353,0.03283173734610123
0x0c5cbae8,1800,0.9787234042553191,1.5957446808510638,0.0583869371598219
0x0c5cbae8,2000,0.975,1.7,0.06453488372093025
0x0c5cbae8,2200,1.0,2.1951219512195124,0.05104934770277936
0x0c5cbae8,2400,0.8888888888888888,1.8518518518518519,0.15417743324720073
0x0c5cbae8,2600,1.0,2.6363636363636362,0.0613107822410148
0x0c5cbae8,2800,1.0,2.75,0.06395348837209303
111445,800,1.0,1.2666666666666666,0.02945736434108527
111445,1000,1.0,1.0,0.023255813953488372
111445,1200,1.0,1.1904761904761905,0.02768549280177187
111445,1400,1.0,1.9230769230769231,0.044722719141323794
111445,1600,1.0,1.2727272727272727,0.02959830866807611
111445,1800,1.0,1.5625,0.036337209302325583
111445,2000,1.0,2.625,0.061046511627906974
111445,2200,1.0,3.3333333333333335,0.07751937984496124
111445,2400,1.0,2.4375,0.056686046511627904
111445,2600,0.9090909090909091,5.0,0.20718816067653278
111445,2800,0.75,3.8333333333333335,0.3391472868217054
111445,3000,0.75,3.0,0.31976744186046513
111445,3200,0.5,2.0,0.5465116279069767
1225Xia,800,1.0,1.8125,0.04215116279069767
1225Xia,1000,1.0,2.272727272727273,0.052854122621564484
1225Xia,1200,0.9333333333333333,1.7333333333333334,0.1069767441860465
1225Xia,1400,0.9090909090909091,1.6363636363636365,0.12896405919661735
1225Xia,1600,0.9285714285714286,2.857142857142857,0.13787375415282388
1225Xia,1800,0.5714285714285714,1.7142857142857142,0.4684385382059801
1225Xia,2000,1.0,2.5,0.05813953488372093
1225Xia,2200,0.7,2.4,0.35581395348837214
1225Xia,2400,0.9166666666666666,2.4166666666666665,0.13953488372093026
1225Xia,2600,0.8461538461538461,4.615384615384615,0.26118067978533094
1225Xia,2800,0.8461538461538461,4.615384615384615,0.26118067978533094
1225Xia,3000,0.8181818181818182,5.636363636363637,0.3128964059196617
1225Xia,3200,0.8888888888888888,5.444444444444445,0.2377260981912145
1225Xia,3400,0.9166666666666666,9.333333333333334,0.3003875968992249
1459007298,800,0.9937888198757764,1.3198757763975155,0.03690596562184026
1459007298,1000,1.0,1.4615384615384615,0.03398926654740608
1459007298,1200,1.0,1.676923076923077,0.03899821109123435
1459007298,1400,1.0,1.8461538461538463,0.042933810375670844
1459007298,1600,0.9931506849315068,2.287671232876712,0.06005097164702137
1459007298,1800,0.9603174603174603,2.6587301587301586,0.10151347360649683
1459007298,2000,0.8983050847457628,3.0677966101694913,0.1730390224674812
1459007298,2200,0.9122807017543859,3.1403508771929824,0.16075071399428809
1459007298,2400,0.8877551020408163,3.520408163265306,0.19411485524442335
1459007298,2600,0.8604651162790697,4.023255813953488,0.23309897241752303
1459007298,2800,0.9047619047619048,4.0,0.18826135105204872
1459007298,3000,0.875,5.25,0.24709302325581395
1459007298,3200,1.0,1.75,0.040697674418604654
1459007298,3400,0.0,1.0,1.0232558139534884
2026_revenger,800,1.0,1.1666666666666667,0.027131782945736437
2026_revenger,1000,1.0,1.2222222222222223,0.028423772609819122
2026_revenger,1200,1.0,1.0,0.023255813953488372
2026_revenger,1400,1.0,1.4,0.03255813953488372
2026_revenger,1600,1.0,2.0,0.046511627906976744
2026_revenger,1800,1.0,1.2222222222222223,0.028423772609819122
2026_revenger,2000,1.0,3.6,0.08372093023255814
2026_revenger,2200,1.0,3.625,0.08430232558139535
2026_revenger,2400,1.0,1.4285714285714286,0.03322259136212625
2026_revenger,2600,0.6666666666666666,1.3333333333333333,0.36434108527131787
24Records,800,1.0,1.1428571428571428,0.026578073089700994
24Records,1000,0.9166666666666666,1.5833333333333333,0.12015503875968996
24Records,1200,1.0,2.5,0.05813953488372093
24Records,1400,1.0,1.4166666666666667,0.03294573643410853
24Records,1600,1.0,3.3333333333333335,0.07751937984496124
24Records,1800,1.0,1.1666666666666667,0.027131782945736437
24Records,2000,0.6666666666666666,2.5,0.3914728682170543
24Records,2200,1.0,1.0,0.023255813953488372
24Records,2600,0.0,2.0,1.0465116279069768
24Records,2800,0.0,2.0,1.0465116279069768
24Records,3200,0.0,1.0,1.0232558139534884
2730883287,800,1.0,1.1991525423728813,0.027887268427276308
2730883287,1000,1.0,1.380952380952381,0.03211517165005537
2730883287,1200,1.0,1.5784313725490196,0.03670770633834929
2730883287,1400,0.967032967032967,2.032967032967033,0.08024533605928955
2730883287,1600,0.9801980198019802,1.9801980198019802,0.06585309693760075
2730883287,1800,0.9801980198019802,2.277227722772277,0.07276076444853789
2730883287,2000,0.9615384615384616,2.6474358974358974,0.10002981514609419
2730883287,2200,0.9925925925925926,2.674074074074074,0.06959517657192077
2730883287,2400,0.992,2.272,0.060837209302325584
2730883287,2600,1.0,2.0232558139534884,0.04705246078961601
2730883287,2800,0.9166666666666666,3.25,0.15891472868217058
2730883287,3000,0.6666666666666666,2.0,0.3798449612403101
2730883287,3200,1.0,1.0,0.023255813953488372
2sqrt3,800,1.0,1.2,0.027906976744186046
2sqrt3,1000,1.0,1.0,0.023255813953488372
2sqrt3,1200,1.0,1.0,0.023255813953488372
2sqrt3,1400,1.0,1.0,0.023255813953488372
2sqrt3,1600,1.0,2.5,0.05813953488372093
2sqrt3,1800,0.75,1.5,0.28488372093023256
2sqrt3,2000,1.0,1.0,0.023255813953488372
2sqrt3,2200,1.0,1.3333333333333333,0.031007751937984496
2sqrt3,2600,0.5,2.5,0.5581395348837209
2sqrt3,2800,0.0,1.0,1.0232558139534884
300iq,800,0.9920318725099602,1.7171314741035857,0.04790141758547206
300iq,1000,0.9683544303797469,2.3987341772151898,0.08743008536944358
300iq,1200,0.8895705521472392,2.01840490797546,0.15736909687544587
300iq,1400,0.9139072847682119,2.172185430463576,0.13660865547512707
300iq,1600,0.9382716049382716,2.7098765432098766,0.12474877978753952
300iq,1800,0.9041095890410958,3.0342465753424657,0.16645428480407778
300iq,2000,0.8807947019867549,3.2847682119205297,0.19559525643000159
300iq,2200,0.8035714285714286,3.705357142857143,0.28259966777408635
300iq,2400,0.8715596330275229,5.073394495412844,0.24642628547045017
300iq,2600,0.7361111111111112,4.972222222222222,0.3795219638242894
300iq,2800,0.7647058823529411,4.372549019607843,0.33698130414956684
300iq,3000,0.71875,7.03125,0.44476744186046513
300iq,3200,0.6153846153846154,5.538461538461538,0.5134168157423971
300iq,3400,0.36363636363636365,12.272727272727273,0.9217758985200846
36champ,800,0.998324958123953,1.2227805695142377,0.030111799306610613
36champ,1000,0.9957983193277311,1.3697478991596639,0.03605628297830759
36champ,1200,1.0,1.4580419580419581,0.03390795251260368
36champ,1400,0.9857651245551602,1.7117437722419928,0.05404287014814197
36champ,1600,0.9924812030075187,1.7406015037593985,0.04799790173107192
36champ,1800,0.9652509652509652,2.1621621621621623,0.08503187572955019
36champ,2000,0.965,2.365,0.09000000000000004
36champ,2200,0.9358974358974359,2.391025641025641,0.11970781156827667
36champ,2400,0.8686868686868687,2.282828282828283,0.18440216114634717
36champ,2600,0.7333333333333333,3.3333333333333335,0.344186046511628
36champ,2800,0.7272727272727273,3.090909090909091,0.3446088794926004
36champ,3000,0.5,3.3333333333333335,0.5775193798449613
36champ,3200,0.6666666666666666,2.6666666666666665,0.39534883720930236
36champ,3400,0.0,1.3333333333333333,1.0310077519379846
79brue,800,0.9545454545454546,1.2272727272727273,0.07399577167019024
79brue,1000,1.0,1.4242424242424243,0.03312191684284708
79brue,1200,0.9666666666666667,1.8166666666666667,0.0755813953488372
79brue,1400,0.9666666666666667,1.5166666666666666,0.06860465116279069
79brue,1600,0.9692307692307692,1.5384615384615385,0.06654740608228982
79brue,1800,0.9142857142857143,2.242857142857143,0.13787375415282394
79brue,2000,0.8260869565217391,2.782608695652174,0.23862487360970677
79brue,2200,0.803921568627451,2.3137254901960786,0.24988600091199267
79brue,2400,0.8536585365853658,2.8048780487804876,0.21157118547929665
79brue,2600,0.7391304347826086,2.869565217391304,0.32760364004044495
79brue,2800,0.5625,2.5625,0.49709302325581395
79brue,3000,0.0,10.0,1.2325581395348837
79brue,3200,0.3333333333333333,6.666666666666667,0.8217054263565893
8Conan8,800,1.0,1.0875,0.0252906976744186
8Conan8,1000,1.0,1.3076923076923077,0.03041144901610018
8Conan8,1200,1.0,1.2121212121212122,0.028188865398167725
8Conan8,1400,1.0,1.3157894736842106,0.030599755201958387
8Conan8,1600,1.0,1.5483870967741935,0.03600900225056264
8Conan8,1800,0.9767441860465116,1.5348837209302326,0.05895078420767987
8Conan8,2000,0.9666666666666667,1.7,0.07286821705426355
8Conan8,2200,0.9714285714285714,1.8,0.07043189368770765
8Conan8,2400,0.9545454545454546,2.477272727272727,0.10306553911205069
8Conan8,2600,0.9090909090909091,2.8181818181818183,0.15644820295983092
8Conan8,2800,0.8333333333333334,2.5,0.22480620155038755
8Conan8,3000,1.0,2.2,0.051162790697674425
8Conan8,3200,1.0,2.25,0.05232558139534884
8Conan8,3400,0.5,3.0,0.5697674418604651
A.D.,800,0.98989898989899,1.4074074074074074,0.042831414924438135
A.D.,1000,0.9640718562874252,1.7604790419161678,0.07686951678039267
A.D.,1200,0.9759036144578314,2.1265060240963853,0.07355001400952643
A.D.,1400,0.946236559139785,2.161290322580645,0.10402600650162536
A.D.,1600,0.9482758620689655,2.6551724137931036,0.11347233360064155
A.D.,1800,0.9347826086956522,2.9855072463768115,0.13464779238287827
A.D.,2000,0.9051724137931034,3.6982758620689653,0.18083400160384927
A.D.,2200,0.9565217391304348,3.152173913043478,0.11678463094034375
A.D.,2400,0.925,3.65,0.1598837209302325
A.D.,2600,0.9032258064516129,5.967741935483871,0.23555888972243064
A.D.,2800,0.8,4.3,0.29999999999999993
A.D.,3000,1.0,4.0,0.09302325581395349
A.D.,3200,0.0,4.0,1.0930232558139534
A.D.,3400,0.0,8.0,1.1860465116279069
A10ne,800,1.0,1.0,0.023255813953488372
A10ne,1000,1.0,1.0,0.023255813953488372
A10ne,1200,1.0,1.0,0.023255813953488372
A10ne,1400,1.0,1.0,0.023255813953488372
A10ne,1600,1.0,2.0,0.046511627906976744
A10ne,1800,1.0,1.0,0.023255813953488372
A10ne,2000,1.0,1.0,0.023255813953488372
A10ne,2200,1.0,2.0,0.046511627906976744
A10ne,2400,1.0,2.3333333333333335,0.054263565891472874
A10ne,2600,1.0,1.8,0.04186046511627907
AA-2007,800,1.0,1.1627906976744187,0.027041644131963225
AA-2007,1000,1.0,1.1,0.025581395348837212
AA-2007,1200,1.0,1.037037037037037,0.02411714039621016
AA-2007,1400,1.0,1.4285714285714286,0.03322259136212625
AA-2007,1600,1.0,1.0952380952380953,0.025470653377630124
AA-2007,1800,1.0,1.24,0.02883720930232558
AA-2007,2000,1.0,1.5,0.03488372093023256
AA-2007,2200,1.0,1.3,0.030232558139534883
AA-2007,2400,1.0,1.7916666666666667,0.04166666666666667
AA-2007,2600,1.0,2.45,0.056976744186046514
AA-2007,2800,1.0,2.5833333333333335,0.060077519379844964
AA-2007,3000,1.0,4.333333333333333,0.10077519379844961
AA-2007,3200,1.0,1.0,0.023255813953488372
AA-2007,3400,1.0,1.0,0.023255813953488372
AAhaoxuan,800,0.95,1.3,0.08023255813953492
AAhaoxuan,1000,1.0,1.7777777777777777,0.04134366925064599
AAhaoxuan,1200,0.9393939393939394,1.5454545454545454,0.09654686398872439
AAhaoxuan,1400,1.0,1.625,0.0377906976744186
AAhaoxuan,1600,0.8076923076923077,1.4615384615384615,0.22629695885509837
AAhaoxuan,1800,0.8333333333333334,2.611111111111111,0.22739018087855295
AAhaoxuan,2000,1.0,2.6923076923076925,0.06261180679785332
AAhaoxuan,2200,0.782608695652174,2.782608695652174,0.28210313447927193
AAhaoxuan,2400,0.8888888888888888,3.6666666666666665,0.1963824289405685
AAhaoxuan,2600,0.7777777777777778,3.2777777777777777,0.29844961240310075
AAhaoxuan,2800,0.6666666666666666,3.2222222222222223,0.40826873385012924
AAhaoxuan,3000,0.8571428571428571,8.142857142857142,0.3322259136212625
AAhaoxuan,3400,0.3333333333333333,3.0,0.7364341085271319
AIGAL30H7WM97CI,800,0.989247311827957,1.4516129032258065,0.04451112778194548
AIGAL30H7WM97CI,1000,0.9487179487179487,1.6923076923076923,0.09063804412641627
AIGAL30H7WM97CI,1200,1.0,1.6304347826086956,0.037917087967644085
AIGAL30H7WM97CI,1400,1.0,1.8108108108108107,0.04211187932118165
AIGAL30H7WM97CI,1600,0.9347826086956522,1.9565217391304348,0.11071789686552069
AIGAL30H7WM97CI,1800,0.9298245614035088,1.8771929824561404,0.11383108935128519
AIGAL30H7WM97CI,2000,0.9305555555555556,3.0277777777777777,0.13985788113695086
AIGAL30H7WM97CI,2200,0.9137931034482759,3.6551724137931036,0.17121090617481952
AIGAL30H7WM97CI,2400,0.8387096774193549,3.967741935483871,0.2535633908477119
AIGAL30H7WM97CI,2600,0.8888888888888888,2.3333333333333335,0.16537467700258404
AIGAL30H7WM97CI,2800,1.0,6.5,0.1511627906976744
AIGAL30H7WM97CI,3000,1.0,10.5,0.2441860465116279
AKSLEGION,800,1.0,1.4532019704433496,0.03379539466147325
AKSLEGION,1000,1.0,1.6,0.037209302325581395
AKSLEGION,1200,1.0,1.8854166666666667,0.0438468992248062
AKSLEGION,1400,1.0,2.169642857142857,0.05045681063122924
AKSLEGION,1600,1.0,2.5051546391752577,0.058259410213378084
AKSLEGION,1800,0.9156626506024096,2.8674698795180724,0.15102269543289443
AKSLEGION,2000,0.7333333333333333,2.4,0.3224806201550388
AKSLEGION,2200,0.6111111111111112,3.388888888888889,0.4677002583979328
AKSLEGION,2400,0.6190476190476191,2.8095238095238093,0.44629014396456257
AKSLEGION,2600,0.3333333333333333,2.3333333333333335,0.7209302325581396
AKSLEGION,3000,0.0,3.0,1.069767441860465
AKSLEGION,3200,0.0,2.0,1.0465116279069768
ALAov,800,0.9939024390243902,1.1890243902439024,0.03374929098128191
ALAov,1000,0.9594594594594594,1.364864864864865,0.07228158390949091
ALAov,1200,0.9746835443037974,1.5316455696202531,0.060936120105975884
ALAov,1400,0.8955223880597015,1.6865671641791045,0.1437001041305102
ALAov,1600,0.8421052631578947,1.6842105263157894,0.19706242350061204
ALAov,1800,0.9047619047619048,2.1666666666666665,0.14562569213732005
ALAov,2000,0.8548387096774194,2.2580645161290325,0.19767441860465115
ALAov,2200,0.8727272727272727,2.5090909090909093,0.18562367864693452
ALAov,2400,0.9090909090909091,2.9545454545454546,0.15961945031712477
ALAov,2600,0.75,3.9375,0.34156976744186046
ALAov,2800,0.875,3.9375,0.21656976744186046
ALAov,3000,1.0,4.0,0.09302325581395349
ALAov,3200,1.0,5.333333333333333,0.12403100775193798
ALPHAwule,800,1.0,1.4222222222222223,0.0330749354005168
ALPHAwule,1000,0.9047619047619048,2.4761904761904763,0.15282392026578073
ALPHAwule,1200,0.8333333333333334,1.8333333333333333,0.2093023255813953
ALPHAwule,1400,0.75,1.9166666666666667,0.29457364341085274
ALPHAwule,1600,0.6153846153846154,1.6923076923076923,0.4239713774597495
ALPHAwule,1800,0.47619047619047616,2.9047619047619047,0.5913621262458472
ALPHAwule,2000,0.7333333333333333,1.5333333333333334,0.3023255813953489
ALPHAwule,2200,0.4444444444444444,3.0,0.6253229974160207
ALPHAwule,2400,0.3,4.9,0.813953488372093
ALPHAwule,2600,0.5,2.0,0.5465116279069767
ALPHAwule,2800,0.25,2.5,0.8081395348837209
ALPHAwule,3000,1.0,6.0,0.13953488372093023
A_G,800,0.9983844911147012,1.184168012924071,0.029154299883533033
A_G,1000,1.0,1.2197802197802199,0.02836698185535395
A_G,1200,1.0,1.224264705882353,0.028471272229822164
A_G,1400,1.0,1.3547008547008548,0.03150467103955476
A_G,1600,1.0,1.6981132075471699,0.03949100482667837
A_G,1800,0.9960474308300395,1.6363636363636365,0.04200753745748688
A_G,2000,1.0,2.022727272727273,0.047040169133192394
A_G,2200,0.990990990990991,2.274774774774775,0.06191074795725961
A_G,2400,1.0,2.5608856088560885,0.05955547927572299
A_G,2600,1.0,2.8564356435643563,0.06642873589684549
A_G,2800,1.0,2.86875,0.06671511627906977
A_G,3000,0.9915966386554622,2.9411764705882355,0.07680281414891535
A_G,3200,1.0,2.8983050847457625,0.0674024438312968
A_G,3400,0.9903846153846154,2.9711538461538463,0.07871198568872985
Acheronlt,800,0.9090909090909091,1.0909090909090908,0.11627906976744189
Acheronlt,1000,0.8333333333333334,1.1666666666666667,0.19379844961240306
Acheronlt,1200,0.8,1.2,0.227906976744186
Acheronlt,1400,1.0,1.3333333333333333,0.031007751937984496
Acheronlt,1600,1.0,1.0,0.023255813953488372
Acheronlt,1800,0.0,1.3333333333333333,1.0310077519379846
Acheronlt,2000,1.0,1.3333333333333333,0.031007751937984496
Acheronlt,2200,0.8333333333333334,1.8333333333333333,0.2093023255813953
Acheronlt,2400,0.5714285714285714,1.5714285714285714,0.4651162790697675
Acheronlt,2600,1.0,2.0,0.046511627906976744
Acheronlt,2800,0.8888888888888888,1.3333333333333333,0.14211886304909566
Acheronlt,3000,0.9090909090909091,1.8181818181818181,0.13319238900634253
Acheronlt,3200,1.0,2.25,0.05232558139534884
Acheronlt,3400,0.75,3.75,0.3372093023255814
AdamAlt,800,1.0,1.625,0.0377906976744186
AdamAlt,1000,0.8333333333333334,1.0,0.189922480620155
AdamAlt,1200,0.8333333333333334,2.5,0.22480620155038755
AdamAlt,1400,1.0,1.0,0.023255813953488372
AdamAlt,1600,0.7777777777777778,5.111111111111111,0.34108527131782945
AdamAlt,1800,0.7142857142857143,1.1428571428571428,0.3122923588039867
AdamAlt,2000,0.75,3.875,0.34011627906976744
AdamAlt,2200,0.25,4.0,0.8430232558139534
AdamAlt,2400,0.2,2.4,0.8558139534883722
AdamAlt,2600,1.0,1.0,0.023255813953488372
AdamAlt,3000,0.3333333333333333,6.0,0.806201550387597
AdamAlt,3200,0.0,2.5,1.058139534883721
AdamAlt,3400,0.0,3.0,1.069767441860465
Adam_GS,800,0.9898305084745763,1.3627118644067797,0.04186046511627902
Adam_GS,1000,0.9567307692307693,1.2836538461538463,0.07312164579606437
Adam_GS,1200,0.9649122807017544,1.2573099415204678,0.06432748538011696
Adam_GS,1400,0.9625,1.53125,0.07311046511627906
Adam_GS,1600,0.9577464788732394,1.6338028169014085,0.080248935473305
Adam_GS,1800,0.8588957055214724,1.7361963190184049,0.18148095306035095
Adam_GS,2000,0.9197080291970803,1.7956204379562044,0.12205058563911053
Adam_GS,2200,0.9180327868852459,2.098360655737705,0.13076629813191
Adam_GS,2400,0.851063829787234,2.0319148936170213,0.1961900049480455
Adam_GS,2600,0.88,2.5733333333333333,0.17984496124031008
Adam_GS,2800,0.7843137254901961,2.588235294117647,0.2758777929776562
Adam_GS,3000,0.8,2.533333333333333,0.25891472868217047
Adam_GS,3200,0.6875,3.0,0.38226744186046513
Adam_GS,3400,0.2857142857142857,4.142857142857143,0.8106312292358804
Adrian_B,800,0.967741935483871,1.1935483870967742,0.06001500375093771
Adrian_B,1000,1.0,1.2307692307692308,0.028622540250447227
Adrian_B,1200,0.9411764705882353,1.9411764705882353,0.10396716826265391
Adrian_B,1400,1.0,1.4615384615384615,0.03398926654740608
Adrian_B,1600,1.0,1.3846153846153846,0.032200357781753126
Adrian_B,1800,0.9,2.7,0.1627906976744186
Adrian_B,2000,1.0,2.6666666666666665,0.06201550387596899
Adrian_B,2200,0.9,2.6,0.16046511627906973
Adrian_B,2400,0.7333333333333333,4.066666666666666,0.36124031007751944
Adrian_B,2600,1.0,9.0,0.20930232558139536
Adrian_B,2800,0.0,4.5,1.1046511627906976
Aegleseekers,800,1.0,1.0526315789473684,0.024479804161566705
Aegleseekers,1000,1.0,1.411764705882353,0.03283173734610123
Aegleseekers,1200,1.0,1.2222222222222223,0.028423772609819122
Aegleseekers,1400,1.0,1.7,0.03953488372093023
Aegleseekers,1600,1.0,1.0,0.023255813953488372
Aegleseekers,1800,0.85,1.45,0.18372093023255814
Aegleseekers,2000,0.6666666666666666,1.6666666666666667,0.372093023255814
Aegleseekers,2200,1.0,1.2,0.027906976744186046
Aegleseekers,2400,1.0,1.5,0.03488372093023256
Aegleseekers,2600,0.6666666666666666,3.3333333333333335,0.41085271317829464
Aegleseekers,2800,0.0,4.0,1.0930232558139534
Aestivate,800,0.9959595959595959,1.5191919191919192,0.03937044867277428
Aestivate,1000,0.9759615384615384,1.8701923076923077,0.06753130590339895
Aestivate,1200,0.9946524064171123,1.8983957219251337,0.049496331302076875
Aestivate,1400,0.978021978021978,2.357142857142857,0.07679529772553031
Aestivate,1600,0.9720930232558139,2.6651162790697676,0.08988642509464578
Aestivate,1800,0.9660194174757282,2.79126213592233,0.09889365545269811
Aestivate,2000,0.9580838323353293,2.5808383233532934,0.10193566355660771
Aestivate,2200,0.9383561643835616,2.7739726027397262,0.12615482637782738
Aestivate,2400,0.8448275862068966,2.939655172413793,0.22353648757016836
Aestivate,2600,0.75,3.25,0.32558139534883723
Aestivate,2800,0.8461538461538461,4.846153846153846,0.2665474060822898
Aestivate,3000,0.625,7.25,0.5436046511627907
Aestivate,3200,0.0,1.0,1.0232558139534884
Aink,800,1.0,1.3225806451612903,0.030757689422355586
Aink,1000,1.0,1.4642857142857142,0.0340531561461794
Aink,1200,1.0,1.8214285714285714,0.04235880398671096
Aink,1400,0.9166666666666666,1.7916666666666667,0.12500000000000006
Aink,1600,1.0,2.0833333333333335,0.04844961240310078
Aink,1800,0.9259259259259259,3.2962962962962963,0.15073212747631354
Aink,2000,0.6666666666666666,3.2666666666666666,0.4093023255813954
Aink,2200,0.8888888888888888,2.0,0.1576227390180879
Aink,2400,0.2857142857142857,3.0,0.7840531561461794
Aink,2600,0.0,2.0,1.0465116279069768
Aink,2800,0.0,5.0,1.1162790697674418
Aink,3000,1.0,8.0,0.18604651162790697
AkramElOmrani,800,0.987012987012987,1.483116883116883,0.04747810329205678
AkramElOmrani,1000,0.9883720930232558,2.2790697674418605,0.06462952947539213
AkramElOmrani,1200,0.9290780141843972,1.8085106382978724,0.11298037275276265
AkramElOmrani,1400,0.9705882352941176,2.1838235294117645,0.08019835841313269
AkramElOmrani,1600,0.9774011299435028,2.2768361581920904,0.07554854815398766
AkramElOmrani,1800,0.9459459459459459,2.7405405405405405,0.11778755499685732
AkramElOmrani,2000,0.9166666666666666,2.484848484848485,0.1411205073995772
AkramElOmrani,2200,0.8888888888888888,2.432098765432099,0.1676715475165088
AkramElOmrani,2400,0.7608695652173914,3.760869565217391,0.326592517694641
AkramElOmrani,2600,0.75,3.1875,0.3241279069767442
AkramElOmrani,2800,1.0,5.666666666666667,0.13178294573643412
AkramElOmrani,3000,0.3333333333333333,1.6666666666666667,0.7054263565891473
Akulyat,800,0.9932126696832579,1.418552036199095,0.039776912553930316
Akulyat,1000,1.0,1.715481171548117,0.03989491096623528
Akulyat,1200,0.9866220735785953,1.6923076923076923,0.05273391926576961
Akulyat,1400,0.9893238434163701,1.7224199288256228,0.05073243399817923
Akulyat,1600,0.9844236760124611,2.161993769470405,0.06585524885894371
Akulyat,1800,0.9741100323624595,2.4854368932038833,0.08369082561902613
Akulyat,2000,0.9543859649122807,2.6912280701754385,0.10820073439412488
Akulyat,2200,0.9363636363636364,3.55,0.14619450317124733
Akulyat,2400,0.8935185185185185,5.37037037037037,0.2313738156761413
Akulyat,2600,0.8376068376068376,6.547008547008547,0.31464917511429136
Akulyat,2800,0.6949152542372882,7.440677966101695,0.4781237682301931
Akulyat,3000,0.5,7.133333333333334,0.665891472868217
Akulyat,3200,0.6,6.0,0.5395348837209303
Akulyat,3400,0.75,9.75,0.4767441860465116
Aldk,800,0.9941972920696325,1.264990328820116,0.03522108767037022
Aldk,1000,0.9655172413793104,1.3891625615763548,0.06678886470386065
Aldk,1200,0.9925093632958801,1.6816479400749065,0.04659872833376886
Aldk,1400,0.9938650306748467,1.6625766871165644,0.044799543444143206
Aldk,1600,0.9820359281437125,1.7904191616766467,0.05960172677900017
Aldk,1800,0.9438202247191011,2.0730337078651684,0.10438986151032142
Aldk,2000,0.9530516431924883,2.516431924882629,0.1054700294792008
Aldk,2200,0.9206349206349206,2.9285714285714284,0.14747139165743822
Aldk,2400,0.8645833333333334,3.1770833333333335,0.20930232558139533
Aldk,2600,0.8484848484848485,3.8181818181818183,0.24031007751937983
Aldk,2800,0.5882352941176471,3.0,0.48153214774281805
Aldk,3000,0.5,14.625,0.8401162790697674
Aldk,3200,1.0,3.0,0.06976744186046512
Aldk,3400,1.0,1.0,0.023255813953488372
AlesL0,800,0.968503937007874,1.4881889763779528,0.06610510895440401
AlesL0,1000,0.8863636363636364,2.0454545454545454,0.16120507399577166
AlesL0,1200,0.9347826086956522,1.7826086956521738,0.1066734074823053
AlesL0,1400,0.94,1.88,0.10372093023255818
AlesL0,1600,0.8478260869565217,2.239130434782609,0.20424671385237614
AlesL0,1800,0.8421052631578947,2.5,0.21603427172582623
AlesL0,2000,0.7631578947368421,3.789473684210526,0.324969400244798
AlesL0,2200,0.68,3.68,0.4055813953488372
AlesL0,2400,0.6,5.7,0.5325581395348837
AlesL0,2600,0.8333333333333334,3.0,0.23643410852713176
AlesL0,2800,0.0,8.5,1.197674418604651
AlexSkv,800,0.8857142857142857,1.2857142857142858,0.14418604651162795
AlexSkv,1000,0.9375,1.4375,0.09593023255813954
AlexSkv,1200,0.9375,1.75,0.10319767441860465
AlexSkv,1400,0.8571428571428571,5.571428571428571,0.2724252491694352
AlexSkv,1600,0.7272727272727273,1.8181818181818181,0.31501057082452427
AlexSkv,1800,0.7272727272727273,2.8181818181818183,0.3382663847780127
AlexSkv,2000,0.4,3.4,0.6790697674418604
AlexSkv,2200,0.6,2.6,0.4604651162790698
AlexSkv,2400,0.0,1.0,1.0232558139534884
AlexSkv,2600,0.0,1.0,1.0232558139534884
AlexSkv,3400,0.0,2.0,1.0465116279069768
Alexanderter10,800,0.9625668449197861,1.53475935828877,0.07312523317995279
Alexanderter10,1000,0.953125,2.234375,0.09883720930232559
Alexanderter10,1200,0.922077922077922,2.675324675324675,0.14013893083660528
Alexanderter10,1400,0.8478260869565217,2.152173913043478,0.20222446916076847
Alexanderter10,1600,0.8913043478260869,2.6956521739130435,0.1713852376137513
Alexanderter10,1800,0.7575757575757576,3.0606060606060606,0.31360112755461594
Alexanderter10,2000,0.625,3.3333333333333335,0.45251937984496127
Alexanderter10,2200,0.7727272727272727,4.2272727272727275,0.32558139534883723
Alexanderter10,2400,0.75,2.3333333333333335,0.30426356589147285
Alexanderter10,2600,0.5,1.25,0.5290697674418605
Alexanderter10,2800,0.0,1.0,1.0232558139534884
Alexanderter10,3200,0.5,1.5,0.5348837209302325
Alexanderter10,3400,1.0,1.0,0.023255813953488372
Alwoosh,800,0.9661016949152542,1.5544794188861986,0.07004898924488993
Alwoosh,1000,0.9393939393939394,1.878787878787879,0.10429880197322053
Alwoosh,1200,0.89171974522293,1.7579617834394905,0.14916308695008146
Alwoosh,1400,0.8601398601398601,2.097902097902098,0.18864856074158404
Alwoosh,1600,0.8410596026490066,2.596026490066225,0.21931310642230098
Alwoosh,1800,0.8987341772151899,2.7341772151898733,0.16485133941713276
Alwoosh,2000,0.8705882352941177,2.2294117647058824,0.18125854993160054
Alwoosh,2200,0.8589743589743589,3.2564102564102564,0.21675611210494938
Alwoosh,2400,0.8448275862068966,5.775862068965517,0.2894947874899759
Alwoosh,2600,0.631578947368421,3.0526315789473686,0.43941248470012245
Alwoosh,2800,0.5,4.5,0.6046511627906976
Alwoosh,3000,1.0,6.666666666666667,0.15503875968992248
Alwoosh,3200,0.0,2.5,1.058139534883721
Alwoosh,3400,0.5,2.0,0.5465116279069767
AmShZ,800,0.9532163742690059,1.4035087719298245,0.07942336461308308
AmShZ,1000,0.9680851063829787,1.6808510638297873,0.07100445324096981
AmShZ,1200,0.9322033898305084,1.7372881355932204,0.10819865983445018
AmShZ,1400,0.8913043478260869,2.1884057971014492,0.15958881024603983
AmShZ,1600,0.8449612403100775,2.193798449612403,0.2060573282855598
AmShZ,1800,0.8848484848484849,2.503030303030303,0.17336152219873147
AmShZ,2000,0.9378531073446328,3.3728813559322033,0.14058599395611612
AmShZ,2200,0.9441340782122905,3.0558659217877095,0.12693257113160977
AmShZ,2400,0.930635838150289,3.3294797687861273,0.1467939239145046
AmShZ,2600,0.9105691056910569,3.3008130081300813,0.1661939875212706
AmShZ,2800,0.9066666666666666,3.28,0.16961240310077524
AmShZ,3000,0.9047619047619048,4.309523809523809,0.1954595791805094
AmShZ,3200,0.6875,4.5,0.4171511627906977
AmShZ,3400,1.0,5.0,0.11627906976744186
Amit-S-Sahu,800,0.9855072463768116,1.2028985507246377,0.04246713852376133
Amit-S-Sahu,1000,1.0,1.32,0.030697674418604652
Amit-S-Sahu,1200,1.0,1.7777777777777777,0.04134366925064599
Amit-S-Sahu,1400,1.0,1.0,0.023255813953488372
Amit-S-Sahu,1600,0.8571428571428571,1.5714285714285714,0.17940199335548176
Amit-S-Sahu,1800,0.8571428571428571,1.1428571428571428,0.1694352159468439
Amit-S-Sahu,2000,1.0,1.0,0.023255813953488372
Amit-S-Sahu,2200,0.0,1.0,1.0232558139534884
Amit-S-Sahu,2400,1.0,1.0,0.023255813953488372
Amit-S-Sahu,2600,1.0,1.0,0.023255813953488372
Amit-S-Sahu,2800,0.6666666666666666,3.0,0.4031007751937985
Amit-S-Sahu,3200,1.0,1.0,0.023255813953488372
Andimeo,800,1.0,1.1416666666666666,0.026550387596899223
Andimeo,1000,1.0,1.6302521008403361,0.03791283955442642
Andimeo,1200,0.9847328244274809,1.633587786259542,0.053257589206461946
Andimeo,1400,0.9836065573770492,1.7622950819672132,0.05737704918032789
Andimeo,1600,1.0,2.906474820143885,0.06759243767776477
Andimeo,1800,0.9426751592356688,3.464968152866242,0.13790549548215078
Andimeo,2000,0.9473684210526315,4.0,0.14565483476132196
Andimeo,2200,0.8805970149253731,3.611940298507463,0.2034015966678237
Andimeo,2400,0.8275862068965517,4.344827586206897,0.27345629510825986
Andimeo,2600,1.0,7.2,0.16744186046511628
Andimeo,2800,1.0,10.5,0.2441860465116279
Andreasyan,800,0.9924242424242424,1.1856060606060606,0.035147991543340376
Andreasyan,1000,0.9881889763779528,1.3503937007874016,0.04321552829152168
Andreasyan,1200,0.9840255591054313,1.3738019169329074,0.047923322683706054
Andreasyan,1400,0.996875,1.49375,0.0378633720930233
Andreasyan,1600,0.979381443298969,1.7706185567010309,0.06179573243826424
Andreasyan,1800,0.9880239520958084,2.223552894211577,0.06368658032771665
Andreasyan,2000,0.9891774891774892,2.08008658008658,0.059196617336152245
Andreasyan,2200,0.9982817869415808,2.4896907216494846,0.05961799728282586
Andreasyan,2400,0.989010989010989,2.9871794871794872,0.08045830138853391
Andreasyan,2600,0.9796610169491525,3.511864406779661,0.10201024832479308
Andreasyan,2800,0.9391891891891891,4.128378378378378,0.15681961030798244
Andreasyan,3000,0.8936170212765957,4.042553191489362,0.20039584364176155
Andreasyan,3200,0.4444444444444444,6.5,0.70671834625323
Andreasyan,3400,1.0,5.75,0.13372093023255813
Andrew-13,800,1.0,1.1705426356589148,0.027221921759509646
Andrew-13,1000,0.9830508474576272,1.3728813559322033,0.04887662593614501
Andrew-13,1200,0.9692307692307692,1.4461538461538461,0.06440071556350627
Andrew-13,1400,0.9846153846153847,1.9692307692307693,0.0611806797853309
Andrew-13,1600,0.9857142857142858,1.5285714285714285,0.049833887043189314
Andrew-13,1800,0.9534883720930233,2.3372093023255816,0.1008653326122228
Andrew-13,2000,0.9459459459459459,3.0,0.12382149591451917
Andrew-13,2200,0.9298245614035088,3.491228070175439,0.15136678906568746
Andrew-13,2400,0.8095238095238095,3.5396825396825395,0.2727943890734588
Andrew-13,2600,0.9333333333333333,2.6,0.1271317829457364
Andrew-13,2800,0.4444444444444444,2.5555555555555554,0.6149870801033592
Andrew-13,3000,0.75,7.25,0.41860465116279066
Andrew-13,3200,1.0,12.0,0.27906976744186046
Andwerp,800,1.0,1.237785016286645,0.02878569805317779
Andwerp,1000,0.9915966386554622,1.3949579831932772,0.040844244674614
Andwerp,1200,1.0,1.7588235294117647,0.04090287277701778
Andwerp,1400,0.9941520467836257,2.210526315789474,0.057255541955664416
Andwerp,1600,0.987220447284345,2.440894568690096,0.06954454268519213
Andwerp,1800,0.988950276243094,2.5359116022099446,0.07002441218039313
Andwerp,2000,0.9923076923076923,2.3615384615384616,0.06261180679785328
Andwerp,2200,0.9591836734693877,2.945578231292517,0.1093181458629964
Andwerp,2400,0.9624060150375939,3.0977443609022557,0.10963455149501666
Andwerp,2600,0.9714285714285714,2.9714285714285715,0.09767441860465118
Andwerp,2800,1.0,3.5,0.08139534883720931
Andwerp,3000,0.6666666666666666,5.0,0.4496124031007752
Anemone_,800,1.0,1.108256880733945,0.025773415831021978
Anemone_,1000,1.0,1.2742616033755274,0.029633990776175057
Anemone_,1200,0.9954545454545455,1.3136363636363637,0.03509513742071879
Anemone_,1400,0.994475138121547,1.5635359116022098,0.04188616214827186
Anemone_,1600,1.0,1.8115183246073299,0.04212833313040302
Anemone_,1800,0.98989898989899,1.7575757575757576,0.05097486492835326
Anemone_,2000,0.9935483870967742,2.1032258064516127,0.05536384096024007
Anemone_,2200,0.9790209790209791,2.3426573426573425,0.07545942429663355
Anemone_,2400,0.9714285714285714,3.0285714285714285,0.09900332225913622
Anemone_,2600,1.0,2.3783783783783785,0.05531112507856694
Anemone_,2800,1.0,3.2666666666666666,0.07596899224806201
Anemone_,3000,1.0,2.4444444444444446,0.056847545219638244
Anemone_,3200,1.0,7.333333333333333,0.17054263565891473
Anemone_,3400,1.0,11.0,0.2558139534883721
AngelOlan,800,0.9870689655172413,1.4224137931034482,0.046010425020048165
AngelOlan,1000,0.9514563106796117,1.5728155339805825,0.08512079476179722
AngelOlan,1200,0.9886363636363636,1.7613636363636365,0.052325581395348826
AngelOlan,1400,0.9733333333333334,2.1866666666666665,0.07751937984496118
AngelOlan,1600,0.9809523809523809,1.8857142857142857,0.06290143964562574
AngelOlan,1800,0.9828571428571429,1.7942857142857143,0.05887043189368769
AngelOlan,2000,0.9655172413793104,2.2155172413793105,0.08600641539695264
AngelOlan,2200,0.95,2.25,0.10232558139534889
AngelOlan,2400,0.896551724137931,2.3793103448275863,0.15878107457898955
AngelOlan,2600,0.8571428571428571,1.7142857142857142,0.18272425249169438
AngelOlan,2800,0.8,1.8,0.241860465116279
AngryKid,800,0.9512195121951219,1.6585365853658536,0.08735110606920027
AngryKid,1000,0.8,2.2,0.2511627906976744
AngryKid,1200,0.875,2.375,0.18023255813953487
AngryKid,1400,0.7777777777777778,2.111111111111111,0.2713178294573643
AngryKid,1600,0.8888888888888888,1.4444444444444444,0.14470284237726103
AngryKid,1800,0.7777777777777778,3.0,0.29198966408268734
AngryKid,2000,0.8,2.2,0.2511627906976744
AngryKid,2200,1.0,1.0,0.023255813953488372
Anhdung147,800,0.9883720930232558,1.372093023255814,0.04353704705246081
Anhdung147,1000,0.9767441860465116,1.6511627906976745,0.06165494862087619
Anhdung147,1200,1.0,1.6857142857142857,0.03920265780730897
Anhdung147,1400,0.967741935483871,2.161290322580645,0.08252063015753935
Anhdung147,1600,0.8947368421052632,2.4210526315789473,0.16156670746634028
Anhdung147,1800,0.813953488372093,2.813953488372093,0.251487290427258
Anhdung147,2000,0.9230769230769231,2.3846153846153846,0.13237924865831838
Anhdung147,2200,0.8461538461538461,2.230769230769231,0.20572450805008946
Anhdung147,2400,0.9259259259259259,2.888888888888889,0.1412575366063738
Anhdung147,2600,0.9285714285714286,3.0714285714285716,0.14285714285714285
Anhdung147,2800,1.0,3.2,0.07441860465116279
Anhdung147,3000,1.0,9.75,0.22674418604651161
Anhdung147,3200,1.0,1.0,0.023255813953488372
Anhdung147,3400,0.0,4.0,1.0930232558139534
Anoth3r,800,1.0,1.25,0.029069767441860465
Anoth3r,1000,1.0,1.7741935483870968,0.04126031507876969
Anoth3r,1200,1.0,1.8387096774193548,0.04276069017254314
Anoth3r,1400,1.0,3.272727272727273,0.07610993657505286
Anoth3r,1600,1.0,3.0416666666666665,0.07073643410852713
Anoth3r,1800,0.9285714285714286,3.107142857142857,0.14368770764119598
Anoth3r,2000,0.8125,1.6875,0.22674418604651164
Anoth3r,2200,0.8125,4.0,0.2805232558139535
Anoth3r,2400,0.625,3.875,0.46511627906976744
Anoth3r,2600,0.6363636363636364,2.5454545454545454,0.42283298097251587
Anoth3r,2800,0.0,2.0,1.0465116279069768
Anoth3r,3000,0.0,6.0,1.1395348837209303
Anoth3r,3200,0.0,1.0,1.0232558139534884
Anoth3r,3400,0.0,1.3333333333333333,1.0310077519379846
AntiBsayer,800,0.9966329966329966,1.3973063973063973,0.035862500978780035
AntiBsayer,1000,0.9942196531791907,1.76878612716763,0.046914907917730925
AntiBsayer,1200,0.990909090909091,1.9303030303030304,0.053981677237491144
AntiBsayer,1400,0.9833333333333333,2.013888888888889,0.06350129198966414
AntiBsayer,1600,0.9786666666666667,2.026666666666667,0.06846511627906976
AntiBsayer,1800,0.984251968503937,2.2467191601049867,0.0679973142892022
AntiBsayer,2000,0.9696048632218845,2.5623100303951367,0.08998374213614188
AntiBsayer,2200,0.9562289562289562,3.1818181818181817,0.11776681544123406
AntiBsayer,2400,0.9335548172757475,3.46843853820598,0.14710654407787993
AntiBsayer,2600,0.9068627450980392,3.5392156862745097,0.17544459644322846
AntiBsayer,2800,0.8879310344827587,4.758620689655173,0.22273456295108254
AntiBsayer,3000,0.8363636363636363,3.7636363636363637,0.25116279069767444
AntiBsayer,3200,0.7777777777777778,4.814814814814815,0.3341946597760551
AntiBsayer,3400,0.9,6.0,0.2395348837209302
Antiamuny,800,0.9615384615384616,1.3076923076923077,0.06887298747763862
Antiamuny,1000,1.0,1.625,0.0377906976744186
Antiamuny,1200,1.0,1.619047619047619,0.03765227021040975
Antiamuny,1400,0.8823529411764706,1.6470588235294117,0.15595075239398087
Antiamuny,1600,1.0,1.894736842105263,0.04406364749082007
Antiamuny,1800,0.9545454545454546,2.5454545454545454,0.10465116279069764
Antiamuny,2000,0.9047619047619048,2.619047619047619,0.15614617940199335
Antiamuny,2200,0.6,1.6,0.4372093023255814
Antiamuny,2400,0.5714285714285714,5.142857142857143,0.5481727574750831
Antiamuny,2600,0.3333333333333333,3.3333333333333335,0.744186046511628
Antiamuny,2800,0.5,2.5,0.5581395348837209
Aotsuki,800,0.9807692307692307,1.1730769230769231,0.046511627906976785
Aotsuki,1000,1.0,1.2857142857142858,0.029900332225913623
Aotsuki,1200,1.0,1.4102564102564104,0.03279666070363745
Aotsuki,1400,0.9666666666666667,1.2333333333333334,0.06201550387596899
Aotsuki,1600,0.9772727272727273,1.8181818181818181,0.0650105708245243
Aotsuki,1800,0.9583333333333334,1.8541666666666667,0.08478682170542631
Aotsuki,2000,0.96875,2.0,0.07776162790697674
Aotsuki,2200,0.8787878787878788,2.5757575757575757,0.18111346018322763
Aotsuki,2400,0.8974358974358975,3.128205128205128,0.17531305903398925
Aotsuki,2600,0.8823529411764706,3.0588235294117645,0.1887824897400821
Aotsuki,2800,0.6428571428571429,3.5714285714285716,0.4401993355481727
Aotsuki,3000,1.0,1.0,0.023255813953488372
Aotsuki,3200,0.6666666666666666,2.3333333333333335,0.3875968992248062
Aotsuki,3400,0.0,1.0,1.0232558139534884
AphelIO,800,1.0,1.1386138613861385,0.026479392125259037
AphelIO,1000,1.0,1.608695652173913,0.03741152679474216
AphelIO,1200,0.9772727272727273,1.4545454545454546,0.05655391120507398
AphelIO,1400,0.96875,2.28125,0.08430232558139535
AphelIO,1600,1.0,1.878787878787879,0.043692741367159976
AphelIO,1800,1.0,2.03,0.04720930232558139
AphelIO,2000,1.0,2.517857142857143,0.05855481727574751
AphelIO,2200,1.0,2.161764705882353,0.050273597811217506
AphelIO,2400,1.0,2.4285714285714284,0.05647840531561461
AphelIO,2600,1.0,2.6666666666666665,0.06201550387596899
AphelIO,3000,0.0,1.0,1.0232558139534884
ApraCadabra,800,0.9893842887473461,1.3375796178343948,0.041722213992988685
ApraCadabra,1000,0.9804878048780488,1.4097560975609755,0.052297220646625085
ApraCadabra,1200,0.9628099173553719,1.8264462809917354,0.07966557755141263
ApraCadabra,1400,0.9774774774774775,1.6846846846846846,0.06170123611984076
ApraCadabra,1600,0.9791666666666666,2.0277777777777777,0.06799095607235145
ApraCadabra,1800,0.9773462783171522,2.2977346278317152,0.07608941070219007
ApraCadabra,2000,0.977491961414791,2.4083601286173635,0.07851641366933373
ApraCadabra,2200,0.9726027397260274,2.48972602739726,0.08529786556228097
ApraCadabra,2400,0.9917355371900827,2.909090909090909,0.07591773976551987
ApraCadabra,2600,0.9882352941176471,3.3058823529411763,0.08864569083447328
ApraCadabra,2800,0.8846153846153846,2.4615384615384617,0.17262969588550986
ApraCadabra,3000,1.0,5.125,0.11918604651162791
ApraCadabra,3200,0.25,11.0,1.005813953488372
ApraCadabra,3400,0.5,1.5,0.5348837209302325
Arnav_Singhal1,800,0.9970845481049563,1.3644314868804666,0.03464641670621736
Arnav_Singhal1,1000,1.0,1.5547445255474452,0.03615684943133594
Arnav_Singhal1,1200,1.0,1.8277777777777777,0.04250645994832041
Arnav_Singhal1,1400,0.98,1.98,0.06604651162790699
Arnav_Singhal1,1600,0.9725274725274725,2.0,0.07398415537950423
Arnav_Singhal1,1800,0.9517543859649122,2.4342105263157894,0.10485516115871077
Arnav_Singhal1,2000,0.9393939393939394,2.6796536796536796,0.12292358803986705
Arnav_Singhal1,2200,0.9045643153526971,2.4813278008298756,0.15314098234102094
Arnav_Singhal1,2400,0.9096385542168675,2.891566265060241,0.15760717287755677
Arnav_Singhal1,2600,0.8181818181818182,2.727272727272727,0.24524312896405914
Arnav_Singhal1,2800,0.85,2.25,0.20232558139534887
Arnav_Singhal1,3000,0.8,3.6,0.28372093023255807
Arnav_Singhal1,3200,1.0,1.0,0.023255813953488372
ArsenGotov,800,0.9873949579831933,1.2436974789915967,0.04152823920265776
ArsenGotov,1000,0.916030534351145,1.6412213740458015,0.12213740458015271
ArsenGotov,1200,0.9097744360902256,1.8345864661654134,0.13289036544850497
ArsenGotov,1400,0.8839285714285714,2.017857142857143,0.1629983388704319
ArsenGotov,1600,0.8053097345132744,2.584070796460177,0.254784935171846
ArsenGotov,1800,0.9259259259259259,2.5833333333333335,0.13415159345391903
ArsenGotov,2000,0.8823529411764706,2.7899159663865545,0.18252882548368188
ArsenGotov,2200,0.9135802469135802,3.45679012345679,0.166810221073787
ArsenGotov,2400,0.8142857142857143,4.242857142857143,0.2843853820598007
ArsenGotov,2600,0.7692307692307693,3.423076923076923,0.3103756708407871
ArsenGotov,2800,0.7272727272727273,3.3636363636363638,0.35095137420718814
ArsenGotov,3000,0.8333333333333334,5.083333333333333,0.2848837209302325
ArsenGotov,3200,0.6,5.6,0.5302325581395348
ArsenGotov,3400,0.4,2.2,0.6511627906976744
Art.ogo,800,1.0,1.5296803652968036,0.035573961983646596
Art.ogo,1000,1.0,1.9770114942528736,0.04597701149425287
Art.ogo,1200,1.0,1.948051948051948,0.0453035336756267
Art.ogo,1400,1.0,2.2837837837837838,0.05311125078566939
Art.ogo,1600,0.9896907216494846,2.1237113402061856,0.05969791416926393
Art.ogo,1800,0.9743589743589743,2.641025641025641,0.08706022659511034
Art.ogo,2000,0.9857142857142858,3.7285714285714286,0.10099667774086374
Art.ogo,2200,0.9591836734693877,3.693877551020408,0.12672045562411016
Art.ogo,2400,0.8888888888888888,4.074074074074074,0.20585701981050825
Art.ogo,2600,0.9166666666666666,4.416666666666667,0.18604651162790703
Art.ogo,2800,0.5,2.8333333333333335,0.5658914728682171
Art.ogo,3000,1.0,13.0,0.3023255813953488
Arterm,800,1.0,1.1636363636363636,0.027061310782241013
Arterm,1000,0.9642857142857143,1.1964285714285714,0.06353820598006643
Arterm,1200,0.9620253164556962,1.1265822784810127,0.06417427141595523
Arterm,1400,0.9292929292929293,1.3434343434343434,0.10194972985670661
Arterm,1600,0.9748427672955975,1.6855345911949686,0.06435571156940179
Arterm,1800,0.9290322580645162,1.7225806451612904,0.11102775693923478
Arterm,2000,0.9212598425196851,2.0078740157480315,0.12543490203259472
Arterm,2200,0.8842105263157894,1.9789473684210526,0.16181150550795598
Arterm,2400,0.8571428571428571,2.4081632653061225,0.19886093972472715
Arterm,2600,0.75,2.8625,0.3165697674418605
Arterm,2800,0.5517241379310345,3.103448275862069,0.520449077786688
Arterm,3000,0.5,3.3,0.5767441860465117
Arterm,3200,0.42857142857142855,3.857142857142857,0.6611295681063123
Arterm,3400,0.5,4.0,0.5930232558139534
Arxyj,800,1.0,1.170731707317073,0.027226318774815652
Arxyj,1000,1.0,1.2777777777777777,0.029715762273901807
Arxyj,1200,1.0,1.5,0.03488372093023256
Arxyj,1400,0.9375,1.8125,0.10465116279069767
Arxyj,1600,1.0,1.5,0.03488372093023256
Arxyj,1800,0.8461538461538461,1.5384615384615385,0.1896243291592129
Arxyj,2000,0.75,4.25,0.3488372093023256
Arxyj,2200,0.875,2.25,0.17732558139534885
Arxyj,2400,0.5,2.75,0.563953488372093
Arxyj,2600,1.0,2.0,0.046511627906976744
AshenWitch,800,1.0,1.4390243902439024,0.03346568349404424
AshenWitch,1000,1.0,2.0,0.046511627906976744
AshenWitch,1200,1.0,2.0625,0.04796511627906977
AshenWitch,1400,1.0,1.3,0.030232558139534883
AshenWitch,1600,0.75,3.0,0.31976744186046513
AshenWitch,1800,1.0,2.3529411764705883,0.05471956224350205
AshenWitch,2000,0.9,2.5,0.1581395348837209
AshenWitch,2200,0.9230769230769231,2.4615384615384617,0.1341681574239713
AshenWitch,2400,1.0,1.4285714285714286,0.03322259136212625
AshenWitch,2600,1.0,2.0,0.046511627906976744
AshenWitch,2800,0.5,3.0,0.5697674418604651
AshenWitch,3000,1.0,2.0,0.046511627906976744
AshenWitch,3200,1.0,1.0,0.023255813953488372
AshenWitch,3400,1.0,1.5,0.03488372093023256
Auchenai01,800,0.9948979591836735,1.3010204081632653,0.03535832937826289
Auchenai01,1000,0.9893617021276596,1.4361702127659575,0.0440376051459673
Auchenai01,1200,0.9833333333333333,1.8583333333333334,0.059883720930232615
Auchenai01,1400,0.9912280701754386,1.7894736842105263,0.05038759689922483
Auchenai01,1600,1.0,2.056,0.04781395348837209
Auchenai01,1800,0.9918032786885246,2.3278688524590163,0.062333206252382777
Auchenai01,2000,0.96875,2.546875,0.09047965116279069
Auchenai01,2200,0.9682539682539683,2.9365079365079363,0.10003691399040236
Auchenai01,2400,0.944,2.544,0.11516279069767446
Auchenai01,2600,0.96,3.9466666666666668,0.13178294573643415
Auchenai01,2800,0.8666666666666667,4.166666666666667,0.23023255813953486
Auchenai01,3000,0.6,2.8,0.4651162790697675
Auchenai01,3200,1.0,5.0,0.11627906976744186
Auchenai01,3400,1.0,6.0,0.13953488372093023
Autocrat2005,800,1.0,1.2954545454545454,0.030126849894291752
Autocrat2005,1000,1.0,1.6153846153846154,0.03756708407871199
Autocrat2005,1200,1.0,1.7083333333333333,0.03972868217054264
Autocrat2005,1400,1.0,2.033333333333333,0.047286821705426356
Autocrat2005,1600,1.0,1.9230769230769231,0.044722719141323794
Autocrat2005,1800,1.0,2.9166666666666665,0.06782945736434108
Autocrat2005,2000,0.9090909090909091,3.6363636363636362,0.17547568710359412
Autocrat2005,2200,0.6923076923076923,3.6923076923076925,0.3935599284436494
Autocrat2005,2400,1.0,2.75,0.06395348837209303
Autocrat2005,2600,0.375,3.25,0.7005813953488372
Autocrat2005,2800,0.6,2.8,0.4651162790697675
Autocrat2005,3000,0.0,3.0,1.069767441860465
Autocrat2005,3200,0.0,4.0,1.0930232558139534
Autocrat2005,3400,0.5,4.0,0.5930232558139534
Ayush79,800,0.9130434782608695,1.0434782608695652,0.1112234580384227
Ayush79,1000,1.0,1.0,0.023255813953488372
Ayush79,1200,0.8181818181818182,1.0,0.20507399577167013
Ayush79,1400,0.8333333333333334,1.0,0.189922480620155
Ayush79,1600,1.0,2.3333333333333335,0.054263565891472874
Ayush79,1800,0.9333333333333333,1.2666666666666666,0.09612403100775192
Ayush79,2000,0.6666666666666666,1.1666666666666667,0.3604651162790698
Ayush79,2200,0.5,1.0,0.5232558139534884
Ayush79,2400,0.5,2.5,0.5581395348837209
Ayush79,2600,1.0,1.6666666666666667,0.03875968992248062
BakaC1rn0,800,1.0,1.0,0.023255813953488372
BakaC1rn0,1000,1.0,1.0,0.023255813953488372
BakaC1rn0,1200,1.0,2.0,0.046511627906976744
BakaC1rn0,1400,1.0,1.6666666666666667,0.03875968992248062
BakaC1rn0,1600,1.0,1.5,0.03488372093023256
BakaC1rn0,1800,1.0,1.3333333333333333,0.031007751937984496
BakaC1rn0,2000,1.0,3.0,0.06976744186046512
BakaC1rn0,2200,1.0,1.6666666666666667,0.03875968992248062
Baraa-Ahmed,800,0.9579646017699115,1.670353982300885,0.0808808396789463
Baraa-Ahmed,1000,0.9590163934426229,2.278688524590164,0.09397636294319486
Baraa-Ahmed,1200,0.9227053140096618,2.260869565217391,0.12987304797213797
Baraa-Ahmed,1400,0.9178082191780822,2.363013698630137,0.13714558776680472
Baraa-Ahmed,1600,0.9180327868852459,2.4631147540983607,0.13924895158215783
Baraa-Ahmed,1800,0.8805970149253731,2.5671641791044775,0.17910447761194032
Baraa-Ahmed,2000,0.8881118881118881,3.769230769230769,0.19954464140510653
Baraa-Ahmed,2200,0.7972972972972973,3.2837837837837838,0.2790697674418605
Baraa-Ahmed,2400,0.7272727272727273,4.696969696969697,0.38195912614517263
Baraa-Ahmed,2600,0.6470588235294118,4.0,0.4459644322845417
Baraa-Ahmed,2800,0.6666666666666666,11.666666666666666,0.6046511627906976
Baraa-Ahmed,3000,1.0,11.0,0.2558139534883721
Baraa-Ahmed,3200,0.5,2.5,0.5581395348837209
Baraa-Ahmed,3400,0.0,1.0,1.0232558139534884
BasicTH,800,0.9859154929577465,1.3028169014084507,0.04438257451686864
BasicTH,1000,0.9615384615384616,1.4807692307692308,0.07289803220035776
BasicTH,1200,0.9743589743589743,1.6666666666666667,0.06440071556350628
BasicTH,1400,0.9655172413793104,1.4827586206896552,0.06896551724137927
BasicTH,1600,0.8285714285714286,2.742857142857143,0.23521594684385377
BasicTH,1800,0.7272727272727273,2.409090909090909,0.3287526427061311
BasicTH,2000,0.75,3.625,0.33430232558139533
BasicTH,2200,0.5714285714285714,2.857142857142857,0.4950166112956811
BasicTH,2400,0.0,3.5,1.0813953488372092
BasicTH,2800,0.0,1.5,1.0348837209302326
Baskot,800,0.9893617021276596,1.3351063829787233,0.041687283523008364
Baskot,1000,0.9655172413793104,1.8160919540229885,0.07671745522587539
Baskot,1200,0.9560439560439561,1.7362637362637363,0.08433427038078196
Baskot,1400,0.9340659340659341,2.3736263736263736,0.12113467927421415
Baskot,1600,0.9213483146067416,2.4157303370786516,0.13483146067415727
Baskot,1800,0.8947368421052632,2.710526315789474,0.16829865361077112
Baskot,2000,0.8958333333333334,3.0729166666666665,0.1756298449612403
Baskot,2200,0.9263157894736842,3.4210526315789473,0.1532435740514076
Baskot,2400,0.8571428571428571,4.025974025974026,0.2364844457867714
Baskot,2600,0.8571428571428571,4.809523809523809,0.25470653377630126
Baskot,2800,0.8823529411764706,5.411764705882353,0.24350205198358416
Baskot,3000,0.0,4.0,1.0930232558139534
BennyLaw,800,0.972972972972973,1.5675675675675675,0.06348208673790064
BennyLaw,1000,0.9859154929577465,1.676056338028169,0.05306256141500162
BennyLaw,1200,1.0,1.6571428571428573,0.03853820598006645
BennyLaw,1400,0.7272727272727273,3.0,0.34249471458773784
BennyLaw,1600,0.9090909090909091,2.1818181818181817,0.14164904862579283
BennyLaw,1800,0.46153846153846156,2.4615384615384617,0.5957066189624329
BennyLaw,2000,0.6,3.0,0.46976744186046515
BennyLaw,2200,0.8333333333333334,1.0,0.189922480620155
BennyLaw,2400,0.2,5.2,0.9209302325581395
BennyLaw,2600,0.5,3.0,0.5697674418604651
BennyLaw,2800,0.0,2.3333333333333335,1.054263565891473
BennyLaw,3000,1.0,2.0,0.046511627906976744
BestCrazyNoob,800,0.9583333333333334,1.125,0.06782945736434105
BestCrazyNoob,1000,1.0,1.25,0.029069767441860465
BestCrazyNoob,1200,0.9166666666666666,1.25,0.11240310077519383
BestCrazyNoob,1400,0.9166666666666666,1.8333333333333333,0.12596899224806204
BestCrazyNoob,1600,0.9411764705882353,1.6470588235294117,0.09712722298221615
BestCrazyNoob,1800,0.9166666666666666,3.75,0.17054263565891475
BestCrazyNoob,2000,0.9285714285714286,2.857142857142857,0.13787375415282388
BestCrazyNoob,2200,0.7142857142857143,1.9285714285714286,0.33056478405315615
BestCrazyNoob,2400,1.0,1.0,0.023255813953488372
BestCrazyNoob,2600,1.0,6.2,0.14418604651162792
BestCrazyNoob,2800,1.0,8.0,0.18604651162790697
Betwixt,800,0.9090909090909091,1.3636363636363635,0.12262156448202963
Betwixt,1000,0.5,1.5,0.5348837209302325
Betwixt,1200,0.875,1.0,0.14825581395348836
Betwixt,1400,0.5,1.0,0.5232558139534884
Betwixt,1600,0.8333333333333334,1.6666666666666667,0.20542635658914726
Betwixt,1800,0.7142857142857143,1.5714285714285714,0.3222591362126246
Betwixt,2000,0.5714285714285714,1.2857142857142858,0.4584717607973422
Betwixt,2200,0.6666666666666666,2.1666666666666665,0.38372093023255816
Betwixt,2400,0.16666666666666666,1.8333333333333333,0.875968992248062
Betwixt,2600,0.25,2.25,0.8023255813953488
Betwixt,2800,1.0,9.0,0.20930232558139536
Betwixt,3200,0.0,3.0,1.069767441860465
Betwixt,3400,0.5,16.5,0.8837209302325582
BiggestOtaku,800,0.9927536231884058,1.1521739130434783,0.03404111897539605
BiggestOtaku,1000,1.0,1.3580246913580247,0.03158196956646569
BiggestOtaku,1200,1.0,1.4230769230769231,0.03309481216457961
BiggestOtaku,1400,0.9901960784313726,1.607843137254902,0.047195622435020484
BiggestOtaku,1600,0.9747899159663865,1.5798319327731092,0.061950361539964846
BiggestOtaku,1800,0.98125,1.825,0.06119186046511632
BiggestOtaku,2000,0.9647887323943662,2.056338028169014,0.08303308221421549
BiggestOtaku,2200,0.972027972027972,2.174825174825175,0.07854935761912513
BiggestOtaku,2400,0.9459459459459459,2.5585585585585586,0.11355541588099728
BiggestOtaku,2600,0.896551724137931,2.5172413793103448,0.16198877305533277
BiggestOtaku,2800,0.7857142857142857,4.357142857142857,0.31561461794019935
BiggestOtaku,3000,0.25,3.5,0.8313953488372093
Billlly,800,0.9873417721518988,1.2658227848101267,0.042095967029732076
Billlly,1000,0.8787878787878788,1.9393939393939394,0.16631430584918958
Billlly,1200,0.9523809523809523,1.7142857142857142,0.08748615725359916
Billlly,1400,0.9487179487179487,1.6153846153846154,0.0888491353607633
Billlly,1600,0.925,1.75,0.11569767441860461
Billlly,1800,0.8648648648648649,2.108108108108108,0.18416090509113758
Billlly,2000,0.8181818181818182,2.121212121212121,0.23114869626497528
Billlly,2200,0.84375,3.6875,0.24200581395348836
Billlly,2400,0.6666666666666666,2.4444444444444446,0.3901808785529716
Billlly,2600,0.75,1.875,0.2936046511627907
Billlly,2800,0.6666666666666666,1.0,0.35658914728682173
Billlly,3000,1.0,8.0,0.18604651162790697
Billlly,3400,1.0,1.0,0.023255813953488372
Binary-grid-colouring,800,1.0,1.3246753246753247,0.030806402899426155
Binary-grid-colouring,1000,1.0,1.6774193548387097,0.03900975243810953
Binary-grid-colouring,1200,1.0,2.0892857142857144,0.04858803986710964
Binary-grid-colouring,1400,0.9705882352941176,1.8823529411764706,0.073187414500684
Binary-grid-colouring,1600,1.0,2.253731343283582,0.05241235682054842
Binary-grid-colouring,1800,1.0,2.1587301587301586,0.05020302694721299
Binary-grid-colouring,2000,1.0,2.4339622641509435,0.05660377358490566
Binary-grid-colouring,2200,1.0,3.027027027027027,0.07039597737272156
Binary-grid-colouring,2400,0.9259259259259259,2.6666666666666665,0.13608957795004306
Binary-grid-colouring,2600,1.0,5.461538461538462,0.12701252236135957
Binary-grid-colouring,2800,1.0,1.0,0.023255813953488372
Binary-grid-colouring,3200,0.0,1.0,1.0232558139534884
BlackAnt,800,1.0,1.2695035460992907,0.029523338281378854
BlackAnt,1000,0.9852941176470589,1.1911764705882353,0.042407660738714034
BlackAnt,1200,0.9878048780487805,1.3658536585365855,0.04395916052183779
BlackAnt,1400,0.9125,1.4125,0.12034883720930234
BlackAnt,1600,0.9523809523809523,1.6428571428571428,0.08582502768549286
BlackAnt,1800,0.9508196721311475,1.721311475409836,0.08921082729698823
BlackAnt,2000,0.8620689655172413,2.206896551724138,0.18925421010425025
BlackAnt,2200,0.8292682926829268,2.7804878048780486,0.23539421440726038
BlackAnt,2400,0.6666666666666666,2.9,0.4007751937984496
BlackAnt,2600,0.75,3.875,0.34011627906976744
BlackAnt,2800,1.0,3.0,0.06976744186046512
BlackAnt,3000,1.0,2.0,0.046511627906976744
BlackAnt,3200,1.0,10.0,0.23255813953488372
BluoCaroot,800,0.9914712153518124,1.5287846481876333,0.0440819160013884
BluoCaroot,1000,0.9747474747474747,2.1161616161616164,0.07446558609349313
BluoCaroot,1200,0.9747474747474747,2.090909090909091,0.07387831806436462
BluoCaroot,1400,0.989010989010989,2.10989010989011,0.060056222846920485
BluoCaroot,1600,0.9791666666666666,2.5989583333333335,0.08127422480620158
BluoCaroot,1800,0.978021978021978,3.065934065934066,0.09327881420904681
BluoCaroot,2000,0.963963963963964,2.828828828828829,0.10182275298554365
BluoCaroot,2200,0.9104477611940298,2.955223880597015,0.15827837556404029
BluoCaroot,2400,0.9583333333333334,3.4791666666666665,0.12257751937984492
BluoCaroot,2600,0.9545454545454546,2.590909090909091,0.10570824524312891
BluoCaroot,2800,0.5714285714285714,3.5714285714285716,0.5116279069767442
BluoCaroot,3000,1.0,1.0,0.023255813953488372
BluoCaroot,3400,0.0,1.0,1.0232558139534884
Boa_Hancock,800,1.0,1.2692307692307692,0.029516994633273702
Boa_Hancock,1000,1.0,1.48,0.03441860465116279
Boa_Hancock,1200,0.96,1.56,0.07627906976744189
Boa_Hancock,1400,0.9565217391304348,1.9130434782608696,0.08796764408493425
Boa_Hancock,1600,0.95,2.7,0.11279069767441866
Boa_Hancock,1800,0.8695652173913043,2.347826086956522,0.18503538928210317
Boa_Hancock,2000,0.9375,2.6875,0.125
Boa_Hancock,2200,0.8888888888888888,3.6666666666666665,0.1963824289405685
Boa_Hancock,2400,0.5555555555555556,2.888888888888889,0.5116279069767442
Boa_Hancock,2800,0.0,1.5,1.0348837209302326
Boboge,800,0.9973856209150327,1.2117647058823529,0.030794953640370867
Boboge,1000,0.9969230769230769,1.32,0.03377459749552774
Boboge,1200,1.0,1.3556231003039514,0.0315261186117198
Boboge,1400,1.0,1.5889967637540454,0.0369534131105592
Boboge,1600,1.0,1.9755351681957187,0.04594267833013299
Boboge,1800,0.9833333333333333,2.0,0.06317829457364346
Boboge,2000,0.9925925925925926,2.5185185185185186,0.06597760551248924
Boboge,2200,0.9770114942528736,2.789272030651341,0.0878552971576227
Boboge,2400,0.9928571428571429,2.789285714285714,0.0720099667774086
Boboge,2600,0.9735099337748344,3.4304635761589406,0.1062682889265363
Boboge,2800,0.9883720930232558,2.802325581395349,0.07679826933477557
Boboge,3000,0.9117647058823529,2.8529411764705883,0.15458276333789334
Boboge,3200,1.0,5.285714285714286,0.12292358803986711
Boboge,3400,0.5714285714285714,5.428571428571429,0.5548172757475083
BullyPrime,800,1.0,1.0,0.023255813953488372
BullyPrime,1000,1.0,1.6666666666666667,0.03875968992248062
BullyPrime,1200,1.0,2.0,0.046511627906976744
BullyPrime,1400,1.0,2.0,0.046511627906976744
BullyPrime,1600,1.0,1.0,0.023255813953488372
BullyPrime,1800,1.0,1.6666666666666667,0.03875968992248062
BullyPrime,2000,1.0,1.6666666666666667,0.03875968992248062
BullyPrime,2200,1.0,4.333333333333333,0.10077519379844961
BullyPrime,2400,1.0,1.0,0.023255813953488372
BullyPrime,2600,0.9285714285714286,3.5714285714285716,0.154485049833887
BullyPrime,2800,1.0,2.0,0.046511627906976744
BullyPrime,3200,0.0,1.0,1.0232558139534884
CCCCOrz,800,1.0,1.3108108108108107,0.03048397234443746
CCCCOrz,1000,1.0,1.542857142857143,0.035880398671096346
CCCCOrz,1200,1.0,1.441860465116279,0.0335316387236344
CCCCOrz,1400,1.0,1.7741935483870968,0.04126031507876969
CCCCOrz,1600,0.926829268292683,1.6341463414634145,0.11117413499716389
CCCCOrz,1800,0.9782608695652174,2.847826086956522,0.08796764408493427
CCCCOrz,2000,0.967741935483871,2.3870967741935485,0.08777194298574642
CCCCOrz,2200,0.9210526315789473,2.289473684210526,0.13219094247246024
CCCCOrz,2400,0.7727272727272727,3.3636363636363638,0.3054968287526427
CCCCOrz,2600,0.9444444444444444,4.611111111111111,0.16279069767441862
CCCCOrz,2800,0.9166666666666666,3.1666666666666665,0.15697674418604654
CCCCOrz,3000,1.0,14.714285714285714,0.3421926910299003
CCCCOrz,3200,1.0,1.0,0.023255813953488372
CCCCOrz,3400,1.0,1.0,0.023255813953488372
Caelith,800,1.0,1.121212121212121,0.026074700493305143
Caelith,1000,1.0,1.2692307692307692,0.029516994633273702
Caelith,1200,1.0,1.3859649122807018,0.032231742146062836
Caelith,1400,1.0,1.3888888888888888,0.03229974160206718
Caelith,1600,1.0,1.606060606060606,0.03735024665257223
Caelith,1800,1.0,2.148936170212766,0.04997525977238991
Caelith,2000,0.96875,1.921875,0.07594476744186046
Caelith,2200,1.0,3.0,0.06976744186046512
Caelith,2400,0.9285714285714286,1.9285714285714286,0.11627906976744183
Calculatelove,800,0.9827586206896551,1.1982758620689655,0.04510825982357662
Calculatelove,1000,1.0,1.5,0.03488372093023256
Calculatelove,1200,1.0,1.390625,0.03234011627906977
Calculatelove,1400,0.9852941176470589,1.6911764705882353,0.05403556771545823
Calculatelove,1600,0.974025974025974,1.7402597402597402,0.0664451827242525
Calculatelove,1800,0.9583333333333334,1.75,0.08236434108527128
Calculatelove,2000,0.9868421052631579,1.7894736842105263,0.05477356181150555
Calculatelove,2200,1.0,2.225806451612903,0.05176294073518379
Calculatelove,2400,0.9888888888888889,2.066666666666667,0.05917312661498705
Calculatelove,2600,1.0,2.4823529411764707,0.057729138166894664
Calculatelove,2800,0.9655172413793104,2.9310344827586206,0.10264635124298312
Calculatelove,3000,0.9411764705882353,3.176470588235294,0.1326949384404925
Calculatelove,3200,0.9166666666666666,2.0,0.12984496124031011
Calculatelove,3400,1.0,3.5,0.08139534883720931
CareCare,800,0.9928057553956835,1.1510791366906474,0.03396352685293621
CareCare,1000,1.0,1.3,0.030232558139534883
CareCare,1200,1.0,1.3384615384615384,0.031127012522361358
CareCare,1400,0.9824561403508771,1.280701754385965,0.04732762137902902
CareCare,1600,1.0,1.7222222222222223,0.04005167958656331
CareCare,1800,0.9846153846153847,2.0307692307692307,0.06261180679785325
CareCare,2000,1.0,2.5813953488372094,0.06003244997295836
CareCare,2200,1.0,3.0,0.06976744186046512
CareCare,2400,0.8461538461538461,1.7692307692307692,0.19499105545617174
CareCare,2600,0.9,1.5,0.13488372093023254
CareCare,2800,0.8888888888888888,1.7777777777777777,0.15245478036175714
CareCare,3000,1.0,4.0,0.09302325581395349
CareCare,3200,1.0,1.0,0.023255813953488372
ChatGPT4.0,800,0.8823529411764706,1.4705882352941178,0.1518467852257182
ChatGPT4.0,1000,0.8333333333333334,1.6666666666666667,0.20542635658914726
ChatGPT4.0,1200,1.0,1.0,0.023255813953488372
ChatGPT4.0,1400,0.8333333333333334,2.6666666666666665,0.22868217054263562
ChatGPT4.0,1600,1.0,1.4,0.03255813953488372
ChatGPT4.0,1800,0.8571428571428571,1.2857142857142858,0.17275747508305653
ChatGPT4.0,2000,1.0,1.0,0.023255813953488372
ChatGPT4.0,2200,0.8,1.8,0.241860465116279
ChatGPT4.0,2400,1.0,1.0,0.023255813953488372
ChatGPT4.0,2600,0.75,1.75,0.29069767441860467
ChatGPT4.0,2800,1.0,1.0,0.023255813953488372
ChatGPT4.0,3200,1.0,1.0,0.023255813953488372
CirnoNine,800,0.995575221238938,1.2566371681415929,0.033648898950401324
CirnoNine,1000,1.0,1.4144144144144144,0.032893358474753824
CirnoNine,1200,1.0,1.3703703703703705,0.03186907838070629
CirnoNine,1400,1.0,1.6444444444444444,0.03824289405684755
CirnoNine,1600,1.0,1.835164835164835,0.04267825198057756
CirnoNine,1800,0.9830508474576272,1.9830508474576272,0.06306661411115486
CirnoNine,2000,1.0,1.8181818181818181,0.042283298097251586
CirnoNine,2200,0.963855421686747,1.9879518072289157,0.08237601569066966
CirnoNine,2400,0.9803921568627451,2.2745098039215685,0.07250341997264026
CirnoNine,2600,0.8333333333333334,4.75,0.27713178294573637
CirnoNine,2800,1.0,2.1666666666666665,0.050387596899224806
CirnoNine,3200,1.0,1.5,0.03488372093023256
CodigoL,800,0.9967105263157895,1.3651315789473684,0.03503671970624233
CodigoL,1000,0.993421052631579,1.394736842105263,0.0390146878824969
CodigoL,1200,0.9779005524861878,1.701657458563536,0.06167287678273165
CodigoL,1400,0.9780701754385965,1.7894736842105263,0.06354549163606688
CodigoL,1600,0.96,2.188,0.0908837209302326
CodigoL,1800,0.9391634980988594,2.8517110266159698,0.12715536298523297
CodigoL,2000,0.8994708994708994,2.962962962962963,0.1694352159468439
CodigoL,2200,0.9210526315789473,3.1184210526315788,0.151468788249694
CodigoL,2400,0.7961165048543689,4.427184466019417,0.30684127342515244
CodigoL,2600,0.75,5.133333333333334,0.3693798449612403
CodigoL,2800,0.7,9.233333333333333,0.5147286821705427
CodigoL,3000,0.5714285714285714,9.285714285714286,0.6445182724252492
CodigoL,3200,0.5,3.75,0.5872093023255814
CodigoL,3400,0.0,1.0,1.0232558139534884
Cody473,800,0.9347826086956522,1.2391304347826086,0.09403437815975729
Cody473,1000,0.9090909090909091,1.3181818181818181,0.12156448202959834
Cody473,1200,0.8095238095238095,1.5714285714285714,0.22702104097452933
Cody473,1400,0.6923076923076923,1.7692307692307692,0.3488372093023256
Cody473,1600,0.6875,1.3125,0.3430232558139535
Cody473,1800,0.6153846153846154,1.6923076923076923,0.4239713774597495
Cody473,2000,0.36363636363636365,1.5454545454545454,0.6723044397463002
Cody473,2200,0.5,2.3333333333333335,0.5542635658914729
Cody473,2400,0.8,1.8,0.241860465116279
Cody473,2600,1.0,1.75,0.040697674418604654
Cody473,2800,1.0,2.0,0.046511627906976744
Cody473,3000,0.0,1.0,1.0232558139534884
Coffee_zzz,800,1.0,1.6,0.037209302325581395
Coffee_zzz,1000,0.9393939393939394,1.5757575757575757,0.09725158562367858
Coffee_zzz,1200,0.9230769230769231,1.6153846153846154,0.11449016100178885
Coffee_zzz,1400,1.0,1.9565217391304348,0.0455005055611729
Coffee_zzz,1600,0.9545454545454546,1.8636363636363635,0.08879492600422828
Coffee_zzz,1800,0.9047619047619048,2.3333333333333335,0.14950166112956811
Coffee_zzz,2000,0.8181818181818182,2.5454545454545454,0.241014799154334
Coffee_zzz,2200,0.9047619047619048,2.4761904761904763,0.15282392026578073
Coffee_zzz,2400,0.8888888888888888,2.888888888888889,0.1782945736434109
Coffee_zzz,2600,1.0,2.1818181818181817,0.0507399577167019
Coffee_zzz,2800,0.5,2.25,0.5523255813953488
Coffee_zzz,3000,1.0,9.5,0.22093023255813954
Coffee_zzz,3200,1.0,9.0,0.20930232558139536
ConstructibleNumber,800,1.0,1.2,0.027906976744186046
ConstructibleNumber,1000,1.0,1.8,0.04186046511627907
ConstructibleNumber,1200,1.0,1.1428571428571428,0.026578073089700994
ConstructibleNumber,1400,1.0,1.0,0.023255813953488372
ConstructibleNumber,1600,1.0,2.0,0.046511627906976744
ConstructibleNumber,1800,1.0,2.0,0.046511627906976744
ConstructibleNumber,2000,0.75,1.75,0.29069767441860467
ConstructibleNumber,2200,0.6666666666666666,1.3333333333333333,0.36434108527131787
ConstructibleNumber,2400,0.75,1.875,0.2936046511627907
ConstructibleNumber,2600,1.0,1.0,0.023255813953488372
ConstructibleNumber,3000,1.0,2.0,0.046511627906976744
ConstructibleNumber,3200,0.5,1.0,0.5232558139534884
Cubber,800,1.0,1.2785714285714285,0.02973421926910299
Cubber,1000,1.0,1.4305555555555556,0.0332687338501292
Cubber,1200,1.0,1.7377049180327868,0.04041174227983225
Cubber,1400,1.0,2.2096774193548385,0.05138784696174043
Cubber,1600,1.0,2.4745762711864407,0.05754828537642886
Cubber,1800,0.9215686274509803,2.372549019607843,0.1336069311445509
Cubber,2000,0.9375,2.7916666666666665,0.12742248062015504
Cubber,2200,0.9473684210526315,3.2280701754385963,0.12770297837617306
Cubber,2400,0.9821428571428571,3.125,0.09053156146179407
Cubber,2600,0.8888888888888888,4.037037037037037,0.20499569336778645
Cubber,2800,1.0,2.260869565217391,0.05257836198179979
Cubber,3000,1.0,7.857142857142857,0.18272425249169436
Cubber,3200,1.0,3.7777777777777777,0.08785529715762273
Cubber,3400,0.5,1.0,0.5232558139534884
CutSandstone,800,0.9671361502347418,1.1549295774647887,0.059722677148160305
CutSandstone,1000,0.9896907216494846,1.443298969072165,0.04387437065451926
CutSandstone,1200,0.9813084112149533,1.7383177570093458,0.05911758313410129
CutSandstone,1400,0.9680851063829787,1.7127659574468086,0.07174666006927263
CutSandstone,1600,0.9557522123893806,1.8053097345132743,0.08623173492488162
CutSandstone,1800,0.9139072847682119,2.185430463576159,0.13691667950100106
CutSandstone,2000,0.8865248226950354,2.2127659574468086,0.16493485073396014
CutSandstone,2200,0.8446601941747572,2.7475728155339807,0.21923684804696325
CutSandstone,2400,0.8235294117647058,3.1882352941176473,0.25061559507523945
CutSandstone,2600,0.7857142857142857,2.7142857142857144,0.27740863787375414
CutSandstone,2800,0.4166666666666667,2.5833333333333335,0.6434108527131782
CutSandstone,3000,0.8,4.4,0.3023255813953488
CutSandstone,3200,1.0,3.0,0.06976744186046512
CutSandstone,3400,0.0,3.0,1.069767441860465
CutieSmileHaruka,800,1.0,1.729559748427673,0.040222319730876116
CutieSmileHaruka,1000,0.9841269841269841,2.0,0.06238464377999267
CutieSmileHaruka,1200,1.0,1.8717948717948718,0.043530113297555156
CutieSmileHaruka,1400,0.9384615384615385,2.230769230769231,0.11341681574239715
CutieSmileHaruka,1600,0.978494623655914,2.010752688172043,0.06826706676669166
CutieSmileHaruka,1800,0.9555555555555556,2.3,0.09793281653746766
CutieSmileHaruka,2000,0.978021978021978,2.7252747252747254,0.08535650396115516
CutieSmileHaruka,2200,0.9711538461538461,2.1923076923076925,0.07983005366726298
CutieSmileHaruka,2400,0.9807692307692307,2.6826923076923075,0.08161896243291596
CutieSmileHaruka,2600,1.0,2.410958904109589,0.056068811723478815
CutieSmileHaruka,2800,0.9607843137254902,2.3137254901960786,0.09302325581395346
CutieSmileHaruka,3000,0.9818181818181818,3.309090909090909,0.09513742071881608
CutieSmileHaruka,3200,0.9523809523809523,3.9285714285714284,0.13898117386489484
CutieSmileHaruka,3400,1.0,4.071428571428571,0.0946843853820598
Cwulaek,800,1.0,1.2222222222222223,0.028423772609819122
Cwulaek,1000,1.0,1.4411764705882353,0.033515731874145006
Cwulaek,1200,1.0,1.6923076923076923,0.03935599284436494
Cwulaek,1400,1.0,2.3181818181818183,0.05391120507399578
Cwulaek,1600,0.9565217391304348,2.8260869565217392,0.10920121334681494
Cwulaek,1800,0.9583333333333334,2.7916666666666665,0.10658914728682166
Cwulaek,2000,0.8095238095238095,3.761904761904762,0.27796234772978956
Cwulaek,2200,0.9285714285714286,4.571428571428571,0.17774086378737536
Cwulaek,2400,0.5555555555555556,4.0,0.5374677002583979
Cwulaek,2600,0.6666666666666666,5.666666666666667,0.4651162790697675
Cwulaek,2800,0.0,4.0,1.0930232558139534
Cwulaek,3000,0.0,1.0,1.0232558139534884
DAleksa,800,0.9820051413881749,1.3444730077120823,0.049261672744664274
DAleksa,1000,0.9867549668874173,1.4701986754966887,0.047435699984598755
DAleksa,1200,0.9281767955801105,1.7403314917127073,0.11229602980855716
DAleksa,1400,0.9148936170212766,2.25531914893617,0.13755566551212273
DAleksa,1600,0.875,2.0277777777777777,0.17215762273901808
DAleksa,1800,0.813953488372093,2.449612403100775,0.24301424193257615
DAleksa,2000,0.8636363636363636,3.1136363636363638,0.20877378435517968
DAleksa,2200,0.759493670886076,3.4177215189873418,0.3199882249043273
DAleksa,2400,0.7846153846153846,4.723076923076923,0.3252236135957066
DAleksa,2600,0.6428571428571429,5.964285714285714,0.49584717607973416
DAleksa,2800,0.7142857142857143,2.142857142857143,0.33554817275747506
DAleksa,3000,0.8,14.2,0.5302325581395348
DAleksa,3200,1.0,15.0,0.3488372093023256
DAleksa,3400,1.0,6.0,0.13953488372093023
DJeniUp,800,0.9828178694158075,1.2817869415807561,0.04699112922560542
DJeniUp,1000,0.9402985074626866,1.6119402985074627,0.09718847622353344
DJeniUp,1200,0.9358974358974359,1.8076923076923077,0.10614192009540846
DJeniUp,1400,0.9191176470588235,2.2279411764705883,0.13269493844049252
DJeniUp,1600,0.8518518518518519,2.4296296296296296,0.20465116279069767
DJeniUp,1800,0.824,2.856,0.24241860465116283
DJeniUp,2000,0.8583333333333333,2.9583333333333335,0.21046511627906983
DJeniUp,2200,0.8736842105263158,4.105263157894737,0.22178702570379433
DJeniUp,2400,0.6857142857142857,3.8285714285714287,0.4033222591362126
DJeniUp,2600,0.45454545454545453,3.909090909090909,0.6363636363636364
DJeniUp,2800,0.8,4.0,0.29302325581395344
DJeniUp,3000,0.0,3.0,1.069767441860465
DaddySoulMyKing667,800,1.0,1.5,0.03488372093023256
DaddySoulMyKing667,1000,0.9629629629629629,2.037037037037037,0.08440999138673563
DaddySoulMyKing667,1200,0.918918918918919,2.4864864864864864,0.13890634820867373
DaddySoulMyKing667,1400,0.8260869565217391,2.347826086956522,0.22851365015166836
DaddySoulMyKing667,1600,0.8709677419354839,2.4838709677419355,0.1867966991747937
DaddySoulMyKing667,1800,0.7916666666666666,4.208333333333333,0.30620155038759694
DaddySoulMyKing667,2000,0.75,2.0625,0.29796511627906974
DaddySoulMyKing667,2200,0.7857142857142857,3.7857142857142856,0.3023255813953488
DaddySoulMyKing667,2400,0.6,8.0,0.586046511627907
DaddySoulMyKing667,2600,0.0,2.0,1.0465116279069768
DaddySoulMyKing667,2800,0.0,13.0,1.302325581395349
DaddySoulMyKing667,3000,0.16666666666666666,5.0,0.9496124031007752
DaddySoulMyKing667,3400,0.0,1.0,1.0232558139534884
Dalek_of_Rivia,800,0.9919354838709677,1.0725806451612903,0.03300825206301575
Dalek_of_Rivia,1000,1.0,1.098360655737705,0.02554327106366756
Dalek_of_Rivia,1200,1.0,1.178082191780822,0.027397260273972605
Dalek_of_Rivia,1400,0.9850746268656716,1.2985074626865671,0.04512322110378345
Dalek_of_Rivia,1600,0.9354838709677419,1.5161290322580645,0.09977494373593404
Dalek_of_Rivia,1800,0.9367088607594937,1.9367088607594938,0.10833088018840153
Dalek_of_Rivia,2000,0.8431372549019608,1.7058823529411764,0.1965344277245782
Dalek_of_Rivia,2200,0.8604651162790697,2.255813953488372,0.1919956733369389
Dalek_of_Rivia,2400,0.8888888888888888,2.7333333333333334,0.1746770025839794
Dalek_of_Rivia,2600,0.8260869565217391,3.4347826086956523,0.2537917087967644
Dalek_of_Rivia,2800,0.5454545454545454,2.909090909090909,0.5221987315010571
Dalek_of_Rivia,3000,0.75,3.25,0.32558139534883723
Dalek_of_Rivia,3200,0.8571428571428571,1.8571428571428572,0.18604651162790703
Dalek_of_Rivia,3400,0.5,2.75,0.563953488372093
DanielAnker,800,0.991304347826087,1.1043478260869566,0.03437815975733059
DanielAnker,1000,0.9807692307692307,1.1538461538461537,0.046064400715563544
DanielAnker,1200,0.9642857142857143,1.2142857142857142,0.063953488372093
DanielAnker,1400,0.9803921568627451,1.411764705882353,0.052439580483356174
DanielAnker,1600,0.9245283018867925,1.471698113207547,0.1096972356296621
DanielAnker,1800,0.9607843137254902,1.3137254901960784,0.06976744186046509
DanielAnker,2000,0.9591836734693877,1.489795918367347,0.07546274323682967
DanielAnker,2200,0.8478260869565217,2.0652173913043477,0.20020222446916078
DanielAnker,2400,0.8421052631578947,1.631578947368421,0.1958384332925337
DanielAnker,2600,0.6666666666666666,2.6666666666666665,0.39534883720930236
DanielAnker,2800,0.6,2.2666666666666666,0.4527131782945737
DanielAnker,3000,0.7142857142857143,3.5714285714285716,0.3687707641196013
DanielAnker,3400,1.0,7.0,0.16279069767441862
DanielChang,800,0.991304347826087,1.153623188405797,0.03552409841590827
DanielChang,1000,0.9932885906040269,1.2953020134228188,0.03683471203371312
DanielChang,1200,0.9664804469273743,1.3687150837988826,0.06535013641678572
DanielChang,1400,0.9767441860465116,1.6046511627906976,0.06057328285559766
DanielChang,1600,0.9547511312217195,2.0497737556561084,0.09291802588656209
DanielChang,1800,0.9381107491856677,2.0977198697068404,0.11067343383077043
DanielChang,2000,0.8852459016393442,2.4508196721311477,0.17174990468928708
DanielChang,2200,0.9126637554585153,2.554585152838428,0.14674520158423884
DanielChang,2400,0.8948655256723717,2.684596577017115,0.1675669528629101
DanielChang,2600,0.8165137614678899,2.532110091743119,0.24237251973543844
DanielChang,2800,0.5,2.4444444444444446,0.5568475452196382
DanielChang,3000,0.375,3.125,0.6976744186046512
DanielChang,3200,0.0,2.0,1.0465116279069768
DanielChang,3400,0.0,10.0,1.2325581395348837
Darius1414,800,0.9484536082474226,1.268041237113402,0.08103572284823787
Darius1414,1000,0.9761904761904762,1.6428571428571428,0.06201550387596902
Darius1414,1200,0.9622641509433962,2.1132075471698113,0.0868802106186924
Darius1414,1400,0.85,2.1,0.1988372093023256
Darius1414,1600,0.8461538461538461,2.3076923076923075,0.2075134168157424
Darius1414,1800,0.851063829787234,2.4680851063829787,0.20633349826818406
Darius1414,2000,0.9791666666666666,2.2083333333333335,0.0721899224806202
Darius1414,2200,0.75,2.1666666666666665,0.3003875968992248
Darius1414,2400,0.8333333333333334,2.7777777777777777,0.231266149870801
Darius1414,2600,0.75,2.75,0.313953488372093
Dark__Seith,800,1.0,1.4560810810810811,0.03386235072281584
Dark__Seith,1000,1.0,1.4830508474576272,0.03448955459203784
Dark__Seith,1200,1.0,1.5981308411214954,0.03716583351445338
Dark__Seith,1400,1.0,1.8571428571428572,0.04318936877076412
Dark__Seith,1600,1.0,1.6964285714285714,0.03945182724252492
Dark__Seith,1800,1.0,1.7627118644067796,0.04099329917225069
Dark__Seith,2000,0.9666666666666667,2.1,0.0821705426356589
Dark__Seith,2200,1.0,2.1666666666666665,0.050387596899224806
Dark__Seith,2400,1.0,1.6666666666666667,0.03875968992248062
Dark__Seith,2600,0.75,1.25,0.27906976744186046
Dark__Seith,2800,0.75,1.5,0.28488372093023256
Dark__Seith,3000,1.0,9.0,0.20930232558139536
Darknef,800,1.0,1.0,0.023255813953488372
Darknef,1000,1.0,1.0,0.023255813953488372
Darknef,1200,0.8,1.0,0.2232558139534883
Darknef,1400,1.0,1.3333333333333333,0.031007751937984496
Darknef,1600,1.0,1.2,0.027906976744186046
Darknef,1800,1.0,1.0,0.023255813953488372
Darknef,2000,1.0,1.0,0.023255813953488372
Darknef,2200,1.0,1.3333333333333333,0.031007751937984496
Darknef,2400,1.0,1.0,0.023255813953488372
Darknef,2600,1.0,1.0,0.023255813953488372
Darknef,2800,1.0,2.0,0.046511627906976744
Darknef,3000,1.0,11.0,0.2558139534883721
Darknef,3200,0.5,6.0,0.6395348837209303
Darknef,3400,0.3333333333333333,3.0,0.7364341085271319
Darko2026,800,1.0,1.032258064516129,0.024006001500375095
Darko2026,1000,1.0,1.4705882352941178,0.03419972640218878
Darko2026,1200,1.0,1.1538461538461537,0.026833631484794274
Darko2026,1400,0.8888888888888888,1.4444444444444444,0.14470284237726103
Darko2026,1600,1.0,1.0833333333333333,0.025193798449612403
Darko2026,1800,1.0,1.3125,0.030523255813953487
Darko2026,2000,1.0,2.6666666666666665,0.06201550387596899
Darko2026,2200,1.0,1.4,0.03255813953488372
Darko2026,2400,0.8,2.0,0.2465116279069767
Darko2026,2600,0.6666666666666666,6.666666666666667,0.48837209302325585
Darren0725,800,0.9285714285714286,1.3214285714285714,0.10215946843853818
Darren0725,1000,0.7142857142857143,1.4285714285714286,0.31893687707641194
Darren0725,1200,1.0,1.3333333333333333,0.031007751937984496
Darren0725,1400,0.9,1.6,0.13720930232558137
Darren0725,1600,0.8888888888888888,1.8888888888888888,0.15503875968992253
Darren0725,1800,1.0,2.142857142857143,0.04983388704318937
Darren0725,2000,0.9090909090909091,2.3636363636363638,0.145877378435518
Darren0725,2200,0.3333333333333333,3.1666666666666665,0.7403100775193799
Darren0725,2400,0.75,2.875,0.3168604651162791
Darren0725,2600,0.6666666666666666,3.0,0.4031007751937985
Darren0725,3400,1.0,7.0,0.16279069767441862
Dart-Xeyter,800,1.0,1.2748815165876777,0.029648407362504133
Dart-Xeyter,1000,1.0,1.7735849056603774,0.041246160596752963
Dart-Xeyter,1200,1.0,2.1810344827586206,0.05072173215717722
Dart-Xeyter,1400,0.9852941176470589,1.661764705882353,0.05335157318741445
Dart-Xeyter,1600,0.9806451612903225,2.4193548387096775,0.0756189047261816
Dart-Xeyter,1800,0.9838709677419355,2.403225806451613,0.07201800450112528
Dart-Xeyter,2000,0.9907407407407407,2.6666666666666665,0.07127476313522829
Dart-Xeyter,2200,0.9801980198019802,3.6435643564356437,0.10453603499884874
Dart-Xeyter,2400,0.9310344827586207,7.045977011494253,0.2328254477412457
Dart-Xeyter,2600,0.875,6.85,0.28430232558139534
Dart-Xeyter,2800,0.7857142857142857,7.357142857142857,0.3853820598006644
Dart-Xeyter,3000,0.8888888888888888,8.722222222222221,0.313953488372093
Dart-Xeyter,3200,0.6666666666666666,15.0,0.682170542635659
Dart-Xeyter,3400,1.0,17.5,0.4069767441860465
David-M,800,0.9705882352941176,1.5924369747899159,0.0664451827242525
David-M,1000,0.950354609929078,2.0,0.09615701797789869
David-M,1200,0.906832298136646,1.8198757763975155,0.13549039433771481
David-M,1400,0.8978102189781022,2.8394160583941606,0.1682227126124597
David-M,1600,0.8507462686567164,2.7611940298507465,0.21346754599097534
David-M,1800,0.75,3.4270833333333335,0.32969961240310075
David-M,2000,0.7532467532467533,4.207792207792208,0.3446088794926004
David-M,2200,0.66,2.9,0.4074418604651162
David-M,2400,0.6938775510204082,5.040816326530612,0.42335073564309444
David-M,2600,0.5714285714285714,4.714285714285714,0.5382059800664452
David-M,2800,0.6363636363636364,5.363636363636363,0.4883720930232558
David-M,3000,0.6666666666666666,4.333333333333333,0.434108527131783
David-M,3200,0.5,4.0,0.5930232558139534
David-M,3400,1.0,13.666666666666666,0.3178294573643411
DavidGeo,800,0.9914529914529915,1.2136752136752136,0.036772013516199534
DavidGeo,1000,0.98,1.76,0.060930232558139556
DavidGeo,1200,0.873015873015873,1.6031746031746033,0.1642672572905131
DavidGeo,1400,0.9428571428571428,1.6285714285714286,0.09501661129568109
DavidGeo,1600,0.8648648648648649,1.6486486486486487,0.17347580138277807
DavidGeo,1800,0.9523809523809523,1.7142857142857142,0.08748615725359916
DavidGeo,2000,0.7916666666666666,2.375,0.26356589147286824
DavidGeo,2200,0.8571428571428571,1.6428571428571428,0.1810631229235881
DavidGeo,2400,0.625,3.625,0.45930232558139533
DavidGeo,2600,0.5,1.5,0.5348837209302325
Dby2dian,800,1.0,1.4042553191489362,0.0326571004453241
Dby2dian,1000,1.0,1.975609756097561,0.04594441293250142
Dby2dian,1200,1.0,2.017857142857143,0.04692691029900332
Dby2dian,1400,0.9855072463768116,2.318840579710145,0.06841927873272662
Dby2dian,1600,0.9846153846153847,2.4307692307692306,0.0719141323792486
Dby2dian,1800,1.0,2.588235294117647,0.06019151846785226
Dby2dian,2000,0.9444444444444444,2.0277777777777777,0.10271317829457366
Dby2dian,2200,0.9714285714285714,2.3714285714285714,0.08372093023255815
Dby2dian,2400,0.9583333333333334,3.0416666666666665,0.11240310077519376
Dby2dian,2600,0.7142857142857143,1.7142857142857142,0.3255813953488372
Dby2dian,2800,1.0,2.0,0.046511627906976744
Dck,800,0.9363057324840764,1.78343949044586,0.10516960450303658
Dck,1000,0.9649122807017544,1.912280701754386,0.0795593635250918
Dck,1200,0.9827586206896551,2.706896551724138,0.08019246190858063
Dck,1400,0.9166666666666666,2.5833333333333335,0.14341085271317833
Dck,1600,0.8055555555555556,3.3333333333333335,0.2719638242894057
Dck,1800,0.8163265306122449,3.6122448979591835,0.26767916468913144
Dck,2000,0.7,3.475,0.38081395348837216
Dck,2200,0.7916666666666666,9.166666666666666,0.42151162790697677
Dck,2400,0.5,2.2142857142857144,0.5514950166112957
Dck,2600,0.6,6.6,0.5534883720930233
Dck,2800,0.75,10.25,0.4883720930232558
Dck,3000,0.0,9.0,1.2093023255813953
Dck,3400,0.0,1.0,1.0232558139534884
Deflect.,800,1.0,1.3478260869565217,0.03134479271991911
Deflect.,1000,1.0,1.0,0.023255813953488372
Deflect.,1200,1.0,1.5,0.03488372093023256
Deflect.,1400,1.0,1.375,0.03197674418604651
Deflect.,1600,0.8571428571428571,1.7142857142857142,0.18272425249169438
Deflect.,1800,0.9333333333333333,2.533333333333333,0.1255813953488372
Deflect.,2000,0.5,2.5,0.5581395348837209
Deflect.,2200,0.5454545454545454,1.9090909090909092,0.49894291754756875
Deflect.,2400,0.8,2.4,0.25581395348837205
Deflect.,2600,0.0,1.0,1.0232558139534884
Denislav_Manev,800,1.0,1.4064516129032258,0.032708177044261065
Denislav_Manev,1000,1.0,1.4313725490196079,0.033287733698130414
Denislav_Manev,1200,0.9905660377358491,1.8584905660377358,0.05265467310223782
Denislav_Manev,1400,1.0,1.6666666666666667,0.03875968992248062
Denislav_Manev,1600,1.0,2.36144578313253,0.05491734379377977
Denislav_Manev,1800,1.0,2.6944444444444446,0.06266149870801034
Denislav_Manev,2000,0.96875,2.859375,0.09774709302325581
Denislav_Manev,2200,0.926829268292683,2.4390243902439024,0.12989222915484963
Denislav_Manev,2400,0.9259259259259259,4.777777777777778,0.18518518518518517
Denislav_Manev,2600,1.0,4.909090909090909,0.11416490486257928
Denislav_Manev,2800,1.0,8.25,0.19186046511627908
Denislav_Manev,3200,1.0,13.0,0.3023255813953488
Denisov,800,0.9960474308300395,1.1818181818181819,0.03143671293317399
Denisov,1000,0.9925925925925926,1.3185185185185184,0.038070628768303194
Denisov,1200,0.9698795180722891,1.4397590361445782,0.06360325021014293
Denisov,1400,0.9710144927536232,1.5507246376811594,0.06504887091338055
Denisov,1600,0.9787234042553191,2.0141843971631204,0.06811809335312555
Denisov,1800,0.9545454545454546,2.007575757575758,0.09214235377026071
Denisov,2000,0.9361702127659575,3.234042553191489,0.13904007916872835
Denisov,2200,0.9238095238095239,2.914285714285714,0.1439645625692137
Denisov,2400,0.9310344827586207,3.4827586206896552,0.14995990376904572
Denisov,2600,0.9038461538461539,4.826923076923077,0.20840787119856885
Denisov,2800,0.85,6.85,0.30930232558139537
Denisov,3000,0.9090909090909091,9.5,0.3118393234672305
Denisov,3200,0.875,7.4375,0.29796511627906974
Denisov,3400,0.8333333333333334,5.666666666666667,0.29844961240310075
DeoMuonCodeNuaDau,800,0.9696969696969697,1.303030303030303,0.06060606060606058
DeoMuonCodeNuaDau,1000,0.7619047619047619,1.5238095238095237,0.2735326688815061
DeoMuonCodeNuaDau,1200,0.96,2.08,0.08837209302325585
DeoMuonCodeNuaDau,1400,0.8125,1.5625,0.2238372093023256
DeoMuonCodeNuaDau,1600,0.8666666666666667,1.5333333333333334,0.16899224806201546
DeoMuonCodeNuaDau,1800,0.8095238095238095,1.8095238095238095,0.23255813953488372
DeoMuonCodeNuaDau,2000,0.9090909090909091,2.090909090909091,0.13953488372093026
DeoMuonCodeNuaDau,2200,0.8,2.1,0.24883720930232553
DeoMuonCodeNuaDau,2400,0.7,1.5,0.3348837209302326
DeoMuonCodeNuaDau,2800,0.5,1.25,0.5290697674418605
DeoMuonCodeNuaDau,3000,1.0,1.0,0.023255813953488372
DeoMuonCodeNuaDau,3200,0.0,1.0,1.0232558139534884
Dhakshith1189,800,0.96875,1.25,0.06031976744186046
Dhakshith1189,1000,0.9583333333333334,1.7708333333333333,0.08284883720930228
Dhakshith1189,1200,0.9583333333333334,1.6458333333333333,0.07994186046511624
Dhakshith1189,1400,0.9811320754716981,1.6037735849056605,0.05616498464238701
Dhakshith1189,1600,0.9423076923076923,1.9038461538461537,0.10196779964221826
Dhakshith1189,1800,0.9016393442622951,2.7540983606557377,0.16240945482272207
Dhakshith1189,2000,0.9117647058823529,3.1176470588235294,0.16073871409028728
Dhakshith1189,2200,0.9047619047619048,2.5238095238095237,0.1539313399778516
Dhakshith1189,2400,0.7857142857142857,2.857142857142857,0.2807308970099668
Dhakshith1189,2600,1.0,5.555555555555555,0.12919896640826872
Dhakshith1189,2800,0.7058823529411765,6.882352941176471,0.45417236662106697
Dhakshith1189,3000,0.6666666666666666,9.666666666666666,0.5581395348837209
DigitalVest,800,0.9774011299435028,1.1807909604519775,0.05005912495072923
DigitalVest,1000,0.9866666666666667,1.2933333333333332,0.043410852713178266
DigitalVest,1200,0.96875,1.6770833333333333,0.07025193798449612
DigitalVest,1400,0.9859154929577465,1.7605633802816902,0.05502784146740909
DigitalVest,1600,0.9625,2.325,0.09156976744186045
DigitalVest,1800,0.968421052631579,2.031578947368421,0.07882496940024479
DigitalVest,2000,0.9519230769230769,2.5288461538461537,0.10688729874776391
DigitalVest,2200,0.875,2.625,0.18604651162790697
DigitalVest,2400,0.961038961038961,3.5584415584415585,0.12171549380851708
DigitalVest,2600,0.96,4.12,0.13581395348837214
DigitalVest,2800,0.8571428571428571,4.5,0.2475083056478406
DigitalVest,3000,0.8333333333333334,5.416666666666667,0.29263565891472865
DigitalVest,3200,0.5,2.5,0.5581395348837209
DigitalVest,3400,0.6666666666666666,2.3333333333333335,0.3875968992248062
DimaTomsk,800,0.9916666666666667,1.3583333333333334,0.039922480620155014
DimaTomsk,1000,1.0,1.8541666666666667,0.04312015503875969
DimaTomsk,1200,0.9782608695652174,2.0434782608695654,0.06926188068756318
DimaTomsk,1400,0.9122807017543859,2.2280701754385963,0.1395348837209303
DimaTomsk,1600,0.8775510204081632,2.2653061224489797,0.1751305173232084
DimaTomsk,1800,0.8775510204081632,3.061224489795918,0.193640246796393
DimaTomsk,2000,0.868421052631579,3.789473684210526,0.21970624235006114
DimaTomsk,2200,0.35714285714285715,3.8214285714285716,0.7317275747508305
DimaTomsk,2400,0.5909090909090909,7.681818181818182,0.587737843551797
DimaTomsk,2600,0.5384615384615384,5.6923076923076925,0.59391771019678
DimaTomsk,2800,0.25,10.25,0.9883720930232558
DimaTomsk,3000,0.0,5.0,1.1162790697674418
DimaTomsk,3200,0.25,2.75,0.813953488372093
DinnerHunt,800,0.9792746113989638,1.3419689119170986,0.0519339679479455
DinnerHunt,1000,0.9791666666666666,1.7604166666666667,0.06177325581395353
DinnerHunt,1200,0.9369369369369369,2.189189189189189,0.11397443955583492
DinnerHunt,1400,0.9655172413793104,2.1982758620689653,0.08560545308740974
DinnerHunt,1600,0.9285714285714286,2.4017857142857144,0.12728405315614616
DinnerHunt,1800,0.9327731092436975,2.9411764705882355,0.13562634356068007
DinnerHunt,2000,0.9550561797752809,2.595505617977528,0.10530441599163835
DinnerHunt,2200,0.9090909090909091,2.4,0.14672304439746303
DinnerHunt,2400,0.95,2.6,0.11046511627906981
DinnerHunt,2600,0.8421052631578947,2.210526315789474,0.2093023255813954
DinnerHunt,2800,0.6666666666666666,1.8333333333333333,0.3759689922480621
DinnerHunt,3200,0.5,2.0,0.5465116279069767
Dinprosperity,800,0.989247311827957,1.3225806451612903,0.04151037759439859
Dinprosperity,1000,1.0,1.6153846153846154,0.03756708407871199
Dinprosperity,1200,1.0,1.8070175438596492,0.04202366381068952
Dinprosperity,1400,0.9387755102040817,1.7142857142857142,0.10109159943046982
Dinprosperity,1600,1.0,1.9830508474576272,0.04611746156878203
Dinprosperity,1800,0.9857142857142858,2.442857142857143,0.07109634551495012
Dinprosperity,2000,0.96875,2.59375,0.09156976744186046
Dinprosperity,2200,0.9473684210526315,2.1447368421052633,0.10250917992656064
Dinprosperity,2400,0.9693877551020408,2.2857142857142856,0.0837683910773612
Dinprosperity,2600,0.9871794871794872,2.358974358974359,0.06768038163386997
Dinprosperity,2800,1.0,3.1866666666666665,0.07410852713178294
Dinprosperity,3000,1.0,2.703125,0.06286337209302326
Dinprosperity,3200,1.0,1.9714285714285715,0.04584717607973422
Dinprosperity,3400,0.8928571428571429,2.2857142857142856,0.16029900332225908
Dispensable,800,0.9956140350877193,1.2280701754385965,0.032945736434108544
Dispensable,1000,1.0,1.4111111111111112,0.03281653746770026
Dispensable,1200,1.0,1.4719101123595506,0.03423046772929188
Dispensable,1400,1.0,1.5125,0.03517441860465116
Dispensable,1600,0.9863013698630136,1.6986301369863013,0.053201656578528246
Dispensable,1800,0.9523809523809523,1.8928571428571428,0.09163898117386494
Dispensable,2000,0.9607843137254902,2.1372549019607843,0.0889192886456908
Dispensable,2200,0.9444444444444444,2.1944444444444446,0.10658914728682173
Dispensable,2400,0.9142857142857143,2.585714285714286,0.14584717607973424
Dispensable,2600,0.9795918367346939,2.8979591836734695,0.08780256288561938
Dispensable,2800,1.0,4.0,0.09302325581395349
Dispensable,3000,1.0,2.3,0.053488372093023255
Dispensable,3200,1.0,3.5,0.08139534883720931
Dispensable,3400,1.0,2.0,0.046511627906976744
Djangle,800,0.9864864864864865,1.6081081081081081,0.05091137649277182
Djangle,1000,0.96,1.96,0.08558139534883724
Djangle,1200,1.0,1.8,0.04186046511627907
Djangle,1400,0.9230769230769231,1.9615384615384615,0.12254025044722713
Djangle,1600,0.9583333333333334,4.5,0.14631782945736432
Djangle,1800,0.8518518518518519,3.185185185185185,0.2222222222222222
Djangle,2000,0.8333333333333334,3.0555555555555554,0.23772609819121443
Djangle,2200,0.8571428571428571,2.857142857142857,0.2093023255813954
Djangle,2400,0.8,3.7,0.28604651162790695
Djangle,2600,1.0,11.0,0.2558139534883721
Djangle,2800,0.6666666666666666,4.666666666666667,0.44186046511627913
Djangle,3000,1.0,2.0,0.046511627906976744
DmitryLzr,800,0.9811320754716981,1.290566037735849,0.04888108819657744
DmitryLzr,1000,0.9576271186440678,1.3898305084745763,0.07469452108789909
DmitryLzr,1200,0.9752066115702479,1.8099173553719008,0.06688448971747071
DmitryLzr,1400,0.9459459459459459,1.5855855855855856,0.09092813743976536
DmitryLzr,1600,0.963963963963964,1.7387387387387387,0.07647182065786713
DmitryLzr,1800,0.9007633587786259,1.8702290076335877,0.142730339073318
DmitryLzr,2000,0.9416058394160584,2.3065693430656933,0.1120353080970973
DmitryLzr,2200,0.9736842105263158,1.9671052631578947,0.07206242350061196
DmitryLzr,2400,0.9193548387096774,2.564516129032258,0.140285071267817
DmitryLzr,2600,0.9148936170212766,2.404255319148936,0.14101929737753588
DmitryLzr,2800,0.9333333333333333,2.3,0.12015503875968991
DmitryLzr,3000,0.9,3.4,0.17906976744186043
DmitryLzr,3200,1.0,2.3333333333333335,0.054263565891472874
Dog_King,800,0.984375,1.515625,0.050872093023255814
Dog_King,1000,0.95,1.6,0.08720930232558144
Dog_King,1200,0.9333333333333333,1.2666666666666666,0.09612403100775192
Dog_King,1400,0.95,1.7,0.08953488372093027
Dog_King,1600,0.9333333333333333,1.9333333333333333,0.11162790697674417
Dog_King,1800,0.9444444444444444,2.4444444444444446,0.11240310077519383
Dog_King,2000,0.7272727272727273,2.1363636363636362,0.3224101479915433
Dog_King,2200,0.8235294117647058,2.823529411764706,0.24213406292749662
Dog_King,2400,0.7777777777777778,3.1666666666666665,0.2958656330749354
Dog_King,2600,0.6666666666666666,2.6666666666666665,0.39534883720930236
Dog_King,2800,0.6666666666666666,10.666666666666666,0.5813953488372093
Dog_King,3000,0.8,3.6,0.28372093023255807
Dog_King,3200,1.0,2.0,0.046511627906976744
Dog_King,3400,0.6,2.4,0.4558139534883721
Donaldqian0712,800,0.9861111111111112,1.2083333333333333,0.041989664082687284
Donaldqian0712,1000,1.0,1.2142857142857142,0.028239202657807307
Donaldqian0712,1200,1.0,1.7692307692307692,0.04114490161001789
Donaldqian0712,1400,0.9666666666666667,2.3666666666666667,0.0883720930232558
Donaldqian0712,1600,1.0,2.0285714285714285,0.047176079734219264
Donaldqian0712,1800,0.9607843137254902,2.7450980392156863,0.1030551755585955
Donaldqian0712,2000,0.9423076923076923,2.0961538461538463,0.10644007155635064
Donaldqian0712,2200,0.9726027397260274,2.863013698630137,0.09397897419560369
Donaldqian0712,2400,0.9215686274509803,2.5686274509803924,0.13816689466484275
Donaldqian0712,2600,0.9761904761904762,2.9047619047619047,0.0913621262458472
Donaldqian0712,2800,0.9259259259259259,2.185185185185185,0.12489233419465977
Donaldqian0712,3000,0.75,1.875,0.2936046511627907
Donaldqian0712,3200,1.0,1.9,0.044186046511627906
Donaldqian0712,3400,1.0,3.625,0.08430232558139535
DownRat,800,0.95,1.15,0.07674418604651168
DownRat,1000,0.8333333333333334,1.3333333333333333,0.19767441860465113
DownRat,1200,0.9166666666666666,1.5833333333333333,0.12015503875968996
DownRat,1400,0.8888888888888888,1.6666666666666667,0.1498708010335918
DownRat,1600,0.9,1.8,0.14186046511627903
DownRat,1800,0.875,2.21875,0.17659883720930233
DownRat,2000,0.9642857142857143,2.8214285714285716,0.10132890365448503
DownRat,2200,0.9090909090909091,3.977272727272727,0.18340380549682878
DownRat,2400,0.95,2.475,0.10755813953488377
DownRat,2600,0.9444444444444444,2.5277777777777777,0.11434108527131785
DownRat,2800,0.9090909090909091,2.1818181818181817,0.14164904862579283
DownRat,3000,0.9130434782608695,3.3043478260869565,0.1638018200202225
DownRat,3200,1.0,3.090909090909091,0.07188160676532769
DownRat,3400,1.0,3.0,0.06976744186046512
Dragokj03,800,0.9755244755244755,1.3566433566433567,0.056025369978858354
Dragokj03,1000,0.9590163934426229,1.5573770491803278,0.0772016774685475
Dragokj03,1200,0.9642857142857143,1.7678571428571428,0.07682724252491693
Dragokj03,1400,0.9541284403669725,1.9541284403669725,0.09131640708342217
Dragokj03,1600,0.9210526315789473,2.2017543859649122,0.13015095879232969
Dragokj03,1800,0.8721804511278195,2.7218045112781954,0.19111732820423155
Dragokj03,2000,0.8888888888888888,3.432098765432099,0.19092736146999717
Dragokj03,2200,0.825,3.0875,0.2468023255813954
Dragokj03,2400,0.6521739130434783,3.0,0.41759352881698686
Dragokj03,2600,0.9,2.2,0.1511627906976744
Dragokj03,2800,0.0,1.25,1.0290697674418605
Dragokj03,3000,0.0,1.0,1.0232558139534884
Dragokj03,3400,0.0,1.0,1.0232558139534884
DylanSmith,800,0.9915433403805497,1.1183932346723044,0.03446580461182948
DylanSmith,1000,0.965,1.22,0.06337209302325585
DylanSmith,1200,0.9735449735449735,1.380952380952381,0.05857019810508188
DylanSmith,1400,0.9823529411764705,1.4176470588235295,0.050615595075239446
DylanSmith,1600,0.9653465346534653,1.7128712871287128,0.07448768132627219
DylanSmith,1800,0.9444444444444444,2.085858585858586,0.10406389476156921
DylanSmith,2000,0.9595375722543352,2.4971098265895955,0.09853474929426001
DylanSmith,2200,0.9411764705882353,2.6058823529411765,0.11942544459644325
DylanSmith,2400,0.9470198675496688,3.4768211920529803,0.13383643924226096
DylanSmith,2600,0.9010989010989011,4.263736263736264,0.19805775619729105
DylanSmith,2800,0.9148936170212766,3.276595744680851,0.161306284017813
DylanSmith,3000,0.8823529411764706,4.970588235294118,0.23324213406292754
DylanSmith,3200,0.9285714285714286,4.142857142857143,0.16777408637873753
DylanSmith,3400,1.0,8.0,0.18604651162790697
ETO_leader,800,1.0,1.2702702702702702,0.029541169076052795
ETO_leader,1000,1.0,1.3846153846153846,0.032200357781753126
ETO_leader,1200,1.0,1.488888888888889,0.034625322997416025
ETO_leader,1400,1.0,1.6774193548387097,0.03900975243810953
ETO_leader,1600,1.0,1.9074074074074074,0.044358311800172266
ETO_leader,1800,1.0,2.0,0.046511627906976744
ETO_leader,2000,1.0,2.1707317073170733,0.050482132728304034
ETO_leader,2200,0.9666666666666667,3.066666666666667,0.10465116279069767
ETO_leader,2400,0.9859154929577465,3.352112676056338,0.09204061578774973
ETO_leader,2600,0.9878048780487805,3.1097560975609757,0.0845150311968236
ETO_leader,2800,1.0,2.740740740740741,0.06373815676141258
ETO_leader,3000,1.0,3.0476190476190474,0.07087486157253599
ETO_leader,3200,1.0,2.8857142857142857,0.06710963455149502
ETO_leader,3400,1.0,3.95,0.09186046511627907
EasonTAO,800,0.9896907216494846,1.2164948453608246,0.03859985614960437
EasonTAO,1000,0.9797979797979798,1.595959595959596,0.05731735964294106
EasonTAO,1200,0.975,1.675,0.06395348837209305
EasonTAO,1400,0.9523809523809523,2.0396825396825395,0.09505352528608348
EasonTAO,1600,0.9333333333333333,2.2933333333333334,0.12
EasonTAO,1800,0.9015151515151515,2.4545454545454546,0.15556730091613816
EasonTAO,2000,0.9117647058823529,2.639705882352941,0.14962380300957595
EasonTAO,2200,0.908256880733945,2.36697247706422,0.14678899082568808
EasonTAO,2400,0.8760330578512396,2.909090909090909,0.1916202191043629
EasonTAO,2600,0.8918918918918919,3.635135135135135,0.19264613450659962
EasonTAO,2800,0.9148936170212766,3.382978723404255,0.16378030677882238
EasonTAO,3000,1.0,4.117647058823529,0.09575923392612858
EasonTAO,3200,0.6,5.0,0.5162790697674419
EasonTAO,3400,0.5714285714285714,6.0,0.5681063122923589
Edu175,800,0.9891891891891892,1.2324324324324325,0.03947203016970459
Edu175,1000,0.9866666666666667,1.2266666666666666,0.04186046511627904
Edu175,1200,0.9862068965517241,1.3724137931034484,0.045709703287890965
Edu175,1400,1.0,1.7142857142857142,0.03986710963455149
Edu175,1600,0.9928571428571429,1.9285714285714286,0.05199335548172755
Edu175,1800,0.9607843137254902,1.8888888888888888,0.08314333485332115
Edu175,2000,0.972972972972973,2.5135135135135136,0.08548082966687612
Edu175,2200,0.8807339449541285,2.7522935779816513,0.18327288244079365
Edu175,2400,0.8723404255319149,3.1702127659574466,0.2013854527461652
Edu175,2600,0.8679245283018868,2.2830188679245285,0.18516893374286966
Edu175,2800,0.8387096774193549,4.32258064516129,0.26181545386346583
Edu175,3000,0.8333333333333334,3.0833333333333335,0.2383720930232558
Edu175,3200,0.625,2.25,0.4273255813953488
Edu175,3400,0.5,4.0,0.5930232558139534
Egor,800,0.9942363112391931,1.1268011527377522,0.031968366731452307
Egor,1000,1.0,1.1957671957671958,0.027808539436446414
Egor,1200,0.9880952380952381,1.246031746031746,0.040882244370616425
Egor,1400,1.0,1.2592592592592593,0.029285099052540915
Egor,1600,0.9595015576323987,1.3271028037383177,0.07136129826849236
Egor,1800,0.9630681818181818,1.3778409090909092,0.06897463002114171
Egor,2000,0.9340277777777778,1.5972222222222223,0.10311692506459946
Egor,2200,0.9191176470588235,1.5698529411764706,0.11739056087551304
Egor,2400,0.8421052631578947,1.7719298245614035,0.1991024071807426
Egor,2600,0.8395061728395061,2.2037037037037037,0.21174275050244046
Egor,2800,0.7551020408163265,2.4081632653061225,0.30090175605125774
Egor,3000,0.6875,2.8333333333333335,0.37839147286821706
Egor,3200,0.5625,2.96875,0.5065406976744186
Egor,3400,0.35294117647058826,2.764705882352941,0.7113543091655266
El_Medonho,800,0.995049504950495,1.301980198019802,0.03522910430577942
El_Medonho,1000,1.0,1.75,0.040697674418604654
El_Medonho,1200,0.9883720930232558,1.6744186046511629,0.05056787452677125
El_Medonho,1400,0.953125,2.03125,0.09411337209302326
El_Medonho,1600,0.9078947368421053,2.3157894736842106,0.14596083231334145
El_Medonho,1800,0.9444444444444444,2.7083333333333335,0.11854005167958659
El_Medonho,2000,0.918918918918919,3.5135135135135136,0.16279069767441856
El_Medonho,2200,0.7027027027027027,4.513513513513513,0.40226272784412315
El_Medonho,2400,0.5,2.857142857142857,0.5664451827242525
El_Medonho,2600,0.8333333333333334,7.833333333333333,0.34883720930232553
El_Medonho,2800,1.0,5.666666666666667,0.13178294573643412
Eldar_H1,800,1.0,1.1833333333333333,0.02751937984496124
Eldar_H1,1000,0.9411764705882353,1.2352941176470589,0.0875512995896033
Eldar_H1,1200,1.0,1.6129032258064515,0.037509377344336084
Eldar_H1,1400,0.9666666666666667,1.2333333333333334,0.06201550387596899
Eldar_H1,1600,0.90625,1.875,0.1373546511627907
Eldar_H1,1800,0.9,1.725,0.14011627906976742
Eldar_H1,2000,1.0,2.7241379310344827,0.06335204490777867
Eldar_H1,2200,0.9473684210526315,1.9473684210526316,0.09791921664626688
Eldar_H1,2400,0.875,2.25,0.17732558139534885
Eldar_H1,2600,0.8333333333333334,5.333333333333333,0.2906976744186046
Eldar_H1,2800,0.6,3.2,0.4744186046511628
Eldar_H1,3000,1.0,2.0,0.046511627906976744
Eldar_H1,3200,0.0,14.0,1.3255813953488373
ElderlyPassionFruit,800,1.0,1.4166666666666667,0.03294573643410853
ElderlyPassionFruit,1000,1.0,1.0,0.023255813953488372
ElderlyPassionFruit,1200,1.0,1.0,0.023255813953488372
ElderlyPassionFruit,1400,1.0,2.0,0.046511627906976744
ElderlyPassionFruit,1800,1.0,1.5,0.03488372093023256
ElderlyPassionFruit,2000,1.0,1.5,0.03488372093023256
ElderlyPassionFruit,2200,1.0,1.0,0.023255813953488372
ElderlyPassionFruit,2600,0.3333333333333333,3.3333333333333335,0.744186046511628
Emikooh,800,1.0,1.4651162790697674,0.03407247160627366
Emikooh,1000,1.0,1.704225352112676,0.0396331477235506
Emikooh,1200,1.0,2.7058823529411766,0.06292749658002736
Emikooh,1400,0.972972972972973,1.5945945945945945,0.06411062225015707
Emikooh,1600,1.0,1.7,0.03953488372093023
Emikooh,1800,1.0,1.4285714285714286,0.03322259136212625
Emikooh,2000,0.9,1.8666666666666667,0.14341085271317827
Emikooh,2200,0.9444444444444444,2.611111111111111,0.11627906976744189
Emikooh,2400,0.9642857142857143,2.4642857142857144,0.09302325581395347
Emikooh,2600,0.9166666666666666,2.4166666666666665,0.13953488372093026
Emikooh,2800,0.9473684210526315,2.0526315789473686,0.10036719706242356
Emikooh,3000,0.8888888888888888,1.7777777777777777,0.15245478036175714
Emikooh,3200,1.0,1.75,0.040697674418604654
Emikooh,3400,0.9090909090909091,3.8181818181818183,0.17970401691331928
Empty_Dust,800,0.9947368421052631,1.5526315789473684,0.04137086903304775
Empty_Dust,1000,0.9883720930232558,1.7093023255813953,0.051379123850730145
Empty_Dust,1200,1.0,1.8068181818181819,0.04201902748414377
Empty_Dust,1400,0.9873417721518988,1.9493670886075949,0.05799234618781273
Empty_Dust,1600,1.0,2.2233009708737863,0.051704673741250845
Empty_Dust,1800,1.0,2.952830188679245,0.0686704695041685
Empty_Dust,2000,0.9743589743589743,2.782051282051282,0.09033989266547408
Empty_Dust,2200,0.9444444444444444,3.3703703703703702,0.1339362618432386
Empty_Dust,2400,1.0,3.36734693877551,0.07831039392501186
Empty_Dust,2600,0.9565217391304348,3.4347826086956523,0.12335692618806873
Empty_Dust,2800,0.8333333333333334,4.5,0.2713178294573643
Empty_Dust,3000,1.0,1.0,0.023255813953488372
Empty_Dust,3200,1.0,1.0,0.023255813953488372
Enigma27,800,0.9896907216494846,1.556701030927835,0.04651162790697671
Enigma27,1000,0.9910313901345291,1.8026905829596414,0.050891646678485794
Enigma27,1200,0.9956896551724138,1.8405172413793103,0.04711307137129108
Enigma27,1400,0.9867256637168141,2.150442477876106,0.06328462646635112
Enigma27,1600,0.9527896995708155,2.6609442060085837,0.10909272382473297
Enigma27,1800,0.8430232558139535,2.9244186046511627,0.22498647917793396
Enigma27,2000,0.8085106382978723,3.478723404255319,0.27238990598713514
Enigma27,2200,0.75,3.5277777777777777,0.33204134366925064
Enigma27,2400,0.6086956521739131,2.9565217391304346,0.4600606673407482
Enigma27,2600,1.0,3.0,0.06976744186046512
Enigma27,2800,1.0,2.0,0.046511627906976744
Enoch006,800,0.9893617021276596,1.946808510638298,0.05591291439881243
Enoch006,1000,0.9428571428571428,1.8571428571428572,0.10033222591362129
Enoch006,1200,0.9333333333333333,2.0,0.1131782945736434
Enoch006,1400,1.0,3.5142857142857142,0.08172757475083056
Enoch006,1600,0.9411764705882353,2.4313725490196076,0.1153670770633835
Enoch006,1800,0.9846153846153847,3.3846153846153846,0.0940966010733452
Enoch006,2000,0.8888888888888888,4.611111111111111,0.2183462532299742
Enoch006,2200,0.8987341772151899,3.607594936708861,0.18516337945245803
Enoch006,2400,0.9113924050632911,4.3924050632911396,0.19075654989696794
Enoch006,2600,0.9333333333333333,5.783333333333333,0.2011627906976744
Enoch006,2800,0.94,8.22,0.2511627906976745
Enoch006,3000,1.0,8.161290322580646,0.1897974493623406
Enoch006,3200,0.8125,11.5,0.45494186046511625
Enoch006,3400,0.9285714285714286,8.357142857142858,0.26578073089700993
Ergodic137,800,0.9831932773109243,1.26890756302521,0.04631620089896429
Ergodic137,1000,1.0,1.2678571428571428,0.029485049833887042
Ergodic137,1200,0.9746835443037974,1.5443037974683544,0.06123049749779219
Ergodic137,1400,0.9558823529411765,1.4264705882352942,0.07729138166894661
Ergodic137,1600,0.9666666666666667,1.4083333333333334,0.06608527131782946
Ergodic137,1800,0.912621359223301,1.7281553398058251,0.12756829984195073
Ergodic137,2000,0.9565217391304348,1.6630434782608696,0.08215369059656216
Ergodic137,2200,0.8764044943820225,1.595505617977528,0.16070028743140838
Ergodic137,2400,0.8227848101265823,1.4936708860759493,0.21195172210774207
Ergodic137,2600,0.45454545454545453,2.909090909090909,0.6131078224101479
Ergodic137,2800,0.25,4.25,0.8488372093023255
Ergodic137,3000,0.0,1.0,1.0232558139534884
Ericwan_,800,0.9375,1.4375,0.09593023255813954
Ericwan_,1000,1.0,1.3333333333333333,0.031007751937984496
Ericwan_,1200,1.0,1.7142857142857142,0.03986710963455149
Ericwan_,1400,1.0,1.3333333333333333,0.031007751937984496
Ericwan_,1600,0.875,2.25,0.17732558139534885
Ericwan_,1800,1.0,3.7857142857142856,0.08803986710963455
Ericwan_,2000,1.0,3.5,0.08139534883720931
Ericwan_,2200,0.9459459459459459,4.54054054054054,0.1596480201131364
Ericwan_,2400,0.8518518518518519,3.7777777777777777,0.2360034453057709
Ericwan_,2600,0.8666666666666667,3.2,0.2077519379844961
Ericwan_,2800,1.0,3.090909090909091,0.07188160676532769
Ericwan_,3000,0.6666666666666666,3.0,0.4031007751937985
Ericwan_,3200,0.8,2.0,0.2465116279069767
Ericwan_,3400,0.6666666666666666,1.3333333333333333,0.36434108527131787
ErrorAssassin,800,0.9767441860465116,1.308139534883721,0.05367766360194704
ErrorAssassin,1000,0.989247311827957,1.7311827956989247,0.051012753188297066
ErrorAssassin,1200,0.8852459016393442,1.8688524590163935,0.15821578345406026
ErrorAssassin,1400,0.9259259259259259,2.111111111111111,0.12316968130921618
ErrorAssassin,1600,0.8837209302325582,2.86046511627907,0.18280151433207137
ErrorAssassin,1800,0.8620689655172413,3.1379310344827585,0.21090617481956703
ErrorAssassin,2000,0.8,2.0,0.2465116279069767
ErrorAssassin,2200,0.16666666666666666,2.0,0.8798449612403101
ErrorAssassin,2400,0.75,3.75,0.3372093023255814
ErrorAssassin,2600,0.5,1.0,0.5232558139534884
Escapisst,800,0.9565217391304348,1.7608695652173914,0.08442871587462081
Escapisst,1000,0.9069767441860465,2.395348837209302,0.1487290427257978
Escapisst,1200,0.8148148148148148,2.7777777777777777,0.2497846683893196
Escapisst,1400,0.875,2.75,0.18895348837209303
Escapisst,1600,0.7333333333333333,3.4,0.34573643410852717
Escapisst,1800,0.8,2.28,0.25302325581395346
Escapisst,2000,0.7333333333333333,3.2,0.3410852713178295
Escapisst,2200,0.6923076923076923,5.6923076923076925,0.4400715563506261
Escapisst,2400,0.5,6.0,0.6395348837209303
Escapisst,2600,0.3333333333333333,5.333333333333333,0.7906976744186047
Escapisst,2800,0.0,1.0,1.0232558139534884
Escapisst,3400,0.0,1.0,1.0232558139534884
EverlastingEternity,800,1.0,1.6538461538461537,0.03846153846153846
EverlastingEternity,1000,1.0,2.0833333333333335,0.04844961240310078
EverlastingEternity,1200,0.9333333333333333,1.7333333333333334,0.1069767441860465
EverlastingEternity,1400,0.9583333333333334,1.6666666666666667,0.08042635658914725
EverlastingEternity,1600,0.96,2.64,0.10139534883720934
EverlastingEternity,1800,0.9782608695652174,1.934782608695652,0.06673407482305357
EverlastingEternity,2000,0.9571428571428572,1.9142857142857144,0.08737541528239198
EverlastingEternity,2200,0.9819819819819819,2.099099099099099,0.06683427613660176
EverlastingEternity,2400,0.9758064516129032,2.5403225806451615,0.0832708177044261
EverlastingEternity,2600,0.9692307692307692,2.9692307692307693,0.09982110912343471
EverlastingEternity,2800,0.9764705882352941,2.6470588235294117,0.08508891928864572
EverlastingEternity,3000,0.9882352941176471,3.7411764705882353,0.09876880984952116
EverlastingEternity,3200,1.0,3.9166666666666665,0.09108527131782945
EverlastingEternity,3400,0.9777777777777777,6.644444444444445,0.17674418604651168
ExplodingKonjac,800,1.0,1.5416666666666667,0.035852713178294575
ExplodingKonjac,1000,0.9545454545454546,1.8181818181818181,0.087737843551797
ExplodingKonjac,1200,1.0,1.9,0.044186046511627906
ExplodingKonjac,1400,1.0,2.0,0.046511627906976744
ExplodingKonjac,1600,1.0,1.56,0.036279069767441864
ExplodingKonjac,1800,0.9743589743589743,2.2051282051282053,0.07692307692307696
ExplodingKonjac,2000,1.0,2.784313725490196,0.0647514819881441
ExplodingKonjac,2200,0.9642857142857143,2.7857142857142856,0.10049833887043187
ExplodingKonjac,2400,1.0,3.3513513513513513,0.07793840351979887
ExplodingKonjac,2600,1.0,3.759259259259259,0.08742463393626183
ExplodingKonjac,2800,0.9803921568627451,3.2549019607843137,0.09530323757409945
ExplodingKonjac,3000,0.9795918367346939,4.469387755102041,0.12434741338395826
ExplodingKonjac,3200,1.0,4.5625,0.10610465116279069
ExplodingKonjac,3400,1.0,4.457142857142857,0.10365448504983389
ExtraNumber,800,0.963855421686747,1.7590361445783131,0.07705239562902774
ExtraNumber,1000,0.96,2.2,0.09116279069767447
ExtraNumber,1200,0.9333333333333333,2.2666666666666666,0.1193798449612403
ExtraNumber,1400,0.9666666666666667,1.9666666666666666,0.07906976744186045
ExtraNumber,1600,0.925,2.85,0.1412790697674418
ExtraNumber,1800,0.8536585365853658,2.5365853658536586,0.2053318207600681
ExtraNumber,2000,0.918918918918919,3.72972972972973,0.1678189817724701
ExtraNumber,2200,0.8823529411764706,2.764705882352941,0.18194254445964436
ExtraNumber,2400,0.75,2.15,0.3
ExtraNumber,2600,0.75,1.9166666666666667,0.29457364341085274
ExtraNumber,2800,1.0,1.0,0.023255813953488372
ExtraNumber,3000,0.8333333333333334,2.3333333333333335,0.2209302325581395
ExtraNumber,3200,1.0,4.0,0.09302325581395349
ExtraNumber,3400,1.0,2.0,0.046511627906976744
Eyes_on_me,800,0.9619377162629758,1.5813148788927336,0.07483704836243665
Eyes_on_me,1000,0.9308176100628931,1.9811320754716981,0.115255228901565
Eyes_on_me,1200,0.9056603773584906,2.1823899371069184,0.1450928769928331
Eyes_on_me,1400,0.9590643274853801,2.543859649122807,0.10009519923840615
Eyes_on_me,1600,0.8715083798882681,2.642458100558659,0.1899441340782123
Eyes_on_me,1800,0.9136690647482014,2.741007194244604,0.15007528860632424
Eyes_on_me,2000,0.9105691056910569,2.203252032520325,0.14066931366988092
Eyes_on_me,2200,0.9459459459459459,2.864864864864865,0.12067881835323696
Eyes_on_me,2400,0.8666666666666667,3.066666666666667,0.20465116279069764
Eyes_on_me,2600,0.6666666666666666,1.3333333333333333,0.36434108527131787
Eyes_on_me,2800,0.0,4.25,1.0988372093023255
FLY_lai,800,0.9914529914529915,1.2905982905982907,0.03856092228185248
FLY_lai,1000,0.9666666666666667,1.7333333333333334,0.07364341085271317
FLY_lai,1200,0.9622641509433962,2.0377358490566038,0.0851250548486178
FLY_lai,1400,1.0,2.0,0.046511627906976744
FLY_lai,1600,0.9836065573770492,1.8032786885245902,0.05833015630956921
FLY_lai,1800,0.9523809523809523,2.107142857142857,0.09662236987818389
FLY_lai,2000,0.963302752293578,2.1009174311926606,0.08555579261787924
FLY_lai,2200,0.9541984732824428,1.9083969465648856,0.09018285105627549
FLY_lai,2400,0.9777777777777777,2.5185185185185186,0.08079242032730408
FLY_lai,2600,0.9537037037037037,1.8240740740740742,0.08871662360034452
FLY_lai,2800,0.9864864864864865,1.9189189189189189,0.0581395348837209
FLY_lai,3000,1.0,2.1639344262295084,0.050324056423942054
FLY_lai,3200,0.9807692307692307,2.3461538461538463,0.0737924865831843
FLY_lai,3400,0.9655172413793104,1.793103448275862,0.07618283881315152
FableWeaver,800,0.9090909090909091,1.0909090909090908,0.11627906976744189
FableWeaver,1000,0.8,1.2,0.227906976744186
FableWeaver,1200,1.0,1.2,0.027906976744186046
FableWeaver,1400,1.0,1.2,0.027906976744186046
FableWeaver,1600,1.0,1.0,0.023255813953488372
FableWeaver,1800,0.875,1.625,0.16279069767441862
FableWeaver,2200,1.0,1.0,0.023255813953488372
FableWeaver,2400,0.6666666666666666,2.0,0.3798449612403101
FableWeaver,2600,0.5,3.0,0.5697674418604651
FableWeaver,2800,1.0,2.5,0.05813953488372093
Farhod,800,0.9944649446494465,1.3616236162361623,0.037200720844417785
Farhod,1000,0.9976019184652278,1.7625899280575539,0.043388544977971094
Farhod,1200,0.982532751091703,1.8908296943231442,0.061440032497207316
Farhod,1400,0.9517241379310345,1.935632183908046,0.09329056402031541
Farhod,1600,0.9240780911062907,1.9088937093275489,0.1203147858548151
Farhod,1800,0.8842105263157894,2.3684210526315788,0.17086903304773565
Farhod,2000,0.911042944785276,2.3282208588957056,0.1431017263518334
Farhod,2200,0.8536585365853658,2.4186991869918697,0.20259028171677068
Farhod,2400,0.7782426778242678,3.1338912133891212,0.2946385131847815
Farhod,2600,0.7456140350877193,3.3596491228070176,0.3325173398612811
Farhod,2800,0.6571428571428571,4.314285714285714,0.4431893687707641
Farhod,3000,0.5,4.7105263157894735,0.609547123623011
Farhod,3200,0.4166666666666667,4.041666666666667,0.6773255813953487
Farhod,3400,0.25,3.375,0.8284883720930233
FelixMP,800,0.9830508474576272,1.1242937853107344,0.043095519642622475
FelixMP,1000,0.97,1.39,0.06232558139534886
FelixMP,1200,0.9302325581395349,1.3255813953488371,0.1005949161709032
FelixMP,1400,0.9230769230769231,1.6442307692307692,0.11516100178890872
FelixMP,1600,0.9,1.9166666666666667,0.1445736434108527
FelixMP,1800,0.8305084745762712,2.2203389830508473,0.22112731572723687
FelixMP,2000,0.839622641509434,2.452830188679245,0.2174199210179903
FelixMP,2200,0.8192771084337349,2.8433734939759034,0.2468478565424489
FelixMP,2400,0.6774193548387096,3.0,0.3923480870217555
FelixMP,2600,0.5925925925925926,3.6666666666666665,0.4926787252368648
FelixMP,2800,0.2857142857142857,4.571428571428571,0.8205980066445183
FelixMP,3000,0.6,4.4,0.5023255813953489
FelixMP,3200,0.3333333333333333,2.0,0.7131782945736435
FelixMP,3400,0.2,8.2,0.9906976744186047
FinrodF,800,1.0,1.2142857142857142,0.028239202657807307
FinrodF,1000,0.9696969696969697,1.4545454545454546,0.06412966878083154
FinrodF,1200,0.9148936170212766,1.6382978723404256,0.1232063334982682
FinrodF,1400,1.0,1.7142857142857142,0.03986710963455149
FinrodF,1600,0.8979591836734694,2.2244897959183674,0.1537731371618415
FinrodF,1800,0.9102564102564102,2.448717948717949,0.14669051878354206
FinrodF,2000,0.8,2.327272727272727,0.25412262156448195
FinrodF,2200,0.7435897435897436,2.5384615384615383,0.3154442456768038
FinrodF,2400,0.72,2.4,0.3358139534883721
FinrodF,2600,0.5,4.25,0.5988372093023255
FinrodF,3000,1.0,5.0,0.11627906976744186
Fizonel,800,1.0,1.0208333333333333,0.023740310077519377
Fizonel,1000,1.0,1.05,0.02441860465116279
Fizonel,1200,1.0,1.2222222222222223,0.028423772609819122
Fizonel,1400,1.0,1.105263157894737,0.025703794369645046
Fizonel,1600,1.0,1.1153846153846154,0.0259391771019678
Fizonel,1800,0.9565217391304348,1.0869565217391304,0.06875631951466124
Fizonel,2000,1.0,1.28,0.029767441860465118
Fizonel,2200,1.0,1.2142857142857142,0.028239202657807307
Fizonel,2400,1.0,1.5,0.03488372093023256
Fizonel,2600,1.0,1.1666666666666667,0.027131782945736437
Fizonel,2800,0.8333333333333334,1.0,0.189922480620155
Fizonel,3000,1.0,1.0,0.023255813953488372
Fizonel,3400,0.5,1.0,0.5232558139534884
Forested,800,1.0,1.1517857142857142,0.026785714285714284
Forested,1000,0.9782608695652174,1.3478260869565217,0.0530839231547017
Forested,1200,0.9818181818181818,1.1636363636363636,0.0452431289640592
Forested,1400,0.9795918367346939,1.2653061224489797,0.04983388704318939
Forested,1600,0.9807692307692307,1.2307692307692308,0.0478533094812165
Forested,1800,0.9841269841269841,1.3650793650793651,0.04761904761904767
Forested,2000,0.9444444444444444,1.4074074074074074,0.08828596037898366
Forested,2200,0.972972972972973,1.5945945945945945,0.06411062225015707
Forested,2400,0.8695652173913043,1.8695652173913044,0.1739130434782609
Forested,2600,0.9629629629629629,2.037037037037037,0.08440999138673563
Forested,2800,0.6923076923076923,2.1923076923076925,0.35867620751341683
Forested,3000,0.7272727272727273,2.1818181818181817,0.32346723044397463
Forested,3200,0.8,1.6,0.23720930232558135
Forested,3400,0.0,1.6666666666666667,1.0387596899224807
Fostok,800,1.0,2.0917874396135265,0.04864621952589596
Fostok,1000,1.0,3.029850746268657,0.07046164526206179
Fostok,1200,1.0,2.739463601532567,0.06370845584959459
Fostok,1400,0.9955555555555555,3.2977777777777777,0.0811369509043928
Fostok,1600,0.9597989949748744,3.7537688442211055,0.12749795489073268
Fostok,1800,0.9476439790575916,4.481675392670157,0.15658103007427254
Fostok,2000,0.9290780141843972,4.3120567375886525,0.17120237506185054
Fostok,2200,0.8695652173913043,5.695652173913044,0.262891809908999
Fostok,2400,0.6923076923076923,6.846153846153846,0.4669051878354204
Fostok,2600,0.375,7.625,0.8023255813953488
Fostok,2800,0.5,1.5,0.5348837209302325
Fostok,3000,0.25,2.5,0.8081395348837209
Fostok,3400,0.5,7.5,0.6744186046511628
Francesco4203,800,0.9530516431924883,1.596244131455399,0.08407031335298615
Francesco4203,1000,0.9375,1.9479166666666667,0.10780038759689922
Francesco4203,1200,0.9555555555555556,2.8666666666666667,0.11111111111111106
Francesco4203,1400,0.9466666666666667,2.4266666666666667,0.10976744186046514
Francesco4203,1600,0.975,3.5,0.10639534883720933
Francesco4203,1800,0.8924731182795699,3.903225806451613,0.19829957489372346
Francesco4203,2000,0.9166666666666666,4.0,0.17635658914728686
Francesco4203,2200,0.8367346938775511,8.571428571428571,0.3626008542952064
Francesco4203,2400,0.7358490566037735,7.018867924528302,0.4273804300131637
Francesco4203,2600,0.9333333333333333,4.133333333333334,0.16279069767441862
Francesco4203,2800,0.2857142857142857,6.142857142857143,0.8571428571428572
Francesco4203,3000,0.6666666666666666,11.666666666666666,0.6046511627906976
Francesco4203,3200,0.0,10.0,1.2325581395348837
Francesco4203,3400,0.0,1.5,1.0348837209302326
Franuch,800,0.9923664122137404,1.282442748091603,0.03745783774187823
Franuch,1000,0.9629629629629629,1.2407407407407407,0.0658914728682171
Franuch,1200,0.9402985074626866,1.3432835820895523,0.09094064560916344
Franuch,1400,1.0,1.4166666666666667,0.03294573643410853
Franuch,1600,0.9818181818181818,1.4363636363636363,0.05158562367864694
Franuch,1800,1.0,1.7166666666666666,0.039922480620155035
Franuch,2000,0.92,1.92,0.12465116279069763
Franuch,2200,0.9607843137254902,2.0588235294117645,0.08709530323757406
Franuch,2400,0.8717948717948718,2.7435897435897436,0.19200954084675015
Franuch,2600,0.5833333333333334,2.5833333333333335,0.4767441860465116
Franuch,2800,0.75,2.5,0.3081395348837209
Franuch,3000,0.3333333333333333,2.3333333333333335,0.7209302325581396
FugiPig,800,1.0,1.150943396226415,0.02676612549363756
FugiPig,1000,1.0,1.263157894736842,0.029375764993880046
FugiPig,1200,0.9523809523809523,1.5238095238095237,0.08305647840531566
FugiPig,1400,0.9090909090909091,1.8636363636363635,0.1342494714587738
FugiPig,1600,1.0,3.0476190476190474,0.07087486157253599
FugiPig,1800,1.0,1.7391304347826086,0.04044489383215369
FugiPig,2000,0.9285714285714286,3.0,0.14119601328903653
FugiPig,2200,0.8076923076923077,3.1538461538461537,0.2656529516994633
FugiPig,2400,0.8,2.4,0.25581395348837205
FugiPig,2600,0.8181818181818182,1.6363636363636365,0.21987315010570818
FugiPig,2800,1.0,5.444444444444445,0.12661498708010335
FugiPig,3000,1.0,4.4,0.10232558139534885
FugiPig,3200,1.0,6.5,0.1511627906976744
FugiPig,3400,1.0,13.666666666666666,0.3178294573643411
FurinaHateComma,800,0.9431818181818182,1.3977272727272727,0.08932346723044393
FurinaHateComma,1000,0.9743589743589743,1.4871794871794872,0.06022659511031606
FurinaHateComma,1200,0.9787234042553191,1.4680851063829787,0.05541810984661062
FurinaHateComma,1400,0.8888888888888888,1.6296296296296295,0.14900947459087
FurinaHateComma,1600,0.9411764705882353,3.0,0.12859097127222985
FurinaHateComma,1800,0.868421052631579,1.7894736842105263,0.17319461444308443
FurinaHateComma,2000,0.8378378378378378,2.2432432432432434,0.2143306096794469
FurinaHateComma,2200,0.96875,3.0,0.10101744186046512
FurinaHateComma,2400,0.875,3.4166666666666665,0.20445736434108527
FurinaHateComma,2600,0.8571428571428571,2.7142857142857144,0.20598006644518277
FurinaHateComma,2800,0.7142857142857143,7.0,0.4485049833887043
FurinaHateComma,3000,0.6666666666666666,1.1666666666666667,0.3604651162790698
Furioso_Slient,800,0.9615384615384616,1.3846153846153846,0.07066189624329156
Furioso_Slient,1000,1.0,1.0909090909090908,0.02536997885835095
Furioso_Slient,1200,0.8461538461538461,1.9230769230769231,0.19856887298747766
Furioso_Slient,1400,0.9,2.8,0.16511627906976742
Furioso_Slient,1600,0.9375,2.875,0.12936046511627908
Furioso_Slient,1800,1.0,2.3333333333333335,0.054263565891472874
Furioso_Slient,2000,0.875,2.125,0.1744186046511628
Furioso_Slient,2200,0.95,2.2,0.10116279069767448
Furioso_Slient,2400,0.8666666666666667,1.7333333333333334,0.17364341085271315
Furioso_Slient,2600,0.7727272727272727,2.8181818181818183,0.29281183932346727
Furioso_Slient,2800,0.875,1.625,0.16279069767441862
Furioso_Slient,3000,1.0,2.727272727272727,0.06342494714587738
Furioso_Slient,3200,0.8571428571428571,3.5714285714285716,0.2259136212624585
Furioso_Slient,3400,1.0,1.0,0.023255813953488372
GKarthik26,800,0.875,1.125,0.1511627906976744
GKarthik26,1000,0.875,1.0,0.14825581395348836
GKarthik26,1200,0.8,1.0,0.2232558139534883
GKarthik26,1400,1.0,2.0,0.046511627906976744
GKarthik26,1600,1.0,1.0,0.023255813953488372
GKarthik26,1800,1.0,3.6666666666666665,0.08527131782945736
GKarthik26,2000,0.6666666666666666,3.0,0.4031007751937985
GKarthik26,2200,1.0,2.3333333333333335,0.054263565891472874
GKarthik26,2400,1.0,1.0,0.023255813953488372
GKarthik26,2600,1.0,1.0,0.023255813953488372
GKarthik26,2800,0.5,2.5,0.5581395348837209
GKarthik26,3000,1.0,2.0,0.046511627906976744
GOTKAKO,800,1.0,1.1338383838383839,0.026368334507869393
GOTKAKO,1000,1.0,1.2696629213483146,0.029527044682518943
GOTKAKO,1200,0.9947368421052631,1.368421052631579,0.03708690330477358
GOTKAKO,1400,1.0,1.5279503105590062,0.03553372815253503
GOTKAKO,1600,0.9939393939393939,1.5757575757575757,0.04270613107822414
GOTKAKO,1800,0.9772727272727273,1.8352272727272727,0.06540697674418602
GOTKAKO,2000,0.9923076923076923,2.253846153846154,0.06010733452593915
GOTKAKO,2200,0.9672131147540983,2.8442622950819674,0.09893252001524976
GOTKAKO,2400,0.945054945054945,3.076923076923077,0.12650140557117306
GOTKAKO,2600,0.8666666666666667,2.8666666666666667,0.19999999999999996
GOTKAKO,2800,0.9655172413793104,3.6206896551724137,0.11868484362469923
GOTKAKO,3000,0.6,2.6,0.4604651162790698
GOTKAKO,3200,0.5,3.75,0.5872093023255814
GOTKAKO,3400,0.0,6.0,1.1395348837209303
GUAIKATTO,800,0.9948186528497409,1.1398963730569949,0.03169056512832873
GUAIKATTO,1000,1.0,1.3979591836734695,0.03251067869008069
GUAIKATTO,1200,1.0,1.4411764705882353,0.033515731874145006
GUAIKATTO,1400,1.0,1.6625,0.03866279069767442
GUAIKATTO,1600,0.9734513274336283,1.8672566371681416,0.06997324552377036
GUAIKATTO,1800,0.9897959183673469,1.9489795918367347,0.05552918841955388
GUAIKATTO,2000,0.9759036144578314,2.0120481927710845,0.07088820397870549
GUAIKATTO,2200,1.0,2.0327868852459017,0.04727411361036981
GUAIKATTO,2400,0.95,2.075,0.09825581395348842
GUAIKATTO,2600,0.9285714285714286,2.2857142857142856,0.12458471760797338
GUAIKATTO,2800,1.0,3.4444444444444446,0.08010335917312662
GUAIKATTO,3000,1.0,12.0,0.27906976744186046
GUAIKATTO,3200,1.0,2.0,0.046511627906976744
GUAIKATTO,3400,1.0,1.0,0.023255813953488372
Galetx,800,0.9743589743589743,1.2307692307692308,0.05426356589147289
Galetx,1000,0.9615384615384616,1.6923076923076923,0.07781753130590338
Galetx,1200,1.0,1.5405405405405406,0.035826524198617225
Galetx,1400,1.0,1.7272727272727273,0.04016913319238901
Galetx,1600,1.0,1.975,0.045930232558139536
Galetx,1800,0.9508196721311475,2.557377049180328,0.10865421273351131
Galetx,2000,0.9824561403508771,2.543859649122807,0.07670338637290908
Galetx,2200,0.9868421052631579,3.3421052631578947,0.09088127294981645
Galetx,2400,0.978494623655914,3.172043010752688,0.09527381845461363
Galetx,2600,0.9873417721518988,3.1139240506329116,0.08507506623491312
Galetx,2800,0.9885057471264368,2.839080459770115,0.07751937984496123
Galetx,3000,0.9787234042553191,3.8191489361702127,0.11009401286491839
Galetx,3200,0.9538461538461539,3.830769230769231,0.1352415026833631
Galetx,3400,1.0,5.862068965517241,0.136327185244587
Gassa,800,0.9976580796252927,1.2014051522248244,0.030281575077610156
Gassa,1000,1.0,1.4356846473029046,0.033388015053555924
Gassa,1200,0.9966555183946488,1.5117056856187292,0.03850042778253092
Gassa,1400,0.9910714285714286,1.5476190476190477,0.044919712070874834
Gassa,1600,0.9870466321243523,1.6062176165803108,0.05030726593565494
Gassa,1800,0.9786666666666667,1.7573333333333334,0.062201550387596886
Gassa,2000,0.9275862068965517,2.1517241379310343,0.1224538893344026
Gassa,2200,0.8565737051792829,2.545816733067729,0.20263133512461778
Gassa,2400,0.7142857142857143,3.197278911564626,0.3600696092390444
Gassa,2600,0.5789473684210527,2.912280701754386,0.4887800897592819
Gassa,2800,0.3870967741935484,5.645161290322581,0.7441860465116279
Gassa,3000,0.5,3.75,0.5872093023255814
Gassa,3200,0.0,2.4,1.0558139534883721
Gassa,3400,0.0,3.5,1.0813953488372092
Gazza,800,1.0,1.1875,0.027616279069767442
Gazza,1000,1.0,1.25,0.029069767441860465
Gazza,1200,1.0,1.0,0.023255813953488372
Gazza,1400,1.0,1.75,0.040697674418604654
Gazza,1600,1.0,1.5,0.03488372093023256
Gazza,1800,0.875,1.25,0.15406976744186046
Gazza,2000,0.5,2.5,0.5581395348837209
Gazza,2200,1.0,2.3333333333333335,0.054263565891472874
Gazza,2400,1.0,2.0,0.046511627906976744
Gazza,2600,1.0,2.0,0.046511627906976744
GdxMilk,800,0.875,1.3,0.15523255813953488
GdxMilk,1000,1.0,1.125,0.02616279069767442
GdxMilk,1200,1.0,1.0,0.023255813953488372
GdxMilk,1400,0.8571428571428571,1.1428571428571428,0.1694352159468439
GdxMilk,1600,1.0,1.5454545454545454,0.035940803382663845
GdxMilk,1800,0.8823529411764706,1.7058823529411764,0.1573187414500684
GdxMilk,2000,1.0,3.259259259259259,0.07579672695951765
GdxMilk,2200,0.9491525423728814,3.0508474576271185,0.12179739850216789
GdxMilk,2400,0.9814814814814815,2.314814814814815,0.07235142118863047
GdxMilk,2600,1.0,2.7,0.06279069767441861
GdxMilk,2800,1.0,3.3529411764705883,0.07797537619699042
GdxMilk,3000,0.8,3.2,0.27441860465116275
GdxMilk,3200,0.6666666666666666,5.0,0.4496124031007752
GdxMilk,3400,1.0,1.6666666666666667,0.03875968992248062
Geforgs,800,0.9907834101382489,1.3824884792626728,0.041367484728324896
Geforgs,1000,0.96,1.6133333333333333,0.07751937984496127
Geforgs,1200,0.9777777777777777,1.6333333333333333,0.06020671834625326
Geforgs,1400,1.0,1.8235294117647058,0.04240766073871409
Geforgs,1600,0.9253731343283582,2.0,0.12113849357861853
Geforgs,1800,0.9726027397260274,2.1780821917808217,0.07805033450143357
Geforgs,2000,0.9636363636363636,3.8181818181818183,0.1251585623678647
Geforgs,2200,0.8913043478260869,3.6739130434782608,0.19413549039433775
Geforgs,2400,0.9090909090909091,4.0606060606060606,0.1853417899929528
Geforgs,2600,0.9545454545454546,4.136363636363637,0.14164904862579278
Geforgs,2800,0.8,4.8,0.31162790697674414
Geforgs,3000,0.0,1.0,1.0232558139534884
Geforgs,3200,1.0,6.0,0.13953488372093023
Gheal,800,0.9719887955182073,1.2745098039215685,0.05765096736368967
Gheal,1000,0.9565217391304348,1.5714285714285714,0.08002311136790405
Gheal,1200,0.9354838709677419,1.7043010752688172,0.10415103775943992
Gheal,1400,0.9021739130434783,1.9782608695652173,0.14383215369059654
Gheal,1600,0.881578947368421,2.223684210526316,0.17013463892288866
Gheal,1800,0.8512820512820513,2.4564102564102566,0.20584376863446635
Gheal,2000,0.8421052631578947,2.836842105263158,0.2238678090575276
Gheal,2200,0.8035714285714286,3.125,0.2691029900332226
Gheal,2400,0.8235294117647058,3.3176470588235296,0.253625170998632
Gheal,2600,0.6956521739130435,4.913043478260869,0.4186046511627907
Gheal,2800,0.6666666666666666,8.761904761904763,0.5370985603543743
Gheal,3000,0.6,5.2,0.5209302325581395
Gheal,3200,0.3333333333333333,10.333333333333334,0.9069767441860466
Glac1er,800,0.9838709677419355,1.0806451612903225,0.04126031507876968
Glac1er,1000,0.9714285714285714,1.3142857142857143,0.059136212624584725
Glac1er,1200,0.9166666666666666,1.4722222222222223,0.11757105943152459
Glac1er,1400,0.8928571428571429,1.7857142857142858,0.1486710963455149
Glac1er,1600,0.8461538461538461,1.4230769230769231,0.18694096601073346
Glac1er,1800,0.8709677419354839,1.8387096774193548,0.17179294823705926
Glac1er,2000,0.5,2.1363636363636362,0.5496828752642706
Glac1er,2200,0.4117647058823529,3.176470588235294,0.6621067031463749
Glac1er,2400,0.8333333333333334,1.0,0.189922480620155
Glac1er,2600,0.3333333333333333,1.3333333333333333,0.6976744186046513
Gmt.FFF,800,1.0,1.9333333333333333,0.04496124031007752
Gmt.FFF,1000,1.0,2.3461538461538463,0.05456171735241503
Gmt.FFF,1200,1.0,2.5,0.05813953488372093
Gmt.FFF,1400,1.0,2.4838709677419355,0.05776444111027757
Gmt.FFF,1600,0.9259259259259259,2.7777777777777777,0.13867355727820843
Gmt.FFF,1800,0.972972972972973,3.108108108108108,0.09930861093651785
Gmt.FFF,2000,0.8620689655172413,4.9655172413793105,0.2534081796311147
Gmt.FFF,2200,0.8918918918918919,3.324324324324324,0.18541797611565053
Gmt.FFF,2400,0.8823529411764706,6.0,0.2571819425444597
Gmt.FFF,2600,0.8695652173913043,5.956521739130435,0.2689585439838221
Gmt.FFF,2800,0.7857142857142857,7.071428571428571,0.37873754152823924
Gmt.FFF,3000,0.7142857142857143,5.571428571428571,0.415282392026578
Gmt.FFF,3200,0.8333333333333334,5.833333333333333,0.3023255813953488
Gmt.FFF,3400,1.0,12.0,0.27906976744186046
Godelizer,800,0.9411764705882353,1.1176470588235294,0.0848153214774282
Godelizer,1000,1.0,1.2857142857142858,0.029900332225913623
Godelizer,1200,0.8571428571428571,1.2857142857142858,0.17275747508305653
Godelizer,1400,1.0,1.6428571428571428,0.03820598006644518
Godelizer,1600,0.4444444444444444,2.0,0.6020671834625323
Godelizer,1800,0.7647058823529411,2.8823529411764706,0.3023255813953489
Godelizer,2000,0.7,3.1,0.372093023255814
Godelizer,2200,0.5,2.0,0.5465116279069767
Godelizer,2400,0.3333333333333333,2.1666666666666665,0.7170542635658915
Godelizer,2600,0.0,1.0,1.0232558139534884
Godelizer,3000,0.0,2.0,1.0465116279069768
Gold_Dino,800,0.9629629629629629,1.2962962962962963,0.06718346253229979
Gold_Dino,1000,1.0,1.1818181818181819,0.027484143763213533
Gold_Dino,1200,0.9166666666666666,1.25,0.11240310077519383
Gold_Dino,1400,1.0,1.1,0.025581395348837212
Gold_Dino,1600,1.0,1.5,0.03488372093023256
Gold_Dino,1800,1.0,1.375,0.03197674418604651
Gold_Dino,2000,0.8461538461538461,3.1538461538461537,0.22719141323792486
Gold_Dino,2200,0.7777777777777778,2.0,0.2687338501291989
Gold_Dino,2400,0.9285714285714286,2.857142857142857,0.13787375415282388
Gold_Dino,2600,0.9411764705882353,3.176470588235294,0.1326949384404925
Gold_Dino,2800,0.9545454545454546,2.8636363636363638,0.11205073995771667
Gold_Dino,3000,0.9444444444444444,6.055555555555555,0.19638242894056848
Gold_Dino,3200,1.0,5.333333333333333,0.12403100775193798
Gold_Dino,3400,1.0,6.111111111111111,0.1421188630490956
Golovanov399,800,0.9955056179775281,1.152808988764045,0.031303893389077575
Golovanov399,1000,1.0,1.3404255319148937,0.031172686788718457
Golovanov399,1200,0.9931506849315068,1.3116438356164384,0.037352660082828955
Golovanov399,1400,0.9795918367346939,1.3231292517006803,0.05117861097927545
Golovanov399,1600,0.9745762711864406,1.4491525423728813,0.059124950729207766
Golovanov399,1800,0.946949602122016,1.5225464190981433,0.0884584541360804
Golovanov399,2000,0.9757785467128027,1.6539792387543253,0.06268608674660019
Golovanov399,2200,0.9074074074074074,1.7851851851851852,0.13410852713178292
Golovanov399,2400,0.907258064516129,2.278225806451613,0.14572393098274572
Golovanov399,2600,0.891566265060241,3.3674698795180724,0.18674698795180725
Golovanov399,2800,0.8110236220472441,2.606299212598425,0.2495879875480681
Golovanov399,3000,0.7313432835820896,2.5522388059701493,0.32801110725442556
Golovanov399,3200,0.4603174603174603,3.4444444444444446,0.6197858988556664
Golovanov399,3400,0.45,3.05,0.6209302325581396
Greensheep,800,1.0,1.2857142857142858,0.029900332225913623
Greensheep,1000,1.0,1.375,0.03197674418604651
Greensheep,1200,1.0,1.2142857142857142,0.028239202657807307
Greensheep,1400,1.0,1.6,0.037209302325581395
Greensheep,1600,1.0,2.0,0.046511627906976744
Greensheep,1800,0.9473684210526315,1.894736842105263,0.09669522643818854
Greensheep,2000,1.0,2.076923076923077,0.0483005366726297
Greensheep,2200,0.9473684210526315,2.6842105263157894,0.11505507955936357
Greensheep,2400,0.9285714285714286,2.9285714285714284,0.1395348837209302
Greensheep,2600,1.0,1.4,0.03255813953488372
Greensheep,2800,1.0,3.125,0.07267441860465117
Greensheep,3000,1.0,1.8,0.04186046511627907
Greensheep,3200,0.5,9.0,0.7093023255813954
Gypsies,800,0.9117647058823529,1.3529411764705883,0.11969904240766076
Gypsies,1000,0.875,1.0625,0.14970930232558138
Gypsies,1200,0.9642857142857143,1.8571428571428572,0.07890365448504982
Gypsies,1400,0.8333333333333334,1.3333333333333333,0.19767441860465113
Gypsies,1600,1.0,1.0,0.023255813953488372
Gypsies,1800,0.875,1.5,0.15988372093023256
Gypsies,2000,1.0,1.25,0.029069767441860465
Gypsies,2200,1.0,2.0,0.046511627906976744
Gypsies,2400,0.0,1.0,1.0232558139534884
Gypsies,2600,1.0,1.0,0.023255813953488372
HBPlayer,800,1.0,1.124401913875598,0.026148881718037163
HBPlayer,1000,1.0,1.6666666666666667,0.03875968992248062
HBPlayer,1200,1.0,1.391304347826087,0.032355915065722954
HBPlayer,1400,1.0,1.6486486486486487,0.03834066624764299
HBPlayer,1600,0.9772727272727273,2.8181818181818183,0.08826638477801267
HBPlayer,1800,0.975609756097561,2.0,0.07090187180941579
HBPlayer,2000,0.9666666666666667,2.2,0.08449612403100776
HBPlayer,2200,0.9629629629629629,1.8518518518518519,0.08010335917312666
HBPlayer,2400,0.8461538461538461,2.3076923076923075,0.2075134168157424
HBPlayer,2600,0.75,1.6666666666666667,0.28875968992248063
HBPlayer,2800,1.0,2.0,0.046511627906976744
HBPlayer,3000,1.0,1.0,0.023255813953488372
HBPlayer,3200,1.0,1.0,0.023255813953488372
HIR180,800,1.0,1.1607142857142858,0.026993355481727578
HIR180,1000,0.9743589743589743,1.5128205128205128,0.060822898032200375
HIR180,1200,0.9914529914529915,1.982905982905983,0.05466110117272905
HIR180,1400,0.9622641509433962,1.849056603773585,0.08073716542343132
HIR180,1600,0.946524064171123,2.1122994652406417,0.10259917920656633
HIR180,1800,0.9365079365079365,2.2433862433862433,0.11566383659406915
HIR180,2000,0.9467455621301775,2.2840236686390534,0.10637126737305633
HIR180,2200,0.9419354838709677,2.7870967741935484,0.12288072018004505
HIR180,2400,0.8941176470588236,3.052941176470588,0.17688098495212035
HIR180,2600,0.926829268292683,3.1707317073170733,0.14690867838910943
HIR180,2800,0.9009009009009009,4.252252252252252,0.19798868636077938
HIR180,3000,0.9367088607594937,4.936708860759493,0.17809832204886666
HIR180,3200,0.8771929824561403,6.842105263157895,0.2819257445940433
HIR180,3400,0.8125,5.53125,0.31613372093023256
Hamed_Ghaffari,800,0.9704797047970479,1.3007380073800738,0.05977001630481425
Hamed_Ghaffari,1000,0.9766355140186916,1.4813084112149533,0.05781351880026076
Hamed_Ghaffari,1200,0.9608695652173913,1.5608695652173914,0.07542972699696662
Hamed_Ghaffari,1400,0.9795918367346939,1.6020408163265305,0.05766492643569057
Hamed_Ghaffari,1600,0.9684684684684685,1.8468468468468469,0.07448145820238844
Hamed_Ghaffari,1800,0.9565217391304348,1.8893280632411067,0.08741612280540488
Hamed_Ghaffari,2000,0.9723320158102767,1.9604743083003953,0.07326040996415106
Hamed_Ghaffari,2200,0.9772727272727273,2.234848484848485,0.07470049330514444
Hamed_Ghaffari,2400,0.9662162162162162,2.675675675675676,0.09600879949717159
Hamed_Ghaffari,2600,0.9679144385026738,2.802139037433155,0.09725158562367867
Hamed_Ghaffari,2800,0.9753086419753086,2.432098765432099,0.08125179443008901
Hamed_Ghaffari,3000,0.9666666666666667,3.5,0.11472868217054263
Hamed_Ghaffari,3200,0.918918918918919,3.972972972972973,0.17347580138277807
Hamed_Ghaffari,3400,0.7272727272727273,3.0,0.34249471458773784
Handsome2004,800,1.0,1.3936170212765957,0.03240969816922316
Handsome2004,1000,1.0,1.4385964912280702,0.03345573235414117
Handsome2004,1200,1.0,1.6229508196721312,0.03774304231795654
Handsome2004,1400,1.0,1.7272727272727273,0.04016913319238901
Handsome2004,1600,0.9629629629629629,2.111111111111111,0.0861326442721792
Handsome2004,1800,0.9148936170212766,2.5319148936170213,0.14398812469074718
Handsome2004,2000,0.9655172413793104,2.8505747126436782,0.10077519379844957
Handsome2004,2200,0.9824561403508771,3.175438596491228,0.0913912688698491
Handsome2004,2400,0.9,4.25,0.19883720930232557
Handsome2004,2600,0.6666666666666666,3.0,0.4031007751937985
Handsome2004,2800,0.6666666666666666,7.666666666666667,0.5116279069767442
Handsome2004,3000,0.5,3.0,0.5697674418604651
Handsome2004,3200,1.0,9.5,0.22093023255813954
Handsome2004,3400,0.0,5.0,1.1162790697674418
Haorayz4,800,0.9868421052631579,1.2763157894736843,0.04283965728274178
Haorayz4,1000,0.96875,1.21875,0.05959302325581395
Haorayz4,1200,0.9333333333333333,2.066666666666667,0.11472868217054263
Haorayz4,1400,0.8787878787878788,1.696969696969697,0.160676532769556
Haorayz4,1600,0.9523809523809523,1.9523809523809523,0.09302325581395354
Haorayz4,1800,0.8333333333333334,2.6944444444444446,0.22932816537467698
Haorayz4,2000,0.90625,2.84375,0.15988372093023256
Haorayz4,2200,0.8275862068965517,2.896551724137931,0.23977546110665598
Haorayz4,2400,0.967741935483871,4.838709677419355,0.14478619654913727
Haorayz4,2600,0.8823529411764706,3.176470588235294,0.1915184678522572
Haorayz4,2800,1.0,2.2,0.051162790697674425
Haorayz4,3000,1.0,4.0,0.09302325581395349
Haorayz4,3200,1.0,2.0,0.046511627906976744
Haorayz4,3400,1.0,11.0,0.2558139534883721
Harsh_kunwar,800,0.9884057971014493,1.4231884057971014,0.04469160768452984
Harsh_kunwar,1000,0.976878612716763,1.606936416184971,0.06049200161312003
Harsh_kunwar,1200,0.9865470852017937,1.4663677130044843,0.047554489519240836
Harsh_kunwar,1400,0.9915966386554622,1.6260504201680672,0.04621848739495795
Harsh_kunwar,1600,1.0,1.783882783882784,0.04148564613680893
Harsh_kunwar,1800,0.97165991902834,2.2348178137651824,0.08031258826852467
Harsh_kunwar,2000,0.9601769911504425,2.5309734513274336,0.09868285655484663
Harsh_kunwar,2200,0.9166666666666666,2.7708333333333335,0.1477713178294574
Harsh_kunwar,2400,0.88,3.42,0.19953488372093023
Harsh_kunwar,2600,1.0,2.7,0.06279069767441861
Harsh_kunwar,2800,0.5,2.7,0.5627906976744186
Harsh_kunwar,3000,0.3333333333333333,2.0,0.7131782945736435
Harsh_kunwar,3400,1.0,5.0,0.11627906976744186
Hayabusaa,800,0.9863945578231292,1.251700680272109,0.04271476032273376
Hayabusaa,1000,0.9852941176470589,1.4705882352941178,0.048905608755129906
Hayabusaa,1200,0.9692307692307692,1.5692307692307692,0.06726296958855099
Hayabusaa,1400,0.96,1.96,0.08558139534883724
Hayabusaa,1600,0.8421052631578947,1.8771929824561404,0.20155038759689928
Hayabusaa,1800,0.90625,2.828125,0.1595203488372093
Hayabusaa,2000,0.8676470588235294,3.1029411764705883,0.2045143638850889
Hayabusaa,2200,0.961038961038961,4.064935064935065,0.13349441256418002
Hayabusaa,2400,0.8653846153846154,3.7115384615384617,0.22093023255813948
Hayabusaa,2600,0.8928571428571429,4.285714285714286,0.20681063122923582
Hayabusaa,2800,0.6666666666666666,2.9166666666666665,0.40116279069767447
Hayabusaa,3000,1.0,13.666666666666666,0.3178294573643411
Hayabusaa,3200,0.6666666666666666,5.0,0.4496124031007752
Hayabusaa,3400,1.0,9.0,0.20930232558139536
Hayashi,800,0.9847715736040609,1.2131979695431472,0.043442332664384416
Hayashi,1000,0.9764705882352941,1.6705882352941177,0.062380300957592366
Hayashi,1200,0.9764705882352941,1.6352941176470588,0.061559507523939835
Hayashi,1400,0.95,1.5666666666666667,0.08643410852713182
Hayashi,1600,0.9538461538461539,2.3076923076923075,0.09982110912343464
Hayashi,1800,0.9468085106382979,2.095744680851064,0.10192973775358735
Hayashi,2000,1.0,2.144578313253012,0.04987391426169795
Hayashi,2200,0.9285714285714286,2.3035714285714284,0.12499999999999997
Hayashi,2400,0.9787234042553191,3.127659574468085,0.09401286491835728
Hayashi,2600,0.9090909090909091,3.1363636363636362,0.16384778012684992
Hayashi,2800,0.9,2.4,0.15581395348837207
Hayashi,3000,1.0,2.5,0.05813953488372093
Hayashi,3200,0.6666666666666666,3.6666666666666665,0.4186046511627907
Hayashi,3400,1.0,15.0,0.3488372093023256
HinamiAoi,800,1.0,1.0,0.023255813953488372
HinamiAoi,1000,0.8571428571428571,1.1428571428571428,0.1694352159468439
HinamiAoi,1200,1.0,1.25,0.029069767441860465
HinamiAoi,1400,1.0,1.3333333333333333,0.031007751937984496
HinamiAoi,1600,0.8,1.6,0.23720930232558135
HinamiAoi,1800,1.0,3.6666666666666665,0.08527131782945736
HinamiAoi,2000,1.0,1.6666666666666667,0.03875968992248062
HinamiAoi,2200,1.0,1.5,0.03488372093023256
HinamiAoi,2400,1.0,3.0,0.06976744186046512
HinamiAoi,2800,1.0,1.3333333333333333,0.031007751937984496
HinamiAoi,3000,0.6666666666666666,13.0,0.6356589147286822
HinamiAoi,3400,1.0,1.0,0.023255813953488372
Hongruizhao,800,1.0,1.2950819672131149,0.030118185284025926
Hongruizhao,1000,0.9705882352941176,1.5588235294117647,0.06566347469220246
Hongruizhao,1200,0.9565217391304348,1.934782608695652,0.08847320525783617
Hongruizhao,1400,1.0,1.86,0.043255813953488376
Hongruizhao,1600,1.0,1.85,0.04302325581395349
Hongruizhao,1800,0.9932432432432432,2.0135135135135136,0.053582652419861765
Hongruizhao,2000,0.9932885906040269,1.9932885906040267,0.05306695801467144
Hongruizhao,2200,1.0,2.5543478260869565,0.059403437815975735
Hongruizhao,2400,0.9887640449438202,2.398876404494382,0.06702377841651427
Hongruizhao,2600,1.0,2.5693430656934306,0.05975216431845187
Hongruizhao,2800,0.9841269841269841,2.238095238095238,0.06792174234034705
Hongruizhao,3000,0.9523809523809523,2.1904761904761907,0.09856035437430792
Hongruizhao,3200,0.9655172413793104,4.0344827586206895,0.1283079390537289
Hongruizhao,3400,1.0,2.25,0.05232558139534884
Horka,800,0.9970674486803519,1.2390029325513197,0.03174657300688809
Horka,1000,0.983739837398374,1.6558265582655827,0.05476775697989536
Horka,1200,0.9832635983263598,1.612970711297071,0.0542473484479907
Horka,1400,0.9712041884816754,1.7905759162303665,0.07043711189577494
Horka,1600,0.9504373177842566,2.0349854227405246,0.09688792460505798
Horka,1800,0.9716312056737588,2.3120567375886525,0.08213755566551217
Horka,2000,0.9365853658536586,2.6975609756097563,0.12614861032331248
Horka,2200,0.8846153846153846,2.6769230769230767,0.17763864042933813
Horka,2400,0.9,2.216666666666667,0.1515503875968992
Horka,2600,0.9333333333333333,3.2,0.14108527131782944
Horka,2800,1.0,2.0,0.046511627906976744
HotoKokoacpp,800,0.9473684210526315,1.0526315789473684,0.07711138310893517
HotoKokoacpp,1000,0.9375,1.125,0.08866279069767442
HotoKokoacpp,1200,1.0,1.25,0.029069767441860465
HotoKokoacpp,1400,1.0,1.5,0.03488372093023256
HotoKokoacpp,1600,1.0,1.7692307692307692,0.04114490161001789
HotoKokoacpp,1800,1.0,1.6666666666666667,0.03875968992248062
HotoKokoacpp,2000,0.9230769230769231,2.1538461538461537,0.12701252236135951
HotoKokoacpp,2200,0.9375,2.1875,0.11337209302325582
HotoKokoacpp,2400,1.0,1.3333333333333333,0.031007751937984496
HotoKokoacpp,2600,1.0,2.090909090909091,0.04862579281183932
HotoKokoacpp,2800,1.0,2.4375,0.056686046511627904
HotoKokoacpp,3000,1.0,3.769230769230769,0.08765652951699464
HotoKokoacpp,3200,1.0,2.0,0.046511627906976744
HotoKokoacpp,3400,1.0,3.25,0.0755813953488372
HoyHoyCharhang,800,1.0,1.0888888888888888,0.02532299741602067
HoyHoyCharhang,1000,1.0,1.4761904761904763,0.03433001107419712
HoyHoyCharhang,1200,0.9696969696969697,1.4242424242424243,0.06342494714587735
HoyHoyCharhang,1400,0.8666666666666667,1.4,0.16589147286821704
HoyHoyCharhang,1600,0.9333333333333333,1.2,0.0945736434108527
HoyHoyCharhang,1800,0.9130434782608695,1.565217391304348,0.12335692618806882
HoyHoyCharhang,2000,0.8333333333333334,1.6666666666666667,0.20542635658914726
HoyHoyCharhang,2200,0.8666666666666667,1.4666666666666666,0.16744186046511625
HoyHoyCharhang,2400,0.875,1.875,0.1686046511627907
HoyHoyCharhang,2600,1.0,1.0,0.023255813953488372
HoyHoyCharhang,2800,1.0,7.0,0.16279069767441862
HoyHoyCharhang,3000,0.0,1.0,1.0232558139534884
HusseinFarhat,800,0.9427710843373494,1.3674698795180722,0.0890305407677221
HusseinFarhat,1000,0.9548872180451128,1.4586466165413534,0.07903479629305823
HusseinFarhat,1200,0.9242424242424242,1.5378787878787878,0.1115221987315011
HusseinFarhat,1400,0.8962264150943396,1.679245283018868,0.14282580078982007
HusseinFarhat,1600,0.8831168831168831,1.9610389610389611,0.16248867411658113
HusseinFarhat,1800,0.84375,2.3359375,0.21057412790697674
HusseinFarhat,2000,0.8295454545454546,2.784090909090909,0.2352008456659619
HusseinFarhat,2200,0.8913043478260869,1.9565217391304348,0.154196157735086
HusseinFarhat,2400,0.9122807017543859,3.0,0.15748674010607921
HusseinFarhat,2600,1.0,2.0,0.046511627906976744
HusseinFarhat,2800,1.0,3.5,0.08139534883720931
Hydrotherapy,800,0.9473684210526315,1.1578947368421053,0.07955936352509185
Hydrotherapy,1000,1.0,1.0714285714285714,0.024916943521594685
Hydrotherapy,1200,1.0,1.125,0.02616279069767442
Hydrotherapy,1400,1.0,1.1666666666666667,0.027131782945736437
Hydrotherapy,1600,0.875,2.375,0.18023255813953487
Hydrotherapy,1800,0.8333333333333334,1.5,0.2015503875968992
Hydrotherapy,2000,0.5,4.75,0.6104651162790697
Hydrotherapy,2200,0.75,2.0,0.2965116279069767
Hydrotherapy,2400,0.5,3.3333333333333335,0.5775193798449613
Hyperbolic,800,0.9884020618556701,1.1688144329896908,0.038779669144090104
Hyperbolic,1000,0.989159891598916,1.2764227642276422,0.040524358731959365
Hyperbolic,1200,0.9702233250620348,1.3523573200992556,0.06122684517283162
Hyperbolic,1400,0.961439588688946,1.4961439588688945,0.07335445686614461
Hyperbolic,1600,0.9445676274944568,1.6385809312638582,0.09353890579074922
Hyperbolic,1800,0.8990610328638498,1.983568075117371,0.14706845725515888
Hyperbolic,2000,0.8804347826086957,2.3152173913043477,0.1734074823053589
Hyperbolic,2200,0.8157099697885196,2.486404833836858,0.24211339844024451
Hyperbolic,2400,0.710801393728223,3.3484320557491287,0.3670691191961753
Hyperbolic,2600,0.518796992481203,3.473684210526316,0.5619863612519671
Hyperbolic,2800,0.2777777777777778,4.518518518518518,0.8273040482342808
Hyperbolic,3000,0.22727272727272727,3.3636363636363638,0.8509513742071881
Hyperbolic,3200,0.2,3.6,0.8837209302325582
Hyperbolic,3400,0.0,2.0,1.0465116279069768
I.Gleb,800,1.0,1.3356164383561644,0.03106084740363173
I.Gleb,1000,0.9852941176470589,1.588235294117647,0.05164158686730501
I.Gleb,1200,0.9459459459459459,1.6891891891891893,0.09333752357008171
I.Gleb,1400,0.948051948051948,1.6103896103896105,0.08939897311990337
I.Gleb,1600,0.9634146341463414,2.182926829268293,0.08735110606920027
I.Gleb,1800,0.8904109589041096,1.7123287671232876,0.1494106403313157
I.Gleb,2000,0.875,2.46875,0.1824127906976744
I.Gleb,2200,0.8,2.688888888888889,0.262532299741602
I.Gleb,2400,0.8333333333333334,3.7,0.2527131782945736
I.Gleb,2600,0.8333333333333334,5.222222222222222,0.28811369509043927
I.Gleb,2800,0.4,5.0,0.7162790697674418
I.Gleb,3000,0.25,1.0,0.7732558139534884
I.Gleb,3200,1.0,2.0,0.046511627906976744
I_am_Domik,800,1.0,1.4732142857142858,0.03426079734219269
I_am_Domik,1000,1.0,1.872340425531915,0.04354280059376547
I_am_Domik,1200,0.9595959595959596,2.0606060606060606,0.08832511158092557
I_am_Domik,1400,0.9855072463768116,2.217391304347826,0.06605999325918432
I_am_Domik,1600,0.927536231884058,2.246376811594203,0.1247050893158072
I_am_Domik,1800,0.8529411764705882,2.5294117647058822,0.20588235294117652
I_am_Domik,2000,0.6829268292682927,3.1707317073170733,0.39081111741349966
I_am_Domik,2200,0.68,2.76,0.38418604651162785
I_am_Domik,2400,0.6,5.1,0.5186046511627908
I_am_Domik,2600,0.25,4.5,0.8546511627906976
I_am_Domik,2800,0.0,2.0,1.0465116279069768
I_am_the_Lord_Voldemort,800,0.9629629629629629,1.0,0.06029285099052546
I_am_the_Lord_Voldemort,1000,1.0,1.3333333333333333,0.031007751937984496
I_am_the_Lord_Voldemort,1200,1.0,1.5625,0.036337209302325583
I_am_the_Lord_Voldemort,1400,1.0,1.3125,0.030523255813953487
I_am_the_Lord_Voldemort,1600,0.9285714285714286,1.7857142857142858,0.1129568106312292
I_am_the_Lord_Voldemort,1800,0.9375,1.375,0.09447674418604651
I_am_the_Lord_Voldemort,2000,0.9090909090909091,3.4545454545454546,0.17124735729386897
I_am_the_Lord_Voldemort,2200,0.75,6.875,0.40988372093023256
I_am_the_Lord_Voldemort,2400,1.0,2.25,0.05232558139534884
I_am_the_Lord_Voldemort,2600,1.0,2.6666666666666665,0.06201550387596899
Ice_man2.0,800,0.9594594594594594,1.6216216216216217,0.07825267127592712
Ice_man2.0,1000,0.9583333333333334,1.6666666666666667,0.08042635658914725
Ice_man2.0,1200,0.95,1.4,0.08255813953488376
Ice_man2.0,1400,1.0,1.2352941176470589,0.028727770177838577
Ice_man2.0,1600,0.8235294117647058,3.176470588235294,0.25034199726402195
Ice_man2.0,1800,0.9545454545454546,2.1818181818181817,0.09619450317124731
Ice_man2.0,2000,0.6363636363636364,3.6818181818181817,0.4492600422832981
Ice_man2.0,2200,0.6923076923076923,1.4615384615384615,0.3416815742397138
Ice_man2.0,2400,0.8333333333333334,3.6666666666666665,0.251937984496124
Ice_man2.0,2600,1.0,5.333333333333333,0.12403100775193798
Ice_man2.0,2800,1.0,1.0,0.023255813953488372
Ice_man2.0,3000,1.0,12.0,0.27906976744186046
Ignut,800,0.9642857142857143,1.346938775510204,0.06703844328429044
Ignut,1000,0.9166666666666666,1.5714285714285714,0.11987818383167223
Ignut,1200,0.9550561797752809,2.0786516853932584,0.09328455709432976
Ignut,1400,0.9016393442622951,1.7704918032786885,0.13953488372093023
Ignut,1600,0.900990099009901,2.0792079207920793,0.14736357356665897
Ignut,1800,0.8785046728971962,3.317757009345794,0.19865246685503152
Ignut,2000,0.8214285714285714,4.142857142857143,0.27491694352159474
Ignut,2200,0.7741935483870968,3.7419354838709675,0.31282820705176295
Ignut,2400,0.7894736842105263,3.6842105263157894,0.2962056303549572
Ignut,2600,0.6153846153846154,5.0,0.5008944543828264
Ignut,2800,0.0,1.5,1.0348837209302326
Ignut,3200,0.0,2.5,1.058139534883721
Ignut,3400,0.0,10.0,1.2325581395348837
Include_Z_F_R_,800,0.9759036144578314,1.4698795180722892,0.05827963014850095
Include_Z_F_R_,1000,1.0,1.5,0.03488372093023256
Include_Z_F_R_,1200,0.972972972972973,2.1621621621621623,0.07730986800754237
Include_Z_F_R_,1400,0.918918918918919,2.0,0.12759270898805777
Include_Z_F_R_,1600,0.918918918918919,1.7567567567567568,0.1219358893777498
Include_Z_F_R_,1800,0.7941176470588235,2.5,0.26402188782489744
Include_Z_F_R_,2000,0.8666666666666667,3.0,0.20310077519379843
Include_Z_F_R_,2200,0.88,2.08,0.16837209302325581
Include_Z_F_R_,2400,0.8055555555555556,2.9444444444444446,0.2629198966408268
Include_Z_F_R_,2600,0.9523809523809523,2.3333333333333335,0.10188261351052055
Include_Z_F_R_,2800,0.9310344827586207,2.8275862068965516,0.13472333600641542
Include_Z_F_R_,3000,0.9615384615384616,3.1153846153846154,0.11091234347048298
Include_Z_F_R_,3200,1.0,4.592592592592593,0.10680447889750215
Include_Z_F_R_,3400,1.0,4.8,0.11162790697674418
Intellegent,800,0.9347826086956522,1.3478260869565217,0.09656218402426689
Intellegent,1000,0.9345794392523364,1.588785046728972,0.10236905020647685
Intellegent,1200,0.9057971014492754,1.681159420289855,0.13329962925513983
Intellegent,1400,0.9252336448598131,2.1682242990654204,0.12519017604868507
Intellegent,1600,0.9029850746268657,2.074626865671642,0.1452620617841027
Intellegent,1800,0.9130434782608695,2.753623188405797,0.15099427030670715
Intellegent,2000,0.88,2.72,0.1832558139534884
Intellegent,2200,0.865979381443299,3.134020618556701,0.2069048189882522
Intellegent,2400,0.8524590163934426,3.7049180327868854,0.23370186808997337
Intellegent,2600,0.6923076923076923,4.292307692307692,0.4075134168157424
Intellegent,2800,0.9166666666666666,4.666666666666667,0.19186046511627913
Intellegent,3000,1.0,6.444444444444445,0.14987080103359174
Intellegent,3200,0.8571428571428571,4.571428571428571,0.24916943521594687
Intellegent,3400,1.0,4.2,0.09767441860465116
InternetPerson10,800,0.9817351598173516,1.5205479452054795,0.05362642030370606
InternetPerson10,1000,0.9759036144578314,1.6265060240963856,0.06192210703278226
InternetPerson10,1200,0.92,1.62,0.11767441860465112
InternetPerson10,1400,0.9146341463414634,1.9390243902439024,0.13045944412932498
InternetPerson10,1600,0.9292035398230089,1.7787610619469028,0.11216299650133772
InternetPerson10,1800,0.9494949494949495,2.3636363636363638,0.10547333803147757
InternetPerson10,2000,0.8961038961038961,1.948051948051948,0.14919963757173063
InternetPerson10,2200,0.8533333333333334,3.1066666666666665,0.2189147286821705
InternetPerson10,2400,0.8787878787878788,5.484848484848484,0.24876673713883016
InternetPerson10,2600,0.8461538461538461,3.8846153846153846,0.2441860465116279
InternetPerson10,2800,0.7142857142857143,3.5,0.36710963455149503
InternetPerson10,3000,0.4,2.8,0.6651162790697674
InternetPerson10,3200,0.0,5.333333333333333,1.124031007751938
Irisqwq,800,1.0,1.3636363636363635,0.03171247357293869
Irisqwq,1000,1.0,1.0,0.023255813953488372
Irisqwq,1200,1.0,1.3333333333333333,0.031007751937984496
Irisqwq,1400,0.75,2.25,0.3023255813953488
Irisqwq,1600,1.0,3.0,0.06976744186046512
Irisqwq,1800,1.0,2.1666666666666665,0.050387596899224806
Irisqwq,2200,1.0,4.5,0.10465116279069768
Irisqwq,2400,1.0,2.0,0.046511627906976744
Irisqwq,2600,0.25,2.0,0.7965116279069767
Irisqwq,2800,1.0,1.0,0.023255813953488372
Irisqwq,3200,1.0,1.0,0.023255813953488372
Iroha_3856,800,1.0,1.1647058823529413,0.02708618331053352
Iroha_3856,1000,0.975609756097561,1.4146341463414633,0.05728871242200796
Iroha_3856,1200,0.9411764705882353,1.2647058823529411,0.08823529411764708
Iroha_3856,1400,0.9655172413793104,1.6896551724137931,0.0737770649558941
Iroha_3856,1600,0.9285714285714286,1.3571428571428572,0.10299003322259133
Iroha_3856,1800,0.8695652173913043,1.6956521739130435,0.16986855409504553
Iroha_3856,2000,0.9,2.05,0.14767441860465114
Iroha_3856,2200,0.5833333333333334,2.5833333333333335,0.4767441860465116
Iroha_3856,2400,1.0,1.75,0.040697674418604654
Iroha_3856,2600,0.5,1.0,0.5232558139534884
Is-this-FWHT,800,1.0,1.7666666666666666,0.04108527131782946
Is-this-FWHT,1000,0.8,1.7333333333333334,0.2403100775193798
Is-this-FWHT,1200,0.8461538461538461,2.8461538461538463,0.22003577817531306
Is-this-FWHT,1400,0.8,2.0,0.2465116279069767
Is-this-FWHT,1600,0.6666666666666666,1.5,0.36821705426356593
Is-this-FWHT,1800,0.8333333333333334,2.5,0.22480620155038755
Is-this-FWHT,2000,0.7333333333333333,2.066666666666667,0.3147286821705427
Is-this-FWHT,2200,0.8571428571428571,2.2857142857142856,0.19601328903654489
Is-this-FWHT,2400,0.0,2.8,1.0651162790697675
Is-this-FWHT,2600,0.6666666666666666,1.6666666666666667,0.372093023255814
ItsJerr,800,0.9830508474576272,1.1864406779661016,0.04454079621600311
ItsJerr,1000,0.96875,1.15625,0.05813953488372093
ItsJerr,1200,1.0,1.3043478260869565,0.03033367037411527
ItsJerr,1400,0.9230769230769231,1.4230769230769231,0.11001788908765647
ItsJerr,1600,1.0,1.71875,0.03997093023255814
ItsJerr,1800,0.9032258064516129,1.5483870967741935,0.13278319579894976
ItsJerr,2000,0.8387096774193549,2.4838709677419355,0.2190547636909227
ItsJerr,2200,0.8571428571428571,2.7142857142857144,0.20598006644518277
ItsJerr,2400,0.7142857142857143,3.2857142857142856,0.36212624584717606
ItsJerr,2600,1.0,1.6,0.037209302325581395
ItsJerr,2800,0.0,3.0,1.069767441860465
ItsJerr,3000,1.0,9.0,0.20930232558139536
ItsMyGo,800,1.0,1.21875,0.028343023255813952
ItsMyGo,1000,0.9565217391304348,1.608695652173913,0.08088978766430735
ItsMyGo,1200,1.0,1.4090909090909092,0.03276955602536998
ItsMyGo,1400,1.0,1.45,0.033720930232558136
ItsMyGo,1600,1.0,1.368421052631579,0.03182374541003672
ItsMyGo,1800,1.0,1.8333333333333333,0.04263565891472868
ItsMyGo,2000,0.9259259259259259,2.4814814814814814,0.1317829457364341
ItsMyGo,2200,1.0,1.4705882352941178,0.03419972640218878
ItsMyGo,2400,0.96,1.96,0.08558139534883724
ItsMyGo,2600,0.7666666666666667,4.466666666666667,0.33720930232558133
ItsMyGo,2800,0.9375,2.875,0.12936046511627908
ItsMyGo,3000,0.8571428571428571,5.476190476190476,0.27021040974529353
ItsMyGo,3200,1.0,4.294117647058823,0.09986320109439124
ItsMyGo,3400,1.0,6.514285714285714,0.1514950166112957
ItsNotMeItsYou,800,0.958041958041958,1.3752913752913754,0.07394156231365537
ItsNotMeItsYou,1000,0.9899497487437185,1.678391959798995,0.04908262241439761
ItsNotMeItsYou,1200,0.99,1.85,0.0530232558139535
ItsNotMeItsYou,1400,1.0,2.2383177570093458,0.05205390132579874
ItsNotMeItsYou,1600,0.9958677685950413,2.615702479338843,0.06496252162214106
ItsNotMeItsYou,1800,0.9962962962962963,3.1777777777777776,0.07760551248923336
ItsNotMeItsYou,2000,1.0,2.873684210526316,0.06682986536107711
ItsNotMeItsYou,2200,0.9951690821256038,3.2801932367149758,0.08111448151893047
ItsNotMeItsYou,2400,0.9934640522875817,3.176470588235294,0.08040735674114605
ItsNotMeItsYou,2600,0.9611650485436893,3.262135922330097,0.11469857755701059
ItsNotMeItsYou,2800,0.9811320754716981,2.660377358490566,0.08073716542343132
ItsNotMeItsYou,3000,0.9615384615384616,4.038461538461538,0.1323792486583184
ItsNotMeItsYou,3200,0.8888888888888888,2.0,0.1576227390180879
Ivan_len,800,0.9905660377358491,1.2924528301886793,0.03949100482667837
Ivan_len,1000,0.983739837398374,1.4715447154471544,0.050482132728304
Ivan_len,1200,0.9504950495049505,1.6534653465346534,0.08795763297259962
Ivan_len,1400,0.967741935483871,2.053763440860215,0.08002000500125028
Ivan_len,1600,0.9661016949152542,2.2711864406779663,0.08671659440283802
Ivan_len,1800,0.9368421052631579,2.357894736842105,0.1179926560587515
Ivan_len,2000,0.9298245614035088,2.5526315789473686,0.1295389636882905
Ivan_len,2200,0.9230769230769231,2.9615384615384617,0.14579606440071552
Ivan_len,2400,0.8285714285714286,3.557142857142857,0.2541528239202657
Ivan_len,2600,0.9285714285714286,2.5714285714285716,0.13122923588039864
Ivan_len,2800,1.0,3.0,0.06976744186046512
Ivan_len,3000,0.8333333333333334,2.6666666666666665,0.22868217054263562
Ivan_len,3200,0.0,1.5,1.0348837209302326
JDScript0117,800,1.0,1.2333333333333334,0.028682170542635662
JDScript0117,1000,1.0,1.4,0.03255813953488372
JDScript0117,1200,1.0,1.4516129032258065,0.03375843960990248
JDScript0117,1400,1.0,1.3636363636363635,0.03171247357293869
JDScript0117,1600,1.0,2.0555555555555554,0.04780361757105943
JDScript0117,1800,0.9393939393939394,1.6363636363636365,0.09866102889358698
JDScript0117,2000,0.8571428571428571,2.2285714285714286,0.19468438538205984
JDScript0117,2200,0.8888888888888888,2.5555555555555554,0.17054263565891478
JDScript0117,2400,0.8611111111111112,3.5555555555555554,0.22157622739018082
JDScript0117,2600,0.9310344827586207,3.1379310344827585,0.1419406575781877
JDScript0117,2800,0.8666666666666667,2.8333333333333335,0.19922480620155036
JDScript0117,3000,0.7916666666666666,3.0416666666666665,0.2790697674418605
JDScript0117,3200,0.9375,4.625,0.17005813953488372
JDScript0117,3400,0.9090909090909091,7.0,0.25369978858350956
JaeminPark,800,1.0,1.1538461538461537,0.026833631484794274
JaeminPark,1000,1.0,1.2857142857142858,0.029900332225913623
JaeminPark,1200,0.9565217391304348,1.391304347826087,0.07583417593528814
JaeminPark,1400,1.0,1.3225806451612903,0.030757689422355586
JaeminPark,1600,0.9259259259259259,1.5555555555555556,0.1102497846683893
JaeminPark,1800,0.9642857142857143,2.4285714285714284,0.09219269102990031
JaeminPark,2000,0.9166666666666666,2.5,0.1414728682170543
JaeminPark,2200,0.8333333333333334,1.6111111111111112,0.20413436692506456
JaeminPark,2400,0.8947368421052632,3.0,0.17503059975520197
JaeminPark,2600,0.75,2.0,0.2965116279069767
JaeminPark,2800,0.5,1.0,0.5232558139534884
JaeminPark,3200,1.0,1.0,0.023255813953488372
JagguBandar,800,1.0,1.5435356200527703,0.03589617721052954
JagguBandar,1000,0.9931972789115646,1.5782312925170068,0.04350577440278438
JagguBandar,1200,0.9933774834437086,2.0264900662251657,0.053750192515016205
JagguBandar,1400,0.9797297297297297,2.02027027027027,0.06725329981143935
JagguBandar,1600,0.9693251533742331,2.871165644171779,0.0974461406762734
JagguBandar,1800,0.927536231884058,2.963768115942029,0.1413886080215706
JagguBandar,2000,0.8333333333333334,3.343137254901961,0.24441404468764247
JagguBandar,2200,0.7956989247311828,2.806451612903226,0.269567391847962
JagguBandar,2400,0.576271186440678,2.864406779661017,0.49034292471422936
JagguBandar,2600,0.5882352941176471,3.1176470588235294,0.4842681258549931
JagguBandar,2800,0.2,2.5,0.858139534883721
JagguBandar,3000,0.3333333333333333,2.6666666666666665,0.7286821705426357
JahonaliX,800,0.9990089197224975,1.6342913776015857,0.03899785650079519
JahonaliX,1000,1.0,2.3596730245231607,0.05487611684937583
JahonaliX,1200,1.0,2.4884393063583814,0.05787068154321817
JahonaliX,1400,1.0,2.674626865671642,0.06220062478306144
JahonaliX,1600,0.9427710843373494,3.075301204819277,0.1287475483328664
JahonaliX,1800,0.8971631205673759,2.8404255319148937,0.16889328715157512
JahonaliX,2000,0.8943661971830986,3.683098591549296,0.19128725843432687
JahonaliX,2200,0.8295964125560538,4.690582959641255,0.2794869120867661
JahonaliX,2400,0.7192982456140351,5.157894736842105,0.40065279477764176
JahonaliX,2600,0.6923076923076923,3.923076923076923,0.39892665474060823
JahonaliX,2800,0.4444444444444444,4.666666666666667,0.6640826873385013
JahonaliX,3000,0.8,9.2,0.413953488372093
JahonaliX,3200,0.0,1.0,1.0232558139534884
JahonaliX,3400,0.0,1.0,1.0232558139534884
JakobZ,800,0.9903846153846154,1.2451923076923077,0.03857334525939174
JakobZ,1000,0.9897959183673469,1.336734693877551,0.041290934978642634
JakobZ,1200,0.9896907216494846,1.4123711340206186,0.04315511867657633
JakobZ,1400,1.0,1.8571428571428572,0.04318936877076412
JakobZ,1600,0.9722222222222222,1.712962962962963,0.06761412575366066
JakobZ,1800,0.9821428571428571,2.4017857142857144,0.07371262458471767
JakobZ,2000,0.9433962264150944,3.056603773584906,0.1276875822729267
JakobZ,2200,0.9578947368421052,3.7578947368421054,0.1294981640146879
JakobZ,2400,0.8285714285714286,3.6285714285714286,0.25581395348837205
JakobZ,2600,0.9666666666666667,6.833333333333333,0.19224806201550387
JakobZ,2800,0.6666666666666666,5.166666666666667,0.4534883720930233
JakobZ,3000,0.6,4.4,0.5023255813953489
JakobZ,3200,0.0,2.0,1.0465116279069768
Jensen123,800,0.9887005649717514,1.2259887005649717,0.03981080015766654
Jensen123,1000,0.9748427672955975,1.4276729559748427,0.058358929354980243
Jensen123,1200,0.9791666666666666,1.75,0.061531007751938024
Jensen123,1400,0.9325153374233128,1.822085889570552,0.10985875303181629
Jensen123,1600,0.8942731277533039,2.317180616740088,0.159614793566233
Jensen123,1800,0.9534883720930233,2.5310077519379846,0.10537227330088333
Jensen123,2000,0.9809523809523809,2.6714285714285713,0.08117386489479517
Jensen123,2200,0.9747899159663865,3.1092436974789917,0.09751807699824118
Jensen123,2400,0.9722222222222222,3.0833333333333335,0.09948320413436694
Jensen123,2600,0.8,8.8,0.4046511627906977
Jensen123,2800,0.0,6.0,1.1395348837209303
Jensen123,3000,0.0,3.0,1.069767441860465
JerrySyr,800,1.0,1.2278481012658229,0.02855460700618193
JerrySyr,1000,1.0,1.3235294117647058,0.030779753761969904
JerrySyr,1200,0.9777777777777777,1.4,0.054780361757105975
JerrySyr,1400,0.9666666666666667,1.7,0.07286821705426355
JerrySyr,1600,0.9555555555555556,1.5777777777777777,0.08113695090439271
JerrySyr,1800,0.9318181818181818,2.1136363636363638,0.1173361522198732
JerrySyr,2000,0.9411764705882353,2.215686274509804,0.1103511171910625
JerrySyr,2200,0.9565217391304348,2.152173913043478,0.09352881698685538
JerrySyr,2400,0.972972972972973,2.4054054054054053,0.08296668761785035
JerrySyr,2600,0.8571428571428571,2.2857142857142856,0.19601328903654489
JerrySyr,2800,1.0,1.0,0.023255813953488372
Joacoini,800,1.0,1.1388888888888888,0.026485788113695088
Joacoini,1000,0.9705882352941176,1.4705882352941178,0.06361149110807114
Joacoini,1200,0.975609756097561,1.7560975609756098,0.06522972206466253
Joacoini,1400,1.0,1.975,0.045930232558139536
Joacoini,1600,0.96,1.96,0.08558139534883724
Joacoini,1800,0.9375,2.21875,0.11409883720930233
Joacoini,2000,0.9259259259259259,2.3703703703703702,0.12919896640826872
Joacoini,2200,0.7777777777777778,2.3333333333333335,0.27648578811369506
Joacoini,2400,0.9159663865546218,3.0756302521008405,0.15555989837795586
Joacoini,2600,1.0,3.05,0.07093023255813953
Joacoini,2800,0.7142857142857143,5.5,0.41362126245847175
Joacoini,3000,0.6666666666666666,2.3333333333333335,0.3875968992248062
Joacoini,3200,0.5,2.5,0.5581395348837209
JohnNash01,800,0.875,1.15625,0.15188953488372092
JohnNash01,1000,0.6363636363636364,2.0,0.41014799154334036
JohnNash01,1200,0.8421052631578947,1.2105263157894737,0.18604651162790703
JohnNash01,1400,0.6,2.8,0.4651162790697675
JohnNash01,1600,0.5833333333333334,2.5,0.47480620155038755
JohnNash01,1800,0.3684210526315789,1.5789473684210527,0.6682986536107711
JohnNash01,2000,0.8,1.6,0.23720930232558135
JohnNash01,2200,0.6,1.6,0.4372093023255814
JohnNash01,2400,0.25,3.0,0.8197674418604651
JohnNash01,2600,0.0,2.0,1.0465116279069768
JohnNash01,2800,0.5,1.0,0.5232558139534884
JohnNash01,3000,1.0,10.0,0.23255813953488372
JohnNash01,3400,0.3333333333333333,1.6666666666666667,0.7054263565891473
Joler_,800,0.9959016393442623,1.3954918032786885,0.03655165840640483
Joler_,1000,0.9857142857142858,1.7047619047619047,0.05393133997785155
Joler_,1200,0.9888268156424581,1.776536312849162,0.05248798233077821
Joler_,1400,0.9464285714285714,2.1607142857142856,0.10382059800664455
Joler_,1600,0.9473684210526315,2.357894736842105,0.1074663402692779
Joler_,1800,0.9392265193370166,2.8011049723756907,0.12591545676474364
Joler_,2000,0.868421052631579,2.9298245614035086,0.19971440228478168
Joler_,2200,0.8723404255319149,3.425531914893617,0.2073231073725878
Joler_,2400,0.9285714285714286,3.517857142857143,0.15323920265780727
Joler_,2600,0.6666666666666666,2.8333333333333335,0.39922480620155043
Joler_,2800,0.875,6.25,0.27034883720930236
Joler_,3000,0.5,8.0,0.686046511627907
Joler_,3200,0.0,3.0,1.069767441860465
Joler_,3400,0.0,1.0,1.0232558139534884
Jrke,800,0.9705882352941176,1.5,0.06429548563611492
Jrke,1000,0.9791666666666666,2.09375,0.06952519379844965
Jrke,1200,0.9550561797752809,2.2808988764044944,0.09798798014110269
Jrke,1400,0.9247311827956989,2.150537634408602,0.12528132033008255
Jrke,1600,0.9523809523809523,2.942857142857143,0.11605758582502775
Jrke,1800,0.8984375,3.109375,0.1738735465116279
Jrke,2000,0.8701298701298701,4.103896103896104,0.2253095741467835
Jrke,2200,0.8411214953271028,5.11214953271028,0.27776570310802
Jrke,2400,0.6764705882352942,5.705882352941177,0.45622435020519836
Jrke,2600,0.5,6.375,0.6482558139534884
Jrke,2800,0.3333333333333333,18.5,1.0968992248062017
Jrke,3000,0.0,1.0,1.0232558139534884
Jrke,3400,0.25,19.0,1.191860465116279
JunkieDonkey,800,0.9928571428571429,1.2523809523809524,0.03626799557032112
JunkieDonkey,1000,0.994535519125683,1.4426229508196722,0.039013851823611646
JunkieDonkey,1200,0.9854368932038835,1.558252427184466,0.050801535335290124
JunkieDonkey,1400,0.9629629629629629,2.052910052910053,0.08477913129075926
JunkieDonkey,1600,0.9703389830508474,2.097457627118644,0.07843910130074894
JunkieDonkey,1800,0.9744680851063829,2.3191489361702127,0.079465611083622
JunkieDonkey,2000,0.9852941176470589,2.676470588235294,0.07694938440492471
JunkieDonkey,2200,0.9489795918367347,2.8214285714285716,0.11663502610346459
JunkieDonkey,2400,0.9726775956284153,2.9234972677595628,0.0953107129241327
JunkieDonkey,2600,0.9550561797752809,3.764044943820225,0.13247974915077082
JunkieDonkey,2800,0.9130434782608695,4.739130434782608,0.19716885743174928
JunkieDonkey,3000,0.9166666666666666,2.1666666666666665,0.13372093023255818
JunkieDonkey,3200,0.6666666666666666,7.333333333333333,0.5038759689922481
JunkieDonkey,3400,1.0,6.75,0.1569767441860465
K8He,800,0.9767441860465116,1.441860465116279,0.05678745267712281
K8He,1000,1.0,1.6875,0.03924418604651163
K8He,1200,1.0,2.066666666666667,0.048062015503875975
K8He,1400,1.0,1.5,0.03488372093023256
K8He,1600,1.0,1.5714285714285714,0.03654485049833887
K8He,1800,1.0,2.391304347826087,0.055611729019211326
K8He,2000,0.9473684210526315,1.5789473684210527,0.08935128518971854
K8He,2200,1.0,2.864864864864865,0.0666247642991829
K8He,2400,0.9830508474576272,2.8135593220338984,0.08238076468269605
K8He,2600,0.9736842105263158,3.236842105263158,0.10159118727050181
K8He,2800,0.9555555555555556,3.088888888888889,0.11627906976744182
K8He,3000,0.9821428571428571,3.107142857142857,0.09011627906976749
K8He,3200,1.0,3.5,0.08139534883720931
K8He,3400,0.9090909090909091,2.4545454545454546,0.1479915433403806
KALARRY,800,0.9603174603174603,1.3412698412698412,0.07087486157253596
KALARRY,1000,0.8813559322033898,1.6610169491525424,0.15727236893969257
KALARRY,1200,0.9390243902439024,1.8048780487804879,0.10294951786727174
KALARRY,1400,0.9183673469387755,1.9795918367346939,0.12766967252017083
KALARRY,1600,0.8421052631578947,2.0350877192982457,0.20522235822113427
KALARRY,1800,0.8113207547169812,3.30188679245283,0.26546731022378234
KALARRY,2000,0.9523809523809523,2.5714285714285716,0.10741971207087492
KALARRY,2200,0.9166666666666666,3.4444444444444446,0.16343669250645998
KALARRY,2400,0.6190476190476191,3.7142857142857144,0.4673311184939092
KALARRY,2600,0.5294117647058824,5.647058823529412,0.6019151846785226
KALARRY,2800,0.5,8.5,0.6976744186046512
KALARRY,3000,1.0,4.0,0.09302325581395349
KALARRY,3400,0.0,2.0,1.0465116279069768
KIRIJIJI,800,0.9974358974358974,1.082051282051282,0.027728085867620742
KIRIJIJI,1000,1.0,1.1705882352941177,0.027222982216142274
KIRIJIJI,1200,0.994475138121547,1.2375690607734806,0.034305537710394435
KIRIJIJI,1400,1.0,1.2732558139534884,0.02961060032449973
KIRIJIJI,1600,0.9743589743589743,1.3846153846153846,0.05784138342277879
KIRIJIJI,1800,0.965,1.885,0.07883720930232561
KIRIJIJI,2000,0.922077922077922,2.0454545454545454,0.12549078828148597
KIRIJIJI,2200,0.8823529411764706,2.5098039215686274,0.17601459188326496
KIRIJIJI,2400,0.8205128205128205,3.58974358974359,0.26296958855098396
KIRIJIJI,2600,0.45454545454545453,4.909090909090909,0.6596194503171247
KIRIJIJI,2800,0.6666666666666666,3.3333333333333335,0.41085271317829464
KSCD,800,1.0,1.2169811320754718,0.02830188679245283
KSCD,1000,0.9807692307692307,1.4038461538461537,0.05187835420393564
KSCD,1200,0.9692307692307692,1.9230769230769231,0.07549194991055456
KSCD,1400,0.9824561403508771,2.245614035087719,0.06976744186046517
KSCD,1600,0.9850746268656716,2.3582089552238807,0.06976744186046516
KSCD,1800,0.958904109589041,2.410958904109589,0.09716470213443777
KSCD,2000,0.9753086419753086,2.888888888888889,0.0918748205569911
KSCD,2200,0.9850746268656716,2.5671641791044775,0.07462686567164184
KSCD,2400,0.9736842105263158,2.8684210526315788,0.09302325581395346
KSCD,2600,1.0,3.2083333333333335,0.0746124031007752
KSCD,2800,0.9565217391304348,3.0434782608695654,0.11425682507583415
KSCD,3000,1.0,2.95,0.0686046511627907
KSCD,3200,1.0,3.3,0.07674418604651162
KSCD,3400,1.0,3.0,0.06976744186046512
Kaito_Kuroba,800,1.0,1.1818181818181819,0.027484143763213533
Kaito_Kuroba,1000,1.0,1.0,0.023255813953488372
Kaito_Kuroba,1200,1.0,1.75,0.040697674418604654
Kaito_Kuroba,1400,1.0,2.0,0.046511627906976744
Kaito_Kuroba,1600,1.0,1.0,0.023255813953488372
Kaito_Kuroba,1800,1.0,1.3333333333333333,0.031007751937984496
Kaito_Kuroba,2000,1.0,2.0,0.046511627906976744
Kaito_Kuroba,2200,1.0,1.0,0.023255813953488372
Kaito_Kuroba,2400,0.3333333333333333,2.0,0.7131782945736435
Kako,800,0.9902912621359223,1.1359223300970873,0.036125536238428534
Kako,1000,0.9473684210526315,1.087719298245614,0.0779273765809874
Kako,1200,0.9473684210526315,1.543859649122807,0.0885352917176663
Kako,1400,1.0,1.4230769230769231,0.03309481216457961
Kako,1600,1.0,1.5217391304347827,0.03538928210313448
Kako,1800,0.9583333333333334,1.6875,0.08091085271317826
Kako,2000,0.8636363636363636,2.659090909090909,0.1982029598308668
Kako,2200,0.8857142857142857,2.8,0.17940199335548176
Kako,2400,0.7142857142857143,4.285714285714286,0.3853820598006644
Kako,2600,0.25,2.375,0.8052325581395349
Kako,3000,0.5,9.75,0.7267441860465116
Kako,3200,0.5,1.0,0.5232558139534884
Kako,3400,0.0,11.0,1.255813953488372
Kevin114514,800,0.9854545454545455,1.2836363636363637,0.04439746300211415
Kevin114514,1000,0.9711538461538461,1.5384615384615385,0.0646243291592129
Kevin114514,1200,0.9351851851851852,1.6388888888888888,0.10292850990525404
Kevin114514,1400,0.9133858267716536,1.5905511811023623,0.12360373557956414
Kevin114514,1600,0.9133858267716536,2.0708661417322833,0.13477385094305067
Kevin114514,1800,0.8489208633093526,2.1654676258992804,0.20143884892086325
Kevin114514,2000,0.852112676056338,2.6267605633802815,0.20897477890599414
Kevin114514,2200,0.8636363636363636,2.8863636363636362,0.20348837209302323
Kevin114514,2400,0.8857142857142857,2.8642857142857143,0.18089700996677743
Kevin114514,2600,0.9035087719298246,3.43859649122807,0.1764585883312933
Kevin114514,2800,0.9606741573033708,4.331460674157303,0.14005748628168274
Kevin114514,3000,0.9074074074074074,3.5277777777777777,0.1746339362618432
Kevin114514,3200,0.9224137931034483,4.525862068965517,0.18283881315156375
Kevin114514,3400,0.8785714285714286,4.821428571428571,0.2335548172757475
KevinWan,800,0.967479674796748,1.113821138211382,0.058423142370958546
KevinWan,1000,0.9692307692307692,1.1538461538461537,0.05760286225402504
KevinWan,1200,0.9733333333333334,1.2533333333333334,0.055813953488372044
KevinWan,1400,0.9555555555555556,1.3111111111111111,0.07493540051679581
KevinWan,1600,0.9774436090225563,1.6390977443609023,0.06067494317188325
KevinWan,1800,0.9673202614379085,2.111111111111111,0.08177534579723361
KevinWan,2000,0.9911894273127754,2.343612334801762,0.06331318512447491
KevinWan,2200,0.9790794979079498,2.087866108786611,0.06947552787778535
KevinWan,2400,0.9725490196078431,2.780392156862745,0.09211126310989513
KevinWan,2600,0.9333333333333333,2.4095238095238094,0.12270210409745291
KevinWan,2800,0.9245283018867925,2.8867924528301887,0.14260640631856075
KevinWan,3000,0.8636363636363636,2.5454545454545454,0.19556025369978858
KevinWan,3200,0.7333333333333333,4.666666666666667,0.3751937984496125
KevinWan,3400,0.75,5.75,0.38372093023255816
Kherkani_36,800,1.0,1.263157894736842,0.029375764993880046
Kherkani_36,1000,1.0,1.0,0.023255813953488372
Kherkani_36,1200,1.0,1.1818181818181819,0.027484143763213533
Kherkani_36,1400,1.0,1.0,0.023255813953488372
Kherkani_36,1600,1.0,1.6,0.037209302325581395
Kherkani_36,1800,0.8,1.6,0.23720930232558135
Kherkani_36,2000,1.0,1.2,0.027906976744186046
Kherkani_36,2200,1.0,1.6,0.037209302325581395
Kherkani_36,2400,1.0,2.6666666666666665,0.06201550387596899
Kherkani_36,2600,1.0,2.3333333333333335,0.054263565891472874
Kherkani_36,3000,0.0,1.0,1.0232558139534884
Kherkani_36,3200,0.0,2.0,1.0465116279069768
Kherkani_36,3400,0.0,1.0,1.0232558139534884
KiKoS,800,0.9913793103448276,1.5172413793103448,0.043905372894947836
KiKoS,1000,0.9545454545454546,1.5454545454545454,0.08139534883720925
KiKoS,1200,0.9857142857142858,1.9857142857142858,0.06046511627906972
KiKoS,1400,0.9384615384615385,2.3692307692307693,0.11663685152057246
KiKoS,1600,0.9658119658119658,2.658119658119658,0.09600477042337506
KiKoS,1800,0.9520958083832335,2.8922155688622753,0.11516501879961012
KiKoS,2000,0.9038461538461539,3.9166666666666665,0.1872391174716756
KiKoS,2200,0.8571428571428571,4.510204081632653,0.2477456098718558
KiKoS,2400,0.5952380952380952,5.809523809523809,0.5398671096345515
KiKoS,2600,0.6818181818181818,4.0,0.4112050739957717
KiKoS,2800,0.5454545454545454,11.363636363636363,0.718816067653277
KiKoS,3000,0.9,12.9,0.39999999999999997
KiKoS,3200,0.25,4.75,0.8604651162790697
KiKoS,3400,1.0,6.0,0.13953488372093023
Kieray,800,1.0,1.0348837209302326,0.02406706327744727
Kieray,1000,1.0,1.125,0.02616279069767442
Kieray,1200,1.0,1.290909090909091,0.03002114164904863
Kieray,1400,1.0,1.225,0.028488372093023257
Kieray,1600,1.0,1.5423728813559323,0.03586913677571935
Kieray,1800,0.9846153846153847,1.6153846153846154,0.05295169946332732
Kieray,2000,0.9574468085106383,1.9574468085106382,0.08807521029193463
Kieray,2200,0.975609756097561,1.7804878048780488,0.06579693703913786
Kieray,2400,0.9423076923076923,3.0,0.12745974955277284
Kieray,2600,1.0,2.5384615384615383,0.059033989266547404
Kieray,2800,1.0,3.5789473684210527,0.0832313341493268
Kieray,3000,1.0,2.8181818181818183,0.06553911205073996
Kieray,3200,1.0,1.5,0.03488372093023256
Kieray,3400,1.0,1.75,0.040697674418604654
Kira_1234,800,0.9928774928774928,1.121082621082621,0.033194195984893704
Kira_1234,1000,0.9970059880239521,1.3023952095808384,0.03328227266397435
Kira_1234,1200,0.9855907780979827,1.420749279538905,0.04744990282152674
Kira_1234,1400,0.9825072886297376,1.5043731778425655,0.05247813411078721
Kira_1234,1600,0.9747191011235955,1.699438202247191,0.06480271753331593
Kira_1234,1800,0.9625668449197861,2.320855614973262,0.09140654147494096
Kira_1234,2000,0.9844559585492227,2.5259067357512954,0.0742860585612725
Kira_1234,2200,0.968299711815562,2.6714697406340058,0.09382749145499632
Kira_1234,2400,0.9464285714285714,3.085714285714286,0.1253322259136213
Kira_1234,2600,0.76,3.2,0.3144186046511628
Kira_1234,2800,0.5,2.8333333333333335,0.5658914728682171
Kira_1234,3000,0.4,2.2,0.6511627906976744
Kira_1234,3400,0.0,1.0,1.0232558139534884
KnightmareLogic,800,0.9523809523809523,1.1904761904761905,0.07530454042081955
KnightmareLogic,1000,0.9,1.4,0.1325581395348837
KnightmareLogic,1200,0.8571428571428571,1.1428571428571428,0.1694352159468439
KnightmareLogic,1400,1.0,2.375,0.055232558139534885
KnightmareLogic,1600,1.0,1.2857142857142858,0.029900332225913623
KnightmareLogic,1800,1.0,1.5,0.03488372093023256
KnightmareLogic,2000,0.8,1.4,0.2325581395348837
KnightmareLogic,2200,1.0,2.1666666666666665,0.050387596899224806
KnightmareLogic,2400,1.0,1.7142857142857142,0.03986710963455149
KnightmareLogic,2600,1.0,2.0,0.046511627906976744
KnightmareLogic,2800,1.0,1.0,0.023255813953488372
Kouba64,800,1.0,1.1951219512195121,0.02779353374929098
Kouba64,1000,0.9310344827586207,1.3448275862068966,0.10024057738572577
Kouba64,1200,1.0,1.469387755102041,0.034171808258187
Kouba64,1400,0.9743589743589743,1.4871794871794872,0.06022659511031606
Kouba64,1600,1.0,1.380952380952381,0.03211517165005537
Kouba64,1800,0.9736842105263158,2.0526315789473686,0.07405140758873927
Kouba64,2000,0.9846153846153847,2.169230769230769,0.06583184257602856
Kouba64,2200,0.9893617021276596,2.265957446808511,0.06333498268184064
Kouba64,2400,0.9322033898305084,2.3220338983050848,0.12179739850216795
Kouba64,2600,0.75,2.5625,0.30959302325581395
Kouba64,2800,0.6,2.9,0.46744186046511627
Kouba64,3000,0.0,1.0,1.0232558139534884
Kouba64,3200,0.6666666666666666,4.333333333333333,0.434108527131783
Kouba64,3400,0.0,1.0,1.0232558139534884
Kriz_Wu,800,0.9207920792079208,1.4554455445544554,0.11305549159567116
Kriz_Wu,1000,0.875,1.25,0.15406976744186046
Kriz_Wu,1200,0.8771929824561403,1.5789473684210527,0.15952672378620975
Kriz_Wu,1400,0.9347826086956522,1.5434782608695652,0.10111223458038418
Kriz_Wu,1600,0.9315068493150684,1.9863013698630136,0.11468620579802491
Kriz_Wu,1800,0.9850746268656716,1.5970149253731343,0.05206525511975013
Kriz_Wu,2000,0.9239130434782609,2.108695652173913,0.12512639029322548
Kriz_Wu,2200,0.8571428571428571,2.2142857142857144,0.1943521594684386
Kriz_Wu,2400,0.8666666666666667,2.6533333333333333,0.19503875968992246
Kriz_Wu,2600,0.7948717948717948,3.076923076923077,0.27668455575432327
Kriz_Wu,2800,0.7777777777777778,2.7777777777777777,0.28682170542635654
Kriz_Wu,3000,0.7857142857142857,3.9285714285714284,0.30564784053156147
Kriz_Wu,3200,1.0,1.3333333333333333,0.031007751937984496
Kriz_Wu,3400,0.25,3.0,0.8197674418604651
KroosTheKeenGlint,800,0.9955947136563876,1.1497797356828194,0.031144349964143055
KroosTheKeenGlint,1000,1.0,1.2626262626262625,0.02936340145642471
KroosTheKeenGlint,1200,1.0,1.2653061224489797,0.029425723777883248
KroosTheKeenGlint,1400,0.98989898989899,1.2727272727272727,0.03969931876908617
KroosTheKeenGlint,1600,1.0,1.5510204081632653,0.036070242050308496
KroosTheKeenGlint,1800,0.9722222222222222,1.7407407407407407,0.068260120585702
KroosTheKeenGlint,2000,0.967741935483871,1.967741935483871,0.07801950487621903
KroosTheKeenGlint,2200,1.0,1.9673913043478262,0.04575328614762386
KroosTheKeenGlint,2400,0.9357798165137615,3.532110091743119,0.1463622786430552
KroosTheKeenGlint,2600,0.9743589743589743,4.333333333333333,0.12641621943947529
KroosTheKeenGlint,2800,0.8,5.56,0.32930232558139527
KroosTheKeenGlint,3000,0.7142857142857143,3.0,0.3554817275747508
KroosTheKeenGlint,3200,0.7692307692307693,6.384615384615385,0.3792486583184257
KroosTheKeenGlint,3400,0.6666666666666666,3.3333333333333335,0.41085271317829464
Kstarile,800,1.0,1.1,0.025581395348837212
Kstarile,1000,1.0,1.6666666666666667,0.03875968992248062
Kstarile,1200,1.0,1.0,0.023255813953488372
Kstarile,1400,1.0,2.8,0.06511627906976744
Kstarile,1600,1.0,1.25,0.029069767441860465
Kstarile,1800,1.0,2.5,0.05813953488372093
Kstarile,2000,1.0,1.0,0.023255813953488372
Kstarile,2200,1.0,1.0,0.023255813953488372
Kstarile,2400,0.5,1.5,0.5348837209302325
Kude,800,1.0,1.0572289156626506,0.024586718968898854
Kude,1000,0.996551724137931,1.110344827586207,0.029270248596631923
Kude,1200,0.9965397923875432,1.1557093425605536,0.030337169067353394
Kude,1400,0.9925650557620818,1.2156133828996283,0.03570502291000262
Kude,1600,0.9895104895104895,1.2657342657342658,0.03992519108798182
Kude,1800,0.9965870307167235,1.4402730375426622,0.036907691086594224
Kude,2000,0.9841269841269841,1.5436507936507937,0.05177187153931346
Kude,2200,0.9543568464730291,1.6058091286307055,0.08298755186721987
Kude,2400,0.9070796460176991,1.752212389380531,0.13366947931673187
Kude,2600,0.8679245283018868,2.0377358490566038,0.17946467749012723
Kude,2800,0.6956521739130435,1.7608695652173914,0.34529828109201216
Kude,3000,0.6,2.6,0.4604651162790698
Kude,3200,0.6,1.0,0.4232558139534884
Kude,3400,0.0,1.0,1.0232558139534884
Kuroni,800,1.0,1.5104895104895104,0.035127663034639774
Kuroni,1000,0.9175257731958762,1.7216494845360826,0.12251258690961404
Kuroni,1200,0.981651376146789,1.7339449541284404,0.05867292511201195
Kuroni,1400,0.9719626168224299,1.8691588785046729,0.07150619430558575
Kuroni,1600,0.967479674796748,2.2195121951219514,0.08413688788050666
Kuroni,1800,0.971830985915493,2.2535211267605635,0.08057648214870616
Kuroni,2000,0.9743589743589743,2.2564102564102564,0.07811568276684558
Kuroni,2200,0.9583333333333334,2.558333333333333,0.10116279069767438
Kuroni,2400,0.9536423841059603,3.006622516556291,0.11627906976744187
Kuroni,2600,0.9528301886792453,2.8962264150943398,0.11452391399736726
Kuroni,2800,0.9036144578313253,2.6506024096385543,0.15802745867189688
Kuroni,3000,0.9230769230769231,2.7948717948717947,0.14192009540846745
Kuroni,3200,0.9545454545454546,3.6363636363636362,0.1300211416490486
Kuroni,3400,1.0,2.85,0.06627906976744186
Kustov_Vadim_533,800,1.0,1.3397683397683398,0.031157403250426506
Kustov_Vadim_533,1000,1.0,1.6521739130434783,0.03842264914054601
Kustov_Vadim_533,1200,0.9553571428571429,1.9107142857142858,0.08907807308970095
Kustov_Vadim_533,1400,0.9327731092436975,2.0168067226890756,0.11412937267930426
Kustov_Vadim_533,1600,0.9652777777777778,2.5833333333333335,0.09479974160206717
Kustov_Vadim_533,1800,0.8987341772151899,2.829113924050633,0.16705916985575506
Kustov_Vadim_533,2000,0.9307692307692308,3.246153846153846,0.14472271914132379
Kustov_Vadim_533,2200,0.912621359223301,2.7572815533980584,0.15150146759990965
Kustov_Vadim_533,2400,0.9146341463414634,3.0853658536585367,0.15711854792966531
Kustov_Vadim_533,2600,0.9285714285714286,5.125,0.1906146179401993
Kustov_Vadim_533,2800,0.8571428571428571,3.142857142857143,0.21594684385382062
Kustov_Vadim_533,3000,1.0,6.333333333333333,0.14728682170542634
Kustov_Vadim_533,3200,0.6666666666666666,5.333333333333333,0.45736434108527135
Kustov_Vadim_533,3400,1.0,14.0,0.32558139534883723
LHWYAN,800,0.9948979591836735,1.153061224489796,0.03191741813004267
LHWYAN,1000,0.9888888888888889,1.2555555555555555,0.0403100775193798
LHWYAN,1200,1.0,1.5333333333333334,0.03565891472868217
LHWYAN,1400,0.987012987012987,2.038961038961039,0.06040471156750227
LHWYAN,1600,1.0,1.736842105263158,0.04039167686658507
LHWYAN,1800,0.9882352941176471,2.4705882352941178,0.06922024623803005
LHWYAN,2000,1.0,2.3333333333333335,0.054263565891472874
LHWYAN,2200,0.9285714285714286,2.1666666666666665,0.12181616832779621
LHWYAN,2400,0.76,2.2,0.2911627906976744
LHWYAN,2600,0.8666666666666667,3.8666666666666667,0.22325581395348834
LHWYAN,2800,1.0,3.0,0.06976744186046512
LHWYAN,3000,1.0,3.0,0.06976744186046512
LHWYAN,3200,1.0,7.5,0.1744186046511628
LHWYAN,3400,1.0,1.0,0.023255813953488372
LLI_E_P_JI_O_K,800,1.0,1.2830188679245282,0.0298376480912681
LLI_E_P_JI_O_K,1000,0.9622641509433962,1.3018867924528301,0.0680122860903905
LLI_E_P_JI_O_K,1200,0.9848484848484849,1.2424242424242424,0.04404510218463706
LLI_E_P_JI_O_K,1400,0.9117647058823529,1.6323529411764706,0.12619699042407662
LLI_E_P_JI_O_K,1600,0.831858407079646,2.4867256637168142,0.22597242230911713
LLI_E_P_JI_O_K,1800,0.7777777777777778,3.876543209876543,0.31237438989376975
LLI_E_P_JI_O_K,2000,0.7014925373134329,3.7313432835820897,0.3852828878861506
LLI_E_P_JI_O_K,2200,0.6046511627906976,3.0,0.4651162790697675
LLI_E_P_JI_O_K,2400,0.3888888888888889,8.0,0.7971576227390181
LLI_E_P_JI_O_K,2600,0.5789473684210527,6.473684210526316,0.5716034271725826
LLI_E_P_JI_O_K,2800,0.25,6.25,0.8953488372093024
LLI_E_P_JI_O_K,3000,0.5714285714285714,7.571428571428571,0.6046511627906976
LLI_E_P_JI_O_K,3200,0.0,15.0,1.3488372093023255
LLI_E_P_JI_O_K,3400,0.0,12.75,1.2965116279069768
LLLjsQAQ,800,1.0,1.9090909090909092,0.04439746300211417
LLLjsQAQ,1000,1.0,1.0,0.023255813953488372
LLLjsQAQ,1200,1.0,1.6,0.037209302325581395
LLLjsQAQ,1400,1.0,2.6,0.06046511627906977
LLLjsQAQ,1800,1.0,1.875,0.0436046511627907
LLLjsQAQ,2200,1.0,1.5,0.03488372093023256
LLLjsQAQ,2400,1.0,3.0,0.06976744186046512
LLLjsQAQ,2600,1.0,1.0,0.023255813953488372
LLLjsQAQ,2800,1.0,1.0,0.023255813953488372
LLLjsQAQ,3400,1.0,1.0,0.023255813953488372
Labib_Morol,800,0.8888888888888888,1.3333333333333333,0.14211886304909566
Labib_Morol,1000,1.0,1.0,0.023255813953488372
Labib_Morol,1200,1.0,1.2,0.027906976744186046
Labib_Morol,1400,1.0,3.0,0.06976744186046512
Labib_Morol,1600,1.0,2.0,0.046511627906976744
Labib_Morol,1800,1.0,2.0,0.046511627906976744
Labib_Morol,2000,1.0,1.25,0.029069767441860465
Labib_Morol,2200,1.0,2.5,0.05813953488372093
Labib_Morol,2400,0.3333333333333333,1.3333333333333333,0.6976744186046513
Labib_Morol,2600,0.0,1.0,1.0232558139534884
Labib_Morol,3400,0.0,7.0,1.1627906976744187
LadyMisserina,800,1.0,1.1923076923076923,0.027728085867620753
LadyMisserina,1000,1.0,1.3125,0.030523255813953487
LadyMisserina,1200,1.0,1.45,0.033720930232558136
LadyMisserina,1400,1.0,1.6666666666666667,0.03875968992248062
LadyMisserina,1600,1.0,1.5833333333333333,0.036821705426356585
LadyMisserina,1800,0.6666666666666666,2.111111111111111,0.3824289405684755
LadyMisserina,2000,1.0,2.3333333333333335,0.054263565891472874
LadyMisserina,2200,0.625,2.375,0.43023255813953487
LadyMisserina,2400,0.5,2.3333333333333335,0.5542635658914729
LadyMisserina,2600,1.0,3.0,0.06976744186046512
LadyMisserina,2800,0.0,1.0,1.0232558139534884
LadyMisserina,3400,0.0,3.0,1.069767441860465
Leasier,800,1.0,1.8580246913580247,0.043209876543209874
Leasier,1000,1.0,1.9696969696969697,0.04580690627202255
Leasier,1200,1.0,2.090909090909091,0.04862579281183932
Leasier,1400,1.0,1.9508196721311475,0.04536789935188715
Leasier,1600,1.0,2.2203389830508473,0.051635790303508074
Leasier,1800,1.0,2.7049180327868854,0.06290507052992757
Leasier,2000,1.0,2.537313432835821,0.05900728913571677
Leasier,2200,0.9866666666666667,2.973333333333333,0.08248062015503874
Leasier,2400,0.9801980198019802,2.9702970297029703,0.08887865530739122
Leasier,2600,1.0,2.9696969696969697,0.06906272022551092
Leasier,2800,0.9846153846153847,2.923076923076923,0.0833631484794275
Leasier,3000,1.0,2.5217391304347827,0.05864509605662285
Leasier,3200,1.0,5.260869565217392,0.12234580384226491
Leasier,3400,1.0,5.529411764705882,0.12859097127222982
Lehe,800,0.9588235294117647,1.7411764705882353,0.08166894664842678
Lehe,1000,0.972972972972973,1.8108108108108107,0.06913890634820863
Lehe,1200,0.9850746268656716,1.9850746268656716,0.06108989934050681
Lehe,1400,0.9433962264150944,2.2830188679245285,0.10969723562966213
Lehe,1600,0.9180327868852459,2.622950819672131,0.142966069386199
Lehe,1800,0.9117647058823529,2.588235294117647,0.14842681258549933
Lehe,2000,0.8823529411764706,2.803921568627451,0.1828545371637027
Lehe,2200,0.9384615384615385,2.5076923076923077,0.11985688729874777
Lehe,2400,1.0,3.0918367346938775,0.0719031798766018
Lehe,2600,1.0,2.511627906976744,0.058409951325040566
Lehe,2800,1.0,2.803030303030303,0.06518675123326287
Lehe,3000,0.9512195121951219,3.707317073170732,0.13499716392512767
Lehe,3200,1.0,3.5294117647058822,0.08207934336525308
Lehe,3400,1.0,4.5,0.10465116279069768
Lemansky,800,0.9772727272727273,1.3636363636363635,0.054439746300211395
Lemansky,1000,0.9375,1.4375,0.09593023255813954
Lemansky,1200,0.8947368421052632,2.526315789473684,0.16401468788249693
Lemansky,1400,0.9444444444444444,2.111111111111111,0.1046511627906977
Lemansky,1600,0.8,1.6666666666666667,0.2387596899224806
Lemansky,1800,0.75,2.4375,0.3066860465116279
Lemansky,2000,0.75,2.5833333333333335,0.31007751937984496
Lemansky,2200,0.625,1.125,0.4011627906976744
Lemansky,2400,0.7,2.7,0.3627906976744186
Lemansky,2600,0.25,1.5,0.7848837209302325
Lemansky,2800,0.0,1.0,1.0232558139534884
Lemansky,3200,0.0,6.0,1.1395348837209303
Lemansky,3400,1.0,1.0,0.023255813953488372
Leo_0503,800,0.9864864864864865,1.162162162162162,0.040540540540540515
Leo_0503,1000,1.0,1.3529411764705883,0.03146374829001368
Leo_0503,1200,0.9705882352941176,1.5294117647058822,0.06497948016415869
Leo_0503,1400,0.9629629629629629,1.8518518518518519,0.08010335917312666
Leo_0503,1600,0.9464285714285714,1.9821428571428572,0.09966777408637878
Leo_0503,1800,0.9069767441860465,2.441860465116279,0.1498107084910763
Leo_0503,2000,0.9016393442622951,2.3114754098360657,0.15211589782691576
Leo_0503,2200,0.9215686274509803,2.784313725490196,0.14318285453716376
Leo_0503,2400,0.8653846153846154,2.4423076923076925,0.1914132379248658
Leo_0503,2600,0.9285714285714286,3.3333333333333335,0.14894795127353264
Leo_0503,2800,0.8604651162790697,2.7906976744186047,0.20443482963764198
Leo_0503,3000,0.9130434782608695,2.869565217391304,0.1536905965621841
Leo_0503,3200,0.9473684210526315,3.1578947368421053,0.1260709914320686
Leo_0503,3400,0.8846153846153846,4.230769230769231,0.21377459749552777
Leo_wang,800,1.0,1.15,0.026744186046511628
Leo_wang,1000,1.0,1.2727272727272727,0.02959830866807611
Leo_wang,1200,1.0,1.5384615384615385,0.03577817531305904
Leo_wang,1400,1.0,1.0,0.023255813953488372
Leo_wang,1600,0.9,1.5,0.13488372093023254
Leo_wang,1800,1.0,2.0,0.046511627906976744
Leo_wang,2000,0.8888888888888888,2.3333333333333335,0.16537467700258404
Leo_wang,2200,0.9090909090909091,3.909090909090909,0.18181818181818185
Leo_wang,2400,0.8888888888888888,4.111111111111111,0.20671834625323002
Leo_wang,2600,0.6666666666666666,4.333333333333333,0.434108527131783
Leo_wang,2800,0.0,1.0,1.0232558139534884
LingLuo_Official,800,1.0,1.0689655172413792,0.024859663191659984
LingLuo_Official,1000,1.0,1.8461538461538463,0.042933810375670844
LingLuo_Official,1200,1.0,1.1428571428571428,0.026578073089700994
LingLuo_Official,1400,1.0,2.142857142857143,0.04983388704318937
LingLuo_Official,1600,1.0,1.2222222222222223,0.028423772609819122
LingLuo_Official,1800,1.0,1.6,0.037209302325581395
LingLuo_Official,2000,1.0,2.1818181818181817,0.0507399577167019
LingLuo_Official,2200,0.9166666666666666,1.8333333333333333,0.12596899224806204
LingLuo_Official,2400,1.0,2.0,0.046511627906976744
LingLuo_Official,2600,0.875,2.125,0.1744186046511628
LingLuo_Official,2800,1.0,1.25,0.029069767441860465
LingLuo_Official,3200,0.6666666666666666,1.3333333333333333,0.36434108527131787
LingLuo_Official,3400,1.0,1.0,0.023255813953488372
Little_CarT,800,0.9666666666666667,1.45,0.06705426356589146
Little_CarT,1000,0.88,1.72,0.16
Little_CarT,1200,0.9310344827586207,1.5862068965517242,0.10585404971932641
Little_CarT,1400,0.9310344827586207,1.6551724137931034,0.10745789895749802
Little_CarT,1600,0.96,1.32,0.0706976744186047
Little_CarT,1800,0.9714285714285714,2.5142857142857142,0.08704318936877077
Little_CarT,2000,0.9545454545454546,2.772727272727273,0.10993657505285409
Little_CarT,2200,0.8421052631578947,1.9473684210526316,0.2031823745410037
Little_CarT,2400,0.9090909090909091,1.8636363636363635,0.1342494714587738
Little_CarT,2600,0.95,1.75,0.0906976744186047
Little_CarT,2800,1.0,5.285714285714286,0.12292358803986711
Little_CarT,3000,0.7857142857142857,2.5714285714285716,0.27408637873754155
Little_CarT,3200,1.0,1.75,0.040697674418604654
Liudas,800,0.9974489795918368,1.2959183673469388,0.03268865685809205
Liudas,1000,1.0,1.6729559748427674,0.03890595290332017
Liudas,1200,1.0,1.8181818181818181,0.042283298097251586
Liudas,1400,0.9790209790209791,2.167832167832168,0.07139372255651322
Liudas,1600,0.975609756097561,2.682926829268293,0.08678389109472492
Liudas,1800,0.9834710743801653,2.9421487603305785,0.08495098981356904
Liudas,2000,0.984375,3.375,0.09411337209302326
Liudas,2200,0.9814814814814815,5.12962962962963,0.1378122308354866
Liudas,2400,0.8333333333333334,4.777777777777778,0.27777777777777773
Liudas,2600,0.9259259259259259,7.518518518518518,0.24892334194659774
Liudas,2800,1.0,9.0,0.20930232558139536
Liudas,3000,0.6666666666666666,2.6666666666666665,0.39534883720930236
Liudas,3200,1.0,3.5,0.08139534883720931
Liudas,3400,0.5,31.5,1.2325581395348837
Lokeo,800,0.9832402234636871,1.3910614525139664,0.04911004287384699
Lokeo,1000,0.9473684210526315,1.5052631578947369,0.08763769889840886
Lokeo,1200,0.88,2.28,0.17302325581395347
Lokeo,1400,0.9074074074074074,2.3425925925925926,0.14707149009474588
Lokeo,1600,0.9181818181818182,2.809090909090909,0.14714587737843549
Lokeo,1800,0.8739495798319328,3.19327731092437,0.20031268321282003
Lokeo,2000,0.8632478632478633,4.0085470085470085,0.2299741602067183
Lokeo,2200,0.8170731707317073,3.6707317073170733,0.26829268292682934
Lokeo,2400,0.76,4.6,0.3469767441860465
Lokeo,2600,0.8275862068965517,7.551724137931035,0.3480352846832398
Lokeo,2800,0.9473684210526315,7.947368421052632,0.23745410036719714
Lokeo,3000,0.625,4.875,0.4883720930232558
Lokeo,3200,1.0,6.0,0.13953488372093023
Lokeo,3400,0.5714285714285714,6.571428571428571,0.5813953488372093
Lopzzz,800,0.9835164835164835,1.8516483516483517,0.05954510605673402
Lopzzz,1000,1.0,3.472972972972973,0.08076681332495285
Lopzzz,1200,0.9622641509433962,3.849056603773585,0.12724879333040806
Lopzzz,1400,0.9871794871794872,5.333333333333333,0.13685152057245076
Lopzzz,1600,0.9230769230769231,4.461538461538462,0.18067978533094808
Lopzzz,1800,0.9444444444444444,5.75,0.1892764857881137
Lopzzz,2000,0.8333333333333334,7.083333333333333,0.3313953488372092
Lopzzz,2200,1.0,9.066666666666666,0.21085271317829457
Lopzzz,2400,0.625,5.625,0.5058139534883721
Lopzzz,2600,0.0,1.5,1.0348837209302326
Lopzzz,2800,1.0,3.0,0.06976744186046512
Lopzzz,3200,1.0,4.0,0.09302325581395349
Lopzzz,3400,0.0,1.0,1.0232558139534884
Louis_handsome,800,0.8181818181818182,1.1818181818181819,0.2093023255813953
Louis_handsome,1000,1.0,2.0,0.046511627906976744
Louis_handsome,1200,0.6666666666666666,1.0,0.35658914728682173
Louis_handsome,1400,0.75,1.25,0.27906976744186046
Louis_handsome,1600,0.5,2.5,0.5581395348837209
Louis_handsome,1800,0.8,1.2,0.227906976744186
Louis_handsome,2000,0.5,1.0,0.5232558139534884
Louis_handsome,2200,0.5,2.0,0.5465116279069767
Louis_handsome,2400,1.0,1.0,0.023255813953488372
Louis_handsome,2600,0.0,1.0,1.0232558139534884
Louis_handsome,2800,0.0,1.0,1.0232558139534884
Louis_handsome,3000,0.0,1.0,1.0232558139534884
Louis_handsome,3200,0.0,1.0,1.0232558139534884
LowPill,800,0.9491525423728814,1.5593220338983051,0.08711076074103269
LowPill,1000,0.9230769230769231,1.7692307692307692,0.11806797853309475
LowPill,1200,0.9444444444444444,1.8888888888888888,0.09948320413436695
LowPill,1400,1.0,2.6,0.06046511627906977
LowPill,1600,1.0,2.0,0.046511627906976744
LowPill,1800,0.9259259259259259,3.037037037037037,0.144702842377261
LowPill,2000,0.9375,2.84375,0.12863372093023256
LowPill,2200,0.9545454545454546,2.5454545454545454,0.10465116279069764
LowPill,2400,0.9090909090909091,3.0,0.16067653276955607
LowPill,2600,1.0,3.0,0.06976744186046512
LowPill,2800,0.75,3.75,0.3372093023255814
LowPill,3000,0.0,1.0,1.0232558139534884
LuCpp,800,1.0,1.083969465648855,0.025208592224391976
LuCpp,1000,0.9855072463768116,1.0434782608695652,0.03875968992248058
LuCpp,1200,1.0,1.2777777777777777,0.029715762273901807
LuCpp,1400,0.9868421052631579,1.368421052631579,0.044981640146878867
LuCpp,1600,0.9895833333333334,1.6770833333333333,0.049418604651162754
LuCpp,1800,1.0,1.6095238095238096,0.03743078626799557
LuCpp,2000,1.0,1.9787234042553192,0.04601682335477487
LuCpp,2200,0.9759036144578314,2.0963855421686746,0.07284953768562619
LuCpp,2400,0.9534883720930233,2.1511627906976742,0.09653866955110868
LuCpp,2600,0.9375,2.5208333333333335,0.12112403100775193
LuCpp,2800,0.9487179487179487,2.358974358974359,0.10614192009540852
LuCpp,3000,1.0,1.9615384615384615,0.04561717352415027
LuCpp,3200,0.8695652173913043,1.9130434782608696,0.17492416582406473
LuCpp,3400,0.9166666666666666,3.1666666666666665,0.15697674418604654
Lucifer_K,800,0.9766355140186916,1.2570093457943925,0.05259726146489888
Lucifer_K,1000,0.8795180722891566,1.4578313253012047,0.15438498178761562
Lucifer_K,1200,0.9285714285714286,1.6031746031746033,0.10871170173495752
Lucifer_K,1400,0.868421052631579,1.7543859649122806,0.17237862097103218
Lucifer_K,1600,0.8505747126436781,1.9425287356321839,0.19460037423148896
Lucifer_K,1800,0.9230769230769231,1.4615384615384615,0.11091234347048295
Lucifer_K,2000,0.9456521739130435,1.6195652173913044,0.09201213346814967
Lucifer_K,2200,1.0,2.0,0.046511627906976744
Lucifer_K,2400,0.7272727272727273,1.8181818181818181,0.31501057082452427
Lucifer_K,2600,0.6666666666666666,2.6666666666666665,0.39534883720930236
Lucifer_K,2800,0.0,1.0,1.0232558139534884
Lucifer_K,3000,0.0,2.0,1.0465116279069768
Lucifer_K,3400,1.0,1.0,0.023255813953488372
Lucky-Xiang,800,1.0,1.180327868852459,0.02744948532215021
Lucky-Xiang,1000,1.0,1.3666666666666667,0.03178294573643411
Lucky-Xiang,1200,1.0,1.64,0.038139534883720926
Lucky-Xiang,1400,1.0,1.7391304347826086,0.04044489383215369
Lucky-Xiang,1600,1.0,1.3703703703703705,0.03186907838070629
Lucky-Xiang,1800,1.0,1.896551724137931,0.044105854049719326
Lucky-Xiang,2000,0.9459459459459459,2.2972972972972974,0.10747957259585167
Lucky-Xiang,2200,1.0,2.3191489361702127,0.053933696190004946
Lucky-Xiang,2400,1.0,2.106382978723404,0.048985650667986144
Lucky-Xiang,2600,0.96,2.2,0.09116279069767447
Lucky-Xiang,2800,0.9333333333333333,3.2,0.14108527131782944
Lucky-Xiang,3000,1.0,2.9166666666666665,0.06782945736434108
Lucky-Xiang,3200,1.0,5.555555555555555,0.12919896640826872
Lucky-Xiang,3400,1.0,5.0,0.11627906976744186
LvK_NnT,800,0.897196261682243,1.766355140186916,0.1438817648337318
LvK_NnT,1000,0.8421052631578947,2.789473684210526,0.22276621787025708
LvK_NnT,1200,0.8666666666666667,2.3666666666666667,0.18837209302325578
LvK_NnT,1400,0.6190476190476191,2.857142857142857,0.4473975636766334
LvK_NnT,1600,0.4,2.2,0.6511627906976744
LvK_NnT,1800,0.36363636363636365,3.272727272727273,0.7124735729386892
LvK_NnT,2000,1.0,10.0,0.23255813953488372
LvK_NnT,2200,0.5,2.5,0.5581395348837209
LvK_NnT,2400,0.5,2.0,0.5465116279069767
M0N,800,0.9883495145631068,1.4912621359223301,0.046331000225784576
M0N,1000,0.976,2.188,0.07488372093023259
M0N,1200,0.9637096774193549,2.2016129032258065,0.08749062265566387
M0N,1400,0.9718875502008032,2.4578313253012047,0.08527131782945738
M0N,1600,0.9610894941634242,2.568093385214008,0.09863360781829697
M0N,1800,0.9454545454545454,2.9863636363636363,0.1239957716701903
M0N,2000,0.943502824858757,2.7796610169491527,0.12114045460517675
M0N,2200,0.9439252336448598,2.6542056074766354,0.1178004781569224
M0N,2400,0.8076923076923077,2.423076923076923,0.24865831842576025
M0N,2600,1.0,2.272727272727273,0.052854122621564484
M0N,2800,0.75,2.75,0.313953488372093
M0N,3000,1.0,1.0,0.023255813953488372
MAKMED1337,800,0.9973890339425587,1.2140992167101827,0.030845831562329236
MAKMED1337,1000,0.9941860465116279,1.3604651162790697,0.037452677122769076
MAKMED1337,1200,0.9782608695652174,1.4728260869565217,0.05599089989888775
MAKMED1337,1400,0.974025974025974,1.8246753246753247,0.06840833585019632
MAKMED1337,1600,0.9781420765027322,1.819672131147541,0.0641758800355827
MAKMED1337,1800,0.9483870967741935,2.0258064516129033,0.0987246811702926
MAKMED1337,2000,0.9487179487179487,2.2371794871794872,0.103309481216458
MAKMED1337,2200,0.9225806451612903,2.935483870967742,0.14568642160540132
MAKMED1337,2400,0.8702290076335878,2.648854961832061,0.19137227054855316
MAKMED1337,2600,0.7352941176470589,4.176470588235294,0.3618331053351573
MAKMED1337,2800,0.7209302325581395,4.906976744186046,0.39318550567874533
MAKMED1337,3000,0.5555555555555556,5.222222222222222,0.5658914728682171
MAKMED1337,3200,0.42857142857142855,6.714285714285714,0.7275747508305648
MAKMED1337,3400,0.0,2.3333333333333335,1.054263565891473
MBBN,800,1.0,1.396551724137931,0.03247794707297514
MBBN,1000,1.0,1.68,0.03906976744186046
MBBN,1200,1.0,1.9310344827586208,0.04490777866880513
MBBN,1400,1.0,2.55,0.059302325581395345
MBBN,1600,1.0,1.8571428571428572,0.04318936877076412
MBBN,1800,1.0,2.4242424242424243,0.05637773079633545
MBBN,2000,1.0,2.0714285714285716,0.04817275747508306
MBBN,2200,1.0,2.2142857142857144,0.051495016611295685
MBBN,2400,0.9333333333333333,2.2,0.11782945736434108
MBBN,2600,1.0,2.1538461538461537,0.05008944543828264
MBBN,2800,1.0,2.7857142857142856,0.06478405315614617
MBBN,3000,1.0,3.1666666666666665,0.07364341085271317
MBBN,3200,1.0,2.5,0.05813953488372093
MBBN,3400,1.0,2.0,0.046511627906976744
MN3M,800,0.9420731707317073,1.6432926829268293,0.09614293817356784
MN3M,1000,0.8385416666666666,2.71875,0.22468507751937988
MN3M,1200,0.8546511627906976,2.2325581395348837,0.19726879394267174
MN3M,1400,0.8296296296296296,3.237037037037037,0.24565030146425498
MN3M,1600,0.8571428571428571,3.6530612244897958,0.22781205505458002
MN3M,1800,0.8771929824561403,3.43859649122807,0.2027743778049776
MN3M,2000,0.8857142857142857,6.0285714285714285,0.2544850498338871
MN3M,2200,0.9285714285714286,2.357142857142857,0.1262458471760797
MN3M,2400,1.0,11.5,0.26744186046511625
MN3M,2600,1.0,1.0,0.023255813953488372
MODDI,800,0.9386792452830188,1.5,0.09620447564721374
MODDI,1000,0.8734567901234568,2.074074074074074,0.17477749066896353
MODDI,1200,0.8209459459459459,2.4594594594594597,0.23625078566939034
MODDI,1400,0.7818181818181819,2.868181818181818,0.2848837209302325
MODDI,1600,0.7027027027027027,2.8972972972972975,0.3646763042111879
MODDI,1800,0.6296296296296297,3.511111111111111,0.4520241171403962
MODDI,2000,0.6805555555555556,2.7916666666666665,0.38436692506459946
MODDI,2200,0.7027027027027027,3.6216216216216215,0.38152105593966057
MODDI,2400,0.6111111111111112,2.611111111111111,0.44961240310077516
MODDI,2600,0.375,3.125,0.6976744186046512
MODDI,2800,1.0,6.666666666666667,0.15503875968992248
MODDI,3000,0.0,2.5,1.058139534883721
MODDI,3200,0.5,2.5,0.5581395348837209
MODDI,3400,0.5,8.0,0.686046511627907
MR_NoSolution,800,0.9829787234042553,1.2042553191489362,0.04502721425037113
MR_NoSolution,1000,1.0,1.4846153846153847,0.03452593917710197
MR_NoSolution,1200,0.9938271604938271,1.537037037037037,0.04191788687912722
MR_NoSolution,1400,0.9878048780487805,1.4939024390243902,0.04693703913783325
MR_NoSolution,1600,0.9948453608247423,1.5515463917525774,0.04123711340206184
MR_NoSolution,1800,0.9880952380952381,1.9107142857142858,0.056339977851605716
MR_NoSolution,2000,0.9927007299270073,2.27007299270073,0.060091665252079436
MR_NoSolution,2200,0.981651376146789,1.9174311926605505,0.0629400469383401
MR_NoSolution,2400,0.9302325581395349,2.813953488372093,0.13520822065981614
MR_NoSolution,2600,0.9210526315789473,2.4210526315789473,0.1352509179926561
MR_NoSolution,2800,1.0,2.8421052631578947,0.06609547123623011
MR_NoSolution,3000,0.5,1.25,0.5290697674418605
MR_NoSolution,3200,1.0,3.5,0.08139534883720931
MR_NoSolution,3400,0.5,1.0,0.5232558139534884
MYFJCHX,800,1.0,1.6865671641791045,0.03922249219021173
MYFJCHX,1000,1.0,1.6451612903225807,0.03825956489122281
MYFJCHX,1200,1.0,1.4615384615384615,0.03398926654740608
MYFJCHX,1400,1.0,1.5416666666666667,0.035852713178294575
MYFJCHX,1600,1.0,1.6,0.037209302325581395
MYFJCHX,1800,1.0,1.7321428571428572,0.04028239202657807
MYFJCHX,2000,1.0,2.6769230769230767,0.062254025044722716
MYFJCHX,2200,1.0,2.7358490566037736,0.06362439666520404
MYFJCHX,2400,1.0,3.0144927536231885,0.07010448264239973
MYFJCHX,2600,1.0,3.116279069767442,0.07247160627366145
MYFJCHX,2800,1.0,4.185185185185185,0.09732988802756244
MYFJCHX,3000,1.0,4.456521739130435,0.10364004044489383
MYFJCHX,3200,0.9818181818181818,3.6,0.10190274841437633
MYFJCHX,3400,0.9733333333333334,5.04,0.14387596899224803
Macesuted-Moe,800,1.0,1.7333333333333334,0.040310077519379844
Macesuted-Moe,1000,1.0,2.0,0.046511627906976744
Macesuted-Moe,1200,1.0,1.7906976744186047,0.04164413196322336
Macesuted-Moe,1400,1.0,1.9772727272727273,0.0459830866807611
Macesuted-Moe,1600,0.9836065573770492,1.901639344262295,0.060617613419748397
Macesuted-Moe,1800,0.9733333333333334,2.04,0.0741085271317829
Macesuted-Moe,2000,0.9649122807017544,2.6491228070175437,0.09669522643818848
Macesuted-Moe,2200,0.958904109589041,2.5205479452054793,0.09971328448550498
Macesuted-Moe,2400,0.9464285714285714,2.5,0.11171096345514953
Macesuted-Moe,2600,0.8928571428571429,2.5892857142857144,0.16735880398671094
Macesuted-Moe,2800,0.9210526315789473,2.973684210526316,0.1481028151774786
Macesuted-Moe,3000,0.9130434782608695,3.4782608695652173,0.16784630940343787
Macesuted-Moe,3200,0.9,7.1,0.2651162790697674
Macesuted-Moe,3400,0.8888888888888888,4.0,0.20413436692506465
MagicSena,800,1.0,1.3157894736842106,0.030599755201958387
MagicSena,1000,1.0,1.3636363636363635,0.03171247357293869
MagicSena,1200,1.0,1.7777777777777777,0.04134366925064599
MagicSena,1400,1.0,1.8,0.04186046511627907
MagicSena,1600,1.0,1.5454545454545454,0.035940803382663845
MagicSena,1800,1.0,1.5833333333333333,0.036821705426356585
MagicSena,2000,1.0,2.098360655737705,0.04879908501715593
MagicSena,2200,1.0,2.3076923076923075,0.05366726296958855
MagicSena,2400,1.0,2.0,0.046511627906976744
MagicSena,2600,1.0,2.8181818181818183,0.06553911205073996
MagicSena,2800,1.0,2.5,0.05813953488372093
MagnusCarlsen321,800,0.9941176470588236,1.1720588235294118,0.033139534883720914
MagnusCarlsen321,1000,0.9543568464730291,1.4315352697095436,0.07893467142719285
MagnusCarlsen321,1200,0.9841897233201581,1.6640316205533596,0.054508686460152604
MagnusCarlsen321,1400,0.9590909090909091,1.6636363636363636,0.0795983086680761
MagnusCarlsen321,1600,0.9656652360515021,2.03862660944206,0.08174468509831323
MagnusCarlsen321,1800,0.9518900343642611,2.120274914089347,0.09741868456804928
MagnusCarlsen321,2000,0.9352226720647774,2.1497975708502026,0.11477262028057617
MagnusCarlsen321,2200,0.910828025477707,2.7770700636942673,0.15375499925936897
MagnusCarlsen321,2400,0.8617021276595744,3.6808510638297873,0.22389905987135084
MagnusCarlsen321,2600,0.75,2.925,0.31802325581395346
MagnusCarlsen321,2800,0.7391304347826086,3.260869565217391,0.33670374115267954
MagnusCarlsen321,3000,0.75,4.75,0.36046511627906974
MagnusCarlsen321,3200,1.0,1.0,0.023255813953488372
Maksim1744,800,0.996309963099631,1.154981549815498,0.030550072942589837
Maksim1744,1000,1.0,1.25,0.029069767441860465
Maksim1744,1200,0.9876543209876543,1.3333333333333333,0.04335343095033023
Maksim1744,1400,1.0,1.3315217391304348,0.03096562184024267
Maksim1744,1600,1.0,1.544041450777202,0.03590794071574888
Maksim1744,1800,0.9950248756218906,2.099502487562189,0.05380076362374173
Maksim1744,2000,0.9704142011834319,2.2840236686390534,0.08270262831980188
Maksim1744,2200,0.9870967741935484,2.541935483870968,0.07201800450112532
Maksim1744,2400,0.9867549668874173,2.6754966887417218,0.0754658863391344
Maksim1744,2600,0.8942307692307693,3.4038461538461537,0.18492844364937383
Maksim1744,2800,0.8888888888888888,4.716049382716049,0.22078667815101927
Maksim1744,3000,0.9019607843137255,5.509803921568627,0.22617419060647515
Maksim1744,3200,0.9223300970873787,10.776699029126213,0.3282908105667193
Maksim1744,3400,0.8095238095238095,5.571428571428571,0.3200442967884828
Mapakaka,800,0.9642857142857143,1.1785714285714286,0.06312292358803985
Mapakaka,1000,1.0,1.25,0.029069767441860465
Mapakaka,1200,0.9444444444444444,1.6666666666666667,0.0943152454780362
Mapakaka,1400,0.9583333333333334,1.7083333333333333,0.08139534883720927
Mapakaka,1600,1.0,1.6,0.037209302325581395
Mapakaka,1800,0.9,1.8,0.14186046511627903
Mapakaka,2000,1.0,1.6956521739130435,0.03943377148634985
Mapakaka,2200,0.8947368421052632,2.3157894736842106,0.1591187270501836
Mapakaka,2400,0.9,1.9333333333333333,0.1449612403100775
Mapakaka,2600,0.9642857142857143,1.7857142857142858,0.0772425249169435
Mapakaka,2800,0.896551724137931,2.103448275862069,0.1523656776263031
Mapakaka,3000,0.7857142857142857,1.8571428571428572,0.2574750830564784
Mapakaka,3200,0.9230769230769231,3.4615384615384617,0.1574239713774597
Mapakaka,3400,0.6,4.8,0.5116279069767442
Marceantasy,800,0.9522058823529411,1.4375,0.08122435020519841
Marceantasy,1000,0.8773584905660378,1.4622641509433962,0.1566476524791575
Marceantasy,1200,0.8632478632478633,1.606837606837607,0.1741204531902206
Marceantasy,1400,0.875,1.6875,0.16424418604651164
Marceantasy,1600,0.7540983606557377,2.0491803278688523,0.29355699580632866
Marceantasy,1800,0.8,1.9230769230769231,0.24472271914132376
Marceantasy,2000,0.8846153846153846,2.201923076923077,0.16659212880143115
Marceantasy,2200,0.9459459459459459,2.2972972972972974,0.10747957259585167
Marceantasy,2400,0.6428571428571429,2.5714285714285716,0.41694352159468434
Marceantasy,2600,0.75,2.0,0.2965116279069767
Marceantasy,2800,0.75,8.0,0.436046511627907
Marceantasy,3000,1.0,1.0,0.023255813953488372
Marckess,800,0.9987951807228915,1.1156626506024097,0.027150462314373812
Marckess,1000,0.9908256880733946,1.1995412844036697,0.03707062086622567
Marckess,1200,0.9959183673469387,1.2469387755102042,0.033080208827717186
Marckess,1400,0.9978118161925602,1.2297592997811817,0.030787237290723087
Marckess,1600,0.9941291585127201,1.446183953033268,0.039503026441541945
Marckess,1800,0.998046875,1.556640625,0.03815406976744186
Marckess,2000,0.9911699779249448,1.7350993377483444,0.049181169464551616
Marckess,2200,0.9955555555555555,1.9622222222222223,0.05007751937984499
Marckess,2400,0.9920634920634921,2.3432539682539684,0.062430786267995544
Marckess,2600,0.9757575757575757,2.8878787878787877,0.09140239605355889
Marckess,2800,0.9617224880382775,3.0047846889952154,0.10815622565928562
Marckess,3000,0.9393939393939394,3.0505050505050506,0.13154803852478264
Marckess,3200,1.0,3.2888888888888888,0.0764857881136951
Marckess,3400,1.0,3.0526315789473686,0.07099143206854346
MateoCV,800,1.0,1.1079734219269104,0.025766823765742103
MateoCV,1000,1.0,1.1660516605166051,0.027117480477130352
MateoCV,1200,1.0,1.2046979865771812,0.028016232245980956
MateoCV,1400,0.9965034965034965,1.2937062937062938,0.033582696373394096
MateoCV,1600,0.9930795847750865,1.4636678200692042,0.0409592017381508
MateoCV,1800,0.9747292418772563,1.5018050541516246,0.06019645705650242
MateoCV,2000,0.9820627802690582,1.6771300448430493,0.05694024402961732
MateoCV,2200,0.90625,1.8333333333333333,0.13638565891472867
MateoCV,2400,0.879746835443038,2.2531645569620253,0.1726523403002649
MateoCV,2600,0.8076923076923077,2.769230769230769,0.25670840787119853
MateoCV,2800,0.5416666666666666,2.4583333333333335,0.5155038759689923
MateoCV,3000,0.2857142857142857,3.4285714285714284,0.7940199335548173
MateoCV,3200,0.0,3.0,1.069767441860465
MattTheNub,800,0.9923371647509579,1.2528735632183907,0.03679942974249305
MattTheNub,1000,0.9918032786885246,1.319672131147541,0.038886770873046136
MattTheNub,1200,0.9692307692307692,1.4538461538461538,0.06457960644007155
MattTheNub,1400,0.9649122807017544,1.543859649122807,0.07099143206854344
MattTheNub,1600,0.916083916083916,1.6083916083916083,0.12132053992519112
MattTheNub,1800,0.9078014184397163,1.7659574468085106,0.13326735939303977
MattTheNub,2000,0.8488372093023255,2.0697674418604652,0.199296917252569
MattTheNub,2200,0.9044117647058824,1.963235294117647,0.14124487004103967
MattTheNub,2400,0.8324873096446701,2.6040609137055837,0.22807224648801788
MattTheNub,2600,0.7777777777777778,3.3,0.29896640826873383
MattTheNub,2800,0.9090909090909091,4.7727272727272725,0.20190274841437633
MattTheNub,3000,0.5,3.0,0.5697674418604651
MattTheNub,3400,0.0,3.0,1.069767441860465
Maxduan,800,0.9880952380952381,1.3293650793650793,0.04282022886674045
Maxduan,1000,0.9714285714285714,1.5714285714285714,0.06511627906976744
Maxduan,1200,0.9658119658119658,1.9658119658119657,0.07990459153249849
Maxduan,1400,0.975,1.975,0.07093023255813956
Maxduan,1600,0.8979591836734694,2.36734693877551,0.1570953962980541
Maxduan,1800,0.9361702127659575,2.4113475177304964,0.11990763648358896
Maxduan,2000,0.9251336898395722,2.2620320855614975,0.12747170749906725
Maxduan,2200,0.9691629955947136,2.2246696035242293,0.08257350681282657
Maxduan,2400,0.963855421686747,2.825301204819277,0.10184925749509667
Maxduan,2600,0.9487179487179487,3.282051282051282,0.1276088252832439
Maxduan,2800,0.8695652173913043,3.739130434782609,0.2173913043478261
Maxduan,3000,1.0,2.7142857142857144,0.06312292358803986
Maxduan,3200,1.0,11.5,0.26744186046511625
MayankSavaliya,800,0.9658119658119658,1.601139601139601,0.07142383886569932
MayankSavaliya,1000,0.9484536082474226,2.0618556701030926,0.09949652361543998
MayankSavaliya,1200,0.9166666666666666,2.066666666666667,0.13139534883720935
MayankSavaliya,1400,0.903448275862069,2.5724137931034483,0.1563753007217321
MayankSavaliya,1600,0.8881118881118881,2.4475524475524475,0.1688079362497967
MayankSavaliya,1800,0.8333333333333334,3.5128205128205128,0.2483601669648181
MayankSavaliya,2000,0.801980198019802,3.237623762376238,0.2733133778494128
MayankSavaliya,2200,0.9176470588235294,3.4823529411764707,0.16333789329685366
MayankSavaliya,2400,0.8076923076923077,3.230769230769231,0.26744186046511625
MayankSavaliya,2600,0.5,2.25,0.5523255813953488
MayankSavaliya,2800,1.0,3.0,0.06976744186046512
MayankSavaliya,3400,0.0,1.0,1.0232558139534884
Michi_Numberz,800,0.9833333333333333,1.1416666666666666,0.04321705426356594
Michi_Numberz,1000,0.9818181818181818,1.6,0.05539112050739958
Michi_Numberz,1200,0.9672131147540983,1.4262295081967213,0.06595501334349985
Michi_Numberz,1400,0.9183673469387755,1.6326530612244898,0.11960132890365446
Michi_Numberz,1600,0.96,1.84,0.08279069767441864
Michi_Numberz,1800,1.0,2.2653061224489797,0.052681537731371623
Michi_Numberz,2000,0.9032258064516129,2.967741935483871,0.16579144786196554
Michi_Numberz,2200,0.9545454545454546,2.727272727272727,0.10887949260042279
Michi_Numberz,2400,1.0,2.4545454545454546,0.05708245243128964
Michi_Numberz,2600,0.8333333333333334,2.5,0.22480620155038755
Michi_Numberz,3000,1.0,1.5,0.03488372093023256
Mina7akim,800,0.9847328244274809,1.4770992366412214,0.04961832061068705
Mina7akim,1000,0.9727272727272728,1.9863636363636363,0.07346723044397457
Mina7akim,1200,0.9819004524886877,2.063348416289593,0.06608439440176792
Mina7akim,1400,0.9903846153846154,2.360576923076923,0.06451252236135954
Mina7akim,1600,0.9868995633187773,2.6375545851528384,0.07443891540570735
Mina7akim,1800,0.9467455621301775,3.1124260355029585,0.12563643869547275
Mina7akim,2000,0.9051724137931034,3.7155172413793105,0.18123496391339217
Mina7akim,2200,0.9555555555555556,4.088888888888889,0.13953488372093018
Mina7akim,2400,0.9019607843137255,4.333333333333333,0.19881440948472412
Mina7akim,2600,0.8235294117647058,5.647058823529412,0.3077975376196991
Mina7akim,2800,0.6666666666666666,3.6666666666666665,0.4186046511627907
Mina7akim,3400,1.0,1.0,0.023255813953488372
Misuki,800,0.9980237154150198,1.108695652173913,0.027759904402978205
Misuki,1000,0.9880478087649402,1.250996015936255,0.04104512183822847
Misuki,1200,1.0,1.3686131386861313,0.03182821252758445
Misuki,1400,0.9959677419354839,1.596774193548387,0.041166541635408845
Misuki,1600,0.9859154929577465,1.6338028169014085,0.052079921388797884
Misuki,1800,0.9895833333333334,1.8715277777777777,0.05394056847545216
Misuki,2000,0.9877551020408163,2.020408163265306,0.059231134314190824
Misuki,2200,0.9711934156378601,1.9506172839506173,0.07416977701215426
Misuki,2400,0.99079754601227,2.2699386503067487,0.061991724925096255
Misuki,2600,0.9864864864864865,2.3513513513513513,0.06819610307982399
Misuki,2800,0.9090909090909091,2.602272727272727,0.15142706131078226
Misuki,3000,0.85,3.15,0.2232558139534884
Misuki,3200,0.5,2.5,0.5581395348837209
Misuki,3400,1.0,2.5,0.05813953488372093
Mitsubachi,800,0.9777777777777777,1.261111111111111,0.051550387596899255
Mitsubachi,1000,0.9594594594594594,1.6216216216216217,0.07825267127592712
Mitsubachi,1200,0.9577464788732394,1.380281690140845,0.07435309531608258
Mitsubachi,1400,0.953125,1.71875,0.08684593023255814
Mitsubachi,1600,0.9146341463414634,1.7926829268292683,0.12705615428247302
Mitsubachi,1800,0.8064516129032258,2.532258064516129,0.2524381095273819
Mitsubachi,2000,0.92,2.16,0.13023255813953485
Mitsubachi,2200,0.7222222222222222,2.5277777777777777,0.3365633074935401
Mitsubachi,2400,0.9,4.45,0.20348837209302323
Mitsubachi,2600,0.7,3.8,0.38837209302325587
Mitsubachi,2800,0.6666666666666666,3.6666666666666665,0.4186046511627907
Mitsubachi,3000,0.75,5.0,0.36627906976744184
Mitsubachi,3200,0.0,8.0,1.1860465116279069
MoSooN,800,0.9768339768339769,1.335907335907336,0.05423363562898442
MoSooN,1000,0.9680851063829787,1.5425531914893618,0.0677882236516576
MoSooN,1200,0.9789473684210527,1.894736842105263,0.06511627906976739
MoSooN,1400,0.8987341772151899,1.8227848101265822,0.14365616720635854
MoSooN,1600,0.851063829787234,2.9574468085106385,0.2177140029688273
MoSooN,1800,0.7692307692307693,3.1153846153846154,0.30322003577817525
MoSooN,2000,0.5789473684210527,2.4210526315789473,0.4773561811505508
MoSooN,2200,0.5625,2.0625,0.48546511627906974
MoSooN,2400,0.7142857142857143,2.142857142857143,0.33554817275747506
More,800,1.0,1.1244979919678715,0.02615111609227608
More,1000,1.0,1.2181818181818183,0.028329809725158563
More,1200,1.0,1.3389830508474576,0.031139140717382736
More,1400,1.0,1.4607843137254901,0.03397172822617419
More,1600,1.0,1.5445544554455446,0.03591987105687313
More,1800,1.0,2.254385964912281,0.05242758057935537
More,2000,0.967032967032967,2.5714285714285716,0.0927676974188602
More,2200,0.9506172839506173,2.728395061728395,0.11283376399655469
More,2400,0.8409090909090909,3.522727272727273,0.241014799154334
More,2600,0.8823529411764706,4.294117647058823,0.21751025991792067
More,2800,0.9,4.8,0.21162790697674416
More,3000,0.3333333333333333,2.0,0.7131782945736435
More,3400,0.0,10.0,1.2325581395348837
MrAndria,800,0.9794520547945206,1.4155251141552512,0.05346713390676434
MrAndria,1000,0.955,1.95,0.09034883720930237
MrAndria,1200,0.9432989690721649,1.9484536082474226,0.10201390553824025
MrAndria,1400,0.9371428571428572,2.1028571428571428,0.11176079734219266
MrAndria,1600,0.9235294117647059,2.5470588235294116,0.13570451436388503
MrAndria,1800,0.8456375838926175,2.2013422818791946,0.20555642266271265
MrAndria,2000,0.8728813559322034,2.6864406779661016,0.18959400867165943
MrAndria,2200,0.8441558441558441,3.324675324675325,0.2331621866505588
MrAndria,2400,0.7333333333333333,5.044444444444444,0.3839793281653747
MrAndria,2600,0.8333333333333334,3.0,0.23643410852713176
MrAndria,2800,0.5,2.5,0.5581395348837209
MrAndria,3000,0.0,2.5,1.058139534883721
MrAndria,3200,0.0,1.5,1.0348837209302326
MrAndria,3400,0.0,1.0,1.0232558139534884
MrPython,800,0.9825581395348837,1.5755813953488371,0.05408328826392648
MrPython,1000,1.0,1.9130434782608696,0.04448938321536906
MrPython,1200,0.9875,2.3,0.06598837209302322
MrPython,1400,0.9705882352941176,2.088235294117647,0.07797537619699044
MrPython,1600,0.971830985915493,2.492957746478873,0.0861447756305273
MrPython,1800,0.9264705882352942,2.6911764705882355,0.13611491108071133
MrPython,2000,0.8727272727272727,3.309090909090909,0.20422832980972522
MrPython,2200,0.8775510204081632,2.489795918367347,0.1803512102515425
MrPython,2400,0.8387096774193549,3.4838709677419355,0.24231057764441105
MrPython,2600,0.9166666666666666,5.0,0.19961240310077522
MrPython,2800,0.7142857142857143,4.714285714285714,0.3953488372093023
MrPython,3000,1.0,4.25,0.09883720930232558
MrPython,3200,1.0,6.0,0.13953488372093023
Mr_Turtle_,800,0.9907407407407407,1.271604938271605,0.03883146712604081
Mr_Turtle_,1000,0.9347826086956522,1.7391304347826086,0.10566228513650147
Mr_Turtle_,1200,0.9424460431654677,1.7841726618705036,0.0990463443198929
Mr_Turtle_,1400,0.9224137931034483,2.439655172413793,0.1343223736968725
Mr_Turtle_,1600,0.8405797101449275,2.550724637681159,0.21873946747556458
Mr_Turtle_,1800,0.8083333333333333,2.9833333333333334,0.26104651162790693
Mr_Turtle_,2000,0.8271604938271605,2.7037037037037037,0.2357163364915303
Mr_Turtle_,2200,0.5918367346938775,3.204081632653061,0.4826767916468913
Mr_Turtle_,2400,0.2857142857142857,2.4285714285714284,0.770764119601329
Mr_Turtle_,2600,0.5,2.6666666666666665,0.562015503875969
Mr_Turtle_,2800,0.6666666666666666,4.0,0.42635658914728686
Musa_82FaGm,800,0.944,2.128,0.10548837209302331
Musa_82FaGm,1000,1.0,2.7241379310344827,0.06335204490777867
Musa_82FaGm,1200,0.8333333333333334,1.9166666666666667,0.21124031007751934
Musa_82FaGm,1400,1.0,2.3333333333333335,0.054263565891472874
Musa_82FaGm,1600,0.8,1.6,0.23720930232558135
Musa_82FaGm,1800,0.375,2.125,0.6744186046511628
Musa_82FaGm,2000,1.0,1.0,0.023255813953488372
Musa_82FaGm,2200,1.0,1.0,0.023255813953488372
Musa_82FaGm,2400,0.0,1.0,1.0232558139534884
Musa_82FaGm,2600,0.5,2.0,0.5465116279069767
Musa_82FaGm,2800,0.5,1.0,0.5232558139534884
MvKaio,800,0.9963636363636363,1.430909090909091,0.036913319238900656
MvKaio,1000,0.9813432835820896,1.7649253731343284,0.05970149253731343
MvKaio,1200,0.963265306122449,1.9142857142857144,0.08125296630280018
MvKaio,1400,0.9421487603305785,2.256198347107438,0.11032096867192007
MvKaio,1600,0.9692307692307692,2.25,0.08309481216457962
MvKaio,1800,0.9262672811059908,2.4976958525345623,0.13181866895295252
MvKaio,2000,0.9022988505747126,2.8333333333333335,0.16359262229350446
MvKaio,2200,0.8837209302325582,3.108527131782946,0.18857039841355688
MvKaio,2400,0.7731958762886598,3.185567010309278,0.3008870774394629
MvKaio,2600,0.7777777777777778,3.740740740740741,0.30921619293712316
MvKaio,2800,0.7,5.45,0.42674418604651165
MvKaio,3000,0.7,6.3,0.4465116279069768
MvKaio,3200,0.5,3.0,0.5697674418604651
MvKaio,3400,1.0,5.333333333333333,0.12403100775193798
NabilaZaraWidyana,800,1.0,1.1730769230769231,0.027280858676207515
NabilaZaraWidyana,1000,1.0,1.4375,0.03343023255813953
NabilaZaraWidyana,1200,1.0,1.225,0.028488372093023257
NabilaZaraWidyana,1400,0.9523809523809523,1.1904761904761905,0.07530454042081955
NabilaZaraWidyana,1600,0.9230769230769231,1.4615384615384615,0.11091234347048295
NabilaZaraWidyana,1800,0.9333333333333333,1.2666666666666666,0.09612403100775192
NabilaZaraWidyana,2000,0.8571428571428571,1.4285714285714286,0.17607973421926915
NabilaZaraWidyana,2200,0.8,1.2,0.227906976744186
NabilaZaraWidyana,2400,0.8,1.1,0.22558139534883717
NabilaZaraWidyana,2600,0.8,1.6,0.23720930232558135
NabilaZaraWidyana,2800,1.0,1.0,0.023255813953488372
NabilaZaraWidyana,3400,0.0,2.0,1.0465116279069768
Nachia,800,1.0,1.171875,0.027252906976744186
Nachia,1000,1.0,1.1818181818181819,0.027484143763213533
Nachia,1200,1.0,1.2197802197802199,0.02836698185535395
Nachia,1400,0.9852941176470589,1.411764705882353,0.047537619699042355
Nachia,1600,1.0,1.6219512195121952,0.037719795802609195
Nachia,1800,1.0,1.6458333333333333,0.03827519379844961
Nachia,2000,1.0,1.9438202247191012,0.045205121505095376
Nachia,2200,0.967741935483871,1.8387096774193548,0.07501875468867214
Nachia,2400,0.9310344827586207,2.103448275862069,0.1178829190056135
Nachia,2600,0.8837209302325582,2.2790697674418605,0.16928069226608977
Nachia,2800,0.925,1.825,0.11744186046511623
Nachia,3000,0.9411764705882353,2.7058823529411766,0.12175102599179208
Nachia,3200,0.9166666666666666,1.75,0.12403100775193802
Nachia,3400,0.9090909090909091,2.909090909090909,0.15856236786469347
Namine,800,1.0,1.2528735632183907,0.02913659449345095
Namine,1000,0.9090909090909091,1.6363636363636365,0.12896405919661735
Namine,1200,0.9,1.4,0.1325581395348837
Namine,1400,0.9487179487179487,2.358974358974359,0.10614192009540852
Namine,1600,0.9069767441860465,1.8372093023255813,0.13574905354245542
Namine,1800,0.9230769230769231,2.230769230769231,0.12880143112701248
Namine,2000,0.7678571428571429,2.4464285714285716,0.2890365448504983
Namine,2200,0.9036144578313253,2.746987951807229,0.16026898290837766
Namine,2400,0.9436619718309859,3.084507042253521,0.1280707500818867
Namine,2600,0.8333333333333334,4.875,0.2800387596899224
Namine,2800,0.0,1.6666666666666667,1.0387596899224807
Namine,3000,0.0,1.0,1.0232558139534884
NanYan,800,1.0,1.263157894736842,0.029375764993880046
NanYan,1000,1.0,1.5,0.03488372093023256
NanYan,1200,1.0,1.5714285714285714,0.03654485049833887
NanYan,1400,1.0,2.2,0.051162790697674425
NanYan,1600,1.0,1.4,0.03255813953488372
NanYan,1800,1.0,1.0,0.023255813953488372
NanYan,2000,1.0,1.5,0.03488372093023256
NanYan,2200,1.0,1.5,0.03488372093023256
NanYan,2400,1.0,3.3333333333333335,0.07751937984496124
NanYan,2600,1.0,1.0,0.023255813953488372
Nanani,800,0.9953051643192489,1.460093896713615,0.03865050769734683
Nanani,1000,0.9719626168224299,1.6261682242990654,0.06585524885894371
Nanani,1200,0.9659090909090909,2.272727272727273,0.08694503171247354
Nanani,1400,0.9743589743589743,2.1794871794871793,0.07632677400119262
Nanani,1600,0.9553571428571429,2.6160714285714284,0.10548172757475077
Nanani,1800,0.9306930693069307,2.3465346534653464,0.12387750402947266
Nanani,2000,0.9313725490196079,2.9607843137254903,0.13748290013679887
Nanani,2200,0.9384615384615385,2.5692307692307694,0.12128801431127013
Nanani,2400,0.9534883720930233,3.13953488372093,0.11952406706327741
Nanani,2600,0.9166666666666666,2.5416666666666665,0.1424418604651163
Nanani,2800,0.9090909090909091,5.363636363636363,0.21564482029598311
Nanani,3000,0.6,1.2,0.4279069767441861
Nanani,3200,0.5,8.0,0.686046511627907
Natsuzora,800,1.0,1.0804597701149425,0.02512697139802192
Natsuzora,1000,1.0,1.162162162162162,0.027027027027027025
Natsuzora,1200,0.9622641509433962,1.471698113207547,0.07196138657305834
Natsuzora,1400,0.9772727272727273,1.5454545454545454,0.05866807610993655
Natsuzora,1600,0.9772727272727273,1.5,0.057610993657505265
Natsuzora,1800,0.9433962264150944,1.6037735849056605,0.09390083369899077
Natsuzora,2000,0.8163265306122449,2.020408163265306,0.2306597057427622
Natsuzora,2200,0.9,1.8333333333333333,0.14263565891472865
Natsuzora,2400,0.6206896551724138,2.206896551724138,0.43063352044907777
Natsuzora,2600,0.5714285714285714,2.2857142857142856,0.4817275747508306
Natsuzora,3000,1.0,1.0,0.023255813953488372
Neil_Qian,800,1.0,1.326086956521739,0.030839231547017187
Neil_Qian,1000,1.0,1.4761904761904763,0.03433001107419712
Neil_Qian,1200,0.96,1.6,0.07720930232558143
Neil_Qian,1400,1.0,2.12,0.04930232558139535
Neil_Qian,1600,0.9642857142857143,2.9285714285714284,0.1038205980066445
Neil_Qian,1800,0.9318181818181818,2.4545454545454546,0.12526427061310788
Neil_Qian,2000,0.896551724137931,2.6379310344827585,0.1647955092221331
Neil_Qian,2200,0.9565217391304348,2.652173913043478,0.10515672396359957
Neil_Qian,2400,1.0,2.62,0.060930232558139535
Neil_Qian,2600,0.9428571428571428,3.6285714285714286,0.14152823920265784
Neil_Qian,2800,1.0,2.515151515151515,0.058491895701198025
Neil_Qian,3000,1.0,2.6666666666666665,0.06201550387596899
Neil_Qian,3200,1.0,6.25,0.14534883720930233
Neil_Qian,3400,1.0,1.5,0.03488372093023256
NetFriendMutsumi,800,1.0,1.1578947368421053,0.02692778457772338
NetFriendMutsumi,1000,1.0,1.2222222222222223,0.028423772609819122
NetFriendMutsumi,1200,1.0,1.75,0.040697674418604654
NetFriendMutsumi,1400,1.0,1.25,0.029069767441860465
NetFriendMutsumi,1600,1.0,1.2222222222222223,0.028423772609819122
NetFriendMutsumi,1800,1.0,2.0,0.046511627906976744
NetFriendMutsumi,2000,1.0,2.25,0.05232558139534884
NetFriendMutsumi,2200,0.6666666666666666,1.3333333333333333,0.36434108527131787
NetFriendMutsumi,2400,1.0,2.0,0.046511627906976744
Network_Error,800,0.9885057471264368,1.9540229885057472,0.05693664795509221
Network_Error,1000,0.9714285714285714,1.7142857142857142,0.06843853820598007
Network_Error,1200,1.0,1.7826086956521738,0.04145601617795753
Network_Error,1400,0.9565217391304348,2.217391304347826,0.09504550050556115
Network_Error,1600,0.9259259259259259,2.3333333333333335,0.12833763996554695
Network_Error,1800,0.967741935483871,2.274193548387097,0.08514628657164289
Network_Error,2000,0.9649122807017544,3.1403508771929824,0.10811913504691963
Network_Error,2200,0.9272727272727272,3.381818181818182,0.1513742071881607
Network_Error,2400,0.9647058823529412,2.8,0.10041039671682625
Network_Error,2600,0.9864864864864865,3.689189189189189,0.09930861093651788
Network_Error,2800,0.972972972972973,3.0405405405405403,0.09773727215587674
Network_Error,3000,0.9848484848484849,4.015151515151516,0.10852713178294573
Network_Error,3200,0.9814814814814815,4.833333333333333,0.13092161929371227
Network_Error,3400,0.9767441860465116,3.2790697674418605,0.0995132504056247
NickMish,800,1.0,1.1311475409836065,0.026305756767060616
NickMish,1000,1.0,1.4444444444444444,0.03359173126614987
NickMish,1200,0.967741935483871,1.7419354838709677,0.07276819204801196
NickMish,1400,1.0,1.5925925925925926,0.037037037037037035
NickMish,1600,1.0,1.6129032258064515,0.037509377344336084
NickMish,1800,1.0,2.5641025641025643,0.05963029218843173
NickMish,2000,1.0,2.264705882352941,0.052667578659370724
NickMish,2200,1.0,2.6666666666666665,0.06201550387596899
NickMish,2400,1.0,2.740740740740741,0.06373815676141258
NickMish,2600,1.0,4.238095238095238,0.09856035437430787
NickMish,2800,1.0,3.0,0.06976744186046512
NickMish,3000,0.75,2.75,0.313953488372093
NickMish,3200,0.875,5.75,0.25872093023255816
NickMish,3400,0.6666666666666666,6.0,0.47286821705426363
Nika_Tamliani,800,0.9918433931484503,1.7569331158238173,0.04901551652187106
Nika_Tamliani,1000,0.9821428571428571,2.3958333333333335,0.0735741971207088
Nika_Tamliani,1200,1.0,2.3508771929824563,0.05467156262749898
Nika_Tamliani,1400,0.9850299401197605,2.5059880239520957,0.07324885113493937
Nika_Tamliani,1600,0.9507246376811594,2.5855072463768116,0.10940343781597571
Nika_Tamliani,1800,0.9421965317919075,2.96242774566474,0.12669713671192362
Nika_Tamliani,2000,0.939622641509434,3.2339622641509433,0.13558578323826237
Nika_Tamliani,2200,0.9288888888888889,3.1777777777777776,0.14501291989664084
Nika_Tamliani,2400,0.918918918918919,4.004504504504505,0.17420909281374392
Nika_Tamliani,2600,0.8804347826086957,4.239130434782608,0.21814964610717894
Nika_Tamliani,2800,0.72,5.4,0.40558139534883725
Nika_Tamliani,3000,0.625,4.25,0.4738372093023256
Nika_Tamliani,3200,0.3333333333333333,3.6666666666666665,0.7519379844961241
Nikrien,800,0.9912280701754386,1.3596491228070176,0.0403916768665851
Nikrien,1000,0.9545454545454546,1.6818181818181819,0.08456659619450313
Nikrien,1200,0.9166666666666666,1.5555555555555556,0.1195090439276486
Nikrien,1400,0.9393939393939394,1.393939393939394,0.09302325581395343
Nikrien,1600,0.6296296296296297,3.074074074074074,0.4418604651162791
Nikrien,1800,0.7631578947368421,2.4210526315789473,0.2931456548347613
Nikrien,2000,0.6086956521739131,3.391304347826087,0.47017189079878663
Nikrien,2200,0.5789473684210527,2.1052631578947367,0.47001223990208074
Nikrien,2400,0.5294117647058824,3.6470588235294117,0.5554035567715458
Nikrien,2600,0.4444444444444444,2.111111111111111,0.6046511627906977
Nikrien,2800,0.45454545454545453,2.4545454545454546,0.602536997885835
Nikrien,3000,1.0,2.5,0.05813953488372093
Nikrien,3200,0.6666666666666666,1.3333333333333333,0.36434108527131787
Nikrien,3400,1.0,1.0,0.023255813953488372
Noobish_Monk,800,0.9862068965517241,1.3827586206896552,0.04595028067361671
Noobish_Monk,1000,0.9734513274336283,1.3982300884955752,0.0590656513685944
Noobish_Monk,1200,0.9855072463768116,1.681159420289855,0.05358948432760359
Noobish_Monk,1400,0.9473684210526315,1.6541353383458646,0.09109984262983044
Noobish_Monk,1600,0.9448275862068966,2.075862068965517,0.10344827586206896
Noobish_Monk,1800,0.91324200913242,2.2511415525114153,0.1391101199957524
Noobish_Monk,2000,0.8984771573604061,2.6700507614213196,0.16361704639357805
Noobish_Monk,2200,0.9292929292929293,2.9494949494949494,0.13929997650927883
Noobish_Monk,2400,0.9333333333333333,2.8848484848484848,0.1337561663143058
Noobish_Monk,2600,0.9320388349514563,3.0485436893203883,0.13885752991645967
Noobish_Monk,2800,0.9193548387096774,3.9516129032258065,0.17254313578394603
Noobish_Monk,3000,0.8181818181818182,5.03030303030303,0.29880197322057783
Noobish_Monk,3200,0.9,3.95,0.19186046511627905
Noobish_Monk,3400,0.9166666666666666,7.583333333333333,0.2596899224806202
NotDWT,800,1.0,1.4572649572649572,0.03388988272709203
NotDWT,1000,0.9904761904761905,1.5904761904761904,0.04651162790697671
NotDWT,1200,0.9903846153846154,1.6730769230769231,0.04852415026833628
NotDWT,1400,0.9882352941176471,1.9411764705882353,0.05690834473324209
NotDWT,1600,0.9764705882352941,1.7647058823529411,0.06456908344733245
NotDWT,1800,0.9456521739130435,2.641304347826087,0.11577350859453996
NotDWT,2000,0.9166666666666666,2.75,0.1472868217054264
NotDWT,2200,0.9047619047619048,2.6666666666666665,0.15725359911406422
NotDWT,2400,0.6923076923076923,4.038461538461538,0.4016100178890877
NotDWT,2600,0.9230769230769231,4.3076923076923075,0.17710196779964216
NotDWT,2800,0.6666666666666666,4.666666666666667,0.44186046511627913
NotDWT,3000,0.8,1.6,0.23720930232558135
NotDWT,3400,1.0,5.5,0.12790697674418605
NotNanYan,800,1.0,1.1333333333333333,0.02635658914728682
NotNanYan,1000,1.0,1.4,0.03255813953488372
NotNanYan,1200,1.0,1.25,0.029069767441860465
NotNanYan,1400,1.0,1.6666666666666667,0.03875968992248062
NotNanYan,1600,0.8,3.2,0.27441860465116275
NotNanYan,1800,1.0,1.0,0.023255813953488372
NotNanYan,2000,1.0,2.6666666666666665,0.06201550387596899
NotNanYan,2200,1.0,1.5,0.03488372093023256
NotNanYan,2600,0.6666666666666666,2.6666666666666665,0.39534883720930236
NotNanYan,2800,1.0,1.0,0.023255813953488372
NotOnlySuccess,800,1.0,1.3008849557522124,0.030253138505865404
NotOnlySuccess,1000,1.0,1.6764705882352942,0.03898768809849521
NotOnlySuccess,1200,0.9736842105263158,1.6842105263157894,0.06548347613219091
NotOnlySuccess,1400,1.0,2.0,0.046511627906976744
NotOnlySuccess,1600,0.9710144927536232,2.3768115942028984,0.08426019548365354
NotOnlySuccess,1800,0.9705882352941176,2.4901960784313726,0.0873233014135887
NotOnlySuccess,2000,0.9047619047619048,3.619047619047619,0.17940199335548174
NotOnlySuccess,2200,0.8541666666666666,4.75,0.2562984496124031
NotOnlySuccess,2400,0.9047619047619048,4.714285714285714,0.20487264673311184
NotOnlySuccess,2600,0.8888888888888888,4.555555555555555,0.21705426356589153
NotOnlySuccess,2800,0.8571428571428571,4.857142857142857,0.2558139534883721
NotOnlySuccess,3000,0.8333333333333334,13.333333333333334,0.4767441860465116
NotOnlySuccess,3200,0.5,3.5,0.5813953488372093
Nrtusea,800,1.0,1.1428571428571428,0.026578073089700994
Nrtusea,1000,1.0,1.7058823529411764,0.03967168262653899
Nrtusea,1200,1.0,2.3333333333333335,0.054263565891472874
Nrtusea,1400,1.0,1.1764705882352942,0.027359781121751026
Nrtusea,1600,1.0,1.60625,0.03735465116279069
Nrtusea,1800,1.0,2.066666666666667,0.048062015503875975
Nrtusea,2000,0.9090909090909091,3.1515151515151514,0.164200140944327
Nrtusea,2200,0.96875,1.78125,0.07267441860465115
Nrtusea,2400,1.0,2.7037037037037037,0.06287683031869079
Nrtusea,2600,0.8888888888888888,2.7222222222222223,0.17441860465116282
Nrtusea,2800,1.0,1.4,0.03255813953488372
Nrtusea,3000,1.0,1.0,0.023255813953488372
Ns6Juruo,800,0.9615384615384616,1.2179487179487178,0.0667859272510435
Ns6Juruo,1000,0.9555555555555556,1.8666666666666667,0.08785529715762269
Ns6Juruo,1200,0.9714285714285714,1.3142857142857143,0.059136212624584725
Ns6Juruo,1400,0.9333333333333333,1.4333333333333333,0.09999999999999998
Ns6Juruo,1600,0.9696969696969697,1.7878787878787878,0.07188160676532768
Ns6Juruo,1800,0.9459459459459459,1.8108108108108107,0.09616593337523571
Ns6Juruo,2000,0.9354838709677419,1.8709677419354838,0.10802700675168797
Ns6Juruo,2200,0.9534883720930233,2.627906976744186,0.1076257436452136
Ns6Juruo,2400,0.9782608695652174,2.3260869565217392,0.07583417593528816
Ns6Juruo,2600,1.0,2.619047619047619,0.06090808416389812
Ns6Juruo,2800,0.9655172413793104,1.3448275862068966,0.06575781876503604
Ns6Juruo,3000,1.0,2.7777777777777777,0.06459948320413436
Ns6Juruo,3200,1.0,3.8125,0.08866279069767442
Ns6Juruo,3400,1.0,6.625,0.15406976744186046
Nyaan,800,0.9936305732484076,1.10828025477707,0.03214338616501259
Nyaan,1000,0.9714285714285714,1.2571428571428571,0.057807308970099676
Nyaan,1200,1.0,1.2365591397849462,0.02875718929732433
Nyaan,1400,0.9906542056074766,1.5327102803738317,0.0449902195174962
Nyaan,1600,0.9736842105263158,1.631578947368421,0.06425948592411257
Nyaan,1800,0.9745762711864406,1.652542372881356,0.06385494678754439
Nyaan,2000,0.9716981132075472,2.047169811320755,0.0759104870557262
Nyaan,2200,0.9473684210526315,2.9263157894736844,0.12068543451652393
Nyaan,2400,0.8543689320388349,2.0970873786407767,0.19440054188304362
Nyaan,2600,0.7580645161290323,2.9516129032258065,0.3105776444111028
Nyaan,2800,0.8181818181818182,3.4545454545454546,0.2621564482029598
Nyaan,3000,0.75,2.5357142857142856,0.3089700996677741
Nyaan,3200,0.65625,3.15625,0.4171511627906977
Nyaan,3400,0.8,3.15,0.2732558139534883
OG_Matveychick1,800,0.9791332263242376,1.5682182985553772,0.05733696666542233
OG_Matveychick1,1000,0.9411764705882353,1.8705882352941177,0.10232558139534885
OG_Matveychick1,1200,0.946360153256705,1.6704980842911878,0.09248863940122963
OG_Matveychick1,1400,0.9241071428571429,2.107142857142857,0.12489617940199331
OG_Matveychick1,1600,0.924901185770751,2.2490118577075098,0.12740141557128415
OG_Matveychick1,1800,0.9007352941176471,2.625,0.1603112175102599
OG_Matveychick1,2000,0.9102040816326531,2.979591836734694,0.15908875177978166
OG_Matveychick1,2200,0.907563025210084,3.4201680672268906,0.17197576705100645
OG_Matveychick1,2400,0.9444444444444444,3.6018518518518516,0.13931955211024982
OG_Matveychick1,2600,0.896,4.936,0.21879069767441858
OG_Matveychick1,2800,0.8727272727272727,6.236363636363636,0.27230443974630025
OG_Matveychick1,3000,0.9166666666666666,6.5,0.23449612403100778
OG_Matveychick1,3200,1.0,7.0,0.16279069767441862
OG_Matveychick1,3400,1.0,4.0,0.09302325581395349
OIer_kzc,800,0.9887640449438202,1.1797752808988764,0.03867258949568855
OIer_kzc,1000,0.9777777777777777,1.3333333333333333,0.05322997416020675
OIer_kzc,1200,0.95,1.2,0.07790697674418609
OIer_kzc,1400,0.9347826086956522,1.4565217391304348,0.0990899898887765
OIer_kzc,1600,1.0,1.5,0.03488372093023256
OIer_kzc,1800,0.9818181818181818,1.981818181818182,0.06427061310782242
OIer_kzc,2000,0.9206349206349206,1.6507936507936507,0.11775562938353641
OIer_kzc,2200,1.0,1.8518518518518519,0.04306632213608958
OIer_kzc,2400,0.9454545454545454,2.1636363636363636,0.10486257928118395
OIer_kzc,2600,0.868421052631579,2.026315789473684,0.17870257037943693
OIer_kzc,2800,0.7647058823529411,2.4705882352941178,0.292749658002736
OIer_kzc,3000,0.7058823529411765,2.2941176470588234,0.347469220246238
OIer_kzc,3200,0.8333333333333334,2.75,0.23062015503875966
OIer_kzc,3400,0.6666666666666666,3.6666666666666665,0.4186046511627907
ORzyzRO,800,1.0,1.4758064516129032,0.03432108027006752
ORzyzRO,1000,0.9166666666666666,1.5555555555555556,0.1195090439276486
ORzyzRO,1200,1.0,1.46,0.03395348837209302
ORzyzRO,1400,0.9259259259259259,2.574074074074074,0.1339362618432386
ORzyzRO,1600,0.9272727272727272,2.4,0.12854122621564484
ORzyzRO,1800,0.9594594594594594,2.581081081081081,0.10056568196103083
ORzyzRO,2000,1.0,2.566265060240964,0.059680582796301486
ORzyzRO,2200,0.9565217391304348,3.026086956521739,0.1138523761375126
ORzyzRO,2400,0.9440559440559441,3.4545454545454546,0.13628232232883397
ORzyzRO,2600,0.9509803921568627,2.784313725490196,0.1137710898312814
ORzyzRO,2800,0.8863636363636364,3.034090909090909,0.18419661733615222
ORzyzRO,3000,0.9538461538461539,3.0923076923076924,0.11806797853309477
ORzyzRO,3200,0.8888888888888888,3.5555555555555554,0.19379844961240314
ORzyzRO,3400,0.9555555555555556,3.0444444444444443,0.11524547803617566
OdtreeKing,800,1.0,1.5238095238095237,0.035437430786267994
OdtreeKing,1000,1.0,1.7,0.03953488372093023
OdtreeKing,1200,1.0,1.375,0.03197674418604651
OdtreeKing,1400,1.0,2.0,0.046511627906976744
OdtreeKing,1600,1.0,1.5,0.03488372093023256
OdtreeKing,1800,1.0,1.56,0.036279069767441864
OdtreeKing,2000,0.84,2.76,0.22418604651162793
OdtreeKing,2200,1.0,2.2758620689655173,0.05292702485966319
OdtreeKing,2400,0.9230769230769231,2.0,0.12343470483005362
OdtreeKing,2600,0.9047619047619048,2.8095238095238093,0.16057585825027684
OdtreeKing,2800,0.9375,3.4375,0.14244186046511628
OdtreeKing,3000,0.8,2.0,0.2465116279069767
OdtreeKing,3200,1.0,3.0,0.06976744186046512
OneCyborg,800,0.9047619047619048,1.0714285714285714,0.12015503875968991
OneCyborg,1000,0.8666666666666667,1.4,0.16589147286821704
OneCyborg,1200,0.8823529411764706,1.6470588235294117,0.15595075239398087
OneCyborg,1400,0.75,1.5,0.28488372093023256
OneCyborg,1600,0.7692307692307693,2.6153846153846154,0.2915921288014311
OneCyborg,1800,0.6428571428571429,1.2142857142857142,0.3853820598006644
OneCyborg,2000,0.4166666666666667,2.5,0.6414728682170542
OneCyborg,2200,0.5625,2.25,0.4898255813953488
OneCyborg,2400,0.5454545454545454,2.5454545454545454,0.5137420718816068
OneCyborg,2600,0.6,1.0,0.4232558139534884
OneCyborg,2800,0.16666666666666666,2.1666666666666665,0.8837209302325582
OneCyborg,3000,1.0,1.0,0.023255813953488372
OneCyborg,3400,0.0,11.0,1.255813953488372
Only365,800,0.991304347826087,1.6782608695652175,0.04772497472194131
Only365,1000,1.0,2.4516129032258065,0.05701425356339085
Only365,1200,0.8571428571428571,2.7142857142857144,0.20598006644518277
Only365,1400,0.7916666666666666,2.6666666666666665,0.27034883720930236
Only365,1600,1.0,2.2,0.051162790697674425
Only365,1800,1.0,2.375,0.055232558139534885
Only365,2000,0.8888888888888888,2.0,0.1576227390180879
Only365,2200,0.6,2.0,0.44651162790697674
Only365,2400,1.0,3.0,0.06976744186046512
Only365,2600,1.0,11.0,0.2558139534883721
Only365,2800,1.0,1.0,0.023255813953488372
Only365,3000,1.0,10.0,0.23255813953488372
Only365,3200,1.0,2.0,0.046511627906976744
OrangeEye,800,0.989247311827957,1.5376344086021505,0.04651162790697674
OrangeEye,1000,0.9056603773584906,1.5660377358490567,0.13075910487055725
OrangeEye,1200,0.8928571428571429,1.6785714285714286,0.14617940199335544
OrangeEye,1400,0.859375,2.34375,0.19513081395348836
OrangeEye,1600,0.8260869565217391,2.072463768115942,0.22210987529491066
OrangeEye,1800,0.8421052631578947,2.526315789473684,0.2166462668298654
OrangeEye,2000,0.7936507936507936,2.3492063492063493,0.2609819121447029
OrangeEye,2200,0.8805970149253731,2.2388059701492535,0.17146824019437695
OrangeEye,2400,0.9420289855072463,3.8405797101449277,0.1472868217054264
OrangeEye,2600,0.9493670886075949,3.6202531645569622,0.13482484545186935
OrangeEye,2800,0.9285714285714286,3.761904761904762,0.1589147286821705
OrangeEye,3000,0.9206349206349206,2.888888888888889,0.14654854189737915
OrangeEye,3200,0.875,5.333333333333333,0.24903100775193798
OrangeEye,3400,0.9473684210526315,9.578947368421053,0.27539779681762555
OrientDragon,800,1.0,1.0,0.023255813953488372
OrientDragon,1000,1.0,1.2,0.027906976744186046
OrientDragon,1200,1.0,1.2857142857142858,0.029900332225913623
OrientDragon,1400,1.0,1.0,0.023255813953488372
OrientDragon,1800,1.0,2.0,0.046511627906976744
OrientDragon,2000,1.0,2.6,0.06046511627906977
OrientDragon,2200,0.7142857142857143,2.7142857142857144,0.34883720930232553
OrientDragon,2400,1.0,2.0,0.046511627906976744
OrientDragon,2600,0.0,2.0,1.0465116279069768
OrientDragon,2800,1.0,1.0,0.023255813953488372
Ormlis,800,0.9909706546275395,1.1693002257336342,0.03622237387789383
Ormlis,1000,0.9862385321100917,1.2522935779816513,0.042884574354597846
Ormlis,1200,0.9955947136563876,1.3392070484581498,0.035549636307755386
Ormlis,1400,0.9958677685950413,1.4090909090909092,0.036901787430328646
Ormlis,1600,0.9797979797979798,1.4545454545454546,0.05402865867982149
Ormlis,1800,0.9866666666666667,1.75,0.05403100775193796
Ormlis,2000,0.9658703071672355,2.054607508532423,0.08191126279863475
Ormlis,2200,0.9630996309963099,2.055350553505535,0.08469921908521416
Ormlis,2400,0.9423728813559322,2.23728813559322,0.10965707528577057
Ormlis,2600,0.937799043062201,2.8421052631578947,0.12829642817402914
Ormlis,2800,0.8910256410256411,2.4358974358974357,0.16562313655336905
Ormlis,3000,0.819047619047619,3.5904761904761906,0.2644518272425249
Ormlis,3200,0.7640449438202247,4.775280898876405,0.3470081003396917
Ormlis,3400,0.6438356164383562,3.6027397260273974,0.43994902835297867
OutsiderZz,800,1.0,1.3272727272727274,0.03086680761099366
OutsiderZz,1000,1.0,1.3975903614457832,0.032502101428971704
OutsiderZz,1200,0.9896907216494846,1.5876288659793814,0.04723087988491965
OutsiderZz,1400,1.0,1.975609756097561,0.04594441293250142
OutsiderZz,1600,1.0,1.8695652173913044,0.043478260869565216
OutsiderZz,1800,1.0,1.99009900990099,0.04628137232327884
OutsiderZz,2000,1.0,2.138211382113821,0.04972584609567026
OutsiderZz,2200,1.0,1.9466666666666668,0.04527131782945737
OutsiderZz,2400,1.0,2.4563758389261743,0.05712501950991103
OutsiderZz,2600,1.0,2.3469387755102042,0.05457997152349312
OutsiderZz,2800,1.0,1.9636363636363636,0.04566596194503171
OutsiderZz,3000,1.0,2.28,0.053023255813953486
OutsiderZz,3200,1.0,3.090909090909091,0.07188160676532769
OutsiderZz,3400,1.0,2.0,0.046511627906976744
PCTprobability,800,0.99,1.3,0.04023255813953489
PCTprobability,1000,1.0,1.52,0.035348837209302326
PCTprobability,1200,0.9818181818181818,1.3454545454545455,0.04947145877378436
PCTprobability,1400,0.9636363636363636,1.3454545454545455,0.06765327695560255
PCTprobability,1600,0.9466666666666667,2.3333333333333335,0.10759689922480623
PCTprobability,1800,0.9264705882352942,2.235294117647059,0.1255129958960328
PCTprobability,2000,0.8627450980392157,2.6666666666666665,0.19927040583675326
PCTprobability,2200,0.9056603773584906,2.7735849056603774,0.15884159719175073
PCTprobability,2400,0.78,3.9,0.31069767441860463
PCTprobability,2600,0.7333333333333333,3.433333333333333,0.34651162790697676
PCTprobability,2800,0.9523809523809523,4.809523809523809,0.15946843853820603
PCTprobability,3000,0.7142857142857143,4.714285714285714,0.3953488372093023
PCTprobability,3200,0.5,4.125,0.5959302325581395
PCTprobability,3400,0.6,5.0,0.5162790697674419
PTqwq_,800,1.0,1.0833333333333333,0.025193798449612403
PTqwq_,1000,1.0,1.2857142857142858,0.029900332225913623
PTqwq_,1200,1.0,1.4666666666666666,0.034108527131782945
PTqwq_,1400,1.0,1.0833333333333333,0.025193798449612403
PTqwq_,1600,0.9615384615384616,1.4615384615384615,0.07245080500894452
PTqwq_,1800,1.0,1.9423076923076923,0.04516994633273703
PTqwq_,2000,0.9629629629629629,2.4444444444444446,0.09388458225667534
PTqwq_,2200,0.9857142857142858,2.0142857142857142,0.06112956810631224
PTqwq_,2400,0.9801980198019802,2.603960396039604,0.08035919871056875
PTqwq_,2600,0.975,3.4625,0.10552325581395351
PTqwq_,2800,0.9534883720930233,2.3488372093023258,0.10113574905354243
PTqwq_,3000,0.9512195121951219,3.3658536585365852,0.12705615428247308
PTqwq_,3200,1.0,3.15,0.07325581395348837
PTqwq_,3400,1.0,2.0,0.046511627906976744
Pacybwoah,800,0.9166666666666666,1.5277777777777777,0.11886304909560727
Pacybwoah,1000,0.9459459459459459,1.3783783783783783,0.08610936517913262
Pacybwoah,1200,1.0,1.3214285714285714,0.030730897009966777
Pacybwoah,1400,0.9666666666666667,1.7333333333333334,0.07364341085271317
Pacybwoah,1600,1.0,1.5,0.03488372093023256
Pacybwoah,1800,1.0,1.631578947368421,0.037943696450428395
Pacybwoah,2000,0.9375,1.84375,0.10537790697674418
Pacybwoah,2200,0.96,2.4,0.09581395348837213
Pacybwoah,2400,0.926829268292683,2.317073170731707,0.12705615428247302
Pacybwoah,2600,0.9090909090909091,4.181818181818182,0.18816067653276958
Pacybwoah,2800,1.0,1.875,0.0436046511627907
Pacybwoah,3000,1.0,2.6666666666666665,0.06201550387596899
Pacybwoah,3200,0.3333333333333333,4.0,0.7596899224806202
Pacybwoah,3400,0.0,1.0,1.0232558139534884
Pain850,800,1.0,1.2,0.027906976744186046
Pain850,1000,1.0,1.0,0.023255813953488372
Pain850,1200,1.0,1.5,0.03488372093023256
Pain850,1400,1.0,1.25,0.029069767441860465
Pain850,1600,1.0,3.5,0.08139534883720931
Pain850,1800,1.0,1.75,0.040697674418604654
Pain850,2000,1.0,1.0,0.023255813953488372
Pain850,2200,0.6666666666666666,3.0,0.4031007751937985
Pain850,2400,1.0,2.6666666666666665,0.06201550387596899
Pain850,2600,0.0,1.0,1.0232558139534884
Pain850,2800,1.0,2.0,0.046511627906976744
Papaulo,800,1.0,1.158273381294964,0.02693659026267358
Papaulo,1000,0.9846153846153847,1.1846153846153846,0.04293381037567079
Papaulo,1200,0.9833333333333333,1.3333333333333333,0.047674418604651214
Papaulo,1400,0.9859154929577465,1.6338028169014085,0.052079921388797884
Papaulo,1600,0.9859154929577465,1.5211267605633803,0.04945954798558793
Papaulo,1800,1.0,1.8229166666666667,0.04239341085271318
Papaulo,2000,1.0,1.871559633027523,0.04352464262854705
Papaulo,2200,0.975,2.353125,0.07972383720930235
Papaulo,2400,0.9705882352941176,2.9352941176470586,0.09767441860465116
Papaulo,2600,0.8,2.6,0.2604651162790697
Papaulo,2800,0.85,2.8,0.21511627906976746
Papaulo,3000,1.0,3.2857142857142856,0.07641196013289037
Papaulo,3200,0.0,3.0,1.069767441860465
Papaulo,3400,1.0,3.3333333333333335,0.07751937984496124
PaperCloud,800,1.0,1.2242990654205608,0.02847207128885025
PaperCloud,1000,0.9803921568627451,1.4509803921568627,0.05335157318741454
PaperCloud,1200,1.0,1.380952380952381,0.03211517165005537
PaperCloud,1400,0.9761904761904762,1.4523809523809523,0.05758582502768552
PaperCloud,1600,0.9777777777777777,1.8,0.06408268733850132
PaperCloud,1800,0.9827586206896551,1.9655172413793103,0.0629510825982358
PaperCloud,2000,1.0,2.0,0.046511627906976744
PaperCloud,2200,1.0,2.638888888888889,0.06136950904392765
PaperCloud,2400,0.9459459459459459,2.5405405405405403,0.11313639220615965
PaperCloud,2600,0.9,1.9,0.1441860465116279
PaperCloud,2800,0.9090909090909091,2.1818181818181817,0.14164904862579283
PaperCloud,3000,1.0,3.25,0.0755813953488372
PelicanPilot,800,1.0,1.1818181818181819,0.027484143763213533
PelicanPilot,1000,1.0,1.0,0.023255813953488372
PelicanPilot,1200,1.0,1.5,0.03488372093023256
PelicanPilot,1400,1.0,1.0,0.023255813953488372
PelicanPilot,1600,1.0,1.2,0.027906976744186046
PelicanPilot,1800,1.0,1.1666666666666667,0.027131782945736437
PelicanPilot,2000,1.0,1.3333333333333333,0.031007751937984496
PelicanPilot,2200,1.0,1.0,0.023255813953488372
PelicanPilot,2400,0.7777777777777778,1.0,0.24547803617571057
PelicanPilot,2600,1.0,1.4,0.03255813953488372
PelicanPilot,2800,0.7,1.3,0.33023255813953495
PelicanPilot,3000,1.0,1.6,0.037209302325581395
PelicanPilot,3200,1.0,1.0,0.023255813953488372
PelicanPilot,3400,0.3333333333333333,1.6666666666666667,0.7054263565891473
Petr,800,1.0,1.05,0.02441860465116279
Petr,1000,1.0,1.2040816326530612,0.02800189843379212
Petr,1200,1.0,1.0379746835443038,0.024138946128937296
Petr,1400,1.0,1.1782178217821782,0.027400414460050655
Petr,1600,0.984251968503937,1.2440944881889764,0.044680461453946135
Petr,1800,0.9927007299270073,1.467153284671533,0.041419113902563226
Petr,2000,0.972972972972973,1.3153153153153154,0.05761575529017385
Petr,2200,0.9495798319327731,1.7226890756302522,0.09048270470979095
Petr,2400,0.9763779527559056,1.5196850393700787,0.05896355978758465
Petr,2600,0.9736842105263158,1.7456140350877194,0.0669114647082823
Petr,2800,0.9113924050632911,1.9493670886075949,0.1339417132764204
Petr,3000,0.890625,1.9375,0.15443313953488372
Petr,3200,0.8571428571428571,2.7142857142857144,0.20598006644518277
Petr,3400,0.7105263157894737,4.315789473684211,0.3898408812729498
Petra_A,800,1.0,1.0,0.023255813953488372
Petra_A,1000,1.0,1.5,0.03488372093023256
Petra_A,1200,1.0,1.0,0.023255813953488372
Petra_A,1400,1.0,1.25,0.029069767441860465
Petra_A,1600,1.0,1.75,0.040697674418604654
Petra_A,1800,1.0,1.2,0.027906976744186046
Petra_A,2000,1.0,1.75,0.040697674418604654
Petra_A,2200,0.5,3.5,0.5813953488372093
Petra_A,2400,1.0,1.0,0.023255813953488372
Petra_A,2800,0.5,1.75,0.5406976744186046
Petroleumus,800,1.0,1.803921568627451,0.041951664386684906
Petroleumus,1000,1.0,2.5,0.05813953488372093
Petroleumus,1200,1.0,2.5,0.05813953488372093
Petroleumus,1400,1.0,2.68,0.06232558139534884
Petroleumus,1600,0.9375,3.921875,0.1537063953488372
Petroleumus,1800,0.9761904761904762,4.404761904761905,0.12624584717607978
Petroleumus,2000,0.8181818181818182,3.0303030303030303,0.25229034531360106
Petroleumus,2200,0.7142857142857143,4.5,0.3903654485049834
Petroleumus,2400,0.7647058823529411,2.823529411764706,0.30095759233926134
Petroleumus,2600,0.6666666666666666,1.3333333333333333,0.36434108527131787
Petroleumus,2800,0.6666666666666666,5.666666666666667,0.4651162790697675
Petroleumus,3000,0.0,2.0,1.0465116279069768
Piau_,800,0.8666666666666667,1.3333333333333333,0.1643410852713178
Piau_,1000,1.0,1.0,0.023255813953488372
Piau_,1200,0.7142857142857143,1.2857142857142858,0.3156146179401993
Piau_,1400,1.0,1.25,0.029069767441860465
Piau_,1600,1.0,1.0,0.023255813953488372
Piau_,1800,1.0,7.5,0.1744186046511628
Piau_,2000,0.6,1.4,0.43255813953488376
Piau_,2400,1.0,1.0,0.023255813953488372
Piau_,2600,1.0,4.0,0.09302325581395349
Piau_,2800,1.0,2.0,0.046511627906976744
PieArmy,800,0.9791666666666666,1.6180555555555556,0.05846253229974164
PieArmy,1000,0.9491525423728814,1.7118644067796611,0.09065825778478516
PieArmy,1200,0.9365079365079365,1.6984126984126984,0.10299003322259136
PieArmy,1400,0.9583333333333334,2.1666666666666665,0.09205426356589144
PieArmy,1600,1.0,2.1791044776119404,0.05067684831655675
PieArmy,1800,0.9345794392523364,2.97196261682243,0.13453597044120846
PieArmy,2000,0.9382716049382716,2.9753086419753085,0.13092161929371238
PieArmy,2200,1.0,2.603448275862069,0.06054530874097835
PieArmy,2400,0.96,3.26,0.11581395348837212
PieArmy,2600,0.9583333333333334,5.0,0.15794573643410847
PieArmy,2800,0.9285714285714286,2.9285714285714284,0.1395348837209302
PieArmy,3000,1.0,3.3333333333333335,0.07751937984496124
PieArmy,3200,1.0,10.0,0.23255813953488372
PinkieRabbit,800,0.9647058823529412,1.2705882352941176,0.06484268125854992
PinkieRabbit,1000,0.9803921568627451,1.5490196078431373,0.05563155494756046
PinkieRabbit,1200,1.0,1.2545454545454546,0.029175475687103596
PinkieRabbit,1400,1.0,1.4035087719298245,0.03263973888208894
PinkieRabbit,1600,0.9859154929577465,1.1690140845070423,0.04127088110055681
PinkieRabbit,1800,0.9710144927536232,1.608695652173913,0.06639703404111899
PinkieRabbit,2000,0.967032967032967,1.5824175824175823,0.0697674418604651
PinkieRabbit,2200,0.9682539682539683,1.6666666666666667,0.07050572166851236
PinkieRabbit,2400,0.9438202247191011,1.7640449438202248,0.09720407629997391
PinkieRabbit,2600,0.9107142857142857,2.5714285714285716,0.14908637873754155
PinkieRabbit,2800,0.9183673469387755,2.7755102040816326,0.14617940199335544
PinkieRabbit,3000,0.9090909090909091,4.636363636363637,0.19873150105708248
PinkieRabbit,3200,0.7777777777777778,2.888888888888889,0.28940568475452194
PinkieRabbit,3400,0.6666666666666666,2.0,0.3798449612403101
Pipelining,800,1.0,1.4,0.03255813953488372
Pipelining,1000,1.0,1.6,0.037209302325581395
Pipelining,1200,1.0,1.4,0.03255813953488372
Pipelining,1400,1.0,2.5,0.05813953488372093
Pipelining,1600,1.0,1.375,0.03197674418604651
Pipelining,1800,1.0,2.4285714285714284,0.05647840531561461
Pipelining,2000,0.8333333333333334,2.5,0.22480620155038755
Pipelining,2200,1.0,3.0588235294117645,0.07113543091655267
Pipelining,2400,0.8571428571428571,3.857142857142857,0.23255813953488377
Pipelining,2600,1.0,3.375,0.07848837209302326
Pipelining,2800,1.0,1.0,0.023255813953488372
PlayVoltz,800,0.9689922480620154,1.3410852713178294,0.06219578150351547
PlayVoltz,1000,0.896551724137931,1.5862068965517242,0.14033680834001602
PlayVoltz,1200,0.875,2.25,0.17732558139534885
PlayVoltz,1400,0.7692307692307693,3.3846153846153846,0.3094812164579606
PlayVoltz,1600,0.6,3.2,0.4744186046511628
PlayVoltz,1800,0.5714285714285714,3.8095238095238093,0.5171650055370985
PlayVoltz,2000,0.7777777777777778,2.0,0.2687338501291989
PlayVoltz,2200,0.3333333333333333,2.0,0.7131782945736435
PlayVoltz,2400,0.5,3.75,0.5872093023255814
PlayVoltz,2600,0.6666666666666666,4.333333333333333,0.434108527131783
PlayVoltz,2800,0.5,2.0,0.5465116279069767
Potassium,800,1.0,1.1333333333333333,0.02635658914728682
Potassium,1000,1.0,1.2265193370165746,0.028523705512013362
Potassium,1200,0.9953051643192489,1.3427230046948357,0.03592095206900313
Potassium,1400,0.9957627118644068,1.4067796610169492,0.036953094205754815
Potassium,1600,1.0,1.636,0.038046511627906975
Potassium,1800,0.9920318725099602,2.1075697211155378,0.05698137681830815
Potassium,2000,0.974025974025974,2.242424242424242,0.07812342696063626
Potassium,2200,0.9532163742690059,2.415204678362573,0.10295117639058887
Potassium,2400,0.9583333333333334,2.53125,0.10053294573643407
Potassium,2600,0.9673202614379085,3.4248366013071894,0.11232710138318892
Potassium,2800,0.918918918918919,3.1621621621621623,0.1546197360150848
Potassium,3000,0.7931034482758621,3.793103448275862,0.2951082598235766
Potassium,3200,0.6111111111111112,2.7777777777777777,0.4534883720930232
Potassium,3400,0.6,5.0,0.5162790697674419
Pottes,800,0.9902912621359223,1.2815533980582525,0.039512305260781214
Pottes,1000,0.9887640449438202,1.6292134831460674,0.04912464071073951
Pottes,1200,0.98989898989899,1.6565656565656566,0.04862579281183928
Pottes,1400,1.0,1.849056603773585,0.04300131636682756
Pottes,1600,0.981651376146789,2.3944954128440368,0.07403456368679326
Pottes,1800,0.9734513274336283,2.336283185840708,0.08088083967894633
Pottes,2000,0.940677966101695,2.440677966101695,0.11608198659834446
Pottes,2200,0.9444444444444444,2.55,0.11485788113695092
Pottes,2400,0.883495145631068,2.9902912621359223,0.18604651162790692
Pottes,2600,0.6666666666666666,2.533333333333333,0.3922480620155039
Pottes,2800,0.5714285714285714,4.142857142857143,0.5249169435215947
Pottes,3000,0.5,3.0,0.5697674418604651
Proof_by_QED,800,0.9946062567421791,1.3279395900755124,0.03627605930608867
Proof_by_QED,1000,0.9908256880733946,1.3944954128440368,0.041604437806699326
Proof_by_QED,1200,0.976,1.608,0.061395348837209325
Proof_by_QED,1400,1.0,1.6565656565656566,0.03852478271082922
Proof_by_QED,1600,0.9741379310344828,1.8448275862068966,0.06876503608660786
Proof_by_QED,1800,0.9767441860465116,2.0387596899224807,0.07066882999819726
Proof_by_QED,2000,1.0,2.902173913043478,0.06749241658240647
Proof_by_QED,2200,0.9595959595959596,2.9393939393939394,0.10876203899459717
Proof_by_QED,2400,0.9102564102564102,2.6666666666666665,0.15175909361955875
Proof_by_QED,2600,0.9230769230769231,3.58974358974359,0.16040548598688129
Proof_by_QED,2800,0.75,4.625,0.3575581395348837
Proof_by_QED,3000,1.0,2.0,0.046511627906976744
Proof_by_QED,3200,1.0,1.4,0.03255813953488372
Proof_by_QED,3400,0.75,2.5,0.3081395348837209
Pumkinhead_Me,800,1.0,1.1851851851851851,0.02756244616709733
Pumkinhead_Me,1000,0.9772727272727273,1.7840909090909092,0.06421775898520082
Pumkinhead_Me,1200,0.9655172413793104,1.6206896551724137,0.07217321571772249
Pumkinhead_Me,1400,0.9836065573770492,2.0491803278688523,0.06404879908501718
Pumkinhead_Me,1600,0.972972972972973,2.2072072072072073,0.07835742719463645
Pumkinhead_Me,1800,0.9590163934426229,3.0901639344262297,0.11284788410217314
Pumkinhead_Me,2000,0.900990099009901,3.366336633663366,0.17729679944738658
Pumkinhead_Me,2200,0.8444444444444444,4.644444444444445,0.26356589147286824
Pumkinhead_Me,2400,0.8260869565217391,3.8260869565217392,0.26289180990899896
Pumkinhead_Me,2600,0.8571428571428571,5.142857142857143,0.2624584717607974
Pumkinhead_Me,2800,0.0,1.0,1.0232558139534884
Pumkinhead_Me,3000,0.6666666666666666,6.333333333333333,0.4806201550387597
Pumkinhead_Me,3200,1.0,5.0,0.11627906976744186
Pushanka,800,1.0,1.1818181818181819,0.027484143763213533
Pushanka,1000,1.0,1.5,0.03488372093023256
Pushanka,1200,1.0,1.0,0.023255813953488372
Pushanka,1400,0.6666666666666666,2.0,0.3798449612403101
Pushanka,1600,1.0,2.0,0.046511627906976744
Pushanka,1800,1.0,1.0,0.023255813953488372
Pushanka,2000,1.0,1.0,0.023255813953488372
Pushanka,2200,0.75,1.75,0.29069767441860467
Pushanka,2400,0.6,1.6,0.4372093023255814
Pushanka,2600,1.0,2.6666666666666665,0.06201550387596899
Pushanka,2800,1.0,5.5,0.12790697674418605
PvPro,800,0.9690721649484536,1.422680412371134,0.0640134260369216
PvPro,1000,0.9807692307692307,1.8461538461538463,0.06216457960644012
PvPro,1200,0.9411764705882353,1.5490196078431373,0.09484724122207024
PvPro,1400,0.9782608695652174,1.7173913043478262,0.061678463094034366
PvPro,1600,0.9615384615384616,1.7115384615384615,0.07826475849731661
PvPro,1800,0.8840579710144928,2.130434782608696,0.16548702392989548
PvPro,2000,0.8235294117647058,2.976470588235294,0.24569083447332424
PvPro,2200,0.8556701030927835,3.5257731958762886,0.22632462239271162
PvPro,2400,0.7951807228915663,4.891566265060241,0.31857663210983467
PvPro,2600,0.8076923076923077,5.076923076923077,0.3103756708407871
PvPro,2800,0.6666666666666666,6.716666666666667,0.48953488372093024
PvPro,3000,0.717948717948718,7.564102564102564,0.45796064400715564
PvPro,3200,1.0,7.666666666666667,0.17829457364341086
PvPro,3400,0.3333333333333333,4.666666666666667,0.7751937984496124
Pyqe,800,1.0,1.1197452229299363,0.02604058657976596
Pyqe,1000,1.0,1.1346153846153846,0.026386404293381037
Pyqe,1200,1.0,1.2293814432989691,0.02859026612323184
Pyqe,1400,1.0,1.3316195372750643,0.030967896215699172
Pyqe,1600,0.9978768577494692,1.3864118895966029,0.034365279217893646
Pyqe,1800,0.9977116704805492,1.4919908466819223,0.036985791070193175
Pyqe,2000,0.9977220956719818,1.489749430523918,0.03692323992159771
Pyqe,2200,0.993993993993994,1.6156156156156156,0.04357846218311332
Pyqe,2400,0.9859649122807017,1.8842105263157896,0.0578539371685027
Pyqe,2600,0.9523809523809523,2.259259259259259,0.10015996062507695
Pyqe,2800,0.8446601941747572,1.9902912621359223,0.20162564913072933
Pyqe,3000,0.8666666666666667,1.9111111111111112,0.17777777777777776
Pyqe,3200,0.7857142857142857,3.5,0.29568106312292364
Pyqe,3400,1.0,2.1666666666666665,0.050387596899224806
QYHamster,800,0.9259259259259259,1.1851851851851851,0.1016365202411714
QYHamster,1000,1.0,1.0833333333333333,0.025193798449612403
QYHamster,1200,1.0,1.5,0.03488372093023256
QYHamster,1400,1.0,1.434782608695652,0.033367037411526794
QYHamster,1600,0.9629629629629629,1.8518518518518519,0.08010335917312666
QYHamster,1800,0.9655172413793104,2.0344827586206895,0.08179631114675216
QYHamster,2000,0.9523809523809523,2.0476190476190474,0.09523809523809529
QYHamster,2200,0.9523809523809523,2.238095238095238,0.0996677740863788
QYHamster,2400,0.8666666666666667,4.0,0.2263565891472868
QYHamster,2600,0.6923076923076923,2.769230769230769,0.37209302325581395
QYHamster,2800,1.0,5.0,0.11627906976744186
QuotientMartingale,800,1.0,1.12,0.026046511627906978
QuotientMartingale,1000,0.9090909090909091,1.1818181818181819,0.11839323467230448
QuotientMartingale,1200,1.0,1.8235294117647058,0.04240766073871409
QuotientMartingale,1400,1.0,2.111111111111111,0.04909560723514212
QuotientMartingale,1600,1.0,1.4761904761904763,0.03433001107419712
QuotientMartingale,1800,1.0,2.15,0.049999999999999996
QuotientMartingale,2000,1.0,1.8421052631578947,0.042839657282741736
QuotientMartingale,2200,0.9285714285714286,1.9285714285714286,0.11627906976744183
QuotientMartingale,2400,0.8636363636363636,5.0,0.2526427061310782
QuotientMartingale,2600,0.75,3.75,0.3372093023255814
QuotientMartingale,2800,0.7857142857142857,3.357142857142857,0.292358803986711
QuotientMartingale,3000,1.0,1.6666666666666667,0.03875968992248062
QuotientMartingale,3200,1.0,1.0,0.023255813953488372
QuotientMartingale,3400,1.0,1.3333333333333333,0.031007751937984496
QwertyPi,800,0.989247311827957,1.6720430107526882,0.049637409352338076
QwertyPi,1000,0.9690721649484536,1.6597938144329898,0.0695276912011508
QwertyPi,1200,0.9649122807017544,1.9210526315789473,0.07976336189310484
QwertyPi,1400,0.9754098360655737,1.9426229508196722,0.06976744186046514
QwertyPi,1600,0.9947916666666666,2.3229166666666665,0.059229651162790733
QwertyPi,1800,0.9478672985781991,3.018957345971564,0.12234101179323266
QwertyPi,2000,0.8976377952755905,3.220472440944882,0.17725691265336024
QwertyPi,2200,0.8172043010752689,2.774193548387097,0.2473118279569892
QwertyPi,2400,0.8314606741573034,3.741573033707865,0.2555526522079958
QwertyPi,2600,0.717948717948718,3.051282051282051,0.3530113297555158
QwertyPi,2800,0.6666666666666666,4.0,0.42635658914728686
QwertyPi,3000,0.6470588235294118,5.823529411764706,0.4883720930232558
QwertyPi,3200,0.5555555555555556,3.3333333333333335,0.5219638242894057
QwertyPi,3400,0.25,1.75,0.7906976744186046
RDDCCD,800,1.0,1.1952380952380952,0.027796234772978958
RDDCCD,1000,0.9797979797979798,1.4141414141414141,0.0530890298332159
RDDCCD,1200,1.0,1.4545454545454546,0.03382663847780127
RDDCCD,1400,1.0,1.552,0.036093023255813955
RDDCCD,1600,0.9848484848484849,1.7575757575757576,0.05602536997885834
RDDCCD,1800,0.9736842105263158,2.0197368421052633,0.0732864137086903
RDDCCD,2000,0.9694656488549618,2.312977099236641,0.08432451624356477
RDDCCD,2200,0.9767441860465116,2.4263565891472867,0.07968271137551833
RDDCCD,2400,0.9101796407185628,2.311377245508982,0.14357331847932048
RDDCCD,2600,0.8526315789473684,3.557894736842105,0.23011015911872706
RDDCCD,2800,0.9076923076923077,3.169230769230769,0.16601073345259393
RDDCCD,3000,0.8888888888888888,4.511111111111111,0.21602067183462537
RDDCCD,3200,0.7647058823529411,2.2941176470588234,0.2886456908344734
RDDCCD,3400,0.8333333333333334,3.8333333333333335,0.25581395348837205
RGB_ICPC3,800,0.9902912621359223,1.7572815533980584,0.050575750733799954
RGB_ICPC3,1000,0.9565217391304348,1.8043478260869565,0.08543983822042464
RGB_ICPC3,1200,0.9294117647058824,2.0352941176470587,0.11792065663474689
RGB_ICPC3,1400,0.9484536082474226,1.8969072164948453,0.09566051306641096
RGB_ICPC3,1600,0.9772727272727273,2.6818181818181817,0.0850951374207188
RGB_ICPC3,1800,0.978021978021978,2.868131868131868,0.08867876309736779
RGB_ICPC3,2000,0.7117117117117117,2.981981981981982,0.3576367064739158
RGB_ICPC3,2200,0.8315789473684211,3.3263157894736843,0.24577723378212973
RGB_ICPC3,2400,0.7669902912621359,2.912621359223301,0.3007450891849176
RGB_ICPC3,2600,0.7878787878787878,3.242424242424242,0.2875264270613108
RGB_ICPC3,2800,0.38095238095238093,2.5238095238095237,0.6777408637873754
RGB_ICPC3,3000,0.6666666666666666,1.5555555555555556,0.3695090439276486
RGB_ICPC3,3200,0.2,2.0,0.8465116279069768
RGB_ICPC3,3400,0.5,3.5,0.5813953488372093
Ra16bit,800,1.0,1.0940594059405941,0.025443241998618468
Ra16bit,1000,1.0,1.1293103448275863,0.026263031275060147
Ra16bit,1200,1.0,1.217142857142857,0.02830564784053156
Ra16bit,1400,0.9947368421052631,1.3368421052631578,0.03635250917992658
Ra16bit,1600,0.9923664122137404,1.599236641221374,0.04482513758210546
Ra16bit,1800,0.975609756097561,1.7142857142857142,0.06425735353699054
Ra16bit,2000,0.9631147540983607,2.081967213114754,0.08530308806709871
Ra16bit,2200,0.9509803921568627,2.0784313725490198,0.09735522115823078
Ra16bit,2400,0.8744186046511628,2.6232558139534885,0.1865873445105462
Ra16bit,2600,0.8197674418604651,2.61046511627907,0.24094104921579232
Ra16bit,2800,0.7872340425531915,2.765957446808511,0.27709054923305293
Ra16bit,3000,0.6666666666666666,4.041666666666667,0.4273255813953489
Ra16bit,3200,0.5714285714285714,3.4761904761904763,0.5094130675526025
Ra16bit,3400,0.7,7.1,0.4651162790697675
Radewoosh,800,1.0,1.1317365269461077,0.026319454115025762
Radewoosh,1000,0.99,1.21,0.03813953488372094
Radewoosh,1200,1.0,1.2258064516129032,0.028507126781695424
Radewoosh,1400,0.9823529411764705,1.3058823529411765,0.0480164158686731
Radewoosh,1600,0.986046511627907,1.3627906976744186,0.04564629529475388
Radewoosh,1800,0.9703389830508474,1.5381355932203389,0.06543161214032325
Radewoosh,2000,0.9311926605504587,1.885321100917431,0.11265201621506296
Radewoosh,2200,0.9476439790575916,2.141361256544503,0.10215511993181547
Radewoosh,2400,0.9466019417475728,2.5097087378640777,0.11176337773763827
Radewoosh,2600,0.9182389937106918,2.6855345911949686,0.1442152991077958
Radewoosh,2800,0.8873239436619719,3.0422535211267605,0.183426138224697
Radewoosh,3000,0.88,2.91,0.18767441860465117
Radewoosh,3200,0.7297297297297297,5.702702702702703,0.40289126335637965
Radewoosh,3400,0.6952380952380952,7.0,0.4675526024363234
RainC,800,1.0,1.2820512820512822,0.029815146094215865
RainC,1000,1.0,1.1111111111111112,0.02583979328165375
RainC,1200,1.0,1.5,0.03488372093023256
RainC,1400,1.0,1.3888888888888888,0.03229974160206718
RainC,1600,1.0,1.6666666666666667,0.03875968992248062
RainC,1800,0.9130434782608695,2.260869565217391,0.1395348837209303
RainC,2000,0.9230769230769231,2.3076923076923075,0.1305903398926654
RainC,2200,1.0,2.2,0.051162790697674425
RainC,2400,1.0,1.75,0.040697674418604654
RainC,2600,1.0,2.0,0.046511627906976744
RainRecall,800,1.0,1.2916666666666667,0.030038759689922482
RainRecall,1000,1.0,2.1818181818181817,0.0507399577167019
RainRecall,1200,1.0,1.7333333333333334,0.040310077519379844
RainRecall,1400,1.0,2.0833333333333335,0.04844961240310078
RainRecall,1600,0.8333333333333334,2.6666666666666665,0.22868217054263562
RainRecall,1800,1.0,2.4285714285714284,0.05647840531561461
RainRecall,2000,0.9642857142857143,2.7857142857142856,0.10049833887043187
RainRecall,2200,1.0,1.2790697674418605,0.029745808545159548
RainRecall,2400,0.9661016949152542,2.2033898305084745,0.08513992905005914
RainRecall,2600,1.0,2.814814814814815,0.06546080964685616
RainRecall,2800,0.9354838709677419,2.064516129032258,0.11252813203300831
RainRecall,3000,0.9,3.0,0.1697674418604651
RainRecall,3200,1.0,2.0,0.046511627906976744
Rainmaker2627,800,0.961038961038961,2.012987012987013,0.08577469042585323
Rainmaker2627,1000,0.9545454545454546,3.272727272727273,0.12156448202959827
Rainmaker2627,1200,1.0,1.5625,0.036337209302325583
Rainmaker2627,1400,1.0,2.0,0.046511627906976744
Rainmaker2627,1600,1.0,3.0833333333333335,0.07170542635658915
Rainmaker2627,1800,0.6666666666666666,4.0,0.42635658914728686
Rainmaker2627,2000,0.8571428571428571,2.142857142857143,0.19269102990033227
Rainmaker2627,2200,0.3333333333333333,1.3333333333333333,0.6976744186046513
Rainmaker2627,2400,1.0,1.0,0.023255813953488372
Rainmaker2627,2600,0.75,1.5,0.28488372093023256
Rainmaker2627,3000,1.0,1.0,0.023255813953488372
RaresPoinaru,800,0.9827586206896551,1.4310344827586208,0.05052125100240581
RaresPoinaru,1000,0.9833333333333333,1.8166666666666667,0.0589147286821706
RaresPoinaru,1200,0.9733333333333334,2.0,0.07317829457364336
RaresPoinaru,1400,0.9696969696969697,2.0757575757575757,0.0785764622973925
RaresPoinaru,1600,0.96875,2.484375,0.08902616279069767
RaresPoinaru,1800,0.9487179487179487,2.3205128205128207,0.10524746571258203
RaresPoinaru,2000,0.9655172413793104,2.5172413793103448,0.09302325581395345
RaresPoinaru,2200,0.9871794871794872,2.6794871794871793,0.07513416815742392
RaresPoinaru,2400,0.9516129032258065,3.096774193548387,0.12040510127531878
RaresPoinaru,2600,0.9655172413793104,2.6206896551724137,0.09542902967121086
RaresPoinaru,2800,0.9285714285714286,5.857142857142857,0.207641196013289
RaresPoinaru,3000,0.4,1.4,0.6325581395348837
Ravnik,800,1.0,1.0,0.023255813953488372
Ravnik,1000,1.0,1.0,0.023255813953488372
Ravnik,1200,1.0,1.0,0.023255813953488372
Ravnik,1400,1.0,1.0,0.023255813953488372
Ravnik,1800,1.0,1.4,0.03255813953488372
Ravnik,2000,1.0,1.0,0.023255813953488372
Ravnik,2200,0.6666666666666666,1.0,0.35658914728682173
Ravnik,2400,0.0,2.0,1.0465116279069768
Ravnik,2600,1.0,1.3333333333333333,0.031007751937984496
Ravnik,2800,1.0,1.0,0.023255813953488372
Rayo,800,0.9880043620501636,1.7415485278080698,0.05249676650351242
Rayo,1000,0.9625292740046838,2.1569086651053864,0.08763139262567401
Rayo,1200,0.9475,2.64,0.1138953488372093
Rayo,1400,0.9416058394160584,2.4051094890510947,0.11432693939908338
Rayo,1600,0.8939393939393939,2.696969696969697,0.16878083157152926
Rayo,1800,0.9047619047619048,2.8380952380952382,0.16124031007751938
Rayo,2000,0.7758620689655172,2.2586206896551726,0.27666399358460303
Rayo,2200,0.7428571428571429,2.2285714285714286,0.30897009966777406
Rayo,2400,0.7037037037037037,3.3333333333333335,0.37381567614125755
Rayo,2600,1.0,6.0,0.13953488372093023
Rayo,2800,0.8333333333333334,1.8333333333333333,0.2093023255813953
Rayo,3000,1.0,3.5,0.08139534883720931
Rayo,3200,0.5,1.0,0.5232558139534884
Razvan_Rotaru,800,0.9847560975609756,1.2896341463414633,0.04523539421440727
Razvan_Rotaru,1000,0.9375,1.6328125,0.10047238372093023
Razvan_Rotaru,1200,0.9482758620689655,1.8017241379310345,0.09362469927826783
Razvan_Rotaru,1400,0.9230769230769231,1.8269230769230769,0.11940966010733448
Razvan_Rotaru,1600,0.9174311926605505,2.073394495412844,0.1307872839769575
Razvan_Rotaru,1800,0.8333333333333334,2.6176470588235294,0.22754217966256265
Razvan_Rotaru,2000,0.6911764705882353,2.426470588235294,0.3652530779753762
Razvan_Rotaru,2200,0.7317073170731707,2.6341463414634148,0.3295519001701645
Razvan_Rotaru,2400,0.5806451612903226,3.3225806451612905,0.4966241560390097
Razvan_Rotaru,2600,0.625,2.625,0.436046511627907
Razvan_Rotaru,2800,1.0,12.0,0.27906976744186046
Razvan_Rotaru,3400,0.5,1.5,0.5348837209302325
Remgagagali727,800,0.9937106918238994,1.3459119496855345,0.03758958607576422
Remgagagali727,1000,0.9850746268656716,1.9104477611940298,0.05935439083651514
Remgagagali727,1200,0.9666666666666667,2.183333333333333,0.08410852713178293
Remgagagali727,1400,0.9814814814814815,1.8888888888888888,0.062446167097329856
Remgagagali727,1600,0.9830508474576272,1.9830508474576272,0.06306661411115486
Remgagagali727,1800,0.9637305699481865,2.911917098445596,0.10398843234124595
Remgagagali727,2000,0.9375,3.046875,0.13335755813953487
Remgagagali727,2200,0.9294117647058824,3.8117647058823527,0.15923392612859094
Remgagagali727,2400,0.98,3.4,0.09906976744186048
Remgagagali727,2600,0.75,2.875,0.3168604651162791
Remgagagali727,2800,0.8333333333333334,8.666666666666666,0.3682170542635659
Remgagagali727,3000,0.5,2.75,0.563953488372093
Remgagagali727,3400,1.0,31.0,0.7209302325581395
ReverseFlash081,800,0.9881656804733728,1.1242603550295858,0.037979909178478
ReverseFlash081,1000,0.9680851063829787,1.297872340425532,0.06209797130133596
ReverseFlash081,1200,0.9797979797979798,1.5353535353535352,0.05590791637303267
ReverseFlash081,1400,1.0,1.4867256637168142,0.03457501543527475
ReverseFlash081,1600,0.9847328244274809,1.6412213740458015,0.05343511450381682
ReverseFlash081,1800,0.9692307692307692,2.1153846153846154,0.07996422182468695
ReverseFlash081,2000,1.0,2.458823529411765,0.05718194254445965
ReverseFlash081,2200,0.9423076923076923,2.076923076923077,0.10599284436493742
ReverseFlash081,2400,1.0,2.0,0.046511627906976744
ReverseFlash081,2600,0.75,1.5,0.28488372093023256
ReverseFlash081,2800,1.0,1.0,0.023255813953488372
ReverseFlash081,3200,0.0,1.0,1.0232558139534884
Rice_tawara459,800,1.0,1.1111111111111112,0.02583979328165375
Rice_tawara459,1000,1.0,1.4444444444444444,0.03359173126614987
Rice_tawara459,1200,1.0,1.1904761904761905,0.02768549280177187
Rice_tawara459,1400,1.0,1.5625,0.036337209302325583
Rice_tawara459,1600,1.0,1.1764705882352942,0.027359781121751026
Rice_tawara459,1800,1.0,1.625,0.0377906976744186
Rice_tawara459,2000,0.9,1.75,0.14069767441860465
Rice_tawara459,2200,0.9285714285714286,1.5714285714285714,0.10797342192691026
Rice_tawara459,2400,0.8666666666666667,1.4,0.16589147286821704
Rice_tawara459,2600,1.0,1.8,0.04186046511627907
Rice_tawara459,2800,1.0,1.25,0.029069767441860465
Rice_tawara459,3000,0.5,4.0,0.5930232558139534
Rice_tawara459,3200,0.0,3.0,1.069767441860465
Rice_tawara459,3400,1.0,4.0,0.09302325581395349
RigBuhBuh,800,1.0,1.148936170212766,0.026719445818901535
RigBuhBuh,1000,1.0,1.0833333333333333,0.025193798449612403
RigBuhBuh,1200,0.9583333333333334,1.2916666666666667,0.07170542635658911
RigBuhBuh,1400,1.0,1.6470588235294117,0.038303693570451436
RigBuhBuh,1600,1.0,1.55,0.03604651162790698
RigBuhBuh,1800,0.9655172413793104,1.9310344827586208,0.07939053728949474
RigBuhBuh,2000,0.8823529411764706,3.235294117647059,0.19288645690834477
RigBuhBuh,2200,0.95,3.35,0.1279069767441861
RigBuhBuh,2400,0.8125,3.6875,0.27325581395348836
RigBuhBuh,2600,0.7,2.7,0.3627906976744186
RigBuhBuh,2800,0.6666666666666666,8.666666666666666,0.5348837209302326
RigBuhBuh,3000,0.6666666666666666,4.0,0.42635658914728686
RigBuhBuh,3200,1.0,1.5,0.03488372093023256
RigBuhBuh,3400,1.0,10.0,0.23255813953488372
Ritwin,800,0.9823008849557522,1.705014749262537,0.057350620841051
Ritwin,1000,0.98,1.9866666666666666,0.06620155038759692
Ritwin,1200,0.9370629370629371,2.167832167832168,0.1133517645145552
Ritwin,1400,0.9078947368421053,2.3157894736842106,0.14596083231334145
Ritwin,1600,0.8881987577639752,2.7080745341614905,0.17477971977466417
Ritwin,1800,0.8467741935483871,3.1129032258064515,0.2256189047261815
Ritwin,2000,0.8780487804878049,3.317073170731707,0.19909245604083947
Ritwin,2200,0.8214285714285714,3.6964285714285716,0.26453488372093026
Ritwin,2400,0.717948717948718,2.9871794871794872,0.35152057245080504
Ritwin,2600,0.8979591836734694,5.387755102040816,0.2273374466065496
Ritwin,2800,1.0,4.0,0.09302325581395349
Ritwin,3000,0.8461538461538461,4.076923076923077,0.2486583184257603
Ritwin,3200,1.0,5.0,0.11627906976744186
Robrob09,800,0.8928571428571429,1.2142857142857142,0.1353820598006644
Robrob09,1000,1.0,1.2307692307692308,0.028622540250447227
Robrob09,1200,1.0,1.2222222222222223,0.028423772609819122
Robrob09,1400,0.6666666666666666,1.0,0.35658914728682173
Robrob09,1600,1.0,1.0,0.023255813953488372
Robrob09,1800,0.625,2.125,0.42441860465116277
Robrob09,2000,0.6666666666666666,3.1666666666666665,0.40697674418604657
Robrob09,2200,0.5,2.0,0.5465116279069767
Robrob09,2400,0.75,3.0,0.31976744186046513
Robrob09,2600,1.0,1.0,0.023255813953488372
Robrob09,2800,1.0,1.0,0.023255813953488372
RockyYue,800,1.0,1.1904761904761905,0.02768549280177187
RockyYue,1000,1.0,1.3333333333333333,0.031007751937984496
RockyYue,1200,1.0,1.5714285714285714,0.03654485049833887
RockyYue,1400,1.0,1.65,0.03837209302325581
RockyYue,1600,1.0,1.4444444444444444,0.03359173126614987
RockyYue,1800,0.9090909090909091,2.727272727272727,0.15433403805496831
RockyYue,2000,0.8947368421052632,2.263157894736842,0.15789473684210525
RockyYue,2200,0.8666666666666667,2.5,0.19147286821705423
RockyYue,2400,0.8157894736842105,2.8157894736842106,0.24969400244798046
RockyYue,2600,0.9285714285714286,3.875,0.16154485049833883
RockyYue,2800,0.9428571428571428,3.4,0.1362126245847176
RockyYue,3000,0.8235294117647058,2.3529411764705883,0.2311901504787962
RockyYue,3200,0.7272727272727273,4.909090909090909,0.386892177589852
RockyYue,3400,0.5714285714285714,5.285714285714286,0.5514950166112957
Rodger2041,800,0.9880478087649402,1.1872509960159363,0.039562679514500126
Rodger2041,1000,0.990909090909091,1.3363636363636364,0.040169133192388955
Rodger2041,1200,1.0,1.5081967213114753,0.03507434235608082
Rodger2041,1400,0.970873786407767,1.5436893203883495,0.06502596522917137
Rodger2041,1600,0.963302752293578,1.798165137614679,0.07851504160443781
Rodger2041,1800,0.9323308270676691,2.345864661654135,0.12222416506382239
Rodger2041,2000,0.9032258064516129,2.5806451612903225,0.15678919729932486
Rodger2041,2200,0.9152542372881356,2.7288135593220337,0.148206543161214
Rodger2041,2400,0.7758620689655172,3.086206896551724,0.29591018444266237
Rodger2041,2600,0.8461538461538461,3.6923076923076925,0.23971377459749554
Rodger2041,2800,0.8,6.0,0.3395348837209302
Rodger2041,3400,0.0,1.0,1.0232558139534884
Roman_2007,800,1.0,1.2792792792792793,0.029750680913471612
Roman_2007,1000,1.0,1.435897435897436,0.033392963625521764
Roman_2007,1200,1.0,1.5217391304347827,0.03538928210313448
Roman_2007,1400,0.9629629629629629,2.0,0.08354866494401383
Roman_2007,1600,1.0,1.391304347826087,0.032355915065722954
Roman_2007,1800,0.975609756097561,1.6097560975609757,0.061826432217810576
Roman_2007,2000,1.0,2.388888888888889,0.05555555555555555
Roman_2007,2200,0.8181818181818182,2.090909090909091,0.2304439746300211
Roman_2007,2400,0.8,1.2,0.227906976744186
Roman_2007,2600,0.5,2.75,0.563953488372093
Roman_2007,2800,1.0,1.0,0.023255813953488372
Rubikun,800,0.9979716024340771,1.0649087221095335,0.02679371668474924
Rubikun,1000,1.0,1.0769230769230769,0.02504472271914132
Rubikun,1200,0.9966777408637874,1.1162790697674418,0.02928223750289734
Rubikun,1400,0.9966666666666667,1.2766666666666666,0.033023255813953455
Rubikun,1600,0.9971671388101983,1.320113314447592,0.03353317082811784
Rubikun,1800,0.9896373056994818,1.6865284974093264,0.04958428726352576
Rubikun,2000,0.9871794871794872,2.0256410256410255,0.05992844364937384
Rubikun,2200,0.963302752293578,2.4984709480122325,0.09480122324159021
Rubikun,2400,0.9558823529411765,2.791176470588235,0.10902872777017779
Rubikun,2600,0.9027777777777778,2.990740740740741,0.1667743324720069
Rubikun,2800,0.9210526315789473,3.289473684210526,0.15544675642594863
Rubikun,3000,0.7435897435897436,4.461538461538462,0.3601669648181276
Rubikun,3200,0.6666666666666666,4.0,0.42635658914728686
Rubikun,3400,0.25,6.5,0.9011627906976745
Rvess,800,0.9834437086092715,1.3013245033112584,0.04681965193285074
Rvess,1000,0.9764705882352941,1.535294117647059,0.059233926128591
Rvess,1200,0.9830508474576272,1.6101694915254237,0.05439495467087106
Rvess,1400,0.9807692307692307,1.7820512820512822,0.060673822301729324
Rvess,1600,0.9545454545454546,2.272727272727273,0.0983086680761099
Rvess,1800,0.9096045197740112,2.15819209039548,0.1405859939561162
Rvess,2000,0.8947368421052632,2.064327485380117,0.15327077383380933
Rvess,2200,0.9327731092436975,3.310924369747899,0.1442251319132304
Rvess,2400,0.9771689497716894,3.1552511415525113,0.09620898375278757
Rvess,2600,0.9516129032258065,4.467741935483871,0.15228807201800446
Rvess,2800,0.9444444444444444,3.888888888888889,0.1459948320413437
Rvess,3000,0.75,7.75,0.43023255813953487
Rvess,3200,0.5,3.0,0.5697674418604651
Rvess,3400,1.0,3.0,0.06976744186046512
Ryazimn,800,1.0,1.3910761154855642,0.03235060733687359
Ryazimn,1000,1.0,1.743034055727554,0.04053567571459428
Ryazimn,1200,1.0,1.8388157894736843,0.04276315789473684
Ryazimn,1400,1.0,2.0041152263374484,0.04660733084505694
Ryazimn,1600,0.9959677419354839,2.2701612903225805,0.05682670667666916
Ryazimn,1800,1.0,2.0813953488372094,0.048404542996214175
Ryazimn,2000,0.996415770609319,1.92831541218638,0.04842877386013173
Ryazimn,2200,0.9908256880733946,2.018348623853211,0.05611265201621501
Ryazimn,2400,0.9872340425531915,2.1659574468085108,0.06313706086095994
Ryazimn,2600,0.9882352941176471,2.2705882352941176,0.06456908344733238
Ryazimn,2800,1.0,2.388888888888889,0.05555555555555555
Ryazimn,3000,1.0,2.0,0.046511627906976744
Ryazimn,3200,1.0,1.0,0.023255813953488372
SATSKY_2025target_LGM,800,1.0,1.5741935483870968,0.03660915228807202
SATSKY_2025target_LGM,1000,1.0,1.5333333333333334,0.03565891472868217
SATSKY_2025target_LGM,1200,1.0,1.8507462686567164,0.04304061089899341
SATSKY_2025target_LGM,1400,1.0,2.0555555555555554,0.04780361757105943
SATSKY_2025target_LGM,1600,1.0,2.328125,0.054142441860465115
SATSKY_2025target_LGM,1800,0.9876543209876543,3.5308641975308643,0.09445879988515653
SATSKY_2025target_LGM,2000,1.0,3.2839506172839505,0.07637094458799885
SATSKY_2025target_LGM,2200,1.0,3.4761904761904763,0.08084163898117387
SATSKY_2025target_LGM,2400,1.0,3.4146341463414633,0.07941009642654566
SATSKY_2025target_LGM,2600,0.9920634920634921,4.325396825396825,0.10852713178294571
SATSKY_2025target_LGM,2800,1.0,5.656,0.13153488372093022
SATSKY_2025target_LGM,3000,0.9795918367346939,5.0,0.136687233032748
SATSKY_2025target_LGM,3200,1.0,4.882352941176471,0.11354309165526677
SATSKY_2025target_LGM,3400,0.875,11.0,0.3808139534883721
SDSXC,800,1.0,1.0,0.023255813953488372
SDSXC,1000,1.0,1.0,0.023255813953488372
SDSXC,1200,1.0,1.5714285714285714,0.03654485049833887
SDSXC,1400,1.0,1.0,0.023255813953488372
SDSXC,1600,1.0,2.2,0.051162790697674425
SDSXC,1800,1.0,1.9090909090909092,0.04439746300211417
SDSXC,2000,1.0,1.5,0.03488372093023256
SDSXC,2200,0.9333333333333333,2.1333333333333333,0.11627906976744184
SDSXC,2400,0.8,1.7333333333333334,0.2403100775193798
SDSXC,2600,0.9166666666666666,2.6666666666666665,0.14534883720930236
SDSXC,2800,1.0,4.071428571428571,0.0946843853820598
SDSXC,3000,0.9230769230769231,3.1538461538461537,0.15026833631484787
SDSXC,3200,0.5,1.5,0.5348837209302325
SDSXC,3400,0.9090909090909091,2.0,0.13742071881606768
SK1PY,800,0.9784172661870504,1.3093525179856116,0.05203279237075453
SK1PY,1000,0.9649122807017544,1.6842105263157894,0.07425540595675234
SK1PY,1200,0.9811320754716981,1.6603773584905661,0.05748135146994295
SK1PY,1400,0.9761904761904762,2.5476190476190474,0.08305647840531563
SK1PY,1600,0.9615384615384616,2.326923076923077,0.09257602862254022
SK1PY,1800,0.9,2.86,0.1665116279069767
SK1PY,2000,0.8421052631578947,4.7631578947368425,0.26866585067319465
SK1PY,2200,0.7,2.4,0.35581395348837214
SK1PY,2400,0.375,4.125,0.7209302325581395
SK1PY,2600,0.0,2.4,1.0558139534883721
SK1PY,2800,0.5,2.5,0.5581395348837209
SK1PY,3200,0.0,2.0,1.0465116279069768
SPatrik,800,0.9933774834437086,1.2649006622516556,0.036038811027260156
SPatrik,1000,0.9759036144578314,1.4337349397590362,0.05743905855982065
SPatrik,1200,1.0,1.65,0.03837209302325581
SPatrik,1400,0.9504950495049505,1.702970297029703,0.08910891089108916
SPatrik,1600,0.9019607843137255,2.5,0.15617875056999542
SPatrik,1800,0.81,3.81,0.27860465116279065
SPatrik,2000,0.71875,4.171875,0.37827034883720934
SPatrik,2200,0.6046511627906976,5.488372093023256,0.5229853975121688
SPatrik,2400,0.5277777777777778,5.305555555555555,0.5956072351421189
SPatrik,2600,0.35714285714285715,5.142857142857143,0.7624584717607973
SPatrik,2800,0.3333333333333333,4.0,0.7596899224806202
SPatrik,3000,0.2,15.4,1.158139534883721
SPatrik,3200,0.0,5.0,1.1162790697674418
SPatrik,3400,0.0,4.5,1.1046511627906976
Sacharlemagne,800,0.9875,1.64375,0.05072674418604647
Sacharlemagne,1000,0.9871794871794872,2.128205128205128,0.062313655336911106
Sacharlemagne,1200,1.0,1.8985507246376812,0.044152342433434445
Sacharlemagne,1400,0.9803921568627451,2.2941176470588234,0.07295941632466944
Sacharlemagne,1600,0.926829268292683,2.902439024390244,0.14066931366988084
Sacharlemagne,1800,0.7872340425531915,2.978723404255319,0.2820385947550717
Sacharlemagne,2000,0.90625,3.375,0.17223837209302326
Sacharlemagne,2200,0.8571428571428571,3.5714285714285716,0.2259136212624585
Sacharlemagne,2400,0.8,6.666666666666667,0.35503875968992243
Sacharlemagne,2800,0.5,3.5,0.5813953488372093
Sacred_Conqurer,800,1.0,1.1818181818181819,0.027484143763213533
Sacred_Conqurer,1000,1.0,1.125,0.02616279069767442
Sacred_Conqurer,1200,1.0,1.1666666666666667,0.027131782945736437
Sacred_Conqurer,1400,1.0,1.2857142857142858,0.029900332225913623
Sacred_Conqurer,1600,1.0,1.0,0.023255813953488372
Sacred_Conqurer,1800,1.0,1.5,0.03488372093023256
Sacred_Conqurer,2000,1.0,1.3636363636363635,0.03171247357293869
Sacred_Conqurer,2200,1.0,1.6,0.037209302325581395
Sacred_Conqurer,2400,1.0,1.2,0.027906976744186046
Sacred_Conqurer,2600,1.0,1.75,0.040697674418604654
Sacred_Conqurer,2800,0.9090909090909091,1.8181818181818181,0.13319238900634253
Sacred_Conqurer,3000,0.42857142857142855,4.714285714285714,0.681063122923588
Sacred_Conqurer,3200,1.0,1.7142857142857142,0.03986710963455149
Sacred_Conqurer,3400,0.8,1.0,0.2232558139534883
Sakamata_,800,0.9323308270676691,1.6766917293233083,0.10666200384682642
Sakamata_,1000,0.9038461538461539,1.7307692307692308,0.13640429338103754
Sakamata_,1200,0.896551724137931,1.793103448275862,0.14514835605453086
Sakamata_,1400,0.8571428571428571,2.0,0.18936877076411965
Sakamata_,1600,0.75,2.15,0.3
Sakamata_,1800,0.6585365853658537,1.7073170731707317,0.3811684628474191
Sakamata_,2000,0.7916666666666666,2.4166666666666665,0.26453488372093026
Sakamata_,2200,0.7222222222222222,2.6666666666666665,0.3397932816537468
Sakamata_,2400,0.6,2.466666666666667,0.45736434108527135
Sakamata_,2600,0.9090909090909091,1.3636363636363635,0.12262156448202963
Sakamata_,2800,0.3333333333333333,1.0,0.6899224806201552
Sakamata_,3000,0.5,1.0,0.5232558139534884
Sakamata_,3400,0.0,3.0,1.069767441860465
Sanae,800,1.0,1.2661870503597121,0.029446210473481678
Sanae,1000,1.0,1.6615384615384616,0.03864042933810376
Sanae,1200,1.0,1.6125,0.0375
Sanae,1400,1.0,1.9074074074074074,0.044358311800172266
Sanae,1600,1.0,1.7794117647058822,0.04138166894664842
Sanae,1800,1.0,2.6962025316455698,0.06270238445687372
Sanae,2000,0.9848484848484849,3.257575757575758,0.0909090909090909
Sanae,2200,1.0,3.2093023255813953,0.0746349378042185
Sanae,2400,0.99,3.28,0.08627906976744186
Sanae,2600,1.0,4.393939393939394,0.102184637068358
Sanae,2800,1.0,3.5806451612903225,0.08327081770442611
Sanae,3000,0.9166666666666666,6.222222222222222,0.22803617571059434
Sanae,3200,0.9523809523809523,5.333333333333333,0.17165005537098565
Sanae,3400,0.9230769230769231,8.076923076923077,0.2647584973166368
SanjarAlgo,800,0.9949748743718593,1.7386934673366834,0.04545985742666825
SanjarAlgo,1000,1.0,1.8253968253968254,0.04245108896271687
SanjarAlgo,1200,0.9090909090909091,1.9772727272727273,0.13689217758985203
SanjarAlgo,1400,0.8666666666666667,1.8,0.17519379844961236
SanjarAlgo,1600,0.8947368421052632,1.7894736842105263,0.14687882496940025
SanjarAlgo,1800,0.8,2.65,0.26162790697674415
SanjarAlgo,2000,0.8888888888888888,1.2222222222222223,0.1395348837209303
SanjarAlgo,2200,0.6,2.1,0.4488372093023256
SanjarAlgo,2400,1.0,2.6666666666666665,0.06201550387596899
SanjarAlgo,2600,0.75,1.5,0.28488372093023256
SanjarAlgo,2800,0.0,1.0,1.0232558139534884
Saquariu,800,0.9921875,1.2265625,0.03633720930232558
Saquariu,1000,1.0,1.3225806451612903,0.030757689422355586
Saquariu,1200,1.0,1.6153846153846154,0.03756708407871199
Saquariu,1400,0.9841269841269841,1.6349206349206349,0.0538944259874493
Saquariu,1600,0.9662921348314607,1.9775280898876404,0.0796968905147635
Saquariu,1800,0.9576271186440678,2.2542372881355934,0.09479700433582972
Saquariu,2000,0.983739837398374,2.5365853658536586,0.07525051994705992
Saquariu,2200,0.9855072463768116,2.347826086956522,0.06909336029659585
Saquariu,2400,0.9775280898876404,2.662921348314607,0.08440031356153652
Saquariu,2600,0.9874213836477987,3.389937106918239,0.09141436302471843
Saquariu,2800,0.9906542056074766,3.953271028037383,0.10128232992827646
Saquariu,3000,0.9866666666666667,3.9066666666666667,0.10418604651162788
Saquariu,3200,1.0,4.020833333333333,0.0935077519379845
Saquariu,3400,1.0,3.6,0.08372093023255814
Scalm,800,0.9910233393177738,1.3680430879712746,0.04079161621644194
Scalm,1000,0.9888059701492538,1.6044776119402986,0.048507462686567145
Scalm,1200,0.9871794871794872,1.7991452991452992,0.054661101172729036
Scalm,1400,0.9594594594594594,2.4954954954954953,0.0985753195055521
Scalm,1600,0.9730941704035875,2.937219730941704,0.09521326519970796
Scalm,1800,0.9329608938547486,2.9497206703910615,0.13563726127062498
Scalm,2000,0.9702380952380952,3.1904761904761907,0.10395902547065339
Scalm,2200,0.937007874015748,3.078740157480315,0.13459073429774765
Scalm,2400,0.8793103448275862,3.586206896551724,0.20408981555733763
Scalm,2600,1.0,7.333333333333333,0.17054263565891473
Scalm,3400,1.0,1.0,0.023255813953488372
Seele_H,800,1.0,1.3611111111111112,0.03165374677002584
Seele_H,1000,1.0,1.6428571428571428,0.03820598006644518
Seele_H,1200,1.0,1.8235294117647058,0.04240766073871409
Seele_H,1400,1.0,1.75,0.040697674418604654
Seele_H,1600,0.875,1.75,0.16569767441860467
Seele_H,1800,0.7647058823529411,2.1176470588235294,0.2845417236662107
Seele_H,2000,0.8333333333333334,2.8333333333333335,0.2325581395348837
Seele_H,2200,0.6,2.0,0.44651162790697674
Seele_H,2400,0.8333333333333334,2.3333333333333335,0.2209302325581395
Seele_H,2600,1.0,1.0,0.023255813953488372
SeptaCube,800,0.968421052631579,1.4105263157894736,0.06438188494492042
SeptaCube,1000,0.967741935483871,1.2258064516129032,0.06076519129782443
SeptaCube,1200,0.9714285714285714,1.6285714285714286,0.06644518272425251
SeptaCube,1400,0.9347826086956522,1.3695652173913044,0.09706774519716882
SeptaCube,1600,0.9444444444444444,1.6666666666666667,0.0943152454780362
SeptaCube,1800,0.9534883720930233,2.5348837209302326,0.10546241211465654
SeptaCube,2000,0.9464285714285714,1.8928571428571428,0.09759136212624588
SeptaCube,2200,0.9047619047619048,3.142857142857143,0.16832779623477295
SeptaCube,2400,0.8333333333333334,2.5,0.22480620155038755
SeptaCube,2600,0.7272727272727273,1.8181818181818181,0.31501057082452427
SeptaCube,2800,0.4375,3.625,0.6468023255813954
SeptaCube,3000,0.3333333333333333,5.333333333333333,0.7906976744186047
SeptaCube,3200,1.0,7.0,0.16279069767441862
Serin,800,0.953125,1.515625,0.08212209302325582
Serin,1000,0.9705882352941176,1.9411764705882353,0.07455540355677155
Serin,1200,0.8666666666666667,1.9777777777777779,0.17932816537467697
Serin,1400,0.9142857142857143,2.4,0.14152823920265784
Serin,1600,0.9074074074074074,2.111111111111111,0.14168819982773467
Serin,1800,0.7804878048780488,2.926829268292683,0.2875779920589903
Serin,2000,0.8275862068965517,2.7241379310344827,0.23576583801122697
Serin,2200,0.8148148148148148,2.814814814814815,0.2506459948320414
Serin,2400,0.5483870967741935,4.580645161290323,0.558139534883721
Serin,2600,0.5454545454545454,6.818181818181818,0.613107822410148
Serin,2800,0.7142857142857143,3.5714285714285716,0.3687707641196013
Serin,3000,0.6,9.4,0.6186046511627907
Serin,3200,0.6666666666666666,12.666666666666666,0.627906976744186
Serin,3400,0.3333333333333333,3.0,0.7364341085271319
Shadow_Shayan,800,1.0,1.0,0.023255813953488372
Shadow_Shayan,1000,0.8571428571428571,1.0,0.16611295681063126
Shadow_Shayan,1200,1.0,1.4444444444444444,0.03359173126614987
Shadow_Shayan,1400,1.0,3.0,0.06976744186046512
Shadow_Shayan,1600,0.8461538461538461,1.8461538461538463,0.1967799642218247
Shadow_Shayan,1800,0.9,3.5,0.18139534883720929
Shadow_Shayan,2000,0.9,3.7,0.18604651162790697
Shadow_Shayan,2200,1.0,3.0,0.06976744186046512
Shadow_Shayan,2400,1.0,4.0,0.09302325581395349
Shakhzod_Toshpulatov,800,0.972972972972973,1.3603603603603605,0.058663314477267914
Shakhzod_Toshpulatov,1000,0.8870967741935484,2.0806451612903225,0.16129032258064518
Shakhzod_Toshpulatov,1200,0.7872340425531915,2.297872340425532,0.26620484908461156
Shakhzod_Toshpulatov,1400,0.972972972972973,2.054054054054054,0.0747957259585166
Shakhzod_Toshpulatov,1600,0.9024390243902439,2.268292682926829,0.1503119682359614
Shakhzod_Toshpulatov,1800,0.8805970149253731,2.537313432835821,0.17841027421034364
Shakhzod_Toshpulatov,2000,0.9354838709677419,3.5806451612903225,0.14778694673668424
Shakhzod_Toshpulatov,2200,0.85,2.675,0.2122093023255814
Shakhzod_Toshpulatov,2400,0.825,3.025,0.24534883720930237
Shakhzod_Toshpulatov,2600,0.5,2.75,0.563953488372093
Shakhzod_Toshpulatov,2800,1.0,2.5,0.05813953488372093
Shakhzod_Toshpulatov,3200,0.0,2.0,1.0465116279069768
ShaktiSinghUC,800,1.0,1.1176470588235294,0.025991792065663474
ShaktiSinghUC,1000,0.9,1.5,0.13488372093023254
ShaktiSinghUC,1200,1.0,1.0,0.023255813953488372
ShaktiSinghUC,1400,1.0,1.0,0.023255813953488372
ShaktiSinghUC,1600,0.8,2.2,0.2511627906976744
ShaktiSinghUC,1800,0.8,2.2,0.2511627906976744
ShaktiSinghUC,2000,0.6666666666666666,1.3333333333333333,0.36434108527131787
ShaktiSinghUC,2200,1.0,1.0,0.023255813953488372
ShmilyTY,800,0.9906976744186047,1.5162790697674418,0.04456462952947536
ShmilyTY,1000,0.98,1.96,0.06558139534883722
ShmilyTY,1200,1.0,1.8225806451612903,0.04238559639909977
ShmilyTY,1400,0.990990990990991,2.1981981981981984,0.06012989733919969
ShmilyTY,1600,0.984375,2.7578125,0.07976017441860465
ShmilyTY,1800,0.984251968503937,2.7874015748031495,0.08057132393334551
ShmilyTY,2000,0.9787234042553191,3.2056737588652484,0.09582714827643085
ShmilyTY,2200,0.9652173913043478,3.791304347826087,0.12295247724974724
ShmilyTY,2400,0.9765625,3.7734375,0.11119186046511628
ShmilyTY,2600,0.9662921348314607,3.50561797752809,0.11523386464593674
ShmilyTY,2800,0.9615384615384616,3.3076923076923075,0.11538461538461535
ShmilyTY,3000,0.8846153846153846,2.5,0.17352415026833634
ShmilyTY,3200,1.0,4.470588235294118,0.1039671682626539
ShmilyTY,3400,0.8888888888888888,2.7777777777777777,0.17571059431524552
SkillIssueWABird,800,1.0,1.125,0.02616279069767442
SkillIssueWABird,1000,1.0,1.0714285714285714,0.024916943521594685
SkillIssueWABird,1200,1.0,1.7857142857142858,0.04152823920265781
SkillIssueWABird,1400,1.0,1.5454545454545454,0.035940803382663845
SkillIssueWABird,1600,1.0,1.625,0.0377906976744186
SkillIssueWABird,1800,1.0,1.4285714285714286,0.03322259136212625
SkillIssueWABird,2000,0.6666666666666666,1.5555555555555556,0.3695090439276486
SkillIssueWABird,2200,1.0,1.7,0.03953488372093023
SkillIssueWABird,2400,0.8571428571428571,1.8571428571428572,0.18604651162790703
Sleep_zZz_2411,800,0.8,1.6,0.23720930232558135
Sleep_zZz_2411,1000,0.75,1.0,0.27325581395348836
Sleep_zZz_2411,1200,0.6,1.4,0.43255813953488376
Sleep_zZz_2411,1400,1.0,1.0,0.023255813953488372
Sleep_zZz_2411,1600,1.0,2.0,0.046511627906976744
Sleep_zZz_2411,1800,0.4,1.6,0.6372093023255814
Sleep_zZz_2411,2000,0.0,3.0,1.069767441860465
Sleep_zZz_2411,2200,1.0,1.3333333333333333,0.031007751937984496
Sleep_zZz_2411,2400,0.0,9.5,1.2209302325581395
Sleep_zZz_2411,2600,0.5,1.75,0.5406976744186046
Sleep_zZz_2411,2800,0.0,2.0,1.0465116279069768
SleeplessSouris,800,0.9838709677419355,1.2741935483870968,0.04576144036009001
SleeplessSouris,1000,0.96,1.32,0.0706976744186047
SleeplessSouris,1200,0.9666666666666667,1.5,0.06821705426356589
SleeplessSouris,1400,1.0,2.161290322580645,0.05026256564141035
SleeplessSouris,1600,0.9285714285714286,1.6428571428571428,0.10963455149501658
SleeplessSouris,1800,0.972972972972973,2.5945945945945947,0.08736643620364545
SleeplessSouris,2000,0.8888888888888888,2.259259259259259,0.16365202411714044
SleeplessSouris,2200,0.9285714285714286,2.8214285714285716,0.13704318936877075
SleeplessSouris,2400,0.7948717948717948,1.9743589743589745,0.2510435301132976
SleeplessSouris,2600,0.9615384615384616,1.9615384615384615,0.0840787119856887
SleeplessSouris,2800,1.0,2.4,0.05581395348837209
SleeplessSouris,3000,0.9428571428571428,2.2,0.1083056478405316
SleeplessSouris,3200,0.9722222222222222,2.7777777777777777,0.09237726098191215
SleeplessSouris,3400,0.9736842105263158,3.236842105263158,0.10159118727050181
Sofapuden,800,1.0,1.1785252263906856,0.027407563404434548
Sofapuden,1000,1.0,1.368,0.0318139534883721
Sofapuden,1200,0.995575221238938,1.5309734513274336,0.040028812512862735
Sofapuden,1400,0.9789915966386554,1.7647058823529411,0.06204807504397111
Sofapuden,1600,0.9656652360515021,1.742489270386266,0.07485777023655057
Sofapuden,1800,0.9364161849710982,2.086705202312139,0.11211184298964917
Sofapuden,2000,0.9411764705882353,2.4313725490196076,0.1153670770633835
Sofapuden,2200,0.9013157894736842,2.414473684210526,0.15483476132190946
Sofapuden,2400,0.8785714285714286,3.2642857142857142,0.19734219269102993
Sofapuden,2600,0.7272727272727273,3.090909090909091,0.3446088794926004
Sofapuden,2800,0.5862068965517241,5.689655172413793,0.5461106655974339
Sofapuden,3000,0.5,3.0555555555555554,0.5710594315245479
Sofapuden,3200,0.6666666666666666,3.6666666666666665,0.4186046511627907
Sofapuden,3400,0.6666666666666666,4.0,0.42635658914728686
Solyn,800,1.0,1.1428571428571428,0.026578073089700994
Solyn,1000,1.0,1.0,0.023255813953488372
Solyn,1200,1.0,1.6666666666666667,0.03875968992248062
Solyn,1400,1.0,1.3333333333333333,0.031007751937984496
Solyn,1600,1.0,1.5,0.03488372093023256
Solyn,1800,1.0,2.5,0.05813953488372093
Solyn,2000,1.0,1.6666666666666667,0.03875968992248062
Solyn,2200,1.0,2.6666666666666665,0.06201550387596899
Solyn,2400,1.0,2.0,0.046511627906976744
Solyn,2600,0.0,1.0,1.0232558139534884
Solyn,2800,0.0,2.0,1.0465116279069768
SongC,800,1.0,1.0987654320987654,0.02555268446741315
SongC,1000,0.94,1.3,0.09023255813953493
SongC,1200,0.9848484848484849,1.3484848484848484,0.04651162790697673
SongC,1400,0.9454545454545454,1.509090909090909,0.08964059196617338
SongC,1600,0.9154929577464789,1.4507042253521127,0.11824434981984933
SongC,1800,0.9183673469387755,1.7755102040816326,0.12292358803986708
SongC,2000,0.8490566037735849,1.7169811320754718,0.1908731899956121
SongC,2200,0.8837209302325582,2.0232558139534884,0.16333153055705785
SongC,2400,0.8125,2.0,0.23401162790697674
SongC,2600,0.5294117647058824,2.0588235294117645,0.518467852257182
SongC,2800,0.6,1.4,0.43255813953488376
SongC,3000,0.0,3.3333333333333335,1.0775193798449612
SongC,3200,0.0,2.0,1.0465116279069768
SorahISA,800,0.994535519125683,1.3333333333333333,0.03647223281230144
SorahISA,1000,0.9935483870967742,1.5935483870967742,0.04351087771942987
SorahISA,1200,0.9949494949494949,1.702020202020202,0.04463237021376559
SorahISA,1400,1.0,1.901098901098901,0.04421160235113723
SorahISA,1600,0.9898477157360406,1.9949238578680204,0.05654586235391339
SorahISA,1800,0.95,2.3125,0.1037790697674419
SorahISA,2000,0.9202898550724637,2.5072463768115942,0.1380182002022245
SorahISA,2200,0.8913043478260869,2.3369565217391304,0.1630434782608696
SorahISA,2400,0.9577464788732394,2.1549295774647885,0.09236816246315105
SorahISA,2600,0.9130434782608695,3.260869565217391,0.16279069767441867
SorahISA,2800,0.7142857142857143,3.7857142857142856,0.3737541528239202
SorahISA,3000,0.6666666666666666,3.25,0.4089147286821706
SorahISA,3200,0.3333333333333333,1.3333333333333333,0.6976744186046513
SorahISA,3400,0.0,1.0,1.0232558139534884
SpadeZ,800,0.9545454545454546,1.5,0.08033826638477798
SpadeZ,1000,0.8888888888888888,1.3333333333333333,0.14211886304909566
SpadeZ,1200,0.9166666666666666,1.4166666666666667,0.1162790697674419
SpadeZ,1400,1.0,1.6,0.037209302325581395
SpadeZ,1600,1.0,1.5714285714285714,0.03654485049833887
SpadeZ,1800,0.9615384615384616,2.6153846153846154,0.0992844364937388
SpadeZ,2000,0.8888888888888888,2.111111111111111,0.16020671834625327
SpadeZ,2200,0.7619047619047619,2.0952380952380953,0.28682170542635665
SpadeZ,2400,0.875,3.625,0.20930232558139533
SpadeZ,2600,0.9473684210526315,3.526315789473684,0.13463892288861695
SpadeZ,2800,0.967741935483871,6.741935483870968,0.18904726181545384
SpadeZ,3000,0.92,9.52,0.30139534883720925
SpadeZ,3200,1.0,6.083333333333333,0.14147286821705427
SpadeZ,3400,1.0,10.0,0.23255813953488372
StarLzy,800,1.0,1.3061224489795917,0.030374940673943994
StarLzy,1000,1.0,1.851063829787234,0.04304799604156358
StarLzy,1200,1.0,1.6222222222222222,0.03772609819121447
StarLzy,1400,0.9782608695652174,1.5,0.05662285136501515
StarLzy,1600,0.95,1.825,0.09244186046511632
StarLzy,1800,0.92,2.0,0.1265116279069767
StarLzy,2000,0.8947368421052632,2.473684210526316,0.16279069767441862
StarLzy,2200,0.8863636363636364,2.1818181818181817,0.16437632135306554
StarLzy,2400,0.8611111111111112,2.5,0.19702842377260976
StarLzy,2600,0.9375,2.125,0.1119186046511628
StarLzy,2800,0.8,3.0,0.2697674418604651
StarLzy,3000,1.0,2.3333333333333335,0.054263565891472874
StarLzy,3200,1.0,2.0,0.046511627906976744
StarSilk,800,1.0,1.2050938337801609,0.02802543799488746
StarSilk,1000,1.0,1.2795389048991355,0.029756718718584544
StarSilk,1200,1.0,1.2427745664739884,0.028901734104046242
StarSilk,1400,1.0,1.2803468208092486,0.0297755074606802
StarSilk,1600,1.0,1.340057636887608,0.03116413109040949
StarSilk,1800,1.0,1.6243523316062176,0.03777563561874925
StarSilk,2000,1.0,1.6156351791530945,0.037572911143095224
StarSilk,2200,1.0,1.844311377245509,0.04289096226152347
StarSilk,2400,1.0,2.2776280323450133,0.05296809377546543
StarSilk,2600,0.9881889763779528,2.594488188976378,0.07214795824940484
StarSilk,2800,0.9813664596273292,3.1739130434782608,0.09244547161635132
StarSilk,3000,0.9375,2.5625,0.12209302325581395
StarSilk,3200,0.9767441860465116,2.302325581395349,0.0767982693347756
StarSilk,3400,1.0,4.741935483870968,0.11027756939234809
Stathis,800,0.9746835443037974,1.6455696202531647,0.06358551663232266
Stathis,1000,0.9420289855072463,2.2318840579710146,0.10987529491068423
Stathis,1200,0.9066666666666666,2.3066666666666666,0.14697674418604656
Stathis,1400,0.9565217391304348,2.6231884057971016,0.10448264239973035
Stathis,1600,0.9512195121951219,2.4390243902439024,0.1055019852524107
Stathis,1800,0.927710843373494,2.3132530120481927,0.1260857383020454
Stathis,2000,0.90625,2.359375,0.14861918604651164
Stathis,2200,0.8620689655172413,2.1379310344827585,0.18765036086607864
Stathis,2400,0.8181818181818182,3.090909090909091,0.25369978858350944
Stathis,2600,1.0,4.2,0.09767441860465116
Stathis,2800,0.5,3.0,0.5697674418604651
StelIawinD,800,0.9776536312849162,1.3631284916201116,0.05404703131090032
StelIawinD,1000,0.9848484848484849,1.7424242424242424,0.055673009161381244
StelIawinD,1200,0.9662921348314607,1.8764044943820224,0.07734517899137702
StelIawinD,1400,0.9452054794520548,2.0547945205479454,0.10258043963045556
StelIawinD,1600,0.9777777777777777,2.0444444444444443,0.06976744186046514
StelIawinD,1800,0.958041958041958,2.5244755244755246,0.10066677508537976
StelIawinD,2000,0.9652777777777778,2.701388888888889,0.09754521963824288
StelIawinD,2200,0.984251968503937,2.2992125984251968,0.06921809192455591
StelIawinD,2400,0.9933333333333333,2.6333333333333333,0.06790697674418608
StelIawinD,2600,1.0,2.7157894736842105,0.06315789473684211
StelIawinD,2800,0.9615384615384616,3.076923076923077,0.11001788908765651
StelIawinD,3000,0.8571428571428571,2.5714285714285716,0.20265780730897015
StelIawinD,3200,1.0,1.0,0.023255813953488372
Sugar_fan,800,0.9963436928702011,1.1115173674588665,0.02950554823349349
Sugar_fan,1000,0.9964285714285714,1.175,0.030897009966777397
Sugar_fan,1200,0.9898648648648649,1.277027027027027,0.039833438089251993
Sugar_fan,1400,0.9892086330935251,1.2158273381294964,0.03906642128157943
Sugar_fan,1600,0.9798657718120806,1.395973154362416,0.05259872014983609
Sugar_fan,1800,0.9801980198019802,1.5643564356435644,0.05618236242228876
Sugar_fan,2000,0.9571984435797666,1.6342412451361867,0.08080716677223776
Sugar_fan,2200,0.9595141700404858,1.9230769230769231,0.08520854910083801
Sugar_fan,2400,0.9033613445378151,2.23109243697479,0.14852452608950556
Sugar_fan,2600,0.8383233532934131,2.502994011976048,0.2198858097757973
Sugar_fan,2800,0.7349397590361446,3.2650602409638556,0.34099187447464274
Sugar_fan,3000,0.7816091954022989,3.896551724137931,0.30900828655439716
Sugar_fan,3200,0.6451612903225806,3.2903225806451615,0.431357839459865
Sugar_fan,3400,0.6111111111111112,6.444444444444445,0.5387596899224806
Sulfox,800,1.0,1.6810344827586208,0.03909382518043304
Sulfox,1000,1.0,1.6545454545454545,0.038477801268498944
Sulfox,1200,1.0,1.9172932330827068,0.044588214722853646
Sulfox,1400,1.0,1.6884057971014492,0.03926525109538254
Sulfox,1600,0.9875,1.88125,0.05624999999999996
Sulfox,1800,0.9836956521739131,1.8804347826086956,0.06003538928210309
Sulfox,2000,0.9731543624161074,1.9664429530201342,0.07257686904947709
Sulfox,2200,0.958041958041958,1.8531468531468531,0.08505448040331764
Sulfox,2400,0.9470198675496688,2.251655629139073,0.10534421684891426
Sulfox,2600,0.908256880733945,3.0091743119266057,0.16172391721783658
Sulfox,2800,0.8645833333333334,2.375,0.1906492248062015
Sulfox,3000,0.7796610169491526,3.0508474576271185,0.29128892392589667
Sulfox,3200,0.8604651162790697,3.8372093023255816,0.2287723093564089
Sulfox,3400,1.0,2.0,0.046511627906976744
Surge568,800,0.994413407821229,1.1843575418994414,0.03312979082759522
Surge568,1000,0.9196428571428571,1.6785714285714286,0.11939368770764125
Surge568,1200,0.9775784753363229,1.7130044843049328,0.06225883825216389
Surge568,1400,0.9550561797752809,1.949438202247191,0.0902795923700026
Surge568,1600,0.9789473684210527,1.9052631578947368,0.06536107711138306
Surge568,1800,0.8421052631578947,2.5,0.21603427172582623
Surge568,2000,0.8421052631578947,2.0,0.20440636474908205
Surge568,2200,0.875,1.875,0.1686046511627907
Surge568,2400,0.6,2.0,0.44651162790697674
Surge568,2600,0.0,1.0,1.0232558139534884
Surge568,3000,0.0,1.0,1.0232558139534884
Survivor_winner,800,1.0,1.7777777777777777,0.04134366925064599
Survivor_winner,1000,1.0,1.6666666666666667,0.03875968992248062
Survivor_winner,1200,1.0,1.8064516129032258,0.042010502625656414
Survivor_winner,1400,1.0,2.4473684210526314,0.05691554467564259
Survivor_winner,1600,1.0,2.9215686274509802,0.06794345645234838
Survivor_winner,1800,0.978021978021978,2.89010989010989,0.08918987988755434
Survivor_winner,2000,1.0,3.0964912280701755,0.07201142390860873
Survivor_winner,2200,0.935064935064935,3.0,0.13470250679553009
Survivor_winner,2400,0.9456521739130435,3.597826086956522,0.1380182002022245
Survivor_winner,2600,0.9636363636363636,3.3454545454545452,0.11416490486257928
Survivor_winner,2800,1.0,3.9705882352941178,0.09233926128590972
Survivor_winner,3000,1.0,3.9,0.09069767441860464
Survivor_winner,3200,1.0,3.95,0.09186046511627907
Survivor_winner,3400,0.95,4.1,0.14534883720930236
Swistakk,800,1.0,1.0769230769230769,0.02504472271914132
Swistakk,1000,0.9777777777777777,1.1555555555555554,0.04909560723514215
Swistakk,1200,0.9864864864864865,1.2837837837837838,0.043368950345694504
Swistakk,1400,0.990990990990991,1.4684684684684686,0.04315943850827574
Swistakk,1600,0.9874213836477987,1.5031446540880504,0.04753546877285359
Swistakk,1800,0.9554140127388535,1.9617834394904459,0.09020885794697081
Swistakk,2000,0.9568345323741008,2.093525179856115,0.09185209971557633
Swistakk,2200,0.9384615384615385,2.076923076923077,0.10983899821109125
Swistakk,2400,0.9027777777777778,2.4722222222222223,0.1547157622739018
Swistakk,2600,0.8888888888888888,2.5,0.16925064599483208
Swistakk,2800,0.8767123287671232,2.8219178082191783,0.18891366677285765
Swistakk,3000,0.7333333333333333,2.7555555555555555,0.33074935400516803
Swistakk,3200,0.6774193548387096,4.32258064516129,0.42310577644411107
Swistakk,3400,0.1111111111111111,4.333333333333333,0.9896640826873384
TKT_YI,800,0.9958246346555324,1.1649269311064718,0.03126668932368788
TKT_YI,1000,0.9953051643192489,1.323943661971831,0.03548422316846813
TKT_YI,1200,0.9903846153846154,1.3076923076923077,0.040026833631484765
TKT_YI,1400,0.9945652173913043,1.4728260869565217,0.039686552072800835
TKT_YI,1600,0.9674418604651163,1.8186046511627907,0.07485127095727422
TKT_YI,1800,0.9516129032258065,1.6612903225806452,0.08702175543885968
TKT_YI,2000,0.906832298136646,2.248447204968944,0.1454571717463527
TKT_YI,2200,0.855072463768116,2.2318840579710146,0.1968318166498146
TKT_YI,2400,0.8407079646017699,2.6106194690265485,0.22000411607326614
TKT_YI,2600,0.8253968253968254,3.142857142857143,0.24769287559985237
TKT_YI,2800,0.7755102040816326,3.5918367346938775,0.30802088277171336
TKT_YI,3000,0.46153846153846156,2.923076923076923,0.6064400715563506
TKT_YI,3200,0.7777777777777778,2.2222222222222223,0.2739018087855297
TKT_YI,3400,0.5,4.5,0.6046511627906976
TOMO,800,0.9516129032258065,1.4193548387096775,0.08139534883720925
TOMO,1000,0.9310344827586207,1.6206896551724137,0.10665597433841222
TOMO,1200,0.9411764705882353,1.7647058823529411,0.09986320109439126
TOMO,1400,0.9615384615384616,2.076923076923077,0.08676207513416814
TOMO,1600,0.8928571428571429,1.9642857142857142,0.15282392026578068
TOMO,1800,0.88,2.8,0.18511627906976744
TOMO,2000,0.8,4.0,0.29302325581395344
TOMO,2200,0.88,4.92,0.23441860465116277
TOMO,2400,0.631578947368421,3.6842105263157894,0.4541003671970625
TOMO,2600,0.7142857142857143,3.7142857142857144,0.37209302325581395
TOMO,2800,0.25,2.75,0.813953488372093
TOMO,3000,0.0,1.0,1.0232558139534884
TOMO,3200,0.5,4.0,0.5930232558139534
TOMO,3400,0.0,1.0,1.0232558139534884
TadijaSebez,800,0.9964028776978417,1.1510791366906474,0.030366404550777958
TadijaSebez,1000,0.9939393939393939,1.3393939393939394,0.037209302325581436
TadijaSebez,1200,1.0,1.4516129032258065,0.03375843960990248
TadijaSebez,1400,1.0,1.5465116279069768,0.03596538669551109
TadijaSebez,1600,1.0,1.930232558139535,0.044889129259058955
TadijaSebez,1800,0.9968152866242038,2.0796178343949046,0.05154791882684047
TadijaSebez,2000,0.9966442953020134,2.3959731543624163,0.059076010613391655
TadijaSebez,2200,0.995850622406639,2.788381742738589,0.06899546463379329
TadijaSebez,2400,0.980544747081712,3.2412451361867705,0.09483304678309659
TadijaSebez,2600,0.9668874172185431,3.6688741721854305,0.11843523794855994
TadijaSebez,2800,0.9245283018867925,3.707547169811321,0.16169372531812198
TadijaSebez,3000,0.9558823529411765,5.544117647058823,0.1730506155950752
TadijaSebez,3200,0.9583333333333334,4.1875,0.1390503875968992
TadijaSebez,3400,0.8518518518518519,5.296296296296297,0.2713178294573643
Tahirliyev,800,0.9964285714285714,1.2857142857142858,0.03347176079734218
Tahirliyev,1000,0.9918032786885246,1.4672131147540983,0.04231795653831492
Tahirliyev,1200,1.0,1.7164179104477613,0.0399166955918084
Tahirliyev,1400,1.0,1.6407766990291262,0.038157597651840146
Tahirliyev,1600,1.0,2.171641791044776,0.05050329746615758
Tahirliyev,1800,0.9862068965517241,2.2896551724137932,0.0670408981555734
Tahirliyev,2000,0.9912280701754386,2.8421052631578947,0.07486740106079154
Tahirliyev,2200,0.9745222929936306,2.929936305732484,0.09361576062805509
Tahirliyev,2400,0.9456521739130435,3.152173913043478,0.1276541961577351
Tahirliyev,2600,0.9142857142857143,4.142857142857143,0.18205980066445188
Tahirliyev,2800,1.0,2.0,0.046511627906976744
Tahirliyev,3000,1.0,8.5,0.19767441860465115
Tahirliyev,3200,0.75,3.5,0.33139534883720934
Teja-Smart,800,0.9977777777777778,1.5755555555555556,0.03886304909560725
Teja-Smart,1000,0.9820143884892086,1.7050359712230216,0.057637610841559314
Teja-Smart,1200,0.9536082474226805,1.9175257731958764,0.09098537520978178
Teja-Smart,1400,0.9552845528455285,2.0528455284552845,0.09245604083947812
Teja-Smart,1600,0.9551569506726457,2.1479820627802693,0.09479612055480241
Teja-Smart,1800,0.9124087591240876,2.6350364963503647,0.14887115939568835
Teja-Smart,2000,0.8698884758364313,2.724907063197026,0.19348145586582516
Teja-Smart,2200,0.8682170542635659,2.612403100775194,0.19253650621957816
Teja-Smart,2400,0.8866995073891626,3.334975369458128,0.19085805934242178
Teja-Smart,2600,0.8275862068965517,3.4827586206896552,0.25340817963111467
Teja-Smart,2800,0.8571428571428571,5.085714285714285,0.2611295681063123
Teja-Smart,3000,0.8571428571428571,5.214285714285714,0.2641196013289037
Teja-Smart,3200,0.5,2.0,0.5465116279069767
Teja-Smart,3400,0.75,5.25,0.37209302325581395
TeletubiGaim33,800,0.9973045822102425,1.2964959568733154,0.032846486554253165
TeletubiGaim33,1000,1.0,1.5149700598802396,0.03523186185767999
TeletubiGaim33,1200,0.9855769230769231,1.7548076923076923,0.05523255813953483
TeletubiGaim33,1400,0.9837837837837838,2.0324324324324325,0.06348208673790064
TeletubiGaim33,1600,0.9884393063583815,2.3236994219653178,0.06560021508267239
TeletubiGaim33,1800,0.9943820224719101,2.404494382022472,0.06153645152861251
TeletubiGaim33,2000,0.976,2.912,0.09172093023255816
TeletubiGaim33,2200,0.9888888888888889,3.188888888888889,0.08527131782945734
TeletubiGaim33,2400,0.9054054054054054,3.324324324324324,0.17190446260213704
TeletubiGaim33,2600,0.9285714285714286,4.535714285714286,0.17691029900332222
TeletubiGaim33,2800,0.8181818181818182,2.5454545454545454,0.241014799154334
TeletubiGaim33,3000,1.0,12.8,0.29767441860465116
TeletubiGaim33,3200,1.0,2.0,0.046511627906976744
Temmie,800,0.9953271028037384,1.4789719626168225,0.03906759400130401
Temmie,1000,0.993006993006993,1.7202797202797202,0.04699951211579117
Temmie,1200,0.9937106918238994,1.6352201257861636,0.0443176831943835
Temmie,1400,0.9775280898876404,1.7808988764044944,0.06388816305199901
Temmie,1600,0.9415204678362573,1.8304093567251463,0.10104719162246702
Temmie,1800,0.9246575342465754,2.4315068493150687,0.13188913666772856
Temmie,2000,0.8888888888888888,2.492063492063492,0.16906607604282028
Temmie,2200,0.8,2.32,0.253953488372093
Temmie,2400,0.9084967320261438,4.26797385620915,0.19075847393220854
Temmie,2600,0.8,3.5,0.2813953488372093
Temmie,2800,0.625,4.083333333333333,0.4699612403100775
Temmie,3000,0.6666666666666666,4.111111111111111,0.42894056847545226
Temmie,3200,0.8,3.2,0.27441860465116275
Temmie,3400,1.0,3.6666666666666665,0.08527131782945736
TheFuturoma,800,1.0,1.1544117647058822,0.026846785225718192
TheFuturoma,1000,1.0,1.596774193548387,0.03713428357089272
TheFuturoma,1200,0.9701492537313433,1.7313432835820894,0.07011454356126343
TheFuturoma,1400,0.9848484848484849,1.8181818181818181,0.057434813248766724
TheFuturoma,1600,1.0,2.1818181818181817,0.0507399577167019
TheFuturoma,1800,0.9433962264150944,2.5,0.11474330846862657
TheFuturoma,2000,0.9090909090909091,4.303030303030303,0.19097956307258634
TheFuturoma,2200,0.9607843137254902,4.5816993464052285,0.14576683386532904
TheFuturoma,2400,0.9440993788819876,5.3354037267080745,0.17997977755308392
TheFuturoma,2600,0.9615384615384616,5.423076923076923,0.16457960644007152
TheFuturoma,2800,0.5,4.75,0.6104651162790697
The_Caspian_Sea,800,1.0,1.1015625,0.025617732558139535
The_Caspian_Sea,1000,1.0,1.490566037735849,0.03466432645897323
The_Caspian_Sea,1200,0.9833333333333333,1.4833333333333334,0.05116279069767447
The_Caspian_Sea,1400,1.0,1.608695652173913,0.03741152679474216
The_Caspian_Sea,1600,1.0,1.7083333333333333,0.03972868217054264
The_Caspian_Sea,1800,1.0,2.0357142857142856,0.0473421926910299
The_Caspian_Sea,2000,0.9634146341463414,2.2195121951219514,0.08820192853091324
The_Caspian_Sea,2200,0.935064935064935,2.6233766233766236,0.12594382361824225
The_Caspian_Sea,2400,0.9818181818181818,2.381818181818182,0.07357293868921777
The_Caspian_Sea,2600,0.9615384615384616,2.8846153846153846,0.10554561717352412
The_Caspian_Sea,2800,0.8,1.8,0.241860465116279
The_Caspian_Sea,3000,0.3333333333333333,1.6666666666666667,0.7054263565891473
The_Caspian_Sea,3200,1.0,1.5,0.03488372093023256
The_Caspian_Sea,3400,1.0,5.5,0.12790697674418605
The_stardog,800,0.9545454545454546,1.4090909090909092,0.0782241014799154
The_stardog,1000,0.8888888888888888,2.111111111111111,0.16020671834625327
The_stardog,1200,1.0,1.2857142857142858,0.029900332225913623
The_stardog,1400,1.0,1.75,0.040697674418604654
The_stardog,1600,1.0,1.3888888888888888,0.03229974160206718
The_stardog,1800,0.95,2.9,0.11744186046511632
The_stardog,2000,0.8888888888888888,3.4444444444444446,0.19121447028423777
The_stardog,2200,0.9,3.7,0.18604651162790697
The_stardog,2400,0.95,4.0,0.14302325581395353
The_stardog,2600,0.85,2.8,0.21511627906976746
The_stardog,2800,0.8181818181818182,2.3181818181818183,0.23572938689217754
The_stardog,3000,0.8620689655172413,3.6551724137931036,0.2229350441058541
The_stardog,3200,0.7391304347826086,4.826086956521739,0.37310414560161786
The_stardog,3400,1.0,6.6,0.15348837209302324
Thinkin,800,0.9333333333333333,1.1333333333333333,0.09302325581395347
Thinkin,1000,0.75,1.75,0.29069767441860467
Thinkin,1200,0.8,1.0,0.2232558139534883
Thinkin,1400,1.0,3.0,0.06976744186046512
Thinkin,1600,1.0,2.0,0.046511627906976744
Thinkin,1800,0.4,1.6,0.6372093023255814
Thinkin,2000,1.0,2.0,0.046511627906976744
Thinkin,2200,0.0,1.5,1.0348837209302326
Thinkin,2400,0.0,2.0,1.0465116279069768
Thinkin,2600,0.0,1.0,1.0232558139534884
Thinkin,2800,0.5,1.0,0.5232558139534884
Thomas0802,800,1.0,1.4166666666666667,0.03294573643410853
Thomas0802,1000,1.0,1.0,0.023255813953488372
Thomas0802,1200,1.0,1.1666666666666667,0.027131782945736437
Thomas0802,1400,1.0,1.9166666666666667,0.044573643410852716
Thomas0802,1600,1.0,1.7222222222222223,0.04005167958656331
Thomas0802,1800,0.9565217391304348,2.0434782608695654,0.09100101112234578
Thomas0802,2000,1.0,2.111111111111111,0.04909560723514212
Thomas0802,2200,0.975609756097561,1.7073170731707317,0.06409529211571188
Thomas0802,2400,1.0,2.210526315789474,0.05140758873929009
Thomas0802,2600,1.0,2.711864406779661,0.0630666141111549
Thomas0802,2800,1.0,2.6129032258064515,0.060765191297824456
Thomas0802,3000,0.9818181818181818,2.9272727272727272,0.08625792811839324
Thomas0802,3200,1.0,3.0,0.06976744186046512
Thomas0802,3400,1.0,2.710526315789474,0.06303549571603427
TianyiWei,800,1.0,1.3611111111111112,0.03165374677002584
TianyiWei,1000,0.918918918918919,1.5135135135135136,0.11627906976744182
TianyiWei,1200,0.9354838709677419,1.7096774193548387,0.10427606901725436
TianyiWei,1400,0.9696969696969697,1.5757575757575757,0.0669485553206483
TianyiWei,1600,1.0,2.736842105263158,0.06364749082007344
TianyiWei,1800,0.9428571428571428,1.6571428571428573,0.09568106312292361
TianyiWei,2000,0.9767441860465116,1.9767441860465116,0.0692266089778259
TianyiWei,2200,0.96875,2.34375,0.08575581395348837
TianyiWei,2400,0.9595959595959596,2.01010101010101,0.08715057552266858
TianyiWei,2600,0.9354838709677419,2.1774193548387095,0.11515378844711183
TianyiWei,2800,0.92,2.72,0.14325581395348835
TianyiWei,3000,0.9411764705882353,3.764705882352941,0.146374829001368
TianyiWei,3200,0.8181818181818182,3.5454545454545454,0.26427061310782235
TianyiWei,3400,0.8333333333333334,2.1666666666666665,0.21705426356589144
TimeLimitExceed,800,1.0,1.2,0.027906976744186046
TimeLimitExceed,1000,1.0,1.3636363636363635,0.03171247357293869
TimeLimitExceed,1200,1.0,1.5555555555555556,0.03617571059431524
TimeLimitExceed,1400,0.7142857142857143,1.4285714285714286,0.31893687707641194
TimeLimitExceed,1600,0.9166666666666666,1.9166666666666667,0.12790697674418608
TimeLimitExceed,1800,0.9333333333333333,1.5333333333333334,0.10232558139534882
TimeLimitExceed,2000,1.0,2.272727272727273,0.052854122621564484
TimeLimitExceed,2200,1.0,1.6363636363636365,0.03805496828752643
TimeLimitExceed,2400,0.8333333333333334,2.7777777777777777,0.231266149870801
TimeLimitExceed,2600,0.85,4.65,0.258139534883721
TimeLimitExceed,2800,0.8888888888888888,2.111111111111111,0.16020671834625327
TimeLimitExceed,3000,0.8571428571428571,2.142857142857143,0.19269102990033227
TimeLimitExceed,3200,1.0,2.3333333333333335,0.054263565891472874
TimeLimitExceed,3400,0.5,1.5,0.5348837209302325
Timmy1003,800,0.9583333333333334,1.3333333333333333,0.07267441860465113
Timmy1003,1000,1.0,1.8148148148148149,0.04220499569336779
Timmy1003,1200,0.96875,2.40625,0.0872093023255814
Timmy1003,1400,0.9714285714285714,2.857142857142857,0.09501661129568108
Timmy1003,1600,0.9375,2.65625,0.12427325581395349
Timmy1003,1800,0.9333333333333333,1.9333333333333333,0.11162790697674417
Timmy1003,2000,0.5,1.6666666666666667,0.5387596899224806
Timmy1003,2200,1.0,3.25,0.0755813953488372
Timmy1003,2400,0.5,3.5,0.5813953488372093
Timmy1003,2600,0.4,1.2,0.627906976744186
Timmy1003,2800,0.5,1.0,0.5232558139534884
Timmy1003,3400,0.0,1.0,1.0232558139534884
Timosh,800,0.9978401727861771,1.42548596112311,0.03531066351901151
Timosh,1000,0.965,1.865,0.07837209302325585
Timosh,1200,0.9257425742574258,2.133663366336634,0.12387750402947267
Timosh,1400,0.9140625,2.12890625,0.13544694767441862
Timosh,1600,0.8877551020408163,2.6462585034013606,0.1737857933871223
Timosh,1800,0.8219895287958116,3.1099476439790577,0.2503348350176549
Timosh,2000,0.7721518987341772,2.8797468354430378,0.29481895790403295
Timosh,2200,0.76,3.03,0.31046511627906975
Timosh,2400,0.6909090909090909,3.7636363636363637,0.39661733615221983
Timosh,2600,0.6363636363636364,8.727272727272727,0.5665961945031712
Timosh,2800,0.6,4.0,0.4930232558139535
Timosh,3000,0.25,2.75,0.813953488372093
Timosh,3400,0.0,10.5,1.244186046511628
Timothy07,800,1.0,1.18,0.027441860465116277
Timothy07,1000,1.0,1.3461538461538463,0.03130590339892666
Timothy07,1200,0.9629629629629629,1.6296296296296295,0.07493540051679592
Timothy07,1400,1.0,1.8333333333333333,0.04263565891472868
Timothy07,1600,1.0,2.263157894736842,0.05263157894736842
Timothy07,1800,1.0,2.5,0.05813953488372093
Timothy07,2000,0.9393939393939394,1.9393939393939394,0.10570824524312891
Timothy07,2200,1.0,3.15625,0.07340116279069768
Timothy07,2400,1.0,2.4634146341463414,0.05728871242200794
Timothy07,2600,1.0,4.548387096774194,0.10577644411102777
Timothy07,2800,1.0,3.772727272727273,0.08773784355179705
Timothy07,3000,1.0,5.2,0.12093023255813953
Timothy07,3200,1.0,3.0,0.06976744186046512
Tmitmi,800,0.9411764705882353,1.6302521008403361,0.09673636896619114
Tmitmi,1000,0.896551724137931,2.086206896551724,0.1519647153167602
Tmitmi,1200,0.9642857142857143,2.8214285714285716,0.10132890365448503
Tmitmi,1400,0.8653846153846154,3.076923076923077,0.20617173524150267
Tmitmi,1600,0.7391304347826086,4.173913043478261,0.35793731041456023
Tmitmi,1800,0.9583333333333334,3.2083333333333335,0.11627906976744183
Tmitmi,2000,0.5333333333333333,4.2,0.5643410852713179
Tmitmi,2200,0.8,2.8,0.2651162790697674
Tmitmi,2400,1.0,2.1666666666666665,0.050387596899224806
Tmitmi,2600,1.0,1.0,0.023255813953488372
Tmitmi,2800,0.0,31.0,1.7209302325581395
Tmitmi,3200,1.0,3.0,0.06976744186046512
Tmitmi,3400,0.0,3.0,1.069767441860465
To_retto,800,0.7692307692307693,1.0,0.2540250447227191
To_retto,1000,0.6666666666666666,1.0,0.35658914728682173
To_retto,1200,0.5,1.25,0.5290697674418605
To_retto,1400,1.0,1.25,0.029069767441860465
To_retto,1600,1.0,1.0,0.023255813953488372
To_retto,1800,0.6666666666666666,1.0,0.35658914728682173
To_retto,2000,0.0,1.6666666666666667,1.0387596899224807
To_retto,2200,1.0,1.0,0.023255813953488372
To_retto,2400,0.3333333333333333,2.6666666666666665,0.7286821705426357
To_retto,2600,0.6,1.2,0.4279069767441861
To_retto,2800,0.0,1.0,1.0232558139534884
Tomate,800,0.9907407407407407,1.3472222222222223,0.04059000861326447
Tomate,1000,0.9894736842105263,1.6736842105263159,0.049449204406364786
Tomate,1200,0.963302752293578,1.5412844036697249,0.07254107104757841
Tomate,1400,0.9819819819819819,1.6126126126126126,0.05552063691598579
Tomate,1600,0.9767441860465116,1.5271317829457365,0.05877050658013345
Tomate,1800,0.9788732394366197,1.5,0.05601048149361281
Tomate,2000,0.9767441860465116,1.62015503875969,0.0609338381106905
Tomate,2200,0.961038961038961,1.4935064935064934,0.07369374811235277
Tomate,2400,0.9444444444444444,1.7407407407407407,0.09603789836347978
Tomate,2600,0.9696969696969697,1.5454545454545454,0.06624383368569411
Tomate,2800,0.8571428571428571,1.8571428571428572,0.18604651162790703
Tomate,3000,1.0,1.3333333333333333,0.031007751937984496
Tomate,3200,1.0,2.0,0.046511627906976744
Tomate,3400,1.0,1.0,0.023255813953488372
TranVinhHuy2010,800,1.0,1.163265306122449,0.027052681537731372
TranVinhHuy2010,1000,0.9230769230769231,1.641025641025641,0.11508646392367317
TranVinhHuy2010,1200,0.98,1.76,0.060930232558139556
TranVinhHuy2010,1400,0.981651376146789,1.834862385321101,0.06101984211649243
TranVinhHuy2010,1600,0.9830508474576272,1.5423728813559323,0.05281828931809219
TranVinhHuy2010,1800,1.0,1.5808383233532934,0.036763681938448686
TranVinhHuy2010,2000,0.9920634920634921,1.7380952380952381,0.048357327427094844
TranVinhHuy2010,2200,1.0,1.4943820224719102,0.03475307029004442
TranVinhHuy2010,2400,1.0,1.85,0.04302325581395349
TranVinhHuy2010,2600,1.0,1.6666666666666667,0.03875968992248062
TranVinhHuy2010,2800,1.0,1.6666666666666667,0.03875968992248062
UNDERTAKER,800,0.9826086956521739,1.3782608695652174,0.0494438827098079
UNDERTAKER,1000,0.9772727272727273,1.9318181818181819,0.06765327695560253
UNDERTAKER,1200,1.0,1.969387755102041,0.04579971523493118
UNDERTAKER,1400,0.972972972972973,2.0945945945945947,0.07573852922690127
UNDERTAKER,1600,0.8977272727272727,2.602272727272727,0.16279069767441862
UNDERTAKER,1800,0.8705882352941177,3.5294117647058822,0.21149110807113541
UNDERTAKER,2000,0.9322033898305084,2.9322033898305087,0.1359873866771778
UNDERTAKER,2200,0.8103448275862069,5.448275862068965,0.3163592622293505
UNDERTAKER,2400,0.6458333333333334,4.666666666666667,0.4626937984496124
UNDERTAKER,2600,0.5652173913043478,6.478260869565218,0.5854398382204247
UNDERTAKER,2800,0.5833333333333334,3.9166666666666665,0.5077519379844961
UNDERTAKER,3000,0.5714285714285714,7.0,0.5913621262458473
UNDERTAKER,3400,0.0,1.0,1.0232558139534884
Umiyuri,800,1.0,1.19,0.02767441860465116
Umiyuri,1000,1.0,1.3953488372093024,0.03244997295835587
Umiyuri,1200,0.9636363636363636,1.4545454545454546,0.07019027484143764
Umiyuri,1400,0.9736842105263158,1.9210526315789473,0.07099143206854341
Umiyuri,1600,0.9833333333333333,1.6833333333333333,0.05581395348837215
Umiyuri,1800,0.9594594594594594,2.2567567567567566,0.09302325581395351
Umiyuri,2000,0.9841269841269841,2.5555555555555554,0.07530454042081955
Umiyuri,2200,1.0,1.55,0.03604651162790698
Umiyuri,2400,0.9565217391304348,1.826086956521739,0.08594539939332657
Umiyuri,2600,1.0,2.5714285714285716,0.059800664451827246
Umiyuri,2800,1.0,2.1875,0.050872093023255814
Umiyuri,3000,1.0,1.1666666666666667,0.027131782945736437
Umiyuri,3200,1.0,1.5,0.03488372093023256
Umiyuri,3400,1.0,2.5,0.05813953488372093
Utena,800,1.0,1.3506493506493507,0.03141045001510118
Utena,1000,0.975,1.425,0.05813953488372095
Utena,1200,1.0,1.9583333333333333,0.045542635658914726
Utena,1400,0.9545454545454546,2.5,0.10359408033826634
Utena,1600,0.9433962264150944,2.4716981132075473,0.11408512505484861
Utena,1800,0.9367088607594937,3.759493670886076,0.15072122460994997
Utena,2000,0.9130434782608695,4.260869565217392,0.18604651162790703
Utena,2200,0.8767123287671232,3.0,0.1930551130933419
Utena,2400,0.9444444444444444,4.185185185185185,0.152885443583118
Utena,2600,0.9473684210526315,4.2105263157894735,0.1505507955936353
Utena,2800,1.0,5.5,0.12790697674418605
Utena,3000,1.0,4.142857142857143,0.09634551495016612
Utena,3200,0.9166666666666666,2.5,0.1414728682170543
Utena,3400,1.0,1.8571428571428572,0.04318936877076412
VGZD,800,0.9761904761904762,1.3095238095238095,0.054263565891472895
VGZD,1000,1.0,1.6666666666666667,0.03875968992248062
VGZD,1200,0.8095238095238095,1.9523809523809523,0.23588039867109634
VGZD,1400,1.0,1.3125,0.030523255813953487
VGZD,1600,0.9047619047619048,1.7142857142857142,0.1351052048726467
VGZD,1800,0.8636363636363636,3.1818181818181817,0.21035940803382663
VGZD,2000,0.6363636363636364,4.545454545454546,0.4693446088794926
VGZD,2200,0.6666666666666666,5.166666666666667,0.4534883720930233
VGZD,2400,0.3333333333333333,4.111111111111111,0.7622739018087856
VGZD,2600,0.0,5.0,1.1162790697674418
VGZD,3000,0.0,2.0,1.0465116279069768
ValenciaTravis,800,1.0,1.0615384615384615,0.024686940966010734
ValenciaTravis,1000,1.0,1.1666666666666667,0.027131782945736437
ValenciaTravis,1200,1.0,1.1428571428571428,0.026578073089700994
ValenciaTravis,1400,0.9894736842105263,1.3894736842105264,0.04283965728274177
ValenciaTravis,1600,1.0,1.5987261146496816,0.037179677084876316
ValenciaTravis,1800,0.9887005649717514,1.768361581920904,0.05242412297989752
ValenciaTravis,2000,0.9896373056994818,1.9689119170984455,0.056151343535365744
ValenciaTravis,2200,0.9897435897435898,2.117948717948718,0.059511031604054826
ValenciaTravis,2400,0.9864253393665159,2.6561085972850678,0.07534462801220662
ValenciaTravis,2600,0.945054945054945,2.923076923076923,0.12292358803986714
ValenciaTravis,2800,0.9574468085106383,3.3191489361702127,0.11974270163285497
ValenciaTravis,3000,0.9375,2.4375,0.1191860465116279
ValenciaTravis,3200,0.75,3.0,0.31976744186046513
Valters07,800,0.9989010989010989,1.3395604395604395,0.03225146946077178
Valters07,1000,0.9970845481049563,1.5481049562682216,0.038917892738490736
Valters07,1200,0.9973118279569892,1.8064516129032258,0.044698674668667164
Valters07,1400,0.9944444444444445,1.9694444444444446,0.0513565891472868
Valters07,1600,0.9924050632911392,2.222784810126582,0.05928760671180457
Valters07,1800,0.9883381924198251,2.1486880466472305,0.06163129703708721
Valters07,2000,0.9778481012658228,2.3227848101265822,0.07617015013246983
Valters07,2200,0.9465648854961832,2.4122137404580153,0.10953310846795666
Valters07,2400,0.9558011049723757,2.541436464088398,0.10330206861107542
Valters07,2600,1.0,3.5357142857142856,0.08222591362126246
Valters07,2800,0.8888888888888888,1.9444444444444444,0.1563307493540052
Valters07,3000,1.0,2.5,0.05813953488372093
Valters07,3200,1.0,3.0,0.06976744186046512
VanshRA,800,1.0,1.1690140845070423,0.02718637405830331
VanshRA,1000,1.0,1.376068376068376,0.032001590141125025
VanshRA,1200,1.0,1.872340425531915,0.04354280059376547
VanshRA,1400,1.0,1.912280701754386,0.044471644226846185
VanshRA,1600,1.0,2.0504201680672267,0.04768418995505178
VanshRA,1800,1.0,2.9594594594594597,0.06882463859208046
VanshRA,2000,1.0,2.8230088495575223,0.06565136859436098
VanshRA,2200,0.9917355371900827,3.3140495867768593,0.08533538343263498
VanshRA,2400,0.9732142857142857,3.607142857142857,0.11067275747508308
VanshRA,2600,0.9705882352941176,3.911764705882353,0.12038303693570451
VanshRA,2800,0.9387755102040817,4.142857142857143,0.15757000474608446
VanshRA,3000,0.8947368421052632,4.2105263157894735,0.20318237454100366
VanshRA,3200,0.9090909090909091,5.7272727272727275,0.22410147991543344
VanshRA,3400,1.0,6.857142857142857,0.15946843853820597
Vectors_Master,800,0.9983277591973244,1.1906354515050168,0.02936143734930388
Vectors_Master,1000,0.9962121212121212,1.4507575757575757,0.03752642706131078
Vectors_Master,1200,0.9898648648648649,1.5574324324324325,0.046354494028912584
Vectors_Master,1400,0.9895104895104895,1.832167832167832,0.053098064725971734
Vectors_Master,1600,0.9807692307692307,2.1666666666666665,0.06961836612999409
Vectors_Master,1800,0.9732441471571907,2.4849498327759196,0.08454538383759817
Vectors_Master,2000,0.9705882352941176,3.026470588235294,0.09979480164158687
Vectors_Master,2200,0.9615384615384616,3.055944055944056,0.10953000487884205
Vectors_Master,2400,0.9560975609756097,4.073170731707317,0.13862733976176975
Vectors_Master,2600,0.9342105263157895,5.092105263157895,0.18421052631578944
Vectors_Master,2800,0.8571428571428571,7.0476190476190474,0.3067552602436324
Vectors_Master,3000,0.4,8.4,0.7953488372093023
Vectors_Master,3200,0.0,2.0,1.0465116279069768
VladProg,800,0.9916666666666667,1.2722222222222221,0.037919896640826845
VladProg,1000,0.9878542510121457,1.3400809716599191,0.04331042274738726
VladProg,1200,0.9789473684210527,1.4280701754385965,0.054263565891472826
VladProg,1400,0.9448529411764706,1.4595588235294117,0.0890902872777018
VladProg,1600,0.9377162629757786,1.5986159169550174,0.09946085137201251
VladProg,1800,0.8943089430894309,1.943089430894309,0.15087918321043678
VladProg,2000,0.8497652582159625,2.408450704225352,0.20624522327765035
VladProg,2200,0.7719298245614035,2.2280701754385963,0.2798857609139127
VladProg,2400,0.7318840579710145,2.9130434782608696,0.3358611391978429
VladProg,2600,0.6129032258064516,3.0,0.4568642160540135
VladProg,2800,0.41379310344827586,4.448275862068965,0.6896551724137931
VladProg,3000,0.4444444444444444,3.5,0.6369509043927649
VladProg,3200,0.2222222222222222,2.3333333333333335,0.8320413436692506
VladProg,3400,0.4,3.0,0.6697674418604651
VladaMG98,800,0.9796747967479674,1.2032520325203253,0.048307808659482004
VladaMG98,1000,0.9931506849315068,1.3767123287671232,0.03886588085377511
VladaMG98,1200,0.9662921348314607,1.5337078651685394,0.06937548993990067
VladaMG98,1400,0.9619565217391305,1.6467391304347827,0.07633973710819003
VladaMG98,1600,0.9285714285714286,1.836734693877551,0.11414333175130514
VladaMG98,1800,0.8670520231213873,2.2254335260115607,0.1847022449253932
VladaMG98,2000,0.7803030303030303,2.507575757575758,0.2780126849894292
VladaMG98,2200,0.7870370370370371,2.324074074074074,0.2670111972437553
VladaMG98,2400,0.7428571428571429,2.8,0.3222591362126246
VladaMG98,2600,0.6470588235294118,5.588235294117647,0.48290013679890553
VladaMG98,2800,0.5,2.0,0.5465116279069767
VladaMG98,3000,0.14285714285714285,2.142857142857143,0.9069767441860466
VladaMG98,3200,0.3333333333333333,1.6666666666666667,0.7054263565891473
VladiG,800,0.95,1.2166666666666666,0.07829457364341089
VladiG,1000,0.8461538461538461,1.3076923076923077,0.18425760286225404
VladiG,1200,0.9565217391304348,1.565217391304348,0.07987866531850352
VladiG,1400,1.0,1.825,0.04244186046511628
VladiG,1600,0.9655172413793104,1.5172413793103448,0.06976744186046507
VladiG,1800,0.9310344827586207,1.9224137931034482,0.11367281475541302
VladiG,2000,0.9347826086956522,1.763975155279503,0.10624006933410367
VladiG,2200,0.9126984126984127,1.7619047619047619,0.1282761166482097
VladiG,2400,0.8961038961038961,2.324675324675325,0.15795832074901847
VladiG,2600,0.7333333333333333,1.9333333333333333,0.31162790697674425
VladiG,2800,1.0,1.4615384615384615,0.03398926654740608
VladiG,3000,1.0,1.6666666666666667,0.03875968992248062
VladiG,3200,0.5,2.5,0.5581395348837209
VladiG,3400,0.0,3.0,1.069767441860465
WJnY,800,1.0,1.0,0.023255813953488372
WJnY,1000,1.0,1.25,0.029069767441860465
WJnY,1200,1.0,1.3333333333333333,0.031007751937984496
WJnY,1400,1.0,1.0,0.023255813953488372
WJnY,1600,1.0,1.8,0.04186046511627907
WJnY,1800,0.8888888888888888,1.2222222222222223,0.1395348837209303
WJnY,2000,0.8333333333333334,1.5,0.2015503875968992
WJnY,2200,1.0,1.3333333333333333,0.031007751937984496
WJnY,2400,1.0,1.5925925925925926,0.037037037037037035
WJnY,2600,0.9583333333333334,2.75,0.10562015503875966
WJnY,2800,0.95,3.25,0.12558139534883725
WJnY,3000,1.0,4.304347826086956,0.10010111223458037
WJnY,3200,0.8888888888888888,5.555555555555555,0.24031007751937988
WJnY,3400,1.0,5.571428571428571,0.12956810631229235
WRKWRK,800,1.0,1.55,0.03604651162790698
WRKWRK,1000,1.0,1.3636363636363635,0.03171247357293869
WRKWRK,1200,1.0,1.3,0.030232558139534883
WRKWRK,1400,1.0,1.4,0.03255813953488372
WRKWRK,1600,1.0,1.4444444444444444,0.03359173126614987
WRKWRK,1800,0.9473684210526315,1.6842105263157894,0.0917992656058752
WRKWRK,2000,1.0,2.0,0.046511627906976744
WRKWRK,2200,1.0,1.2857142857142858,0.029900332225913623
WRKWRK,2400,0.9166666666666666,2.0833333333333335,0.13178294573643415
WRKWRK,2600,0.9,1.6,0.13720930232558137
WRKWRK,2800,0.9,3.6,0.18372093023255812
WRKWRK,3000,1.0,2.0,0.046511627906976744
WRKWRK,3200,0.5,1.5,0.5348837209302325
WRKWRK,3400,1.0,5.0,0.11627906976744186
Wael_Zaiback,800,0.9927007299270073,1.4525547445255473,0.041079612968935655
Wael_Zaiback,1000,0.991304347826087,1.991304347826087,0.05500505561172897
Wael_Zaiback,1200,0.9923954372623575,2.0342205323193916,0.05491201697762839
Wael_Zaiback,1400,0.9672727272727273,2.581818181818182,0.09276955602536997
Wael_Zaiback,1600,0.9728813559322034,2.4271186440677965,0.08356326369728026
Wael_Zaiback,1800,0.9788732394366197,2.9049295774647885,0.08868326236488697
Wael_Zaiback,2000,0.981203007518797,3.293233082706767,0.09538380835810459
Wael_Zaiback,2200,0.9830508474576272,3.4915254237288136,0.09814741821048478
Wael_Zaiback,2400,0.9911894273127754,3.4008810572687223,0.08790082983300887
Wael_Zaiback,2600,0.9714285714285714,3.557142857142857,0.11129568106312293
Wael_Zaiback,2800,0.963855421686747,3.7951807228915664,0.1244045951246848
Wael_Zaiback,3000,0.9024390243902439,4.975609756097561,0.2132728304027226
Wael_Zaiback,3200,1.0,4.181818181818182,0.09725158562367864
Wael_Zaiback,3400,1.0,1.0,0.023255813953488372
WannaWalnut,800,0.9947916666666666,1.46875,0.039365310077519415
WannaWalnut,1000,0.9879518072289156,2.0,0.05855982067806112
WannaWalnut,1200,1.0,2.17,0.050465116279069765
WannaWalnut,1400,0.9893617021276596,2.6914893617021276,0.07323107372587824
WannaWalnut,1600,0.925531914893617,2.978723404255319,0.14374072241464625
WannaWalnut,1800,0.9590163934426229,4.10655737704918,0.13648494090735802
WannaWalnut,2000,0.9347826086956522,3.9782608695652173,0.15773508594539937
WannaWalnut,2200,0.9240506329113924,5.7594936708860756,0.2098910803650279
WannaWalnut,2400,0.9056603773584906,4.679245283018868,0.20315928038613423
WannaWalnut,2600,0.8823529411764706,6.0,0.2571819425444597
WannaWalnut,2800,0.8333333333333334,8.666666666666666,0.3682170542635659
WannaWalnut,3000,1.0,11.75,0.27325581395348836
WannaWalnut,3200,1.0,2.0,0.046511627906976744
Wansur,800,0.9944852941176471,1.5625,0.041851915184678505
Wansur,1000,0.9879518072289156,1.678714859437751,0.0510880732231251
Wansur,1200,0.9584775086505191,2.1730103806228374,0.0920576164802446
Wansur,1400,0.9734848484848485,2.3863636363636362,0.08201198026779419
Wansur,1600,0.971830985915493,2.609154929577465,0.08884703570258759
Wansur,1800,0.9450980392156862,2.7098039215686276,0.11792065663474695
Wansur,2000,0.9308510638297872,2.6861702127659575,0.13161801088570016
Wansur,2200,0.9186046511627907,2.854651162790698,0.14778258518117904
Wansur,2400,0.953125,4.145833333333333,0.14328972868217055
Wansur,2600,0.8969072164948454,4.505154639175258,0.20786382162550943
Wansur,2800,0.8666666666666667,7.377777777777778,0.30490956072351416
Wansur,3000,1.0,4.260869565217392,0.09908998988877654
Wansur,3200,1.0,4.0,0.09302325581395349
Wansur,3400,0.6666666666666666,10.333333333333334,0.5736434108527132
WansurMyKing667,800,0.9705882352941176,1.2470588235294118,0.05841313269493845
WansurMyKing667,1000,0.8717948717948718,1.3974358974358974,0.16070363744782348
WansurMyKing667,1200,0.8732394366197183,1.647887323943662,0.16508352440222737
WansurMyKing667,1400,0.8484848484848485,1.6818181818181819,0.1906272022551092
WansurMyKing667,1600,0.76,1.9466666666666668,0.28527131782945736
WansurMyKing667,1800,0.7403846153846154,2.3846153846153846,0.3150715563506261
WansurMyKing667,2000,0.7843137254901961,2.5392156862745097,0.27473780209758325
WansurMyKing667,2200,0.8529411764705882,2.7745098039215685,0.2115823073415413
WansurMyKing667,2400,0.8888888888888888,3.1587301587301586,0.18456995201181253
WansurMyKing667,2600,0.75,2.5,0.3081395348837209
WansurMyKing667,2800,0.8571428571428571,3.9285714285714284,0.23421926910299007
WansurMyKing667,3000,0.75,5.75,0.38372093023255816
Washburn,800,1.0,1.0,0.023255813953488372
Washburn,1000,1.0,1.4285714285714286,0.03322259136212625
Washburn,1200,1.0,1.25,0.029069767441860465
Washburn,1400,1.0,1.25,0.029069767441860465
Washburn,1600,1.0,1.1666666666666667,0.027131782945736437
Washburn,1800,1.0,2.0,0.046511627906976744
Washburn,2000,1.0,4.857142857142857,0.11295681063122923
Washburn,2200,0.8,2.6,0.2604651162790697
Washburn,2600,0.6666666666666666,1.0,0.35658914728682173
Watersphere,800,0.990909090909091,1.8181818181818181,0.051374207188160624
Watersphere,1000,0.9347826086956522,2.1956521739130435,0.11627906976744182
Watersphere,1200,0.9833333333333333,2.4833333333333334,0.07441860465116285
Watersphere,1400,0.9555555555555556,2.7333333333333334,0.10801033591731261
Watersphere,1600,0.9152542372881356,2.288135593220339,0.13795821836815136
Watersphere,1800,0.9253731343283582,3.2388059701492535,0.14994793474488022
Watersphere,2000,0.8292682926829268,3.0,0.24049914917753834
Watersphere,2200,0.84375,2.9375,0.2245639534883721
Watersphere,2400,0.8461538461538461,2.6153846153846154,0.21466905187835422
Watersphere,2600,0.68,2.8,0.3851162790697674
Watersphere,2800,0.8260869565217391,2.8260869565217392,0.2396359959555106
Watersphere,3000,1.0,1.375,0.03197674418604651
Watersphere,3200,0.9,2.9,0.16744186046511625
Watersphere,3400,1.0,3.625,0.08430232558139535
Wawi,800,1.0,1.5,0.03488372093023256
Wawi,1000,1.0,2.0533333333333332,0.047751937984496125
Wawi,1200,1.0,1.867132867132867,0.04342169458448528
Wawi,1400,1.0,2.2093023255813953,0.051379123850730124
Wawi,1600,1.0,2.5396825396825395,0.05906238464377999
Wawi,1800,1.0,2.6826923076923075,0.06238819320214668
Wawi,2000,1.0,3.6621621621621623,0.08516656191074796
Wawi,2200,1.0,3.9056603773584904,0.09082931110136024
Wawi,2400,1.0,4.363636363636363,0.1014799154334038
Wawi,2600,1.0,4.466666666666667,0.10387596899224806
Wawi,2800,1.0,3.6666666666666665,0.08527131782945736
Wawi,3000,1.0,10.333333333333334,0.24031007751937986
Wawi,3200,1.0,1.6666666666666667,0.03875968992248062
Wawi,3400,1.0,4.666666666666667,0.10852713178294575
Weiqu0852,800,1.0,1.1666666666666667,0.027131782945736437
Weiqu0852,1000,1.0,1.3333333333333333,0.031007751937984496
Weiqu0852,1200,1.0,1.3,0.030232558139534883
Weiqu0852,1400,1.0,1.0,0.023255813953488372
Weiqu0852,1600,1.0,1.0,0.023255813953488372
Weiqu0852,1800,1.0,2.2857142857142856,0.05315614617940199
Weiqu0852,2000,1.0,5.857142857142857,0.1362126245847176
Weiqu0852,2200,0.8,2.2,0.2511627906976744
Weiqu0852,2400,1.0,2.5,0.05813953488372093
Weiqu0852,2600,1.0,2.0,0.046511627906976744
Weiqu0852,2800,0.25,2.5,0.8081395348837209
Weiqu0852,3200,1.0,1.0,0.023255813953488372
Weiqu0852,3400,0.0,2.0,1.0465116279069768
WeirdoAru,800,1.0,1.1555555555555554,0.026873385012919894
WeirdoAru,1000,1.0,1.1111111111111112,0.02583979328165375
WeirdoAru,1200,1.0,1.16,0.02697674418604651
WeirdoAru,1400,0.9285714285714286,1.2857142857142858,0.10132890365448502
WeirdoAru,1600,0.875,2.4375,0.1816860465116279
WeirdoAru,1800,0.9473684210526315,2.210526315789474,0.10403916768665857
WeirdoAru,2000,0.7272727272727273,3.272727272727273,0.34883720930232553
WeirdoAru,2200,0.375,3.25,0.7005813953488372
WeirdoAru,2400,0.3333333333333333,5.666666666666667,0.7984496124031009
WeirdoAru,2600,0.0,1.0,1.0232558139534884
Welcome24ever,800,0.99644128113879,1.4270462633451957,0.0367458412645866
Welcome24ever,1000,0.9719626168224299,1.644859813084112,0.06628993697022387
Welcome24ever,1200,0.9516129032258065,1.8629032258064515,0.09171042760690168
Welcome24ever,1400,0.9375,1.9625,0.10813953488372093
Welcome24ever,1600,0.9107142857142857,1.9732142857142858,0.13517441860465118
Welcome24ever,1800,0.9310344827586207,2.367816091954023,0.12403100775193801
Welcome24ever,2000,0.9104477611940298,1.9701492537313432,0.13536966331135025
Welcome24ever,2200,0.9302325581395349,2.744186046511628,0.13358572201189833
Welcome24ever,2400,0.9444444444444444,2.7222222222222223,0.11886304909560726
Welcome24ever,2600,1.0,3.0,0.06976744186046512
Welcome24ever,2800,0.8571428571428571,1.5714285714285714,0.17940199335548176
Welcome24ever,3000,1.0,3.0,0.06976744186046512
Windowsredstone,800,1.0,1.2142857142857142,0.028239202657807307
Windowsredstone,1000,1.0,1.3478260869565217,0.03134479271991911
Windowsredstone,1200,0.9705882352941176,1.4411764705882353,0.06292749658002736
Windowsredstone,1400,0.9523809523809523,1.619047619047619,0.08527131782945742
Windowsredstone,1600,0.9047619047619048,1.8571428571428572,0.13842746400885936
Windowsredstone,1800,0.8571428571428571,2.357142857142857,0.1976744186046512
Windowsredstone,2000,0.8260869565217391,2.9565217391304346,0.24266936299292213
Windowsredstone,2200,0.6666666666666666,3.066666666666667,0.4046511627906977
Windowsredstone,2400,0.7142857142857143,3.2857142857142856,0.36212624584717606
Windowsredstone,2600,1.0,1.6666666666666667,0.03875968992248062
Wobert,800,0.994475138121547,1.287292817679558,0.03546190415007065
Wobert,1000,1.0,1.5625,0.036337209302325583
Wobert,1200,0.9905660377358491,1.679245283018868,0.04848617814831066
Wobert,1400,1.0,1.962962962962963,0.04565030146425495
Wobert,1600,1.0,2.4864864864864864,0.05782526712759271
Wobert,1800,1.0,2.3008130081300813,0.0535072792588391
Wobert,2000,0.9827586206896551,2.7241379310344827,0.08059342421812353
Wobert,2200,0.9901960784313726,2.6666666666666665,0.07181942544459641
Wobert,2400,0.9649122807017544,2.745614035087719,0.0989392084863321
Wobert,2600,0.9722222222222222,3.0833333333333335,0.09948320413436694
Wobert,2800,0.9090909090909091,3.1363636363636362,0.16384778012684992
Wobert,3000,1.0,7.0,0.16279069767441862
Wobert,3200,1.0,4.0,0.09302325581395349
Wonder_boy,800,0.9789473684210527,1.8105263157894738,0.06315789473684205
Wonder_boy,1000,0.9090909090909091,2.8181818181818183,0.15644820295983092
Wonder_boy,1200,0.925,2.95,0.14360465116279064
Wonder_boy,1400,0.8666666666666667,2.6,0.19379844961240306
Wonder_boy,1600,0.7777777777777778,2.5555555555555554,0.2816537467700258
Wonder_boy,1800,0.9090909090909091,5.636363636363637,0.22198731501057087
Wonder_boy,2000,0.3333333333333333,2.0,0.7131782945736435
Wonder_boy,2200,1.0,1.0,0.023255813953488372
Wonder_boy,2400,1.0,1.0,0.023255813953488372
Wonder_boy,2800,1.0,1.0,0.023255813953488372
XVIII,800,1.0,1.0689655172413792,0.024859663191659984
XVIII,1000,1.0,1.0,0.023255813953488372
XVIII,1200,1.0,1.2,0.027906976744186046
XVIII,1400,1.0,1.0,0.023255813953488372
XVIII,1600,1.0,2.142857142857143,0.04983388704318937
XVIII,1800,0.9444444444444444,1.0555555555555556,0.08010335917312664
XVIII,2000,1.0,1.2857142857142858,0.029900332225913623
XVIII,2200,1.0,1.0,0.023255813953488372
XVIII,2400,1.0,1.6,0.037209302325581395
XVIII,2600,1.0,1.125,0.02616279069767442
XVIII,2800,1.0,1.75,0.040697674418604654
XVIII,3000,1.0,2.6,0.06046511627906977
XVIII,3200,1.0,1.0,0.023255813953488372
XVIII,3400,0.8461538461538461,2.076923076923077,0.20214669051878356
Xellos,800,1.0,1.1359223300970873,0.026416798374350868
Xellos,1000,0.9933333333333333,1.2133333333333334,0.034883720930232606
Xellos,1200,1.0,1.2258064516129032,0.028507126781695424
Xellos,1400,0.9903381642512077,1.463768115942029,0.043702954724188336
Xellos,1600,0.9957983193277311,1.7647058823529411,0.04524135235489543
Xellos,1800,0.9861751152073732,1.6682027649769586,0.052620297931625815
Xellos,2000,0.9724770642201835,2.444954128440367,0.08438233411563895
Xellos,2200,0.9705882352941176,2.5588235294117645,0.08891928864569083
Xellos,2400,0.9682539682539683,2.455026455026455,0.08883967023501907
Xellos,2600,0.9632352941176471,4.507352941176471,0.14158686730506154
Xellos,2800,0.9310344827586207,4.741379310344827,0.17923015236567763
Xellos,3000,0.9615384615384616,5.971153846153846,0.1773255813953488
Xellos,3200,0.9615384615384616,6.971153846153846,0.20058139534883718
Xellos,3400,0.9381443298969072,8.195876288659793,0.2524574442579717
Xerxes,800,0.9875,1.33125,0.04345930232558135
Xerxes,1000,0.9545454545454546,1.75,0.08615221987315007
Xerxes,1200,0.9202898550724637,2.3333333333333335,0.13397371081900913
Xerxes,1400,0.831858407079646,2.672566371681416,0.23029429923852648
Xerxes,1600,0.8217821782178217,2.9207920792079207,0.24614321897306013
Xerxes,1800,0.6835443037974683,2.9873417721518987,0.3859287606711805
Xerxes,2000,0.7924528301886793,3.169811320754717,0.28126371215445367
Xerxes,2200,0.631578947368421,3.0,0.4381884944920441
Xerxes,2400,0.76,2.72,0.3032558139534884
Xerxes,2600,0.4666666666666667,3.1333333333333333,0.6062015503875969
Xerxes,2800,0.6,1.7,0.43953488372093025
Xerxes,3000,0.3333333333333333,5.166666666666667,0.7868217054263567
Xerxes,3200,0.0,3.5,1.0813953488372092
XiaY,800,0.9895833333333334,1.28125,0.040213178294573604
XiaY,1000,1.0,1.2692307692307692,0.029516994633273702
XiaY,1200,0.9666666666666667,1.5,0.06821705426356589
XiaY,1400,1.0,1.5,0.03488372093023256
XiaY,1600,0.9770642201834863,1.7201834862385321,0.06294004693834007
XiaY,1800,0.9494949494949495,1.5454545454545454,0.08644585388771434
XiaY,2000,0.9615384615384616,2.3461538461538463,0.09302325581395346
XiaY,2200,0.96,2.2857142857142856,0.09315614617940202
XiaY,2400,0.9646017699115044,2.765486725663717,0.09971187487137277
XiaY,2600,0.9444444444444444,2.75,0.1195090439276486
XiaY,2800,0.9166666666666666,2.5,0.1414728682170543
XiaY,3000,1.0,3.466666666666667,0.08062015503875969
XiaY,3200,1.0,2.727272727272727,0.06342494714587738
XiaY,3400,0.75,1.75,0.29069767441860467
XiangXunyi,800,1.0,1.1666666666666667,0.027131782945736437
XiangXunyi,1000,1.0,1.3529411764705883,0.03146374829001368
XiangXunyi,1200,0.9642857142857143,1.4285714285714286,0.06893687707641194
XiangXunyi,1400,0.9565217391304348,1.826086956521739,0.08594539939332657
XiangXunyi,1600,0.967741935483871,1.5161290322580645,0.06751687921980493
XiangXunyi,1800,0.9285714285714286,2.1904761904761907,0.12236987818383165
XiangXunyi,2000,0.9444444444444444,2.2222222222222223,0.10723514211886308
XiangXunyi,2200,0.9487179487179487,2.6153846153846154,0.11210494931425169
XiangXunyi,2400,0.8648648648648649,2.4864864864864864,0.1929604022627278
XiangXunyi,2600,0.95,2.4,0.10581395348837214
XiangXunyi,2800,0.7142857142857143,1.5714285714285714,0.3222591362126246
XiangXunyi,3000,0.75,4.25,0.3488372093023256
XiangXunyi,3200,1.0,21.0,0.4883720930232558
XiangXunyi,3400,0.0,2.0,1.0465116279069768
XorGhost,800,1.0,1.0785340314136125,0.025082186777060755
XorGhost,1000,1.0,1.0273972602739727,0.023892959541255178
XorGhost,1200,1.0,1.0,0.023255813953488372
XorGhost,1400,1.0,1.0,0.023255813953488372
XorGhost,1600,0.8333333333333334,1.5,0.2015503875968992
XorGhost,1800,1.0,1.0,0.023255813953488372
XorGhost,2000,1.0,1.0,0.023255813953488372
XorGhost,2200,0.6,2.2,0.45116279069767445
XorGhost,2400,1.0,2.3333333333333335,0.054263565891472874
XorGhost,2600,1.0,3.0,0.06976744186046512
Xylenox,800,0.9754385964912281,1.2912280701754386,0.054589963280293724
Xylenox,1000,0.9726027397260274,1.404109589041096,0.06005097164702134
Xylenox,1200,0.988950276243094,1.6022099447513811,0.04831042014647305
Xylenox,1400,0.9782608695652174,1.8423913043478262,0.0645854398382204
Xylenox,1600,0.9695431472081218,1.8426395939086295,0.0733089363711486
Xylenox,1800,0.9574468085106383,2.0904255319148937,0.09116773874319639
Xylenox,2000,0.9285714285714286,2.2662337662337664,0.12413168227121713
Xylenox,2200,0.8732394366197183,2.464788732394366,0.18408123157549955
Xylenox,2400,0.8813559322033898,3.23728813559322,0.19392983839180133
Xylenox,2600,0.7792207792207793,3.103896103896104,0.29296285110238596
Xylenox,2800,0.8431372549019608,2.2549019607843137,0.20930232558139533
Xylenox,3000,0.7027027027027027,4.5675675675675675,0.40351979886863604
Xylenox,3200,0.47058823529411764,4.0,0.6224350205198359
Xylenox,3400,0.6190476190476191,4.619047619047619,0.4883720930232558
YLF_Cat,800,1.0,1.4230769230769231,0.03309481216457961
YLF_Cat,1000,1.0,2.1,0.04883720930232558
YLF_Cat,1200,0.9166666666666666,2.0,0.12984496124031011
YLF_Cat,1400,1.0,1.6153846153846154,0.03756708407871199
YLF_Cat,1600,0.8,1.8,0.241860465116279
YLF_Cat,1800,1.0,1.4166666666666667,0.03294573643410853
YLF_Cat,2000,0.8181818181818182,1.4545454545454546,0.21564482029598303
YLF_Cat,2200,0.5714285714285714,3.4285714285714284,0.5083056478405316
YLF_Cat,2400,0.45454545454545453,1.7272727272727273,0.5856236786469344
YLF_Cat,2800,1.0,2.6,0.06046511627906977
YLF_Cat,3000,0.0,1.0,1.0232558139534884
Yagnik_Dhameliya,800,1.0,1.6940874035989717,0.039397381479045854
Yagnik_Dhameliya,1000,0.9874213836477987,2.5849056603773586,0.07269270147725611
Yagnik_Dhameliya,1200,1.0,2.647798742138365,0.06157671493345034
Yagnik_Dhameliya,1400,0.984375,2.640625,0.07703488372093023
Yagnik_Dhameliya,1600,0.9818181818181818,2.5636363636363635,0.07780126849894292
Yagnik_Dhameliya,1800,0.9459459459459459,2.7387387387387387,0.11774565262937356
Yagnik_Dhameliya,2000,0.8703703703703703,2.8333333333333335,0.1955211024978467
Yagnik_Dhameliya,2200,0.8947368421052632,3.4210526315789473,0.18482252141982863
Yagnik_Dhameliya,2400,0.7727272727272727,3.727272727272727,0.313953488372093
Yagnik_Dhameliya,2600,1.0,4.0,0.09302325581395349
Yagnik_Dhameliya,2800,0.0,12.0,1.2790697674418605
Yagnik_Dhameliya,3000,1.0,1.0,0.023255813953488372
Yaimsea,800,1.0,1.0511811023622046,0.024446072147958246
Yaimsea,1000,0.9821428571428571,1.125,0.04401993355481733
Yaimsea,1200,1.0,1.1353383458646618,0.02640321734568981
Yaimsea,1400,1.0,1.1842105263157894,0.027539779681762543
Yaimsea,1600,0.991304347826087,1.3217391304347825,0.0394337714863498
Yaimsea,1800,1.0,1.507462686567164,0.03505727178063172
Yaimsea,2000,0.9846153846153847,1.9076923076923078,0.05974955277280854
Yaimsea,2200,0.9532710280373832,2.1121495327102804,0.09584872853727451
Yaimsea,2400,0.9295774647887324,2.183098591549296,0.12119226989846055
Yaimsea,2600,0.9444444444444444,2.0555555555555554,0.10335917312661501
Yaimsea,2800,0.8333333333333334,2.0,0.21317829457364337
Yaimsea,3000,0.0,1.0,1.0232558139534884
Yaimsea,3200,1.0,1.0,0.023255813953488372
YeoBL,800,0.9940476190476191,1.3928571428571428,0.03834440753045402
YeoBL,1000,0.9518072289156626,1.7951807228915662,0.08994115998879243
YeoBL,1200,0.9518072289156626,1.9036144578313252,0.09246287475483334
YeoBL,1400,0.9607843137254902,2.019607843137255,0.0861833105335157
YeoBL,1600,0.9642857142857143,2.5,0.09385382059800662
YeoBL,1800,0.9438202247191011,2.741573033707865,0.11993728769270973
YeoBL,2000,0.9178082191780822,2.9178082191780823,0.15004778591908252
YeoBL,2200,0.9245283018867925,2.830188679245283,0.14129003949100483
YeoBL,2400,0.7619047619047619,5.857142857142857,0.37430786267995575
YeoBL,2600,0.75,2.5,0.3081395348837209
YeoBL,3000,0.0,5.0,1.1162790697674418
YeoBL,3400,0.0,2.0,1.0465116279069768
YipChip,800,1.0,1.7717391304347827,0.04120323559150658
YipChip,1000,1.0,1.8857142857142857,0.043853820598006646
YipChip,1200,1.0,2.6444444444444444,0.06149870801033592
YipChip,1400,1.0,2.4347826086956523,0.05662285136501517
YipChip,1600,1.0,2.95,0.0686046511627907
YipChip,1800,0.9090909090909091,3.2,0.16532769556025373
YipChip,2000,0.9743589743589743,4.384615384615385,0.1276088252832439
YipChip,2200,0.975,3.725,0.11162790697674421
YipChip,2400,1.0,3.76,0.08744186046511628
YipChip,2600,0.9375,5.5,0.19040697674418605
YipChip,2800,0.7142857142857143,4.428571428571429,0.38870431893687707
YipChip,3000,1.0,5.0,0.11627906976744186
YipChip,3400,0.0,1.0,1.0232558139534884
YoshinoTomotake,800,0.9935483870967742,1.3290322580645162,0.03735933983495876
YoshinoTomotake,1000,1.0,1.99,0.04627906976744186
YoshinoTomotake,1200,0.9772727272727273,2.0681818181818183,0.07082452431289639
YoshinoTomotake,1400,0.9629629629629629,2.4537037037037037,0.09409991386735578
YoshinoTomotake,1600,0.9827586206896551,3.086206896551724,0.0890136327185245
YoshinoTomotake,1800,0.972972972972973,2.5675675675675675,0.08673790069138901
YoshinoTomotake,2000,0.9550561797752809,3.303370786516854,0.12176639665534361
YoshinoTomotake,2200,0.9868421052631579,3.1578947368421053,0.08659730722154227
YoshinoTomotake,2400,0.9692307692307692,2.3230769230769233,0.08479427549194991
YoshinoTomotake,2600,0.9444444444444444,2.5555555555555554,0.1149870801033592
YoshinoTomotake,2800,1.0,4.7,0.10930232558139535
YoshinoTomotake,3000,1.0,3.857142857142857,0.08970099667774087
YoshinoTomotake,3200,1.0,1.0,0.023255813953488372
Yoyoyo8128,800,1.0,1.2307692307692308,0.028622540250447227
Yoyoyo8128,1000,0.8888888888888888,1.5555555555555556,0.1472868217054264
Yoyoyo8128,1200,1.0,1.2,0.027906976744186046
Yoyoyo8128,1400,1.0,1.0,0.023255813953488372
Yoyoyo8128,1600,1.0,1.125,0.02616279069767442
Yoyoyo8128,1800,1.0,1.8,0.04186046511627907
Yoyoyo8128,2000,1.0,1.7142857142857142,0.03986710963455149
Yoyoyo8128,2200,1.0,2.6666666666666665,0.06201550387596899
Yoyoyo8128,2400,1.0,1.0,0.023255813953488372
Yoyoyo8128,3000,0.0,1.0,1.0232558139534884
YuukiS,800,0.9887640449438202,1.3183520599250935,0.041895305286995935
YuukiS,1000,1.0,1.3130434782608695,0.030535894843276037
YuukiS,1200,0.9936305732484076,1.4522292993630572,0.04014220115538438
YuukiS,1400,1.0,1.8053097345132743,0.04198394731426219
YuukiS,1600,1.0,1.5897435897435896,0.03697078115682766
YuukiS,1800,0.9814814814814815,1.6419753086419753,0.05670399081251792
YuukiS,2000,1.0,2.175,0.0505813953488372
YuukiS,2200,0.9934640522875817,2.215686274509804,0.05806353549171605
YuukiS,2400,0.94375,2.39375,0.11191860465116281
YuukiS,2600,0.916030534351145,3.450381679389313,0.1642109000532576
YuukiS,2800,0.8823529411764706,3.6176470588235294,0.20177838577291385
YuukiS,3000,0.7575757575757576,2.4545454545454546,0.29950669485553205
YuukiS,3200,0.8333333333333334,2.888888888888889,0.23385012919896636
YuukiS,3400,0.5,2.25,0.5523255813953488
ZPAYAUR,800,1.0,1.0,0.023255813953488372
ZPAYAUR,1000,1.0,1.5454545454545454,0.035940803382663845
ZPAYAUR,1200,1.0,1.2777777777777777,0.029715762273901807
ZPAYAUR,1400,1.0,1.5384615384615385,0.03577817531305904
ZPAYAUR,1600,1.0,1.7333333333333334,0.040310077519379844
ZPAYAUR,1800,0.9090909090909091,1.4090909090909092,0.12367864693446093
ZPAYAUR,2000,1.0,2.7333333333333334,0.06356589147286822
ZPAYAUR,2200,0.8823529411764706,2.6470588235294117,0.17920656634746923
ZPAYAUR,2400,0.8947368421052632,4.052631578947368,0.19951040391676866
ZPAYAUR,2600,1.0,6.25,0.14534883720930233
ZPAYAUR,2800,0.9743589743589743,4.0,0.11866428145497915
ZPAYAUR,3000,0.9523809523809523,3.1904761904761907,0.12181616832779629
ZPAYAUR,3200,1.0,5.142857142857143,0.11960132890365449
ZPAYAUR,3400,1.0,6.0,0.13953488372093023
Z_actuary,800,1.0,1.1071428571428572,0.025747508305647843
Z_actuary,1000,1.0,1.3728813559322033,0.03192747339377217
Z_actuary,1200,1.0,1.25,0.029069767441860465
Z_actuary,1400,1.0,1.3396226415094339,0.031154014918824045
Z_actuary,1600,0.9777777777777777,2.111111111111111,0.07131782945736437
Z_actuary,1800,0.9607843137254902,1.9607843137254901,0.08481532147742815
Z_actuary,2000,0.9459459459459459,2.675675675675676,0.11627906976744187
Z_actuary,2200,0.9032258064516129,3.3548387096774195,0.17479369842460618
Z_actuary,2400,0.7586206896551724,3.1379310344827585,0.314354450681636
Z_actuary,2600,0.8333333333333334,3.7222222222222223,0.25322997416020665
Z_actuary,2800,0.75,2.75,0.313953488372093
Zanite,800,0.9854014598540146,1.218978102189781,0.042946868103887266
Zanite,1000,0.9743589743589743,1.3333333333333333,0.05664877757901016
Zanite,1200,0.9873417721518988,1.4683544303797469,0.04680600529879301
Zanite,1400,0.9848484848484849,1.3181818181818181,0.04580690627202254
Zanite,1600,1.0,1.5054945054945055,0.0350115001277792
Zanite,1800,0.9789473684210527,1.7157894736842105,0.06095471236230106
Zanite,2000,1.0,1.7419354838709677,0.04051012753188297
Zanite,2200,0.9873417721518988,2.2151898734177213,0.0641742714159552
Zanite,2400,0.9605263157894737,2.460526315789474,0.09669522643818851
Zanite,2600,0.9047619047619048,2.4523809523809526,0.15227021040974528
Zanite,2800,0.8666666666666667,3.0,0.20310077519379843
Zanite,3000,1.0,3.0,0.06976744186046512
Zanite,3200,0.5,2.3333333333333335,0.5542635658914729
Zanite,3400,0.0,1.0,1.0232558139534884
Zheng_iii,800,0.9933993399339934,1.2013201320132014,0.034538337554685675
Zheng_iii,1000,0.9758064516129032,1.467741935483871,0.05832708177044259
Zheng_iii,1200,0.954954954954955,1.3693693693693694,0.07689084433270478
Zheng_iii,1400,0.9772727272727273,1.4545454545454546,0.05655391120507398
Zheng_iii,1600,0.9743589743589743,1.6324786324786325,0.06360564500099386
Zheng_iii,1800,0.9694656488549618,1.6564885496183206,0.06905734067104567
Zheng_iii,2000,0.9659090909090909,1.6477272727272727,0.0724101479915433
Zheng_iii,2200,0.9625,1.5625,0.07383720930232557
Zheng_iii,2400,0.9489795918367347,1.7346938775510203,0.09136212624584712
Zheng_iii,2600,0.9615384615384616,1.8846153846153846,0.08228980322003576
Zheng_iii,2800,1.0,1.6896551724137931,0.03929430633520449
Zheng_iii,3000,0.875,1.625,0.16279069767441862
Zheng_iii,3200,0.875,1.25,0.15406976744186046
Zheng_iii,3400,1.0,2.3333333333333335,0.054263565891472874
Zhou_Hang,800,0.9285714285714286,1.0714285714285714,0.09634551495016608
Zhou_Hang,1000,1.0,1.5,0.03488372093023256
Zhou_Hang,1200,1.0,1.5833333333333333,0.036821705426356585
Zhou_Hang,1400,0.9166666666666666,1.0,0.10658914728682174
Zhou_Hang,1600,1.0,1.1666666666666667,0.027131782945736437
Zhou_Hang,1800,0.7,2.1,0.34883720930232565
Zhou_Hang,2000,0.6,1.4,0.43255813953488376
Zhou_Hang,2200,0.8888888888888888,1.4444444444444444,0.14470284237726103
Zhou_Hang,2400,0.8333333333333334,1.1666666666666667,0.19379844961240306
Zhou_Hang,2600,0.5555555555555556,1.5555555555555556,0.48062015503875966
Zhou_Hang,2800,1.0,2.0,0.046511627906976744
Zhou_Hang,3000,0.5,4.5,0.6046511627906976
Zhou_Hang,3200,1.0,1.0,0.023255813953488372
Zhou_Hang,3400,0.0,1.0,1.0232558139534884
Zhouershan,800,1.0,1.7843137254901962,0.04149566803465572
Zhouershan,1000,1.0,2.107142857142857,0.049003322259136214
Zhouershan,1200,1.0,2.533333333333333,0.05891472868217054
Zhouershan,1400,0.9629629629629629,2.074074074074074,0.0852713178294574
Zhouershan,1600,1.0,2.125,0.04941860465116279
Zhouershan,1800,1.0,2.9411764705882355,0.06839945280437756
Zhouershan,2000,0.958904109589041,3.3698630136986303,0.11946479770627594
Zhouershan,2200,0.9801980198019802,2.8118811881188117,0.08519456596822474
Zhouershan,2400,0.9828326180257511,3.742489270386266,0.10420201616927839
Zhouershan,2600,0.9748427672955975,4.232704402515723,0.12359221880941933
Zhouershan,2800,0.9655172413793104,5.011494252873563,0.1510291365944934
Zhouershan,3000,0.971830985915493,4.225352112676056,0.12643301670488039
Zhouershan,3200,0.9787234042553191,5.872340425531915,0.15784265215239984
Zhouershan,3400,0.9714285714285714,7.257142857142857,0.1973421926910299
Zicrus,800,1.0,1.1647058823529413,0.02708618331053352
Zicrus,1000,1.0,1.2571428571428571,0.029235880398671095
Zicrus,1200,0.9767441860465116,1.2790697674418605,0.05300162249864796
Zicrus,1400,1.0,1.8,0.04186046511627907
Zicrus,1600,0.9743589743589743,1.4615384615384615,0.059630292188431744
Zicrus,1800,0.925,1.725,0.1151162790697674
Zicrus,2000,0.9761904761904762,2.261904761904762,0.0764119601328904
Zicrus,2200,0.7714285714285715,3.2,0.3029900332225913
Zicrus,2400,1.0,2.8,0.06511627906976744
Zicrus,2600,0.9,3.05,0.1709302325581395
Zicrus,2800,0.9411764705882353,5.823529411764706,0.19425444596443228
Zicrus,3000,0.8333333333333334,4.916666666666667,0.28100775193798444
Zicrus,3200,0.5,1.5,0.5348837209302325
Zicrus,3400,0.75,4.75,0.36046511627906974
Zzhuxia,800,0.9937106918238994,1.4968553459119496,0.04109989761591341
Zzhuxia,1000,0.9866666666666667,1.64,0.051472868217054234
Zzhuxia,1200,0.9411764705882353,2.3823529411764706,0.11422708618331054
Zzhuxia,1400,0.875,2.263888888888889,0.1776485788113695
Zzhuxia,1600,0.9027777777777778,2.763888888888889,0.1614987080103359
Zzhuxia,1800,0.9156626506024096,3.036144578313253,0.15494536284673582
Zzhuxia,2000,0.8888888888888888,3.1805555555555554,0.185077519379845
Zzhuxia,2200,0.9444444444444444,2.9074074074074074,0.12316968130921623
Zzhuxia,2400,0.9259259259259259,2.6666666666666665,0.13608957795004306
Zzhuxia,2600,0.8,3.1,0.2720930232558139
Zzhuxia,2800,1.0,1.0,0.023255813953488372
_Diu_,800,1.0,1.8409090909090908,0.04281183932346723
_Diu_,1000,1.0,2.2,0.051162790697674425
_Diu_,1200,1.0,1.7575757575757576,0.0408738548273432
_Diu_,1400,1.0,2.3529411764705883,0.05471956224350205
_Diu_,1600,0.9333333333333333,2.4,0.12248062015503874
_Diu_,1800,0.9655172413793104,3.1379310344827585,0.10745789895749795
_Diu_,2000,0.9696969696969697,2.242424242424242,0.08245243128964055
_Diu_,2200,0.9736842105263158,1.9210526315789473,0.07099143206854341
_Diu_,2400,0.9433962264150944,2.6792452830188678,0.11891180342255374
_Diu_,2600,1.0,2.4791666666666665,0.05765503875968992
_Diu_,2800,0.9130434782608695,2.369565217391304,0.14206268958543988
_Diu_,3000,0.9107142857142857,3.1785714285714284,0.1632059800664452
_Diu_,3200,0.98,4.86,0.13302325581395352
_Diu_,3400,0.9459459459459459,3.72972972972973,0.14079195474544312
_LeMur_,800,0.9905838041431262,1.1619585687382297,0.03643848815311171
_LeMur_,1000,0.990909090909091,1.309090909090909,0.03953488372093018
_LeMur_,1200,0.9590163934426229,1.3688524590163935,0.07281738467403741
_LeMur_,1400,0.9340369393139841,1.5831134564643798,0.10277965269681541
_LeMur_,1600,0.885,1.775,0.15627906976744185
_LeMur_,1800,0.8784810126582279,2.1670886075949367,0.17191639682072415
_LeMur_,2000,0.8516320474777448,2.192878338278932,0.1993651231799048
_LeMur_,2200,0.8037037037037037,2.5703703703703704,0.2560723514211886
_LeMur_,2400,0.8508771929824561,2.973684210526316,0.2182782537739698
_LeMur_,2600,0.7375886524822695,3.368794326241135,0.3407554016163616
_LeMur_,2800,0.7464788732394366,7.098591549295775,0.41860465116279066
_LeMur_,3000,0.782608695652174,3.8260869565217392,0.30637007077856415
_LeMur_,3200,0.6363636363636364,6.0,0.5031712473572939
_LeMur_,3400,0.5714285714285714,2.0,0.4750830564784053
_MCYYDS_,800,0.9090909090909091,1.1818181818181819,0.11839323467230448
_MCYYDS_,1000,1.0,1.0,0.023255813953488372
_MCYYDS_,1200,1.0,1.0,0.023255813953488372
_MCYYDS_,1400,1.0,2.3333333333333335,0.054263565891472874
_MCYYDS_,1600,0.7777777777777778,1.6666666666666667,0.26098191214470284
_MCYYDS_,1800,0.6,1.8,0.4418604651162791
_MCYYDS_,2000,1.0,1.25,0.029069767441860465
_MCYYDS_,2200,1.0,1.3333333333333333,0.031007751937984496
_MCYYDS_,2400,0.6666666666666666,1.3333333333333333,0.36434108527131787
_MCYYDS_,2600,0.6666666666666666,1.0,0.35658914728682173
_MCYYDS_,3000,0.5,2.5,0.5581395348837209
_Maikyou_,800,1.0,1.3076923076923077,0.03041144901610018
_Maikyou_,1000,1.0,1.5769230769230769,0.03667262969588551
_Maikyou_,1200,1.0,1.391304347826087,0.032355915065722954
_Maikyou_,1400,1.0,1.25,0.029069767441860465
_Maikyou_,1600,1.0,1.7058823529411764,0.03967168262653899
_Maikyou_,1800,1.0,1.3571428571428572,0.03156146179401993
_Maikyou_,2000,1.0,1.7142857142857142,0.03986710963455149
_Maikyou_,2200,1.0,1.8,0.04186046511627907
_Maikyou_,2400,1.0,1.6666666666666667,0.03875968992248062
_Maikyou_,2600,1.0,2.0,0.046511627906976744
_______________________,800,0.9333333333333333,1.1333333333333333,0.09302325581395347
_______________________,1000,1.0,1.2580645161290323,0.029257314328582144
_______________________,1200,1.0,1.6206896551724137,0.03769045709703288
_______________________,1400,0.967741935483871,1.4516129032258065,0.06601650412603148
_______________________,1600,1.0,2.0,0.046511627906976744
_______________________,1800,0.8888888888888888,2.740740740740741,0.17484926787252375
_______________________,2000,0.8666666666666667,2.2666666666666666,0.18604651162790695
_______________________,2200,0.75,3.625,0.33430232558139533
_______________________,2400,1.0,1.25,0.029069767441860465
_______________________,2600,0.5,2.0,0.5465116279069767
__baozii__,800,0.9885931558935361,1.1787072243346008,0.038818640021222026
__baozii__,1000,0.984,1.232,0.04465116279069769
__baozii__,1200,0.9846153846153847,1.4076923076923078,0.04812164579606435
__baozii__,1400,0.9545454545454546,1.5151515151515151,0.08069062720225506
__baozii__,1600,0.9857142857142858,1.7,0.05382059800664447
__baozii__,1800,0.96045197740113,2.214689265536723,0.09105242412297987
__baozii__,2000,0.95260663507109,2.4928909952606637,0.10536757412101846
__baozii__,2200,0.9344262295081968,2.5245901639344264,0.12428516965306896
__baozii__,2400,0.9886363636363636,2.7443181818181817,0.07518498942917547
__baozii__,2600,0.9838709677419355,2.806451612903226,0.0813953488372093
__baozii__,2800,0.9642857142857143,2.3214285714285716,0.08970099667774085
__baozii__,3000,0.8421052631578947,2.6842105263157894,0.2203182374541004
__baozii__,3200,0.8333333333333334,5.083333333333333,0.2848837209302325
__baozii__,3400,0.6666666666666666,2.8333333333333335,0.39922480620155043
__jk__,800,0.9732620320855615,1.4367201426024956,0.06015006425403142
__jk__,1000,0.925,1.6,0.11220930232558135
__jk__,1200,0.9109311740890689,1.8380566801619433,0.13181433010074375
__jk__,1400,0.922509225092251,1.7453874538745386,0.11808118081180807
__jk__,1600,0.8755020080321285,2.0200803212851404,0.17147660409078172
__jk__,1800,0.8762376237623762,2.0742574257425743,0.1720009210223348
__jk__,2000,0.8974358974358975,2.198717948717949,0.15369707811568273
__jk__,2200,0.8691588785046729,2.607476635514019,0.19148011301890894
__jk__,2400,0.9166666666666666,2.65625,0.14510658914728686
__jk__,2600,0.8857142857142857,3.2857142857142856,0.1906976744186047
__jk__,2800,0.7142857142857143,2.7142857142857144,0.34883720930232553
__jk__,3000,0.7142857142857143,7.0,0.4485049833887043
__jk__,3200,0.3333333333333333,4.5,0.7713178294573644
__yingbao,800,1.0,1.1818181818181819,0.027484143763213533
__yingbao,1000,1.0,1.25,0.029069767441860465
__yingbao,1200,1.0,1.2222222222222223,0.028423772609819122
__yingbao,1400,1.0,1.4444444444444444,0.03359173126614987
__yingbao,1600,1.0,3.0,0.06976744186046512
__yingbao,1800,1.0,1.875,0.0436046511627907
__yingbao,2000,1.0,2.0,0.046511627906976744
__yingbao,2200,0.8,2.6,0.2604651162790697
__yingbao,2400,1.0,3.5,0.08139534883720931
__yingbao,2600,1.0,4.0,0.09302325581395349
_annhien_ruby22,800,1.0,1.206896551724138,0.028067361668003207
_annhien_ruby22,1000,1.0,1.25,0.029069767441860465
_annhien_ruby22,1200,1.0,1.25,0.029069767441860465
_annhien_ruby22,1400,1.0,1.7,0.03953488372093023
_annhien_ruby22,1600,1.0,2.6,0.06046511627906977
_annhien_ruby22,1800,1.0,1.0714285714285714,0.024916943521594685
_annhien_ruby22,2000,1.0,2.111111111111111,0.04909560723514212
_annhien_ruby22,2200,1.0,2.5625,0.059593023255813955
_annhien_ruby22,2400,0.8571428571428571,3.2857142857142856,0.21926910299003327
_annhien_ruby22,2600,1.0,1.2857142857142858,0.029900332225913623
_annhien_ruby22,2800,1.0,2.25,0.05232558139534884
_annhien_ruby22,3000,1.0,34.5,0.8023255813953488
_annhien_ruby22,3200,1.0,1.0,0.023255813953488372
_annhien_ruby22,3400,0.3333333333333333,1.3333333333333333,0.6976744186046513
_duskTempest,800,0.9966329966329966,1.6936026936026936,0.042753112520554366
_duskTempest,1000,0.9917355371900827,2.396694214876033,0.06400153757447624
_duskTempest,1200,0.9767441860465116,2.0,0.06976744186046516
_duskTempest,1400,0.9565217391304348,1.8840579710144927,0.08729356252106502
_duskTempest,1600,0.9855072463768116,1.826086956521739,0.056959892146949735
_duskTempest,1800,1.0,1.9830508474576272,0.04611746156878203
_duskTempest,2000,0.975609756097561,2.2439024390243905,0.07657402155416906
_duskTempest,2200,0.9259259259259259,2.074074074074074,0.12230835486649438
_duskTempest,2400,0.9230769230769231,3.3846153846153846,0.15563506261180676
_duskTempest,2600,1.0,2.5,0.05813953488372093
_duskTempest,2800,0.5,8.0,0.686046511627907
_duskTempest,3000,0.3333333333333333,2.0,0.7131782945736435
_duskTempest,3400,1.0,3.0,0.06976744186046512
_dusktrail,800,1.0,1.0,0.023255813953488372
_dusktrail,1000,1.0,1.6,0.037209302325581395
_dusktrail,1200,1.0,1.1428571428571428,0.026578073089700994
_dusktrail,1400,1.0,1.1666666666666667,0.027131782945736437
_dusktrail,1600,0.8888888888888888,1.6666666666666667,0.1498708010335918
_dusktrail,1800,0.95,1.35,0.08139534883720935
_dusktrail,2000,0.7857142857142857,1.5714285714285714,0.2508305647840532
_dusktrail,2200,0.9411764705882353,1.2352941176470589,0.0875512995896033
_dusktrail,2400,1.0,1.3333333333333333,0.031007751937984496
_dusktrail,2600,0.9,1.5,0.13488372093023254
_dusktrail,2800,0.6,1.2,0.4279069767441861
_dusktrail,3000,0.3333333333333333,1.0,0.6899224806201552
_dusktrail,3400,0.0,1.0,1.0232558139534884
_luqyou_,800,0.966824644549763,1.4739336492890995,0.06745288217789044
_luqyou_,1000,0.9484536082474226,1.8041237113402062,0.09350275713258216
_luqyou_,1200,0.8735632183908046,1.793103448275862,0.16813686180165727
_luqyou_,1400,0.8611111111111112,1.9305555555555556,0.18378552971576223
_luqyou_,1600,0.8765432098765432,2.246913580246914,0.17571059431524547
_luqyou_,1800,0.8867924528301887,2.452830188679245,0.17025010969723559
_luqyou_,2000,0.8723404255319149,2.9468085106382977,0.19619000494804548
_luqyou_,2200,0.8785046728971962,2.7663551401869158,0.18582916757226692
_luqyou_,2400,0.9351851851851852,2.5925925925925926,0.12510766580534016
_luqyou_,2600,0.9148936170212766,3.021276595744681,0.1553686293913904
_luqyou_,2800,0.8275862068965517,2.793103448275862,0.23736968724939855
_luqyou_,3000,0.9411764705882353,2.176470588235294,0.1094391244870041
_luqyou_,3200,1.0,3.3333333333333335,0.07751937984496124
_luqyou_,3400,1.0,7.333333333333333,0.17054263565891473
_paper_,800,1.0,1.3636363636363635,0.03171247357293869
_paper_,1000,1.0,1.0,0.023255813953488372
_paper_,1200,1.0,2.380952380952381,0.05537098560354374
_paper_,1400,1.0,1.8571428571428572,0.04318936877076412
_paper_,1600,0.9230769230769231,2.3076923076923075,0.1305903398926654
_paper_,1800,0.84,2.76,0.22418604651162793
_paper_,2000,0.9629629629629629,2.740740740740741,0.10077519379844967
_paper_,2200,0.9166666666666666,3.888888888888889,0.1737726098191215
_paper_,2400,0.9230769230769231,3.4615384615384617,0.1574239713774597
_paper_,2600,0.9428571428571428,3.342857142857143,0.1348837209302326
_paper_,2800,0.90625,3.40625,0.17296511627906977
_paper_,3000,1.0,4.458333333333333,0.10368217054263565
_paper_,3200,0.9333333333333333,8.666666666666666,0.2682170542635659
_paper_,3400,0.8461538461538461,4.076923076923077,0.2486583184257603
_themezzala,800,1.0,1.119047619047619,0.02602436323366556
_themezzala,1000,1.0,1.1176470588235294,0.025991792065663474
_themezzala,1200,1.0,1.5833333333333333,0.036821705426356585
_themezzala,1400,1.0,1.3333333333333333,0.031007751937984496
_themezzala,1600,1.0,2.3333333333333335,0.054263565891472874
_themezzala,1800,0.875,2.125,0.1744186046511628
_themezzala,2000,0.8666666666666667,2.3333333333333335,0.18759689922480619
_themezzala,2200,1.0,2.142857142857143,0.04983388704318937
_themezzala,2400,0.0,3.0,1.069767441860465
aaa_Pigeon2,800,1.0,1.0476190476190477,0.024363233665559248
aaa_Pigeon2,1000,1.0,1.4285714285714286,0.03322259136212625
aaa_Pigeon2,1200,1.0,1.3333333333333333,0.031007751937984496
aaa_Pigeon2,1400,1.0,1.4285714285714286,0.03322259136212625
aaa_Pigeon2,1600,1.0,1.2,0.027906976744186046
aaa_Pigeon2,1800,0.9473684210526315,1.2105263157894737,0.0807833537331702
aaa_Pigeon2,2000,1.0,1.4375,0.03343023255813953
aaa_Pigeon2,2200,1.0,1.7692307692307692,0.04114490161001789
aaa_Pigeon2,2400,0.9444444444444444,2.0555555555555554,0.10335917312661501
aaa_Pigeon2,2600,1.0,1.25,0.029069767441860465
aaa_Pigeon2,2800,1.0,2.0833333333333335,0.04844961240310078
aaa_Pigeon2,3000,1.0,2.6666666666666665,0.06201550387596899
aaa_Pigeon2,3200,1.0,1.6,0.037209302325581395
aash8a9,800,0.9744897959183674,1.25,0.05457997152349309
aash8a9,1000,0.9583333333333334,1.7083333333333333,0.08139534883720927
aash8a9,1200,0.9655172413793104,1.8103448275862069,0.07658380112269442
aash8a9,1400,0.9534883720930233,2.127906976744186,0.09599783666846941
aash8a9,1600,0.9294117647058824,2.070588235294118,0.11874145006839942
aash8a9,1800,0.948051948051948,3.0779220779220777,0.12352763515554215
aash8a9,2000,0.96875,3.125,0.10392441860465117
aash8a9,2200,0.8064516129032258,2.806451612903226,0.258814703675919
aash8a9,2400,0.6666666666666666,4.666666666666667,0.44186046511627913
aash8a9,2600,0.0,1.0,1.0232558139534884
aash8a9,2800,1.0,1.0,0.023255813953488372
aash8a9,3400,1.0,1.0,0.023255813953488372
aastik231205,800,0.9933554817275747,1.4285714285714286,0.03986710963455154
aastik231205,1000,0.968,1.728,0.07218604651162794
aastik231205,1200,0.9574468085106383,1.9716312056737588,0.08840507999340255
aastik231205,1400,0.9,1.63125,0.13793604651162789
aastik231205,1600,0.9226190476190477,1.8273809523809523,0.11987818383167215
aastik231205,1800,0.9011627906976745,2.2325581395348837,0.15075716603569492
aastik231205,2000,0.8680555555555556,2.4930555555555554,0.18992248062015502
aastik231205,2200,0.8163265306122449,2.693877551020408,0.24632178452776457
aastik231205,2400,0.7592592592592593,3.6666666666666665,0.32601205857019805
aastik231205,2600,0.6428571428571429,3.0,0.4269102990033222
aastik231205,2800,0.25,2.75,0.813953488372093
aastik231205,3000,0.3333333333333333,3.6666666666666665,0.7519379844961241
aastik231205,3400,0.0,1.0,1.0232558139534884
activedeltorre,800,1.0,1.1666666666666667,0.027131782945736437
activedeltorre,1000,1.0,1.2222222222222223,0.028423772609819122
activedeltorre,1200,1.0,1.125,0.02616279069767442
activedeltorre,1400,1.0,1.3333333333333333,0.031007751937984496
activedeltorre,1600,1.0,1.6428571428571428,0.03820598006644518
activedeltorre,1800,1.0,2.1333333333333333,0.04961240310077519
activedeltorre,2000,1.0,2.357142857142857,0.054817275747508304
activedeltorre,2200,1.0,2.0,0.046511627906976744
activedeltorre,2400,0.8461538461538461,5.0,0.2701252236135957
activedeltorre,2600,0.5,3.625,0.5843023255813954
activedeltorre,2800,1.0,2.3333333333333335,0.054263565891472874
activedeltorre,3200,0.0,5.0,1.1162790697674418
adam.jq.xu,800,1.0,1.2,0.027906976744186046
adam.jq.xu,1000,0.9666666666666667,1.5,0.06821705426356589
adam.jq.xu,1200,1.0,1.8571428571428572,0.04318936877076412
adam.jq.xu,1400,0.9666666666666667,1.6666666666666667,0.07209302325581395
adam.jq.xu,1600,1.0,1.6666666666666667,0.03875968992248062
adam.jq.xu,1800,1.0,1.925,0.044767441860465114
adam.jq.xu,2000,0.9428571428571428,2.6,0.11760797342192693
adam.jq.xu,2200,0.9565217391304348,1.9565217391304348,0.0889787664307381
adam.jq.xu,2400,1.0,2.5,0.05813953488372093
adam.jq.xu,2600,1.0,2.535211267605634,0.058958401572224046
adam.jq.xu,2800,1.0,2.8214285714285716,0.06561461794019934
adam.jq.xu,3000,1.0,4.086956521739131,0.09504550050556118
adam.jq.xu,3200,0.9375,3.375,0.14098837209302326
adam.jq.xu,3400,1.0,2.2,0.051162790697674425
aditya2005,800,0.9180327868852459,1.2459016393442623,0.11094166984369042
aditya2005,1000,1.0,1.6785714285714286,0.03903654485049834
aditya2005,1200,0.9795918367346939,1.653061224489796,0.05885144755576652
aditya2005,1400,0.9868421052631579,1.4605263157894737,0.047123623011015955
aditya2005,1600,1.0,1.3775510204081634,0.03203607024205031
aditya2005,1800,1.0,1.5714285714285714,0.03654485049833887
aditya2005,2000,0.9571428571428572,1.8428571428571427,0.08571428571428567
aditya2005,2200,0.9642857142857143,1.8035714285714286,0.0776578073089701
aditya2005,2400,0.9347826086956522,2.1739130434782608,0.11577350859453989
aditya2005,2600,1.0,2.375,0.055232558139534885
aditya2005,2800,1.0,1.0,0.023255813953488372
aditya2005,3000,1.0,2.0,0.046511627906976744
aditya2005,3400,1.0,1.0,0.023255813953488372
ahmedalaa22,800,0.9737704918032787,1.4114754098360656,0.05905451772779261
ahmedalaa22,1000,0.953416149068323,2.3819875776397517,0.10197891087678757
ahmedalaa22,1200,0.9025974025974026,2.668831168831169,0.15946843853820597
ahmedalaa22,1400,0.8754098360655738,2.8852459016393444,0.19168890583301562
ahmedalaa22,1600,0.9,3.316666666666667,0.17713178294573642
ahmedalaa22,1800,0.88,3.2685714285714287,0.19601328903654486
ahmedalaa22,2000,0.8546255506607929,3.66079295154185,0.2305091691425059
ahmedalaa22,2200,0.8607594936708861,4.246835443037975,0.23800412128348541
ahmedalaa22,2400,0.8888888888888888,5.079365079365079,0.22923588039867115
ahmedalaa22,2600,0.9444444444444444,8.277777777777779,0.24806201550387602
ahmedalaa22,2800,0.7142857142857143,4.428571428571429,0.38870431893687707
ahmedalaa22,3000,0.0,1.5,1.0348837209302326
ahmedalaa22,3400,0.0,1.0,1.0232558139534884
ahsoltan,800,0.9925650557620818,1.237918215613383,0.03622373994985738
ahsoltan,1000,0.9915254237288136,1.3728813559322033,0.04040204966495859
ahsoltan,1200,1.0,1.4724409448818898,0.034242812671671854
ahsoltan,1400,1.0,1.6759259259259258,0.03897502153316106
ahsoltan,1600,0.9857142857142858,1.8214285714285714,0.0566445182724252
ahsoltan,1800,0.9774011299435028,2.175141242937853,0.07318355012481935
ahsoltan,2000,0.967391304347826,2.5815217391304346,0.09264408493427707
ahsoltan,2200,0.9836956521739131,2.282608695652174,0.06938827098078863
ahsoltan,2400,0.9625668449197861,2.6310160427807485,0.09861957467976623
ahsoltan,2600,0.9880952380952381,2.5714285714285716,0.07170542635658911
ahsoltan,2800,0.9056603773584906,2.3773584905660377,0.14962702939885913
ahsoltan,3000,0.8947368421052632,2.6315789473684212,0.1664626682986536
ahsoltan,3200,1.0,2.5,0.05813953488372093
ahsoltan,3400,1.0,2.0,0.046511627906976744
ahyeon,800,0.9900332225913622,1.4684385382059801,0.04411651085528853
ahyeon,1000,0.9831932773109243,1.7899159663865547,0.05843267539573974
ahyeon,1200,1.0,2.0492957746478875,0.04765804127088111
ahyeon,1400,0.9916666666666667,2.9916666666666667,0.07790697674418602
ahyeon,1600,0.9761904761904762,2.261904761904762,0.0764119601328904
ahyeon,1800,0.94,3.1,0.132093023255814
ahyeon,2000,0.9345794392523364,2.850467289719626,0.13171049771788743
ahyeon,2200,0.9066666666666666,3.2266666666666666,0.16837209302325584
ahyeon,2400,0.847457627118644,3.305084745762712,0.229404808829326
ahyeon,2600,0.7741935483870968,5.32258064516129,0.3495873968492123
ahyeon,2800,0.7777777777777778,4.222222222222222,0.32041343669250644
ahyeon,3000,1.0,9.333333333333334,0.2170542635658915
ahyeon,3200,0.0,4.0,1.0930232558139534
ahyeon,3400,0.5,1.5,0.5348837209302325
ainta,800,0.9790209790209791,1.1118881118881119,0.04683688404618633
ainta,1000,1.0,1.1724137931034482,0.027265437048917398
ainta,1200,0.9672131147540983,1.2622950819672132,0.062142584826534536
ainta,1400,0.9761904761904762,1.369047619047619,0.055647840531561486
ainta,1600,0.9607843137254902,1.5049019607843137,0.07421340629274964
ainta,1800,0.9245283018867925,1.6745283018867925,0.11441421676173759
ainta,2000,0.9644670050761421,1.8629441624365481,0.07885727777121945
ainta,2200,0.9263157894736842,1.9736842105263157,0.11958384332925337
ainta,2400,0.9490740740740741,2.2916666666666665,0.10422049956933678
ainta,2600,0.9130434782608695,3.0248447204968945,0.1573017477971978
ainta,2800,0.916030534351145,2.8702290076335877,0.15071897745428725
ainta,3000,0.8235294117647058,4.176470588235294,0.2735978112175103
ainta,3200,0.8,4.071428571428571,0.29468438538205977
ainta,3400,0.6923076923076923,4.717948717948718,0.4174120453190221
akl9,800,0.9863013698630136,1.2054794520547945,0.041733035998725763
akl9,1000,1.0,1.1764705882352942,0.027359781121751026
akl9,1200,1.0,1.4651162790697674,0.03407247160627366
akl9,1400,0.9705882352941176,1.588235294117647,0.06634746922024624
akl9,1600,0.9583333333333334,1.9375,0.08672480620155035
akl9,1800,0.9512195121951219,2.1463414634146343,0.09869540555870679
akl9,2000,0.9361702127659575,1.9361702127659575,0.10885700148441363
akl9,2200,0.9166666666666666,1.9444444444444444,0.12855297157622741
akl9,2400,0.9545454545454546,1.7727272727272727,0.0866807610993657
akl9,2600,1.0,1.3333333333333333,0.031007751937984496
akl9,2800,1.0,3.0,0.06976744186046512
akl9,3000,0.6666666666666666,1.3333333333333333,0.36434108527131787
akl9,3200,1.0,1.0,0.023255813953488372
akramnasiri73,800,1.0,1.5714285714285714,0.03654485049833887
akramnasiri73,1000,0.8333333333333334,1.0,0.189922480620155
akramnasiri73,1200,1.0,2.0,0.046511627906976744
akramnasiri73,1400,1.0,1.0,0.023255813953488372
akramnasiri73,1600,1.0,1.3333333333333333,0.031007751937984496
akramnasiri73,1800,1.0,2.0,0.046511627906976744
akramnasiri73,2000,1.0,1.3333333333333333,0.031007751937984496
akramnasiri73,2200,0.75,2.0,0.2965116279069767
akramnasiri73,2400,0.5,3.5,0.5813953488372093
akramnasiri73,2600,1.0,3.0,0.06976744186046512
al3xstr33t,800,1.0,1.225,0.028488372093023257
al3xstr33t,1000,1.0,1.1666666666666667,0.027131782945736437
al3xstr33t,1200,1.0,1.5,0.03488372093023256
al3xstr33t,1400,1.0,1.2916666666666667,0.030038759689922482
al3xstr33t,1600,0.9523809523809523,1.1904761904761905,0.07530454042081955
al3xstr33t,1800,1.0,1.6666666666666667,0.03875968992248062
al3xstr33t,2000,1.0,1.9523809523809523,0.04540420819490587
al3xstr33t,2200,1.0,1.5714285714285714,0.03654485049833887
al3xstr33t,2400,0.875,2.0416666666666665,0.17248062015503876
al3xstr33t,2600,0.9166666666666666,2.25,0.13565891472868222
al3xstr33t,2800,0.8,2.2,0.2511627906976744
al3xstr33t,3000,1.0,8.0,0.18604651162790697
al3xstr33t,3400,0.0,8.0,1.1860465116279069
albertbogdanovalbert,800,0.8863636363636364,1.7272727272727273,0.15380549682875266
albertbogdanovalbert,1000,1.0,2.625,0.061046511627906974
albertbogdanovalbert,1200,0.8846153846153846,3.230769230769231,0.19051878354203938
albertbogdanovalbert,1400,0.5714285714285714,3.142857142857143,0.5016611295681064
albertbogdanovalbert,1600,0.3333333333333333,1.0,0.6899224806201552
albertbogdanovalbert,1800,0.8,1.4,0.2325581395348837
albertbogdanovalbert,2000,0.6666666666666666,1.0,0.35658914728682173
albertbogdanovalbert,2200,1.0,1.0,0.023255813953488372
albertbogdanovalbert,2400,0.5,3.0,0.5697674418604651
albertbogdanovalbert,2600,0.3333333333333333,1.3333333333333333,0.6976744186046513
alexlikemath007,800,0.9972602739726028,1.1397260273972603,0.029244982478496325
alexlikemath007,1000,0.9666666666666667,1.2777777777777777,0.06304909560723514
alexlikemath007,1200,0.987012987012987,1.4155844155844155,0.04590758079130172
alexlikemath007,1400,0.9444444444444444,1.6481481481481481,0.09388458225667531
alexlikemath007,1600,0.9651162790697675,1.430232558139535,0.06814494321254727
alexlikemath007,1800,0.967741935483871,2.043010752688172,0.07976994248562137
alexlikemath007,2000,0.9642857142857143,1.9880952380952381,0.08194905869324473
alexlikemath007,2200,0.9259259259259259,2.4814814814814814,0.1317829457364341
alexlikemath007,2400,0.9714285714285714,2.085714285714286,0.0770764119601329
alexlikemath007,2600,0.75,2.3,0.30348837209302326
alexlikemath007,2800,0.8333333333333334,3.1666666666666665,0.2403100775193798
alexlikemath007,3000,0.7857142857142857,4.071428571428571,0.3089700996677741
alexlikemath007,3200,1.0,5.7272727272727275,0.1331923890063425
alexlikemath007,3400,0.8,7.4,0.37209302325581395
ali2005_syr,800,1.0,1.0816326530612246,0.025154247745609874
ali2005_syr,1000,1.0,1.2448979591836735,0.028951115329852874
ali2005_syr,1200,1.0,1.4107142857142858,0.03280730897009967
ali2005_syr,1400,1.0,1.4102564102564104,0.03279666070363745
ali2005_syr,1600,0.9918032786885246,1.778688524590164,0.049561570720549
ali2005_syr,1800,0.9900990099009901,1.8712871287128714,0.053419295417913897
ali2005_syr,2000,1.0,2.13,0.04953488372093023
ali2005_syr,2200,0.9928571428571429,1.8285714285714285,0.04966777408637871
ali2005_syr,2400,0.9878048780487805,1.951219512195122,0.05757231990924561
ali2005_syr,2600,0.9655172413793104,2.5172413793103448,0.09302325581395345
ali2005_syr,2800,0.9444444444444444,2.9444444444444446,0.12403100775193801
ali2005_syr,3000,1.0,3.0,0.06976744186046512
ali2005_syr,3400,1.0,5.0,0.11627906976744186
alien5849,800,1.0,1.105263157894737,0.025703794369645046
alien5849,1000,1.0,1.3636363636363635,0.03171247357293869
alien5849,1200,1.0,1.2142857142857142,0.028239202657807307
alien5849,1400,0.8888888888888888,2.4444444444444446,0.1679586563307494
alien5849,1600,1.0,1.2857142857142858,0.029900332225913623
alien5849,1800,1.0,2.1818181818181817,0.0507399577167019
alien5849,2000,1.0,1.6923076923076923,0.03935599284436494
alien5849,2200,0.7142857142857143,2.4285714285714284,0.3421926910299003
alien5849,2400,0.25,2.0,0.7965116279069767
alien5849,2600,0.0,3.5,1.0813953488372092
alien5849,3000,0.0,1.0,1.0232558139534884
alireza_kaviani,800,0.9922928709055877,1.6416184971098267,0.04588430344580361
alireza_kaviani,1000,0.9921671018276762,1.8563968668407311,0.05100491833141057
alireza_kaviani,1200,0.9883381924198251,1.903790087463557,0.055935995660722715
alireza_kaviani,1400,0.9640287769784173,2.0179856115107913,0.08290112096369415
alireza_kaviani,1600,0.9347826086956522,2.286231884057971,0.11838557465453316
alireza_kaviani,1800,0.9307692307692308,2.146153846153846,0.11914132379248656
alireza_kaviani,2000,0.947136563876652,1.9691629955947136,0.09865792439299248
alireza_kaviani,2200,0.9393939393939394,2.5707070707070705,0.12038994597134126
alireza_kaviani,2400,0.925531914893617,2.4095744680851063,0.13050470064324599
alireza_kaviani,2600,0.8878504672897196,2.2429906542056073,0.16431210606389918
alireza_kaviani,2800,0.875,2.578125,0.1849563953488372
alireza_kaviani,3000,0.7027027027027027,2.4594594594594597,0.35449402891263354
alireza_kaviani,3200,0.7272727272727273,2.4545454545454546,0.32980972515856233
alireza_kaviani,3400,0.42857142857142855,5.142857142857143,0.6910299003322259
alzahrawi,800,0.9894366197183099,1.25,0.03963314772355059
alzahrawi,1000,1.0,1.4846153846153847,0.03452593917710197
alzahrawi,1200,0.9548872180451128,1.7293233082706767,0.0853296030774611
alzahrawi,1400,0.9327731092436975,1.8823529411764706,0.11100254055110415
alzahrawi,1600,0.9565217391304348,1.8695652173913044,0.0869565217391304
alzahrawi,1800,0.9076923076923077,3.1076923076923078,0.16457960644007158
alzahrawi,2000,0.898989898989899,2.878787878787879,0.16795865633074936
alzahrawi,2200,0.8970588235294118,2.8676470588235294,0.16963064295485633
alzahrawi,2400,0.7222222222222222,3.3333333333333335,0.35529715762273906
alzahrawi,2600,0.6666666666666666,3.0,0.4031007751937985
alzahrawi,2800,0.6666666666666666,3.3333333333333335,0.41085271317829464
am3-y,800,1.0,1.0555555555555556,0.02454780361757106
am3-y,1000,1.0,1.3333333333333333,0.031007751937984496
am3-y,1200,1.0,1.0,0.023255813953488372
am3-y,1400,1.0,1.5555555555555556,0.03617571059431524
am3-y,1600,1.0,1.3333333333333333,0.031007751937984496
am3-y,1800,1.0,1.2222222222222223,0.028423772609819122
am3-y,2000,1.0,1.25,0.029069767441860465
am3-y,2200,0.5,1.0,0.5232558139534884
am_25,800,0.9933481152993349,1.498891352549889,0.0415098231320579
am_25,1000,0.9712643678160919,2.160919540229885,0.0789895749799519
am_25,1200,0.9770114942528736,2.189655172413793,0.07391071905907509
am_25,1400,0.9696969696969697,2.2181818181818183,0.08188865398167722
am_25,1600,0.9785714285714285,3.092857142857143,0.09335548172757478
am_25,1800,0.8727272727272727,2.890909090909091,0.19450317124735733
am_25,2000,0.8,2.8,0.2651162790697674
am_25,2200,0.6363636363636364,2.1363636363636362,0.41331923890063427
am_25,2400,0.75,3.625,0.33430232558139533
am_25,2600,1.0,6.0,0.13953488372093023
am_25,2800,1.0,1.0,0.023255813953488372
am_25,3000,0.0,5.0,1.1162790697674418
am_25,3400,0.0,1.0,1.0232558139534884
amsraman,800,1.0,1.298913043478261,0.03020728008088979
amsraman,1000,1.0,1.5604395604395604,0.03628929210324559
amsraman,1200,0.9904761904761905,1.7904761904761906,0.05116279069767438
amsraman,1400,0.9821428571428571,1.8660714285714286,0.06125415282392031
amsraman,1600,0.9830508474576272,2.389830508474576,0.0725266062278281
amsraman,1800,1.0,2.5673076923076925,0.059704830053667265
amsraman,2000,0.9777777777777777,2.4444444444444446,0.0790697674418605
amsraman,2200,0.991304347826087,3.1130434782608694,0.08109201213346809
amsraman,2400,0.9696969696969697,3.75,0.11751233262861167
amsraman,2600,0.9669421487603306,3.925619834710744,0.12435133576782625
amsraman,2800,0.9743589743589743,3.5641025641025643,0.10852713178294576
amsraman,3000,0.9555555555555556,5.022222222222222,0.16124031007751932
amsraman,3200,0.9629629629629629,3.7777777777777777,0.12489233419465982
amsraman,3400,1.0,4.75,0.11046511627906977
an0n7me,800,0.8333333333333334,2.257575757575758,0.21916842847075402
an0n7me,1000,0.8529411764705882,2.5294117647058822,0.20588235294117652
an0n7me,1200,0.9375,2.375,0.11773255813953488
an0n7me,1400,0.6666666666666666,1.5,0.36821705426356593
an0n7me,1600,0.6,1.0,0.4232558139534884
an0n7me,1800,0.8333333333333334,2.0,0.21317829457364337
an0n7me,2000,1.0,1.5,0.03488372093023256
an0n7me,2200,0.5,2.5,0.5581395348837209
an0n7me,2400,0.0,1.0,1.0232558139534884
an0n7me,2600,1.0,2.0,0.046511627906976744
an0n7me,2800,0.0,1.0,1.0232558139534884
an0n7me,3400,0.0,11.0,1.255813953488372
anango,800,0.9295154185022027,1.9383259911894273,0.11556193013010961
anango,1000,0.9340659340659341,2.098901098901099,0.11474571939688218
anango,1200,0.9090909090909091,2.0259740259740258,0.1380247659317427
anango,1400,0.873015873015873,2.0634920634920637,0.17497231450719822
anango,1600,0.9534883720930233,2.895348837209302,0.11384532179556514
anango,1800,0.9453125,3.3671875,0.13299418604651164
anango,2000,0.9672131147540983,3.9262295081967213,0.12409454822722078
anango,2200,0.9629629629629629,4.681481481481481,0.14590869939707152
anango,2400,0.8548387096774194,5.096774193548387,0.2636909227306826
anango,2600,0.625,4.958333333333333,0.4903100775193798
anango,2800,0.8888888888888888,25.0,0.6925064599483205
anango,3000,0.75,9.875,0.47965116279069764
anango,3200,0.25,1.0,0.7732558139534884
anango,3400,0.4444444444444444,19.666666666666668,1.012919896640827
anhkha1004,800,0.9914285714285714,1.3142857142857143,0.03913621262458471
anhkha1004,1000,0.9938271604938271,1.6111111111111112,0.0436405397645708
anhkha1004,1200,1.0,2.0357142857142856,0.0473421926910299
anhkha1004,1400,1.0,2.308219178082192,0.0536795157693533
anhkha1004,1600,0.9881656804733728,2.201183431952663,0.06302463189761934
anhkha1004,1800,0.984251968503937,2.047244094488189,0.06335835927485806
anhkha1004,2000,0.954954954954955,2.2882882882882885,0.09826105174942383
anhkha1004,2200,0.9420289855072463,2.420289855072464,0.1142568250758342
anhkha1004,2400,0.8837209302325582,2.2325581395348837,0.16819902650081123
anhkha1004,2600,0.8333333333333334,1.6666666666666667,0.20542635658914726
anhkha1004,2800,0.9166666666666666,1.75,0.12403100775193802
anhkha1004,3000,0.75,5.5,0.37790697674418605
anhkha1004,3200,1.0,1.0,0.023255813953488372
anhkha1004,3400,0.0,1.5,1.0348837209302326
anirudhc69,800,0.9834254143646409,1.4696132596685083,0.0507516381857895
anirudhc69,1000,0.967391304347826,1.684782608695652,0.07178968655207282
anirudhc69,1200,0.9545454545454546,1.9363636363636363,0.09048625792811835
anirudhc69,1400,0.9642857142857143,2.142857142857143,0.08554817275747506
anirudhc69,1600,0.984,1.896,0.06009302325581396
anirudhc69,1800,0.9711538461538461,1.8173076923076923,0.07110912343470484
anirudhc69,2000,0.8918918918918919,2.108108108108108,0.1571338780641106
anirudhc69,2200,0.9130434782608695,2.347826086956522,0.14155712841253798
anirudhc69,2400,0.5714285714285714,2.5,0.4867109634551495
anirudhc69,2600,0.6,1.6,0.4372093023255814
anirudhc69,2800,0.6666666666666666,1.3333333333333333,0.36434108527131787
anmichi,800,0.9963768115942029,1.2264492753623188,0.03214526457701383
anmichi,1000,1.0,1.31640625,0.0306140988372093
anmichi,1200,1.0,1.3689320388349515,0.03183562881011515
anmichi,1400,1.0,1.3452768729641693,0.03128550867358533
anmichi,1600,0.9973118279569892,1.7043010752688172,0.04232308077019255
anmichi,1800,0.9912023460410557,1.7859237536656891,0.05033076450930914
anmichi,2000,0.9831649831649831,2.0875420875420874,0.0653825072429724
anmichi,2200,0.978448275862069,2.396551724137931,0.07728548516439457
anmichi,2400,0.9739583333333334,2.9583333333333335,0.09484011627906973
anmichi,2600,0.9680851063829787,3.2872340425531914,0.10836219693221176
anmichi,2800,0.967741935483871,3.0806451612903225,0.10390097524381092
anmichi,3000,0.8,4.4,0.3023255813953488
anmichi,3200,0.75,5.75,0.38372093023255816
anmichi,3400,0.0,2.0,1.0465116279069768
annyeong1,800,0.9907692307692307,1.1938461538461538,0.03699463327370307
annyeong1,1000,0.972027972027972,1.4825174825174825,0.062449178728248546
annyeong1,1200,0.9769230769230769,1.7153846153846153,0.06296958855098392
annyeong1,1400,0.959349593495935,1.8130081300813008,0.08281338627339763
annyeong1,1600,0.9396551724137931,2.2155172413793105,0.11186848436246988
annyeong1,1800,0.8620689655172413,2.8275862068965516,0.20368885324779476
annyeong1,2000,0.8271604938271605,2.6790123456790123,0.2351421188630491
annyeong1,2200,0.8043478260869565,2.869565217391304,0.26238624873609706
annyeong1,2400,0.7,3.775,0.38779069767441865
annyeong1,2600,0.45454545454545453,2.727272727272727,0.6088794926004228
annyeong1,2800,0.0,2.0,1.0465116279069768
annyeong1,3000,0.5,3.0,0.5697674418604651
anpaio,800,0.9633507853403142,1.2356020942408377,0.06538414708389137
anpaio,1000,0.9333333333333333,1.8666666666666667,0.11007751937984495
anpaio,1200,0.926829268292683,1.7317073170731707,0.11344299489506518
anpaio,1400,0.8888888888888888,1.9166666666666667,0.15568475452196387
anpaio,1600,0.9404761904761905,1.7142857142857142,0.09939091915836103
anpaio,1800,0.8024691358024691,2.271604938271605,0.25035888601780076
anpaio,2000,0.9538461538461539,2.353846153846154,0.10089445438282643
anpaio,2200,0.9090909090909091,3.0454545454545454,0.16173361522198734
anpaio,2400,0.864406779661017,3.2711864406779663,0.21166732361056362
anpaio,2600,0.8571428571428571,7.761904761904762,0.32336655592469554
anpaio,2800,0.7142857142857143,4.285714285714286,0.3853820598006644
anpaio,3000,0.6666666666666666,5.333333333333333,0.45736434108527135
anpaio,3200,1.0,1.0,0.023255813953488372
anshwww,800,0.9666666666666667,1.1333333333333333,0.05968992248062015
anshwww,1000,1.0,1.7142857142857142,0.03986710963455149
anshwww,1200,0.9090909090909091,1.0,0.11416490486257931
anshwww,1400,0.8666666666666667,1.1333333333333333,0.15968992248062014
anshwww,1600,0.6666666666666666,2.6666666666666665,0.39534883720930236
anshwww,1800,0.8571428571428571,1.4285714285714286,0.17607973421926915
anshwww,2000,0.5,2.4,0.5558139534883721
anshwww,2200,1.0,1.0,0.023255813953488372
anshwww,2400,0.0,3.0,1.069767441860465
anshwww,2600,0.0,1.0,1.0232558139534884
anshwww,2800,0.0,1.0,1.0232558139534884
antontrygubO_o,800,0.9947780678851175,1.164490861618799,0.0323031149432267
antontrygubO_o,1000,0.9894736842105263,1.1578947368421053,0.037454100367197096
antontrygubO_o,1200,0.9795918367346939,1.2571428571428571,0.04964404366397724
antontrygubO_o,1400,0.9910313901345291,1.3139013452914798,0.03952445510480762
antontrygubO_o,1600,0.985663082437276,1.5125448028673836,0.049512378094523656
antontrygubO_o,1800,0.9252669039145908,1.480427046263345,0.10916163204502191
antontrygubO_o,2000,0.9671361502347418,1.755868544600939,0.07369800196528009
antontrygubO_o,2200,0.9020618556701031,1.9690721649484537,0.14373052025893068
antontrygubO_o,2400,0.9289099526066351,2.1279620853080567,0.1205775377493662
antontrygubO_o,2600,0.9482758620689655,1.9827586206896552,0.09783480352846832
antontrygubO_o,2800,0.8933333333333333,2.72,0.16992248062015508
antontrygubO_o,3000,0.7407407407407407,2.8518518518518516,0.32558139534883723
antontrygubO_o,3200,0.6923076923076923,2.8461538461538463,0.3738819320214669
antontrygubO_o,3400,0.7368421052631579,6.2631578947368425,0.40881272949816405
aqxa,800,0.9790209790209791,1.4125874125874125,0.05382989103919332
aqxa,1000,0.9636363636363636,1.4545454545454546,0.07019027484143764
aqxa,1200,0.9302325581395349,1.5116279069767442,0.10492157923201732
aqxa,1400,0.9107142857142857,1.6964285714285714,0.1287375415282392
aqxa,1600,0.896551724137931,1.5689655172413792,0.13993584603047313
aqxa,1800,0.7837837837837838,2.189189189189189,0.26712759270898806
aqxa,2000,0.7428571428571429,1.9714285714285715,0.3029900332225913
aqxa,2200,0.7368421052631579,1.5789473684210527,0.2998776009791922
aqxa,2400,0.7368421052631579,2.5789473684210527,0.32313341493268055
aqxa,2600,0.75,1.75,0.29069767441860467
aqxa,2800,0.6666666666666666,3.0,0.4031007751937985
aqxa,3000,0.5,2.5,0.5581395348837209
aqxa,3200,1.0,3.0,0.06976744186046512
aqxa,3400,1.0,4.5,0.10465116279069768
aru123,800,0.9943181818181818,1.2840909090909092,0.03554439746300217
aru123,1000,1.0,2.0327868852459017,0.04727411361036981
aru123,1200,1.0,1.4615384615384615,0.03398926654740608
aru123,1400,1.0,1.676923076923077,0.03899821109123435
aru123,1600,0.98989898989899,2.01010101010101,0.056847545219638196
aru123,1800,0.9863945578231292,1.619047619047619,0.05125771238728051
aru123,2000,0.994535519125683,1.3387978142076502,0.03659931376286695
aru123,2200,0.9423076923076923,1.5769230769230769,0.09436493738819321
aru123,2400,0.8181818181818182,1.3181818181818181,0.21247357293868918
aru123,2600,0.6666666666666666,1.6666666666666667,0.372093023255814
aru123,2800,1.0,1.0,0.023255813953488372
arvindf734,800,1.0,1.2,0.027906976744186046
arvindf734,1000,1.0,1.0,0.023255813953488372
arvindf734,1200,1.0,1.25,0.029069767441860465
arvindf734,1600,0.8,1.4,0.2325581395348837
arvindf734,1800,1.0,1.0,0.023255813953488372
arvindf734,2000,1.0,4.5,0.10465116279069768
arvindf734,2200,1.0,1.0,0.023255813953488372
arvindf734,2400,0.75,3.0,0.31976744186046513
arvindf734,2800,0.0,1.0,1.0232558139534884
arvindf734,3000,0.0,3.0,1.069767441860465
askd,800,0.9882352941176471,1.0794117647058823,0.03686730506155947
askd,1000,0.9938271604938271,1.117283950617284,0.032156187194946916
askd,1200,0.9941176470588236,1.2,0.033789329685362496
askd,1400,1.0,1.277456647398844,0.02970829412555451
askd,1600,1.0,1.2777777777777777,0.029715762273901807
askd,1800,0.9946236559139785,1.586021505376344,0.04226056514128532
askd,2000,1.0,1.5853658536585367,0.0368689733408962
askd,2200,0.9818181818181818,1.812121212121212,0.06032417195207893
askd,2400,0.9877551020408163,2.0408163265306123,0.0597057427622212
askd,2600,0.9325842696629213,2.8876404494382024,0.13457015939378109
askd,2800,1.0,2.3333333333333335,0.054263565891472874
askd,3000,0.8333333333333334,2.9166666666666665,0.23449612403100772
askd,3200,1.0,7.75,0.18023255813953487
askr_58,800,1.0,1.2098765432098766,0.028136663795578526
askr_58,1000,1.0,1.1333333333333333,0.02635658914728682
askr_58,1200,0.9565217391304348,1.173913043478261,0.07077856420626893
askr_58,1400,0.9428571428571428,1.457142857142857,0.09102990033222594
askr_58,1600,0.9705882352941176,1.6764705882352942,0.06839945280437756
askr_58,1800,0.8461538461538461,1.9487179487179487,0.19916517590936195
askr_58,2000,0.8518518518518519,1.9259259259259258,0.1929371231696813
askr_58,2200,0.8888888888888888,1.962962962962963,0.1567614125753661
askr_58,2400,0.8571428571428571,1.8571428571428572,0.18604651162790703
askr_58,2600,0.75,2.625,0.311046511627907
askr_58,2800,0.5,1.5,0.5348837209302325
aslashkin2010,800,0.9730458221024259,1.5929919137466306,0.06400050147307719
aslashkin2010,1000,0.943089430894309,2.2113821138211383,0.10833806012478728
aslashkin2010,1200,0.896,2.024,0.15106976744186046
aslashkin2010,1400,0.9384615384615385,2.707692307692308,0.12450805008944545
aslashkin2010,1600,1.0,2.375,0.055232558139534885
aslashkin2010,1800,0.8823529411764706,3.411764705882353,0.1969904240766074
aslashkin2010,2000,0.8888888888888888,2.2222222222222223,0.16279069767441867
aslashkin2010,2200,0.5,4.166666666666667,0.5968992248062015
aslashkin2010,2400,1.0,3.0,0.06976744186046512
aslashkin2010,2600,0.0,1.0,1.0232558139534884
aslashkin2010,2800,0.0,1.0,1.0232558139534884
aslashkin2010,3400,0.0,4.0,1.0930232558139534
atkubo,800,1.0,1.8773584905660377,0.04365949978060553
atkubo,1000,1.0,1.78125,0.04142441860465116
atkubo,1200,1.0,2.024390243902439,0.047078842881452074
atkubo,1400,0.9736842105263158,2.1842105263157894,0.07711138310893509
atkubo,1600,1.0,2.302325581395349,0.053542455381287185
atkubo,1800,1.0,2.0714285714285716,0.04817275747508306
atkubo,2000,1.0,2.5925925925925926,0.06029285099052541
atkubo,2200,1.0,1.2666666666666666,0.02945736434108527
atkubo,2400,0.9523809523809523,1.380952380952381,0.07973421926910304
atkubo,2600,1.0,1.0,0.023255813953488372
atkubo,2800,1.0,2.0,0.046511627906976744
atkubo,3000,1.0,1.5,0.03488372093023256
atkubo,3200,1.0,2.5,0.05813953488372093
autumoon,800,0.9921259842519685,1.3858267716535433,0.0401025453213697
autumoon,1000,0.9830508474576272,1.5084745762711864,0.052029956641702756
autumoon,1200,0.9666666666666667,1.9333333333333333,0.07829457364341084
autumoon,1400,1.0,2.0,0.046511627906976744
autumoon,1600,0.9583333333333334,2.1527777777777777,0.09173126614987076
autumoon,1800,0.9456521739130435,2.5652173913043477,0.11400404448938323
autumoon,2000,0.9789473684210527,2.7578947368421054,0.0851897184822521
autumoon,2200,0.9855072463768116,2.717391304347826,0.0776879002359285
autumoon,2400,0.9908675799086758,3.598173515981735,0.09281087395136456
autumoon,2600,0.985,3.33,0.0924418604651163
autumoon,2800,0.9767441860465116,3.5736434108527133,0.10636380025238873
autumoon,3000,0.9893617021276596,3.5531914893617023,0.09327065809005439
autumoon,3200,1.0,3.4363636363636365,0.0799154334038055
autumoon,3400,0.8823529411764706,4.117647058823529,0.213406292749658
awoo,800,0.995085995085995,1.2555282555282554,0.034112336437917876
awoo,1000,0.9925373134328358,1.4664179104477613,0.04156542867060051
awoo,1200,0.9933774834437086,1.5463576158940397,0.04258432157708305
awoo,1400,0.9847560975609756,1.875,0.0588485536018151
awoo,1600,0.9766233766233766,1.974025974025974,0.0692842041679251
awoo,1800,0.9651162790697675,2.613953488372093,0.09567333693888583
awoo,2000,0.9742120343839542,2.171919770773639,0.07629772772706066
awoo,2200,0.9790419161676647,2.092814371257485,0.06962818548948614
awoo,2400,0.9565217391304348,2.751552795031056,0.10746786075400835
awoo,2600,0.861271676300578,2.913294797687861,0.20647936550611645
awoo,2800,0.883495145631068,4.87378640776699,0.22984872431700154
awoo,3000,0.7777777777777778,4.037037037037037,0.3161068044788975
awoo,3200,0.375,5.875,0.7616279069767442
awoo,3400,0.5555555555555556,3.0,0.5142118863049095
ayingna,800,0.9659090909090909,1.5170454545454546,0.06937103594080335
ayingna,1000,0.9736842105263158,1.9605263157894737,0.07190942472460218
ayingna,1200,0.9821428571428571,1.9285714285714286,0.06270764119601334
ayingna,1400,0.9324324324324325,2.1216216216216215,0.11690760527969828
ayingna,1600,0.8625,2.3625,0.19244186046511624
ayingna,1800,0.825,2.5125,0.23343023255813958
ayingna,2000,0.7593984962406015,3.180451127819549,0.31456548347613217
ayingna,2200,0.7894736842105263,3.3421052631578947,0.288249694002448
ayingna,2400,0.6931818181818182,3.9886363636363638,0.39957716701902746
ayingna,2600,0.40476190476190477,3.2142857142857144,0.6699889258028793
ayingna,2800,0.56,3.56,0.5227906976744185
ayingna,3000,0.6363636363636364,6.090909090909091,0.5052854122621564
ayingna,3200,0.8571428571428571,3.7142857142857144,0.22923588039867115
ayingna,3400,0.4,2.6,0.6604651162790698
badtreap,800,0.9655172413793104,1.1379310344827587,0.06094627105052121
badtreap,1000,0.9444444444444444,1.6666666666666667,0.0943152454780362
badtreap,1200,1.0,1.6,0.037209302325581395
badtreap,1400,1.0,1.4285714285714286,0.03322259136212625
badtreap,1600,1.0,1.6428571428571428,0.03820598006644518
badtreap,1800,1.0,1.7857142857142858,0.04152823920265781
badtreap,2000,0.9375,1.1875,0.09011627906976744
badtreap,2200,0.875,2.0,0.17151162790697674
badtreap,2400,0.9375,2.0,0.10901162790697674
badtreap,2600,0.5,1.5,0.5348837209302325
badtreap,2800,0.25,3.0,0.8197674418604651
badtreap,3000,0.5,1.0,0.5232558139534884
badtreap,3200,0.6666666666666666,5.0,0.4496124031007752
badtreap,3400,0.0,5.0,1.1162790697674418
baodat,800,0.9405940594059405,1.3465346534653466,0.09072069997697449
baodat,1000,0.9,1.9,0.1441860465116279
baodat,1200,0.8666666666666667,1.6666666666666667,0.17209302325581394
baodat,1400,0.9736842105263158,1.6578947368421053,0.06487148102815174
baodat,1600,0.8846153846153846,1.6153846153846154,0.1529516994633274
baodat,1800,0.96875,2.0,0.07776162790697674
baodat,2000,0.9583333333333334,1.5,0.0765503875968992
baodat,2200,1.0,1.896551724137931,0.044105854049719326
baodat,2400,0.8695652173913043,2.782608695652174,0.19514661274014158
baodat,2600,1.0,2.6,0.06046511627906977
baodat,2800,1.0,1.3333333333333333,0.031007751937984496
baodat,3000,1.0,2.2857142857142856,0.05315614617940199
baodat,3200,1.0,3.0,0.06976744186046512
baodat,3400,0.6666666666666666,1.6666666666666667,0.372093023255814
barbie,800,0.9791666666666666,1.4097222222222223,0.05361757105943157
barbie,1000,0.9830508474576272,1.6101694915254237,0.05439495467087106
barbie,1200,0.9538461538461539,2.0,0.09266547406082284
barbie,1400,0.9024390243902439,2.8048780487804876,0.16279069767441856
barbie,1600,0.9090909090909091,3.5636363636363635,0.17378435517970403
barbie,1800,0.9405940594059405,2.881188118811881,0.12641031545014972
barbie,2000,0.8666666666666667,3.033333333333333,0.20387596899224802
barbie,2200,0.8292682926829268,3.902439024390244,0.2614861032331254
barbie,2400,0.8793103448275862,5.327586206896552,0.24458700882117082
barbie,2600,0.6785714285714286,6.392857142857143,0.47009966777408635
barbie,2800,0.6666666666666666,5.833333333333333,0.46899224806201556
barbie,3000,0.5,14.5,0.8372093023255813
barbie,3200,0.6666666666666666,3.3333333333333335,0.41085271317829464
barbie,3400,1.0,3.0,0.06976744186046512
bdfs_then_CSDN,800,1.0,1.3880597014925373,0.032280458174245054
bdfs_then_CSDN,1000,0.9705882352941176,1.588235294117647,0.06634746922024624
bdfs_then_CSDN,1200,0.92,1.8,0.12186046511627903
bdfs_then_CSDN,1400,0.8611111111111112,2.0555555555555554,0.18669250645994828
bdfs_then_CSDN,1600,0.8285714285714286,1.7714285714285714,0.21262458471760792
bdfs_then_CSDN,1800,0.8888888888888888,2.25,0.16343669250646
bdfs_then_CSDN,2000,0.9310344827586207,2.310344827586207,0.12269446672012833
bdfs_then_CSDN,2200,0.8732394366197183,3.535211267605634,0.20897477890599414
bdfs_then_CSDN,2400,0.9333333333333333,1.9666666666666666,0.11240310077519378
bdfs_then_CSDN,2600,0.9473684210526315,3.026315789473684,0.12301101591187276
bdfs_then_CSDN,2800,0.9130434782608695,2.717391304347826,0.15015166835187063
bdfs_then_CSDN,3000,0.9722222222222222,1.75,0.06847545219638244
bdfs_then_CSDN,3200,0.9130434782608695,2.869565217391304,0.1536905965621841
bdfs_then_CSDN,3400,0.9,1.7,0.1395348837209302
bdzzj,800,1.0,1.105263157894737,0.025703794369645046
bdzzj,1000,1.0,1.375,0.03197674418604651
bdzzj,1200,1.0,1.3125,0.030523255813953487
bdzzj,1400,1.0,1.0,0.023255813953488372
bdzzj,1600,1.0,2.5555555555555554,0.059431524547803614
bdzzj,1800,0.9166666666666666,3.0,0.1531007751937985
bdzzj,2000,0.9333333333333333,1.6666666666666667,0.10542635658914727
bdzzj,2200,1.0,1.875,0.0436046511627907
bdzzj,2400,1.0,2.3684210526315788,0.055079559363525085
bdzzj,2600,0.8846153846153846,3.5,0.19677996422182473
bdzzj,2800,1.0,2.7857142857142856,0.06478405315614617
bdzzj,3000,0.9583333333333334,4.041666666666667,0.13565891472868213
bdzzj,3200,0.9655172413793104,6.827586206896552,0.19326383319967919
bdzzj,3400,1.0,4.428571428571429,0.10299003322259137
benben181,800,1.0,1.735042735042735,0.04034983104750547
benben181,1000,0.9736842105263158,1.7894736842105263,0.06793145654834759
benben181,1200,1.0,2.0434782608695654,0.04752275025278059
benben181,1400,1.0,2.0,0.046511627906976744
benben181,1600,1.0,2.276595744680851,0.05294408708560119
benben181,1800,1.0,2.061224489795918,0.047935453251067864
benben181,2000,1.0,2.119047619047619,0.04928017718715393
benben181,2200,1.0,1.3714285714285714,0.0318936877076412
benben181,2400,0.8888888888888888,1.2962962962962963,0.14125753660637386
benben181,2600,1.0,1.0,0.023255813953488372
benben181,2800,1.0,1.8,0.04186046511627907
benben181,3000,0.6666666666666666,1.3333333333333333,0.36434108527131787
benben181,3200,1.0,2.0,0.046511627906976744
benben181,3400,1.0,1.0,0.023255813953488372
bezime,800,0.9826086956521739,1.5478260869565217,0.05338725985844288
bezime,1000,1.0,1.6101694915254237,0.037445802128498226
bezime,1200,0.9821428571428571,1.7142857142857142,0.0577242524916944
bezime,1400,0.9285714285714286,2.0952380952380953,0.12015503875968989
bezime,1600,0.9411764705882353,1.8823529411764706,0.10259917920656636
bezime,1800,0.9166666666666666,2.7291666666666665,0.1468023255813954
bezime,2000,0.8695652173913043,3.0434782608695654,0.20121334681496464
bezime,2200,0.8148148148148148,3.962962962962963,0.2773471145564169
bezime,2400,0.9230769230769231,2.8461538461538463,0.14311270125223607
bezime,2600,1.0,3.5,0.08139534883720931
bezime,3200,1.0,6.0,0.13953488372093023
bismispis,800,1.0,1.0,0.023255813953488372
bismispis,1000,1.0,1.0,0.023255813953488372
bismispis,1200,1.0,1.0,0.023255813953488372
bismispis,1400,1.0,1.4,0.03255813953488372
bismispis,1600,0.5,2.0,0.5465116279069767
bismispis,1800,1.0,1.0,0.023255813953488372
bismispis,2000,1.0,1.0,0.023255813953488372
bismispis,2200,0.75,1.5,0.28488372093023256
bismispis,2400,1.0,1.0,0.023255813953488372
bismispis,2600,0.6666666666666666,1.3333333333333333,0.36434108527131787
bismispis,3000,0.0,1.0,1.0232558139534884
bismispis,3200,1.0,2.0,0.046511627906976744
blackyuki,800,1.0,1.1481481481481481,0.026701119724375538
blackyuki,1000,1.0,1.0,0.023255813953488372
blackyuki,1200,1.0,1.3,0.030232558139534883
blackyuki,1400,1.0,1.105263157894737,0.025703794369645046
blackyuki,1600,0.9655172413793104,1.3793103448275863,0.06655974338412185
blackyuki,1800,0.9696969696969697,1.8484848484848484,0.07329105003523606
blackyuki,2000,0.9523809523809523,1.5714285714285714,0.08416389811738653
blackyuki,2200,0.9565217391304348,2.130434782608696,0.09302325581395346
blackyuki,2400,0.8947368421052632,2.6315789473684212,0.1664626682986536
blackyuki,2600,0.92,3.68,0.16558139534883717
blackyuki,2800,0.75,4.6875,0.3590116279069767
blackyuki,3000,0.5,2.0,0.5465116279069767
blackyuki,3200,0.25,1.5,0.7848837209302325
blackyuki,3400,0.0,2.0,1.0465116279069768
bladewaltz,800,1.0,1.1917808219178083,0.027715833067856008
bladewaltz,1000,1.0,1.3448275862068966,0.03127506014434643
bladewaltz,1200,0.9777777777777777,1.7333333333333334,0.0625322997416021
bladewaltz,1400,1.0,1.3428571428571427,0.031229235880398668
bladewaltz,1600,0.9710144927536232,1.9130434782608696,0.07347489046174589
bladewaltz,1800,1.0,2.347457627118644,0.054592037839968466
bladewaltz,2000,0.9897959183673469,2.510204081632653,0.06858092074038918
bladewaltz,2200,0.989010989010989,2.5714285714285716,0.0707896754408382
bladewaltz,2400,0.9591836734693877,3.693877551020408,0.12672045562411016
bladewaltz,2600,0.9090909090909091,3.6363636363636362,0.17547568710359412
bladewaltz,2800,0.6666666666666666,6.333333333333333,0.4806201550387597
bladewaltz,3000,1.0,7.5,0.1744186046511628
bladewaltz,3400,0.0,1.0,1.0232558139534884
block_in_mc,800,1.0,1.0909090909090908,0.02536997885835095
block_in_mc,1000,1.0,1.1666666666666667,0.027131782945736437
block_in_mc,1200,1.0,1.4285714285714286,0.03322259136212625
block_in_mc,1400,1.0,2.25,0.05232558139534884
block_in_mc,1600,1.0,1.5,0.03488372093023256
block_in_mc,1800,1.0,1.8,0.04186046511627907
block_in_mc,2000,1.0,2.0,0.046511627906976744
block_in_mc,2200,0.75,2.25,0.3023255813953488
block_in_mc,2400,0.3333333333333333,3.3333333333333335,0.744186046511628
block_in_mc,2800,0.0,4.0,1.0930232558139534
bnnpuu,800,0.8928571428571429,1.4642857142857142,0.1411960132890365
bnnpuu,1000,0.9166666666666666,2.0,0.12984496124031011
bnnpuu,1200,0.8333333333333334,1.1666666666666667,0.19379844961240306
bnnpuu,1400,0.6666666666666666,2.0,0.3798449612403101
bnnpuu,1600,0.875,4.375,0.22674418604651164
bnnpuu,1800,0.5714285714285714,2.4285714285714284,0.4850498338870432
bnnpuu,2000,1.0,1.3333333333333333,0.031007751937984496
bnnpuu,2200,0.5,10.5,0.7441860465116279
bnnpuu,2600,0.5,2.0,0.5465116279069767
bnnpuu,2800,0.5,1.0,0.5232558139534884
bnnpuu,3200,1.0,2.0,0.046511627906976744
bonopo,800,0.9898648648648649,1.2972972972972974,0.04030483972344433
bonopo,1000,0.9836065573770492,1.5901639344262295,0.05337399923751431
bonopo,1200,0.9813084112149533,1.6822429906542056,0.05781351880026082
bonopo,1400,0.9858156028368794,1.8865248226950355,0.05805706745835397
bonopo,1600,0.9496402877697842,2.0071942446043165,0.09703864815124646
bonopo,1800,0.9663865546218487,2.3865546218487395,0.08911471565370332
bonopo,2000,0.9664804469273743,3.11731843575419,0.1060153306483045
bonopo,2200,0.9770992366412213,3.053435114503817,0.0939108823007279
bonopo,2400,0.9696969696969697,3.5757575757575757,0.11346018322762506
bonopo,2600,0.8333333333333334,5.333333333333333,0.2906976744186046
bonopo,2800,1.0,5.166666666666667,0.12015503875968993
bonopo,3000,0.0,16.0,1.372093023255814
bonopo,3200,0.0,1.0,1.0232558139534884
bookcat,800,0.9875,1.2,0.040406976744186
bookcat,1000,0.975609756097561,1.3658536585365855,0.056154282473057315
bookcat,1200,1.0,1.525,0.035465116279069765
bookcat,1400,0.9743589743589743,1.4871794871794872,0.06022659511031606
bookcat,1600,0.9411764705882353,2.215686274509804,0.1103511171910625
bookcat,1800,0.9454545454545454,2.581818181818182,0.11458773784355182
bookcat,2000,0.9302325581395349,3.255813953488372,0.14548404542996216
bookcat,2200,0.8780487804878049,3.2195121951219514,0.19682359614293818
bookcat,2400,0.8717948717948718,2.8205128205128207,0.1937984496124031
bookcat,2600,0.8571428571428571,3.5714285714285716,0.2259136212624585
bookcat,2800,0.5384615384615384,4.769230769230769,0.5724508050089445
bookcat,3000,0.6666666666666666,5.833333333333333,0.46899224806201556
bookcat,3200,0.5,6.0,0.6395348837209303
bugfeature,800,0.8333333333333334,1.0,0.189922480620155
bugfeature,1000,0.6666666666666666,1.0,0.35658914728682173
bugfeature,1200,0.5,1.0,0.5232558139534884
bugfeature,1400,1.0,1.5,0.03488372093023256
bugfeature,1800,0.6,1.2,0.4279069767441861
bugfeature,2200,1.0,1.0,0.023255813953488372
bugfeature,2400,0.0,2.5,1.058139534883721
bugfeature,2600,1.0,1.0,0.023255813953488372
bugfeature,2800,0.0,1.0,1.0232558139534884
bunH2O,800,0.981651376146789,1.6697247706422018,0.0571794324727971
bunH2O,1000,0.9523809523809523,1.4761904761904763,0.08194905869324479
bunH2O,1200,1.0,1.8653846153846154,0.04338103756708408
bunH2O,1400,0.9318181818181818,1.8863636363636365,0.11205073995771675
bunH2O,1600,0.86,1.98,0.18604651162790697
bunH2O,1800,0.9333333333333333,2.0833333333333335,0.11511627906976743
bunH2O,2000,0.9565217391304348,2.782608695652174,0.1081900910010111
bunH2O,2200,0.868421052631579,2.3684210526315788,0.18665850673194612
bunH2O,2400,0.8484848484848485,2.1515151515151514,0.2015503875968992
bunH2O,2600,0.5,4.75,0.6104651162790697
bunH2O,2800,0.6363636363636364,2.090909090909091,0.41226215644820297
bunH2O,3000,0.8,5.3,0.32325581395348835
bunH2O,3200,1.0,5.0,0.11627906976744186
bunH2O,3400,0.8,9.6,0.4232558139534883
caoshurui,800,0.9897959183673469,1.6887755102040816,0.0494779307071666
caoshurui,1000,0.945054945054945,1.901098901098901,0.0991566572961922
caoshurui,1200,0.9817073170731707,2.2378048780487805,0.07033465683494046
caoshurui,1400,0.9572649572649573,2.3675213675213675,0.09779367918902798
caoshurui,1600,0.9411764705882353,2.679738562091503,0.12114303085575316
caoshurui,1800,0.9343434343434344,2.787878787878788,0.1304909560723514
caoshurui,2000,0.9197530864197531,3.265432098765432,0.15618719494688488
caoshurui,2200,0.95,3.15,0.12325581395348842
caoshurui,2400,0.9568965517241379,2.4827586206896552,0.10084202085004013
caoshurui,2600,0.9625,2.9625,0.10639534883720927
caoshurui,2800,0.926829268292683,4.146341463414634,0.16959727736812247
caoshurui,3000,0.9393939393939394,3.757575757575758,0.1479915433403805
caoshurui,3200,0.9090909090909091,4.545454545454546,0.1966173361522199
caoshurui,3400,1.0,1.8571428571428572,0.04318936877076412
carboxylBase,800,1.0,1.2722513089005236,0.02958723974187264
carboxylBase,1000,1.0,1.6829268292682926,0.0391378332387975
carboxylBase,1200,1.0,1.839080459770115,0.04276931301790965
carboxylBase,1400,0.9736842105263158,2.1842105263157894,0.07711138310893509
carboxylBase,1600,0.9876543209876543,2.7037037037037037,0.07522250933103652
carboxylBase,1800,0.9886363636363636,2.6363636363636362,0.07267441860465115
carboxylBase,2000,0.9875,3.2,0.08691860465116275
carboxylBase,2200,1.0,3.2718446601941746,0.07608941070219011
carboxylBase,2400,0.9926470588235294,3.3161764705882355,0.08447332421340627
carboxylBase,2600,0.9375,4.145833333333333,0.15891472868217055
carboxylBase,2800,0.9411764705882353,4.4411764705882355,0.16210670314637485
carboxylBase,3000,0.75,6.75,0.4069767441860465
carboxylBase,3200,0.5,1.5,0.5348837209302325
carcinisation,800,1.0,1.4473684210526316,0.033659730722154224
carcinisation,1000,0.9833333333333333,1.8166666666666667,0.0589147286821706
carcinisation,1200,0.9659090909090909,1.7272727272727273,0.07426004228329808
carcinisation,1400,0.9090909090909091,2.290909090909091,0.14418604651162795
carcinisation,1600,0.9375,2.25,0.11482558139534885
carcinisation,1800,0.9516129032258065,3.1774193548387095,0.12228057014253559
carcinisation,2000,0.9787234042553191,2.9574468085106385,0.09005442850074225
carcinisation,2200,0.9230769230769231,2.3846153846153846,0.13237924865831838
carcinisation,2400,0.85,4.075,0.24476744186046515
carcinisation,2600,0.7692307692307693,4.153846153846154,0.32737030411449014
carcinisation,2800,0.5555555555555556,2.5555555555555554,0.5038759689922481
carcinisation,3000,0.5,8.5,0.6976744186046512
carcinisation,3200,1.0,1.0,0.023255813953488372
cdx123456,800,0.987012987012987,1.2597402597402598,0.04228329809725159
cdx123456,1000,1.0,1.6136363636363635,0.03752642706131078
cdx123456,1200,1.0,1.6,0.037209302325581395
cdx123456,1400,1.0,1.9411764705882353,0.04514363885088919
cdx123456,1600,0.9791666666666666,2.0833333333333335,0.06928294573643415
cdx123456,1800,0.975,2.9375,0.09331395348837211
cdx123456,2000,0.9605263157894737,2.75,0.10342717258261935
cdx123456,2200,0.9789473684210527,3.136842105263158,0.09400244798041611
cdx123456,2400,0.9879518072289156,2.8433734939759034,0.07817315774726817
cdx123456,2600,0.8813559322033898,3.4745762711864407,0.1994481671265274
cdx123456,2800,0.975609756097561,3.6097560975609757,0.10833806012478732
cdx123456,3000,1.0,4.625,0.10755813953488372
cdx123456,3200,1.0,6.095238095238095,0.14174972314507198
cdx123456,3400,1.0,7.357142857142857,0.17109634551495015
cf_ljy05,800,0.9795918367346939,1.2448979591836735,0.04935927859515902
cf_ljy05,1000,0.9047619047619048,1.1428571428571428,0.12181616832779622
cf_ljy05,1200,1.0,1.0909090909090908,0.02536997885835095
cf_ljy05,1400,0.9285714285714286,2.0714285714285716,0.11960132890365446
cf_ljy05,1600,0.95,1.5,0.08488372093023261
cf_ljy05,1800,0.84,1.72,0.20000000000000004
cf_ljy05,2000,0.7142857142857143,2.357142857142857,0.340531561461794
cf_ljy05,2200,0.8666666666666667,2.2,0.18449612403100774
cf_ljy05,2400,0.5,6.5,0.6511627906976745
cf_ljy05,2600,1.0,2.0,0.046511627906976744
cf_ljy05,2800,1.0,11.0,0.2558139534883721
chen-xi,800,0.9938271604938271,1.5679012345679013,0.04263565891472871
chen-xi,1000,0.9736842105263158,2.3815789473684212,0.08170134638922885
chen-xi,1200,1.0,2.491228070175439,0.05793553651570788
chen-xi,1400,0.9622641509433962,2.849056603773585,0.10399297937691969
chen-xi,1600,0.8888888888888888,3.3333333333333335,0.1886304909560724
chen-xi,1800,0.8076923076923077,3.3461538461538463,0.2701252236135957
chen-xi,2000,0.8,1.7,0.23953488372093018
chen-xi,2200,0.9166666666666666,2.5,0.1414728682170543
chen-xi,2400,0.6,4.0,0.4930232558139535
chen-xi,2600,0.0,3.0,1.069767441860465
chenlinxuan0226,800,0.9578947368421052,1.6105263157894736,0.07955936352509183
chenlinxuan0226,1000,0.9767441860465116,2.2093023255813953,0.07463493780421854
chenlinxuan0226,1200,0.9555555555555556,2.0,0.09095607235142114
chenlinxuan0226,1400,0.9130434782608695,2.391304347826087,0.1425682507583418
chenlinxuan0226,1600,0.9047619047619048,2.2857142857142856,0.1483942414174972
chenlinxuan0226,1800,0.8666666666666667,2.933333333333333,0.2015503875968992
chenlinxuan0226,2000,0.8367346938775511,2.6530612244897958,0.22496440436639767
chenlinxuan0226,2200,0.7291666666666666,3.0833333333333335,0.34253875968992253
chenlinxuan0226,2400,0.8113207547169812,3.792452830188679,0.2768758227292672
chenlinxuan0226,2600,0.7931034482758621,3.4827586206896552,0.2878909382518043
chenlinxuan0226,2800,0.7575757575757576,4.242424242424242,0.34108527131782945
chenlinxuan0226,3000,0.8780487804878049,4.902439024390244,0.23596142938173567
chenlinxuan0226,3200,0.9,4.05,0.19418604651162788
chenlinxuan0226,3400,0.9047619047619048,7.285714285714286,0.2646733111849391
chennie,800,0.9911111111111112,1.3644444444444443,0.04062015503875963
chennie,1000,1.0,2.139130434782609,0.049747219413549044
chennie,1200,0.9831932773109243,2.042016806722689,0.06429548563611495
chennie,1400,0.9724770642201835,2.44954128440367,0.08448901216129716
chennie,1600,0.9622641509433962,2.641509433962264,0.09916630100921456
chennie,1800,0.9224806201550387,2.6589147286821704,0.13935460609338385
chennie,2000,0.9385964912280702,3.1403508771929824,0.1344349245206038
chennie,2200,0.9021739130434783,3.5760869565217392,0.18099089989888775
chennie,2400,0.8260869565217391,3.8550724637681157,0.26356589147286824
chennie,2600,0.7777777777777778,5.111111111111111,0.34108527131782945
chennie,2800,0.7857142857142857,4.928571428571429,0.3289036544850499
chennie,3000,0.75,2.5,0.3081395348837209
chennie,3200,0.5,1.5,0.5348837209302325
chennie,3400,0.5,4.0,0.5930232558139534
chinerist,800,0.9902439024390244,1.1121951219512196,0.03562110039705049
chinerist,1000,0.9896907216494846,1.2371134020618557,0.039079357468233
chinerist,1200,1.0,1.348623853211009,0.03136334542351184
chinerist,1400,1.0,1.4661016949152543,0.034095388253843124
chinerist,1600,0.9591836734693877,1.7074829931972788,0.08052523334915365
chinerist,1800,0.9354838709677419,1.793548387096774,0.10622655663915984
chinerist,2000,0.9236641221374046,2.366412213740458,0.13136872004260608
chinerist,2200,0.9310344827586207,2.7844827586206895,0.13372093023255816
chinerist,2400,0.927536231884058,2.608695652173913,0.13313110886417256
chinerist,2600,0.9076923076923077,2.4307692307692306,0.14883720930232558
chinerist,2800,0.7837837837837838,2.6486486486486487,0.27781269641734757
chinerist,3000,0.85,3.7,0.23604651162790702
chinerist,3200,0.5714285714285714,4.0,0.521594684385382
chinerist,3400,0.6666666666666666,4.0,0.42635658914728686
choic_e,800,1.0,1.25,0.029069767441860465
choic_e,1000,1.0,2.0,0.046511627906976744
choic_e,1200,1.0,1.2,0.027906976744186046
choic_e,1400,1.0,1.0,0.023255813953488372
choic_e,1600,1.0,1.3333333333333333,0.031007751937984496
choic_e,1800,1.0,2.0,0.046511627906976744
choic_e,2000,0.75,3.0,0.31976744186046513
choic_e,2200,1.0,1.0,0.023255813953488372
choic_e,2400,1.0,3.0,0.06976744186046512
cike_bilibili,800,0.9761904761904762,1.3095238095238095,0.054263565891472895
cike_bilibili,1000,0.8888888888888888,1.7222222222222223,0.15116279069767447
cike_bilibili,1200,1.0,1.75,0.040697674418604654
cike_bilibili,1400,0.9444444444444444,1.9444444444444444,0.10077519379844964
cike_bilibili,1600,0.90625,2.0625,0.14171511627906977
cike_bilibili,1800,0.9830508474576272,3.0847457627118646,0.08868742609381154
cike_bilibili,2000,0.9466666666666667,3.9466666666666668,0.14511627906976746
cike_bilibili,2200,0.9595959595959596,3.111111111111111,0.11275546159267093
cike_bilibili,2400,0.900990099009901,3.613861386138614,0.1830531890398342
cike_bilibili,2600,0.972972972972973,3.1216216216216215,0.09962287869264608
cike_bilibili,2800,0.9473684210526315,4.881578947368421,0.1661566707466341
cike_bilibili,3000,0.9487179487179487,3.717948717948718,0.13774597495527732
cike_bilibili,3200,0.8888888888888888,6.166666666666667,0.2545219638242895
cike_bilibili,3400,0.8,7.2,0.36744186046511623
ciuim,800,0.9778761061946902,1.491150442477876,0.05680181107223712
ciuim,1000,0.9876543209876543,1.6296296296296295,0.05024404249210456
ciuim,1200,0.9534883720930233,1.6627906976744187,0.08518117901568412
ciuim,1400,0.925,1.8125,0.11715116279069762
ciuim,1600,0.9240506329113924,2.1772151898734178,0.1265822784810126
ciuim,1800,0.9574468085106383,2.5531914893617023,0.1019297377535873
ciuim,2000,0.9032258064516129,2.956989247311828,0.1655413853463366
ciuim,2200,0.9900990099009901,2.8613861386138613,0.07644485378770435
ciuim,2400,0.9806451612903225,3.141935483870968,0.09242310577644416
ciuim,2600,0.9910714285714286,2.919642857142857,0.07682724252491692
ciuim,2800,0.9863013698630136,3.8219178082191783,0.10258043963045561
ciuim,3000,0.9827586206896551,3.3620689655172415,0.09542902967121095
ciuim,3200,1.0,3.3333333333333335,0.07751937984496124
ciuim,3400,1.0,4.714285714285714,0.10963455149501661
clarinha,800,0.9923076923076923,1.2,0.03559928443649371
clarinha,1000,1.0,1.2592592592592593,0.029285099052540915
clarinha,1200,0.9818181818181818,1.5272727272727273,0.053699788583509524
clarinha,1400,1.0,1.7959183673469388,0.041765543426673
clarinha,1600,1.0,1.515625,0.035247093023255814
clarinha,1800,0.9777777777777777,2.1555555555555554,0.07235142118863053
clarinha,2000,0.9545454545454546,2.25,0.09778012684989426
clarinha,2200,0.9342105263157895,2.210526315789474,0.1171970624235006
clarinha,2400,0.9518072289156626,2.6626506024096384,0.11011487811711967
clarinha,2600,0.9375,1.75,0.10319767441860465
clarinha,2800,0.9285714285714286,3.0714285714285716,0.14285714285714285
clarinha,3000,0.6666666666666666,2.3333333333333335,0.3875968992248062
clarinha,3200,1.0,3.0,0.06976744186046512
clarinha,3400,1.0,8.0,0.18604651162790697
clawson19,800,0.9777777777777777,1.3777777777777778,0.0542635658914729
clawson19,1000,1.0,1.263157894736842,0.029375764993880046
clawson19,1200,1.0,1.2666666666666666,0.02945736434108527
clawson19,1400,0.9230769230769231,1.0769230769230769,0.1019677996422182
clawson19,1600,0.9333333333333333,2.2,0.11782945736434108
clawson19,1800,0.95,1.3,0.08023255813953492
clawson19,2000,0.9333333333333333,1.0666666666666667,0.09147286821705425
clawson19,2200,0.9285714285714286,2.0714285714285716,0.11960132890365446
clawson19,2400,0.8666666666666667,1.2,0.16124031007751935
clawson19,2600,0.9166666666666666,1.1666666666666667,0.11046511627906981
clawson19,2800,0.875,1.125,0.1511627906976744
clawson19,3000,1.0,1.25,0.029069767441860465
clawson19,3200,1.0,1.0,0.023255813953488372
clawson19,3400,0.8461538461538461,1.0769230769230769,0.17889087656529518
clue_,800,0.9782608695652174,1.1304347826086956,0.04802831142568249
clue_,1000,1.0,1.2272727272727273,0.02854122621564482
clue_,1200,1.0,1.1666666666666667,0.027131782945736437
clue_,1400,0.8823529411764706,1.1764705882352942,0.14500683994528046
clue_,1600,1.0,1.15,0.026744186046511628
clue_,1800,0.9285714285714286,1.7142857142857142,0.11129568106312289
clue_,2000,0.8888888888888888,1.5555555555555556,0.1472868217054264
clue_,2200,1.0,2.0,0.046511627906976744
clue_,2400,0.6666666666666666,1.0,0.35658914728682173
clue_,2600,1.0,1.0,0.023255813953488372
clue_,2800,1.0,1.0,0.023255813953488372
clue_,3400,0.0,6.0,1.1395348837209303
cn449,800,1.0,1.0820895522388059,0.025164873307879206
cn449,1000,1.0,1.1428571428571428,0.026578073089700994
cn449,1200,1.0,1.2446808510638299,0.028946066303809997
cn449,1400,1.0,1.3125,0.030523255813953487
cn449,1600,1.0,1.401639344262295,0.03259626382005337
cn449,1800,0.9841269841269841,1.5714285714285714,0.052417866371354795
cn449,2000,0.9907407407407407,1.8425925925925926,0.05211024978466843
cn449,2200,0.9690721649484536,1.9793814432989691,0.07695996163989452
cn449,2400,0.9827586206896551,2.413793103448276,0.07337610264635128
cn449,2600,0.9456521739130435,4.021739130434782,0.14787664307381193
cn449,2800,0.92,4.24,0.17860465116279067
cn449,3000,0.8260869565217391,3.717391304347826,0.2603640040444894
cn449,3200,0.7037037037037037,4.037037037037037,0.39018087855297157
cn449,3400,0.75,5.125,0.3691860465116279
cockatooo_2025GM,800,1.0,1.1762589928057554,0.027354860297808266
cockatooo_2025GM,1000,0.9838709677419355,1.1451612903225807,0.04276069017254312
cockatooo_2025GM,1200,1.0,1.1531531531531531,0.02681751518960821
cockatooo_2025GM,1400,1.0,1.514018691588785,0.03520973701369268
cockatooo_2025GM,1600,0.9919354838709677,1.717741935483871,0.04801200300075018
cockatooo_2025GM,1800,1.0,1.6833333333333333,0.03914728682170543
cockatooo_2025GM,2000,1.0,1.9801980198019802,0.046051116739580934
cockatooo_2025GM,2200,1.0,2.5447154471544717,0.05917942900359237
cockatooo_2025GM,2400,1.0,3.118556701030928,0.07252457444257972
cockatooo_2025GM,2600,0.989247311827957,2.870967741935484,0.07751937984496124
cockatooo_2025GM,2800,1.0,4.260869565217392,0.09908998988877654
cockatooo_2025GM,3000,1.0,2.3333333333333335,0.054263565891472874
codebuzz0001,800,0.9710144927536232,1.391304347826087,0.06134142231209978
codebuzz0001,1000,0.967741935483871,1.3548387096774193,0.06376594148537132
codebuzz0001,1200,0.8888888888888888,1.2777777777777777,0.14082687338501296
codebuzz0001,1400,0.7857142857142857,1.9285714285714286,0.25913621262458475
codebuzz0001,1600,0.75,2.0,0.2965116279069767
codebuzz0001,1800,0.5714285714285714,2.142857142857143,0.47840531561461797
codebuzz0001,2000,0.8571428571428571,1.0,0.16611295681063126
codebuzz0001,2200,0.6666666666666666,1.5,0.36821705426356593
codebuzz0001,2400,0.3333333333333333,2.6666666666666665,0.7286821705426357
codebuzz0001,2600,0.3333333333333333,2.0,0.7131782945736435
codebuzz0001,3000,0.0,4.0,1.0930232558139534
codelegend,800,0.9966499162479062,1.2345058626465661,0.03205952241829299
codelegend,1000,0.9824561403508771,1.3567251461988303,0.04909560723514217
codelegend,1200,0.994269340974212,1.4699140401146131,0.03991470647031384
codelegend,1400,0.9859550561797753,1.6207865168539326,0.0517376535145022
codelegend,1600,0.9566326530612245,1.9540816326530612,0.08881110583768392
codelegend,1800,0.9353846153846154,2.1323076923076925,0.11420393559928446
codelegend,2000,0.9227799227799228,2.2432432432432434,0.1293885247373619
codelegend,2200,0.8904761904761904,2.7,0.1723145071982282
codelegend,2400,0.8079470198675497,3.1059602649006623,0.26428461419990756
codelegend,2600,0.7580645161290323,2.725806451612903,0.30532633158289574
codelegend,2800,0.6666666666666666,3.6666666666666665,0.4186046511627907
codelegend,3000,0.4117647058823529,3.235294117647059,0.6634746922024624
codelegend,3200,0.25,8.875,0.9563953488372093
codelegend,3400,0.0,4.0,1.0930232558139534
codingforenjoy,800,1.0,1.263157894736842,0.029375764993880046
codingforenjoy,1000,1.0,1.3333333333333333,0.031007751937984496
codingforenjoy,1200,0.8333333333333334,1.8333333333333333,0.2093023255813953
codingforenjoy,1400,0.75,1.625,0.2877906976744186
codingforenjoy,1600,0.875,1.375,0.1569767441860465
codingforenjoy,1800,1.0,2.8333333333333335,0.06589147286821706
codingforenjoy,2000,0.6666666666666666,1.1666666666666667,0.3604651162790698
codingforenjoy,2200,1.0,2.75,0.06395348837209303
codingforenjoy,2400,0.75,1.5,0.28488372093023256
codingforenjoy,2600,0.6666666666666666,2.0,0.3798449612403101
codingforenjoy,2800,1.0,1.0,0.023255813953488372
codingforenjoy,3400,0.0,1.0,1.0232558139534884
concuuduoc,800,0.9333333333333333,1.3111111111111111,0.09715762273901807
concuuduoc,1000,1.0,1.4666666666666666,0.034108527131782945
concuuduoc,1200,1.0,1.5294117647058822,0.03556771545827633
concuuduoc,1400,0.9473684210526315,2.210526315789474,0.10403916768665857
concuuduoc,1600,0.9,1.5,0.13488372093023254
concuuduoc,1800,0.8888888888888888,2.111111111111111,0.16020671834625327
concuuduoc,2000,0.9166666666666666,1.75,0.12403100775193802
concuuduoc,2200,0.9,2.4,0.15581395348837207
concuuduoc,2400,0.8125,2.3125,0.24127906976744184
concuuduoc,2600,0.9090909090909091,1.6363636363636365,0.12896405919661735
concuuduoc,2800,0.8,1.4,0.2325581395348837
concuuduoc,3000,1.0,1.5,0.03488372093023256
concuuduoc,3200,1.0,1.0,0.023255813953488372
concuuduoc,3400,1.0,3.5,0.08139534883720931
conqueror_of_tourist,800,0.9685534591194969,1.4842767295597483,0.06596460435863682
conqueror_of_tourist,1000,0.9791666666666666,1.5104166666666667,0.05595930232558143
conqueror_of_tourist,1200,0.9659090909090909,1.3636363636363635,0.06580338266384775
conqueror_of_tourist,1400,0.9532710280373832,1.5046728971962617,0.08172136492066942
conqueror_of_tourist,1600,0.9252336448598131,1.8317757009345794,0.11736579004564227
conqueror_of_tourist,1800,0.864406779661017,2.347457627118644,0.1901852581789515
conqueror_of_tourist,2000,0.8936170212765957,2.4468085106382977,0.16328550222662053
conqueror_of_tourist,2200,0.8723404255319149,2.7127659574468086,0.19074715487382482
conqueror_of_tourist,2400,0.8481012658227848,2.6835443037974684,0.2143067412422726
conqueror_of_tourist,2600,0.7605633802816901,3.9859154929577465,0.3321323288568621
conqueror_of_tourist,2800,0.7142857142857143,5.346938775510204,0.41006169909824397
conqueror_of_tourist,3000,0.7931034482758621,2.896551724137931,0.2742582197273456
conqueror_of_tourist,3200,0.6956521739130435,4.521739130434782,0.40950455005055614
conqueror_of_tourist,3400,0.6,3.0,0.46976744186046515
cool_milo,800,1.0,1.135135135135135,0.026398491514770583
cool_milo,1000,1.0,1.375,0.03197674418604651
cool_milo,1200,0.9411764705882353,1.6470588235294117,0.09712722298221615
cool_milo,1400,1.0,1.7391304347826086,0.04044489383215369
cool_milo,1600,0.9411764705882353,1.2352941176470589,0.0875512995896033
cool_milo,1800,0.96,2.56,0.09953488372093028
cool_milo,2000,0.92,1.76,0.1209302325581395
cool_milo,2200,0.8571428571428571,3.6666666666666665,0.22812846068660025
cool_milo,2400,0.94,3.62,0.14418604651162797
cool_milo,2600,0.9,4.45,0.20348837209302323
cool_milo,2800,0.9411764705882353,6.705882352941177,0.21477428180574556
cool_milo,3000,0.9,4.8,0.21162790697674416
cool_milo,3200,1.0,3.2,0.07441860465116279
cool_milo,3400,0.8333333333333334,1.5,0.2015503875968992
countful,800,0.9705882352941176,1.311764705882353,0.05991792065663475
countful,1000,0.9864864864864865,2.0675675675675675,0.061596480201131336
countful,1200,0.9361702127659575,2.0531914893617023,0.11157842652152399
countful,1400,0.9789473684210527,2.3789473684210525,0.07637698898408807
countful,1600,0.9719626168224299,2.532710280373832,0.0869376222560313
countful,1800,0.9230769230769231,2.980769230769231,0.14624329159212873
countful,2000,0.8557692307692307,3.8461538461538463,0.23367620751341686
countful,2200,0.9047619047619048,4.238095238095238,0.1937984496124031
countful,2400,0.7,5.033333333333333,0.4170542635658915
countful,2600,1.0,5.666666666666667,0.13178294573643412
countful,2800,0.6,5.2,0.5209302325581395
countful,3000,0.5,1.5,0.5348837209302325
countful,3200,0.5,1.0,0.5232558139534884
cq__2436,800,0.9727626459143969,1.206225680933852,0.05528911410732062
cq__2436,1000,0.97,1.56,0.06627906976744188
cq__2436,1200,0.9658119658119658,1.6837606837606838,0.073345259391771
cq__2436,1400,0.8913043478260869,1.9891304347826086,0.15495449949443887
cq__2436,1600,0.8588235294117647,2.588235294117647,0.2013679890560876
cq__2436,1800,0.7634408602150538,2.225806451612903,0.28832208052013003
cq__2436,2000,0.7454545454545455,3.3454545454545452,0.33234672304439744
cq__2436,2200,0.6551724137931034,3.5,0.4262229350441059
cq__2436,2400,0.6923076923076923,3.1538461538461537,0.3810375670840787
cq__2436,2600,0.7692307692307693,2.5384615384615383,0.28980322003577813
cq__2436,2800,0.6,2.0,0.44651162790697674
cq__2436,3000,0.0,1.0,1.0232558139534884
cq__2436,3200,0.0,3.5,1.0813953488372092
cqbzlwz,800,0.9795918367346939,1.469387755102041,0.05457997152349314
cqbzlwz,1000,1.0,1.894736842105263,0.04406364749082007
cqbzlwz,1200,1.0,2.2954545454545454,0.05338266384778013
cqbzlwz,1400,0.9310344827586207,2.8275862068965516,0.13472333600641542
cqbzlwz,1600,0.9148936170212766,2.978723404255319,0.15437902028698663
cqbzlwz,1800,0.9682539682539683,2.9365079365079363,0.10003691399040236
cqbzlwz,2000,0.9,2.9166666666666665,0.16782945736434107
cqbzlwz,2200,0.8983050847457628,3.4915254237288136,0.18289318092234919
cqbzlwz,2400,0.9107142857142857,2.642857142857143,0.15074750830564787
cqbzlwz,2600,0.975609756097561,3.1463414634146343,0.09756097560975613
cqbzlwz,2800,0.8888888888888888,3.4166666666666665,0.19056847545219643
cqbzlwz,3000,0.7083333333333334,4.541666666666667,0.39728682170542634
cqbzlwz,3200,0.9230769230769231,1.8461538461538463,0.11985688729874772
cqbzlwz,3400,0.9,5.8,0.23488372093023252
cqrcqr,800,1.0,1.4274809160305344,0.03319723060536126
cqrcqr,1000,1.0,1.6271186440677967,0.03783996846669295
cqrcqr,1200,0.9726027397260274,1.821917808219178,0.06976744186046512
cqrcqr,1400,0.9295774647887324,1.676056338028169,0.10940058958401574
cqrcqr,1600,0.9827586206896551,1.7586206896551724,0.058139534883720964
cqrcqr,1800,0.9868421052631579,2.473684210526316,0.07068543451652391
cqrcqr,2000,0.9891304347826086,2.152173913043478,0.06092012133468154
cqrcqr,2200,0.9782608695652174,2.5434782608695654,0.08088978766430738
cqrcqr,2400,0.95,3.5,0.13139534883720935
cqrcqr,2600,0.9545454545454546,3.3181818181818183,0.12262156448202956
cqrcqr,2800,0.8928571428571429,2.5,0.16528239202657802
cqrcqr,3000,1.0,4.666666666666667,0.10852713178294575
cqrcqr,3200,1.0,2.375,0.055232558139534885
cqrcqr,3400,0.75,2.5,0.3081395348837209
cran,800,0.9919354838709677,1.2096774193548387,0.03619654913728432
cran,1000,0.96,1.26,0.06930232558139539
cran,1200,0.8793103448275862,1.4482758620689655,0.15437048917401766
cran,1400,0.8163265306122449,1.6938775510204083,0.2230659705742762
cran,1600,0.9387755102040817,1.9591836734693877,0.10678690080683431
cran,1800,0.8035714285714286,1.7857142857142858,0.2379568106312292
cran,2000,0.775,2.3,0.27848837209302324
cran,2200,0.8367346938775511,2.122448979591837,0.21262458471760792
cran,2400,0.8085106382978723,2.276595744680851,0.2444334487877289
cran,2600,0.8095238095238095,2.4761904761904763,0.24806201550387597
cran,2800,0.25,3.5,0.8313953488372093
cran,3000,0.6666666666666666,2.3333333333333335,0.3875968992248062
cran,3200,1.0,2.0,0.046511627906976744
crazyilian,800,0.9893617021276596,1.553191489361702,0.04675903018307764
crazyilian,1000,1.0,1.527027027027027,0.035512256442489
crazyilian,1200,1.0,1.7636363636363637,0.041014799154334036
crazyilian,1400,0.9565217391304348,2.4782608695652173,0.1011122345803842
crazyilian,1600,0.8783783783783784,2.675675675675676,0.18384663733500942
crazyilian,1800,0.8412698412698413,2.8253968253968256,0.22443706164636396
crazyilian,2000,0.8679245283018868,3.188679245283019,0.20623080298376478
crazyilian,2200,0.7096774193548387,3.064516129032258,0.3615903975993998
crazyilian,2400,0.7241379310344828,2.9655172413793105,0.3448275862068966
crazyilian,2600,0.6875,6.25,0.45784883720930236
crazyilian,2800,0.8571428571428571,5.0,0.25913621262458475
crazyilian,3000,0.75,7.5,0.42441860465116277
crazyilian,3200,0.0,2.0,1.0465116279069768
crazyilian,3400,1.0,5.0,0.11627906976744186
crimson000,800,1.0,1.24,0.02883720930232558
crimson000,1000,0.9375,1.4375,0.09593023255813954
crimson000,1200,1.0,1.7142857142857142,0.03986710963455149
crimson000,1400,1.0,1.6111111111111112,0.037467700258397935
crimson000,1600,1.0,2.0714285714285716,0.04817275747508306
crimson000,1800,0.9523809523809523,2.761904761904762,0.11184939091915841
crimson000,2000,0.9666666666666667,2.2,0.08449612403100776
crimson000,2200,1.0,2.227272727272727,0.05179704016913319
crimson000,2400,0.96,3.46,0.1204651162790698
crimson000,2600,0.9714285714285714,3.085714285714286,0.10033222591362127
crimson000,2800,1.0,4.076923076923077,0.09481216457960644
crimson000,3000,0.9795918367346939,2.4285714285714284,0.07688656858092076
crimson000,3200,1.0,4.137931034482759,0.09623095429029672
crimson000,3400,1.0,5.888888888888889,0.13695090439276486
csp1025,800,1.0,1.3846153846153846,0.032200357781753126
csp1025,1000,1.0,1.3333333333333333,0.031007751937984496
csp1025,1200,1.0,1.588235294117647,0.036935704514363885
csp1025,1400,1.0,1.9375,0.04505813953488372
csp1025,1600,1.0,1.6923076923076923,0.03935599284436494
csp1025,1800,0.9333333333333333,2.8,0.1317829457364341
csp1025,2000,1.0,3.7777777777777777,0.08785529715762273
csp1025,2200,0.8888888888888888,2.0,0.1576227390180879
csp1025,2400,0.7692307692307693,2.076923076923077,0.2790697674418604
csp1025,2600,0.6666666666666666,4.333333333333333,0.434108527131783
csp1025,2800,1.0,2.0,0.046511627906976744
csp1025,3000,1.0,3.0,0.06976744186046512
csp1025,3400,0.0,3.0,1.069767441860465
cunt,800,1.0,1.05,0.02441860465116279
cunt,1000,1.0,1.0,0.023255813953488372
cunt,1200,1.0,1.2727272727272727,0.02959830866807611
cunt,1400,1.0,1.2222222222222223,0.028423772609819122
cunt,1600,1.0,1.25,0.029069767441860465
cunt,1800,1.0,1.3,0.030232558139534883
cunt,2000,0.8947368421052632,2.0526315789473686,0.15299877600979192
cunt,2200,0.875,2.125,0.1744186046511628
cunt,2400,0.8181818181818182,2.4545454545454546,0.23890063424947142
cunt,2600,0.5,4.0,0.5930232558139534
cunt,2800,1.0,2.0,0.046511627906976744
cunt,3000,1.0,1.0,0.023255813953488372
cunt,3200,1.0,5.0,0.11627906976744186
cuom1999,800,0.9817351598173516,1.2009132420091324,0.04619305511309334
cuom1999,1000,0.9790209790209791,1.3076923076923077,0.05139046999512112
cuom1999,1200,0.9822485207100592,1.5384615384615385,0.05352965460299985
cuom1999,1400,0.9883040935672515,1.713450292397661,0.05154358765129879
cuom1999,1600,0.9800995024875622,1.6965174129353233,0.05935439083651512
cuom1999,1800,0.9222797927461139,2.1191709844559585,0.12700325340402463
cuom1999,2000,0.9629629629629629,2.6031746031746033,0.09757598129691158
cuom1999,2200,0.9302325581395349,3.058139534883721,0.14088696592752842
cuom1999,2400,0.8104575163398693,2.9215686274509802,0.2574859401124791
cuom1999,2600,0.8205128205128205,3.3846153846153846,0.2581991651759094
cuom1999,2800,0.8222222222222222,4.822222222222222,0.2899224806201551
cuom1999,3000,0.8421052631578947,3.3684210526315788,0.23623011015911877
cuom1999,3200,0.7777777777777778,5.111111111111111,0.34108527131782945
cuom1999,3400,0.3333333333333333,3.0,0.7364341085271319
cuteSubtask,800,1.0,1.25,0.029069767441860465
cuteSubtask,1000,1.0,1.4,0.03255813953488372
cuteSubtask,1200,0.9375,1.25,0.09156976744186046
cuteSubtask,1400,1.0,1.6,0.037209302325581395
cuteSubtask,1600,0.9166666666666666,1.3333333333333333,0.11434108527131787
cuteSubtask,1800,1.0,3.1538461538461537,0.07334525939177101
cuteSubtask,2000,1.0,2.111111111111111,0.04909560723514212
cuteSubtask,2200,1.0,2.3333333333333335,0.054263565891472874
cuteSubtask,2400,0.7777777777777778,4.888888888888889,0.3359173126614987
cuteSubtask,2600,0.5555555555555556,5.444444444444445,0.5710594315245477
cuteSubtask,2800,0.5,9.5,0.7209302325581395
cuteSubtask,3000,0.5,3.0,0.5697674418604651
cuteSubtask,3400,0.3333333333333333,1.3333333333333333,0.6976744186046513
cyx,800,0.9903846153846154,1.2596153846153846,0.03890876565295166
cyx,1000,1.0,1.2962962962962963,0.030146425495262703
cyx,1200,0.9859154929577465,1.6619718309859155,0.05273501473960038
cyx,1400,0.9885057471264368,1.6781609195402298,0.05052125100240576
cyx,1600,0.9838709677419355,1.5806451612903225,0.05288822205551386
cyx,1800,0.9925925925925926,1.7703703703703704,0.048578811369509055
cyx,2000,0.992,2.104,0.056930232558139546
cyx,2200,0.9921259842519685,2.047244094488189,0.055484343526826574
cyx,2400,0.972972972972973,2.135135135135135,0.07668133249528593
cyx,2600,0.9444444444444444,2.7111111111111112,0.11860465116279073
cyx,2800,0.8888888888888888,2.2962962962962963,0.16451335055986224
cyx,3000,1.0,2.7857142857142856,0.06478405315614617
cyx,3200,1.0,2.25,0.05232558139534884
cyx,3400,1.0,2.3333333333333335,0.054263565891472874
czjxyz,800,1.0,1.2666666666666666,0.02945736434108527
czjxyz,1000,1.0,1.25,0.029069767441860465
czjxyz,1200,1.0,1.4736842105263157,0.03427172582619339
czjxyz,1400,1.0,1.2962962962962963,0.030146425495262703
czjxyz,1600,1.0,1.619047619047619,0.03765227021040975
czjxyz,1800,0.9583333333333334,1.7916666666666667,0.0833333333333333
czjxyz,2000,0.9655172413793104,2.1724137931034484,0.0850040096230954
czjxyz,2200,1.0,1.9047619047619047,0.04429678848283499
czjxyz,2400,0.9411764705882353,3.264705882352941,0.1347469220246238
czjxyz,2600,0.8,3.8666666666666667,0.289922480620155
czjxyz,2800,0.8181818181818182,3.272727272727273,0.2579281183932346
czjxyz,3000,0.8571428571428571,3.2857142857142856,0.21926910299003327
czjxyz,3200,0.5,3.75,0.5872093023255814
darheb,800,1.0,1.25,0.029069767441860465
darheb,1000,1.0,1.3333333333333333,0.031007751937984496
darheb,1200,1.0,1.6,0.037209302325581395
darheb,1400,1.0,1.0,0.023255813953488372
darheb,1600,1.0,2.0,0.046511627906976744
darheb,1800,0.8333333333333334,2.0,0.21317829457364337
darheb,2000,1.0,2.0,0.046511627906976744
darheb,2200,0.75,1.25,0.27906976744186046
darheb,2400,1.0,2.5,0.05813953488372093
darheb,2600,1.0,1.0,0.023255813953488372
darkkcyan,800,0.9982758620689656,1.236206896551724,0.030473135525260573
darkkcyan,1000,1.0,1.434640522875817,0.03336373309013528
darkkcyan,1200,0.9965156794425087,1.480836236933798,0.03792237257920749
darkkcyan,1400,0.9896193771626297,1.8235294117647058,0.05278828357608438
darkkcyan,1600,0.9845679012345679,2.058641975308642,0.06330749354005163
darkkcyan,1800,0.9483870967741935,2.325806451612903,0.10570142535633911
darkkcyan,2000,0.9588235294117647,2.614705882352941,0.10198358413132691
darkkcyan,2200,0.9146757679180887,2.863481228668942,0.15191681879514252
darkkcyan,2400,0.9090909090909091,3.766798418972332,0.17850905414100565
darkkcyan,2600,0.8780487804878049,3.957317073170732,0.2139818491208168
darkkcyan,2800,0.868421052631579,4.605263157894737,0.23867809057527536
darkkcyan,3000,0.9,5.2,0.2209302325581395
darkkcyan,3200,0.4,5.6,0.7302325581395348
darkkcyan,3400,0.5,3.5,0.5813953488372093
darkmatter_druid,800,0.8888888888888888,1.0,0.13436692506459952
darkmatter_druid,1000,0.6666666666666666,1.0,0.35658914728682173
darkmatter_druid,1200,0.6666666666666666,1.0,0.35658914728682173
darkmatter_druid,1400,1.0,1.1666666666666667,0.027131782945736437
darkmatter_druid,1600,1.0,1.0,0.023255813953488372
darkmatter_druid,1800,0.8181818181818182,1.0,0.20507399577167013
darkmatter_druid,2000,1.0,1.3333333333333333,0.031007751937984496
darkmatter_druid,2200,1.0,1.25,0.029069767441860465
darkmatter_druid,2400,0.5,2.0,0.5465116279069767
darkmatter_druid,2600,1.0,1.0,0.023255813953488372
darkmatter_druid,2800,1.0,1.0,0.023255813953488372
darkmatter_druid,3000,1.0,1.0,0.023255813953488372
darkmatter_druid,3400,0.0,1.0,1.0232558139534884
destructive_criticism,800,0.9861111111111112,1.2291666666666667,0.0424741602067183
destructive_criticism,1000,0.9776119402985075,1.3805970149253732,0.05449496702533838
destructive_criticism,1200,0.9781021897810219,1.489051094890511,0.05652690544898996
destructive_criticism,1400,0.9407407407407408,1.6,0.09646856158484063
destructive_criticism,1600,0.972027972027972,1.6433566433566433,0.06618962432915926
destructive_criticism,1800,0.9328859060402684,1.9463087248322148,0.11237708756048073
destructive_criticism,2000,0.9523809523809523,2.1984126984126986,0.09874492432631973
destructive_criticism,2200,0.9663865546218487,2.3361344537815127,0.08794215360562829
destructive_criticism,2400,0.8934426229508197,2.680327868852459,0.1688905833015631
destructive_criticism,2600,0.890625,3.015625,0.17950581395348836
destructive_criticism,2800,0.8974358974358975,3.4358974358974357,0.18246869409660105
destructive_criticism,3000,0.96,2.96,0.10883720930232561
destructive_criticism,3200,1.0,2.7777777777777777,0.06459948320413436
destructive_criticism,3400,1.0,2.0,0.046511627906976744
devans,800,0.9857142857142858,1.1142857142857143,0.040199335548172704
devans,1000,1.0,1.3235294117647058,0.030779753761969904
devans,1200,1.0,1.4210526315789473,0.033047735618115054
devans,1400,0.96,1.44,0.07348837209302328
devans,1600,1.0,1.3529411764705883,0.03146374829001368
devans,1800,0.9230769230769231,1.9487179487179487,0.12224209898628498
devans,2000,0.9545454545454546,1.6363636363636365,0.08350951374207184
devans,2200,0.9,2.58,0.15999999999999998
devans,2400,0.9285714285714286,2.517857142857143,0.12998338870431891
devans,2600,0.8333333333333334,3.8333333333333335,0.25581395348837205
devans,2800,1.0,5.0,0.11627906976744186
devans,3000,1.0,1.0,0.023255813953488372
diss_quack,800,0.9482758620689655,1.1724137931034482,0.07898957497995188
diss_quack,1000,0.90625,1.25,0.12281976744186046
diss_quack,1200,1.0,1.7037037037037037,0.03962101636520241
diss_quack,1400,0.9473684210526315,2.210526315789474,0.10403916768665857
diss_quack,1600,1.0,2.6666666666666665,0.06201550387596899
diss_quack,1800,0.975,2.0,0.07151162790697677
diss_quack,2000,0.8846153846153846,2.6923076923076925,0.17799642218246875
diss_quack,2200,0.88,2.08,0.16837209302325581
diss_quack,2400,0.8461538461538461,3.6153846153846154,0.23792486583184258
diss_quack,2600,0.8,2.0,0.2465116279069767
diss_quack,2800,1.0,1.6666666666666667,0.03875968992248062
diss_quack,3000,1.0,3.0,0.06976744186046512
diss_quack,3200,1.0,6.333333333333333,0.14728682170542634
dlalswp25,800,0.9969512195121951,1.1402439024390243,0.029566080544526377
dlalswp25,1000,1.0,1.213235294117647,0.028214774281805743
dlalswp25,1200,1.0,1.2747252747252746,0.02964477383082034
dlalswp25,1400,0.9944444444444445,1.2944444444444445,0.035658914728682156
dlalswp25,1600,0.9852941176470589,1.5147058823529411,0.049931600547195566
dlalswp25,1800,0.9849246231155779,1.5326633165829147,0.05071870982821078
dlalswp25,2000,0.9838709677419355,1.6397849462365592,0.054263565891472854
dlalswp25,2200,0.9943820224719101,1.7415730337078652,0.046119675986412347
dlalswp25,2400,0.9202127659574468,2.074468085106383,0.1280306778822365
dlalswp25,2600,0.907563025210084,2.7142857142857144,0.15555989837795584
dlalswp25,2800,0.84,2.493333333333333,0.21798449612403104
dlalswp25,3000,0.7941176470588235,4.823529411764706,0.3180574555403557
dlalswp25,3200,0.4666666666666667,2.0,0.57984496124031
dlalswp25,3400,0.2,3.4,0.8790697674418605
dldlzjfs,800,0.9929078014184397,1.8652482269503545,0.05047006432459179
dldlzjfs,1000,1.0,2.761904761904762,0.06423034330011074
dldlzjfs,1200,1.0,2.1333333333333333,0.04961240310077519
dldlzjfs,1400,0.9464285714285714,2.517857142857143,0.11212624584717612
dldlzjfs,1600,0.9333333333333333,2.533333333333333,0.1255813953488372
dldlzjfs,1800,0.974025974025974,3.4545454545454546,0.106312292358804
dldlzjfs,2000,0.9629629629629629,2.7222222222222223,0.10034453057708877
dldlzjfs,2200,0.9253731343283582,3.537313432835821,0.15688996876084693
dldlzjfs,2400,0.8888888888888888,2.861111111111111,0.17764857881136956
dldlzjfs,2600,0.8461538461538461,3.3846153846153846,0.23255813953488375
dldlzjfs,2800,1.0,3.0,0.06976744186046512
dldlzjfs,3000,1.0,3.3333333333333335,0.07751937984496124
dldlzjfs,3200,1.0,3.0,0.06976744186046512
dldlzjfs,3400,1.0,3.6666666666666665,0.08527131782945736
dmraykhan,800,0.9862700228832952,1.4691075514874141,0.0478952690117609
dmraykhan,1000,0.9842271293375394,1.9053627760252365,0.060083632895605615
dmraykhan,1200,0.9739583333333334,1.6666666666666667,0.06480135658914725
dmraykhan,1400,0.9515418502202643,1.9559471365638768,0.09394529249052355
dmraykhan,1600,0.9471153846153846,2.0384615384615383,0.10029069767441864
dmraykhan,1800,0.9615384615384616,2.641025641025641,0.09988073941562312
dmraykhan,2000,0.9629629629629629,2.861111111111111,0.10357450473729549
dmraykhan,2200,0.9135135135135135,3.135135135135135,0.15939660590823382
dmraykhan,2400,0.9318181818181818,4.056818181818182,0.16252642706131082
dmraykhan,2600,0.8804347826086957,4.478260869565218,0.2237108190091001
dmraykhan,2800,0.8947368421052632,4.0,0.19828641370869032
dmraykhan,3000,0.7272727272727273,9.454545454545455,0.492600422832981
dmraykhan,3200,0.75,14.25,0.5813953488372092
dmraykhan,3400,0.25,3.0,0.8197674418604651
dyppp,800,0.9777777777777777,1.2317460317460318,0.05086747877445555
dyppp,1000,0.9652173913043478,1.3217391304347825,0.065520728008089
dyppp,1200,0.9696969696969697,1.378787878787879,0.062367864693446066
dyppp,1400,0.9807692307692307,1.5384615384615385,0.05500894454382831
dyppp,1600,0.9099099099099099,1.8018018018018018,0.1319924575738529
dyppp,1800,0.8461538461538461,1.8557692307692308,0.1970035778175313
dyppp,2000,0.85,2.425,0.20639534883720934
dyppp,2200,0.8181818181818182,2.8484848484848486,0.2480620155038759
dyppp,2400,0.7121212121212122,3.0757575757575757,0.35940803382663844
dyppp,2600,0.5172413793103449,3.3448275862068964,0.5605453087409783
dyppp,2800,0.35,3.1,0.722093023255814
dyppp,3000,0.25,1.5,0.7848837209302325
dyppp,3200,1.0,2.0,0.046511627906976744
dyppp,3400,0.3333333333333333,2.3333333333333335,0.7209302325581396
ean020920,800,1.0,1.8738738738738738,0.04357846218311334
ean020920,1000,1.0,1.4285714285714286,0.03322259136212625
ean020920,1200,0.9821428571428571,1.6607142857142858,0.05647840531561467
ean020920,1400,0.9607843137254902,1.6470588235294117,0.07751937984496121
ean020920,1600,1.0,1.607843137254902,0.03739170086639307
ean020920,1800,1.0,2.0526315789473686,0.047735618115055084
ean020920,2000,0.9761904761904762,2.2142857142857144,0.07530454042081952
ean020920,2200,0.9183673469387755,2.2244897959183674,0.13336497389653534
ean020920,2400,0.9069767441860465,2.3255813953488373,0.14710654407787999
ean020920,2600,0.6875,1.875,0.3561046511627907
ean020920,2800,0.8333333333333334,3.3333333333333335,0.24418604651162787
ean020920,3000,1.0,1.5,0.03488372093023256
ecnerwala,800,0.9894179894179894,1.619047619047619,0.04823428079242033
ecnerwala,1000,0.9841269841269841,1.8941798941798942,0.05992371108650184
ecnerwala,1200,1.0,1.6266666666666667,0.03782945736434109
ecnerwala,1400,0.9861751152073732,1.7419354838709677,0.05433501232450975
ecnerwala,1600,0.9836734693877551,1.6938775510204083,0.05571903179876599
ecnerwala,1800,0.957983193277311,1.6512605042016806,0.08041821379714673
ecnerwala,2000,0.9819819819819819,1.8558558558558558,0.06117745652629377
ecnerwala,2200,0.953757225433526,1.8381502890173411,0.08899045570641213
ecnerwala,2400,0.9365079365079365,1.8941798941798942,0.1075427587055494
ecnerwala,2600,0.9855072463768116,2.3405797101449277,0.06892483990562853
ecnerwala,2800,0.937984496124031,2.054263565891473,0.10978907517577069
ecnerwala,3000,0.9595959595959596,2.3838383838383836,0.0958421423537703
ecnerwala,3200,0.9722222222222222,2.4722222222222223,0.08527131782945738
ecnerwala,3400,0.9657534246575342,3.212328767123288,0.10895189550812363
efishel,800,0.9925925925925926,1.4222222222222223,0.04048234280792422
efishel,1000,0.9710144927536232,1.4492753623188406,0.06268958543983824
efishel,1200,0.987012987012987,1.2987012987012987,0.043189368770764125
efishel,1400,0.9861111111111112,1.75,0.054586563307493494
efishel,1600,1.0,1.7525773195876289,0.04075761208343323
efishel,1800,0.9819819819819819,1.6486486486486487,0.05635868426566105
efishel,2000,0.9753086419753086,1.8641975308641976,0.06804478897502153
efishel,2200,0.9607843137254902,2.156862745098039,0.08937528499771999
efishel,2400,0.90625,2.21875,0.14534883720930233
efishel,2600,0.8421052631578947,3.3157894736842106,0.23500611995104043
efishel,2800,0.3333333333333333,5.0,0.7829457364341086
efishel,3000,1.0,1.5,0.03488372093023256
erekle,800,1.0,1.2210526315789474,0.02839657282741738
erekle,1000,1.0,1.4943820224719102,0.03475307029004442
erekle,1200,1.0,1.58,0.03674418604651163
erekle,1400,1.0,1.936936936936937,0.04504504504504504
erekle,1600,1.0,2.024793388429752,0.04708821833557563
erekle,1800,1.0,1.8296296296296297,0.0425495262704565
erekle,2000,1.0,1.7857142857142858,0.04152823920265781
erekle,2200,0.9807692307692307,2.269230769230769,0.07200357781753135
erekle,2400,0.9607843137254902,2.980392156862745,0.10852713178294571
erekle,2600,1.0,2.85,0.06627906976744186
erekle,2800,0.75,2.3333333333333335,0.30426356589147285
erekle,3200,0.3333333333333333,5.333333333333333,0.7906976744186047
erekle,3400,0.6666666666666666,2.6666666666666665,0.39534883720930236
eriri__,800,1.0,1.1904761904761905,0.02768549280177187
eriri__,1000,1.0,1.45,0.033720930232558136
eriri__,1200,0.9523809523809523,1.8095238095238095,0.08970099667774092
eriri__,1400,1.0,2.6842105263157894,0.0624235006119951
eriri__,1600,0.9629629629629629,2.4814814814814814,0.09474590869939711
eriri__,1800,0.967741935483871,2.7903225806451615,0.09714928732183044
eriri__,2000,0.9452054794520548,3.8767123287671232,0.14495062121694807
eriri__,2200,0.9528301886792453,3.7830188679245285,0.13514699429574373
eriri__,2400,0.9826086956521739,4.443478260869565,0.12072800808897877
eriri__,2600,0.956989247311828,3.6344086021505375,0.12753188297074264
eriri__,2800,0.968421052631579,4.28421052631579,0.13121175030599755
eriri__,3000,0.8909090909090909,6.054545454545455,0.24989429175475691
eriri__,3200,0.9714285714285714,5.885714285714286,0.16544850498338873
eriri__,3400,0.875,8.041666666666666,0.312015503875969
eyadhjarray111,800,0.9959349593495935,1.434959349593496,0.037436188315371495
eyadhjarray111,1000,0.9951690821256038,1.8985507246376812,0.0489832603078306
eyadhjarray111,1200,0.9567307692307693,2.3125,0.09704830053667259
eyadhjarray111,1400,0.9693877551020408,2.836734693877551,0.09658281917418134
eyadhjarray111,1600,0.9441340782122905,3.6145251396648046,0.13992464596596083
eyadhjarray111,1800,0.9203539823008849,3.424778761061947,0.15929203539823011
eyadhjarray111,2000,0.896969696969697,3.903030303030303,0.1937984496124031
eyadhjarray111,2200,0.8,5.156521739130435,0.31991911021233566
eyadhjarray111,2400,0.7377049180327869,5.60655737704918,0.39268013724742656
eyadhjarray111,2600,0.8181818181818182,5.409090909090909,0.3076109936575052
eyadhjarray111,2800,0.6666666666666666,2.3333333333333335,0.3875968992248062
eyadhjarray111,3000,0.5,6.5,0.6511627906976745
eyadhjarray111,3200,1.0,2.0,0.046511627906976744
ezraft,800,1.0,1.4946140035906643,0.034758465199782894
ezraft,1000,1.0,1.7963446475195823,0.04177545691906005
ezraft,1200,1.0,2.078880407124682,0.04834605597964376
ezraft,1400,0.9964788732394366,2.637323943661972,0.06485424172944645
ezraft,1600,0.9933110367892977,2.347826086956522,0.06128956988410982
ezraft,1800,0.9925650557620818,2.721189591078067,0.07071842310019887
ezraft,2000,0.9781021897810219,3.0291970802919708,0.09234425394669833
ezraft,2200,0.972972972972973,4.486486486486487,0.13136392206159642
ezraft,2400,0.9459459459459459,5.211711711711712,0.17525665200083806
ezraft,2600,0.9253731343283582,6.746268656716418,0.23151683443248872
ezraft,2800,0.92,4.0,0.17302325581395345
ezraft,3000,0.9375,5.625,0.1933139534883721
ezraft,3200,1.0,5.833333333333333,0.13565891472868216
ezraft,3400,1.0,1.0,0.023255813953488372
fIower,800,0.7272727272727273,1.0,0.29598308668076106
fIower,1000,1.0,1.0,0.023255813953488372
fIower,1200,1.0,1.0,0.023255813953488372
fIower,1400,1.0,1.0,0.023255813953488372
fIower,1600,1.0,2.75,0.06395348837209303
fIower,1800,1.0,1.4285714285714286,0.03322259136212625
fIower,2000,1.0,1.25,0.029069767441860465
fIower,2200,0.75,1.5,0.28488372093023256
fIower,2400,0.8,1.0,0.2232558139534883
fIower,2600,1.0,1.4,0.03255813953488372
fIower,2800,1.0,1.1428571428571428,0.026578073089700994
fIower,3000,1.0,1.0,0.023255813953488372
fakeapple,800,1.0,1.53125,0.03561046511627907
fakeapple,1000,1.0,1.5,0.03488372093023256
fakeapple,1200,0.8888888888888888,2.4444444444444446,0.1679586563307494
fakeapple,1400,0.7692307692307693,1.9230769230769231,0.27549194991055453
fakeapple,1600,0.9,1.6,0.13720930232558137
fakeapple,1800,0.75,2.0,0.2965116279069767
fakeapple,2000,0.8333333333333334,2.6666666666666665,0.22868217054263562
fakeapple,2200,1.0,1.625,0.0377906976744186
fakeapple,2600,1.0,1.0,0.023255813953488372
fallingflower,800,1.0,1.0465116279069768,0.024337479718766902
fallingflower,1000,1.0,1.45,0.033720930232558136
fallingflower,1200,1.0,1.588235294117647,0.036935704514363885
fallingflower,1400,1.0,1.894736842105263,0.04406364749082007
fallingflower,1600,0.9285714285714286,2.2142857142857144,0.12292358803986708
fallingflower,1800,0.8571428571428571,2.4285714285714284,0.1993355481727575
fallingflower,2000,1.0,2.0,0.046511627906976744
fallingflower,2200,1.0,1.6666666666666667,0.03875968992248062
fallingflower,2400,0.0,1.0,1.0232558139534884
familiarize,800,1.0,1.3333333333333333,0.031007751937984496
familiarize,1000,1.0,1.25,0.029069767441860465
familiarize,1200,1.0,1.6363636363636365,0.03805496828752643
familiarize,1400,1.0,1.5,0.03488372093023256
familiarize,1600,1.0,1.5,0.03488372093023256
familiarize,1800,1.0,1.6923076923076923,0.03935599284436494
familiarize,2000,1.0,1.5,0.03488372093023256
familiarize,2200,1.0,4.333333333333333,0.10077519379844961
familiarize,2400,0.9090909090909091,1.9090909090909092,0.1353065539112051
familiarize,2600,1.0,4.666666666666667,0.10852713178294575
familiarize,2800,0.5,8.0,0.686046511627907
familiarize,3000,1.0,2.0,0.046511627906976744
familiarize,3400,0.0,1.0,1.0232558139534884
fangzx,800,0.9753086419753086,1.7037037037037037,0.06431237438989376
fangzx,1000,0.975609756097561,1.853658536585366,0.06749858196256384
fangzx,1200,0.98,2.2,0.07116279069767445
fangzx,1400,0.9696969696969697,2.242424242424242,0.08245243128964055
fangzx,1600,0.9574468085106383,2.702127659574468,0.10539336961900043
fangzx,1800,0.8923076923076924,3.292307692307692,0.18425760286225396
fangzx,2000,0.9113924050632911,3.3544303797468356,0.16661760376803064
fangzx,2200,0.9767441860465116,3.36046511627907,0.10140616549486213
fangzx,2400,0.9902912621359223,3.970873786407767,0.10205463987356062
fangzx,2600,0.9375,3.390625,0.1413517441860465
fangzx,2800,0.9310344827586207,4.120689655172414,0.16479550922213315
fangzx,3000,0.896551724137931,3.5517241379310347,0.18604651162790697
fangzx,3200,0.8823529411764706,6.294117647058823,0.26402188782489744
fangzx,3400,0.9473684210526315,9.631578947368421,0.27662178702570384
fanhuaxingyu,800,1.0,1.3333333333333333,0.031007751937984496
fanhuaxingyu,1000,1.0,1.9357142857142857,0.04501661129568106
fanhuaxingyu,1200,1.0,2.1710526315789473,0.050489596083231336
fanhuaxingyu,1400,1.0,2.628099173553719,0.06111858543148184
fanhuaxingyu,1600,1.0,2.80327868852459,0.06519252764010675
fanhuaxingyu,1800,1.0,3.1910828025477707,0.07421122796622723
fanhuaxingyu,2000,0.9907407407407407,3.861111111111111,0.09905254091300607
fanhuaxingyu,2200,0.9894736842105263,4.105263157894737,0.10599755201958388
fanhuaxingyu,2400,1.0,4.397435897435898,0.10226595110316042
fanhuaxingyu,2600,0.9393939393939394,3.878787878787879,0.15081042988019727
fanhuaxingyu,2800,1.0,3.0,0.06976744186046512
fanhuaxingyu,3000,0.6666666666666666,1.6666666666666667,0.372093023255814
fanhuaxingyu,3200,0.75,3.25,0.32558139534883723
fanhuaxingyu,3400,1.0,4.0,0.09302325581395349
farkon00,800,0.9879518072289156,1.1566265060240963,0.038946483608854054
farkon00,1000,0.8974358974358975,1.3076923076923077,0.13297555158020272
farkon00,1200,0.9318181818181818,1.7272727272727273,0.10835095137420725
farkon00,1400,0.9428571428571428,1.7714285714285714,0.09833887043189371
farkon00,1600,0.9318181818181818,1.8181818181818181,0.11046511627906982
farkon00,1800,0.8472222222222222,2.0,0.19928940568475453
farkon00,2000,0.8902439024390244,2.1707317073170733,0.16023823028927964
farkon00,2200,0.9431818181818182,3.2045454545454546,0.1313424947145877
farkon00,2400,0.9411764705882353,2.6691176470588234,0.12089603283173736
farkon00,2600,0.9148936170212766,3.276595744680851,0.161306284017813
farkon00,2800,0.8333333333333334,1.8333333333333333,0.2093023255813953
farkon00,3000,1.0,2.0,0.046511627906976744
farkon00,3200,1.0,10.0,0.23255813953488372
fengqiyuka,800,1.0,1.0196078431372548,0.023711810305517556
fengqiyuka,1000,1.0,1.1153846153846154,0.0259391771019678
fengqiyuka,1200,1.0,1.3333333333333333,0.031007751937984496
fengqiyuka,1400,1.0,1.4705882352941178,0.03419972640218878
fengqiyuka,1600,1.0,1.3043478260869565,0.03033367037411527
fengqiyuka,1800,1.0,1.2,0.027906976744186046
fengqiyuka,2000,1.0,1.9090909090909092,0.04439746300211417
fengqiyuka,2200,0.975609756097561,1.3902439024390243,0.05672149744753263
fengqiyuka,2400,0.9574468085106383,2.0425531914893615,0.09005442850074216
fengqiyuka,2600,0.918918918918919,2.2432432432432434,0.13324952859836575
fengqiyuka,2800,0.8444444444444444,3.022222222222222,0.22583979328165377
fengqiyuka,3000,0.8,3.4,0.2790697674418604
fengqiyuka,3200,0.8888888888888888,3.3703703703703702,0.18949181739879417
fengqiyuka,3400,0.9375,5.75,0.19622093023255813
ffoooo,800,1.0,1.1142857142857143,0.025913621262458473
ffoooo,1000,1.0,1.3571428571428572,0.03156146179401993
ffoooo,1200,1.0,1.0555555555555556,0.02454780361757106
ffoooo,1400,0.9523809523809523,2.0952380952380953,0.09634551495016616
ffoooo,1600,0.8333333333333334,2.0,0.21317829457364337
ffoooo,1800,0.9642857142857143,2.5357142857142856,0.09468438538205978
ffoooo,2000,1.0,2.4133333333333336,0.05612403100775194
ffoooo,2200,0.9705882352941176,3.5294117647058822,0.11149110807113544
ffoooo,2400,0.9772727272727273,4.181818181818182,0.11997885835095135
ffoooo,2600,1.0,4.6,0.10697674418604651
ffoooo,2800,0.975,3.475,0.10581395348837212
ffoooo,3000,1.0,7.428571428571429,0.17275747508305647
ffoooo,3200,0.9310344827586207,4.0344827586206895,0.16279069767441862
ffoooo,3400,0.9545454545454546,5.545454545454546,0.17441860465116277
fireinferno,800,0.9805825242718447,1.4466019417475728,0.053059381350191906
fireinferno,1000,0.9743589743589743,1.5769230769230769,0.06231365533691117
fireinferno,1200,1.0,2.08974358974359,0.048598688133571856
fireinferno,1400,0.9466666666666667,2.1733333333333333,0.10387596899224807
fireinferno,1600,0.9090909090909091,3.0303030303030303,0.16138125440451023
fireinferno,1800,0.868421052631579,2.486842105263158,0.18941248470012237
fireinferno,2000,0.835820895522388,3.8805970149253732,0.2544255466851788
fireinferno,2200,0.7333333333333333,4.266666666666667,0.3658914728682171
fireinferno,2400,0.5,3.966666666666667,0.5922480620155038
fireinferno,2600,0.6,4.5,0.5046511627906977
fireinferno,2800,0.5,6.25,0.6453488372093024
fireinferno,3000,0.0,1.0,1.0232558139534884
fireinferno,3400,0.0,4.5,1.1046511627906976
firewater,800,1.0,1.0769230769230769,0.02504472271914132
firewater,1000,1.0,1.1111111111111112,0.02583979328165375
firewater,1200,1.0,1.3333333333333333,0.031007751937984496
firewater,1400,1.0,1.5555555555555556,0.03617571059431524
firewater,1600,1.0,1.8333333333333333,0.04263565891472868
firewater,1800,1.0,1.9230769230769231,0.044722719141323794
firewater,2000,0.8,2.8,0.2651162790697674
firewater,2200,0.8333333333333334,2.3333333333333335,0.2209302325581395
firewater,2400,1.0,1.8571428571428572,0.04318936877076412
firewater,2600,1.0,3.0,0.06976744186046512
firewater,2800,1.0,4.2,0.09767441860465116
firewater,3000,1.0,1.0,0.023255813953488372
fishy15,800,0.9525691699604744,1.4426877470355732,0.08098170787756223
fishy15,1000,0.9153846153846154,1.3692307692307693,0.11645796064400718
fishy15,1200,0.9051094890510949,1.802919708029197,0.1368188762519097
fishy15,1400,0.8923076923076924,2.0692307692307694,0.15581395348837204
fishy15,1600,0.85,2.0,0.19651162790697677
fishy15,1800,0.9,2.74,0.16372093023255813
fishy15,2000,0.908256880733945,2.330275229357798,0.14593556646042244
fishy15,2200,0.92,2.576,0.139906976744186
fishy15,2400,0.9361702127659575,3.0106382978723403,0.1338446313706086
fishy15,2600,0.8125,3.0625,0.25872093023255816
fishy15,2800,0.7,4.3,0.4
fishy15,3000,0.3333333333333333,6.5,0.8178294573643412
fiza,800,1.0,1.2546583850931676,0.029178101978910874
fiza,1000,0.9857142857142858,1.2857142857142858,0.04418604651162786
fiza,1200,1.0,1.446808510638298,0.03364670954972786
fiza,1400,0.967741935483871,1.2903225806451613,0.062265566391597874
fiza,1600,1.0,1.4705882352941178,0.03419972640218878
fiza,1800,0.9629629629629629,1.4814814814814814,0.07149009474590876
fiza,2000,1.0,1.4615384615384615,0.03398926654740608
fiza,2200,0.9,1.6,0.13720930232558137
fiza,2400,1.0,1.5,0.03488372093023256
fiza,2600,1.0,1.0,0.023255813953488372
fiza,3000,0.5,2.5,0.5581395348837209
flakepym,800,0.9862068965517241,1.3862068965517242,0.04603047313552529
flakepym,1000,0.9090909090909091,1.9318181818181819,0.13583509513742076
flakepym,1200,0.9767441860465116,2.302325581395349,0.0767982693347756
flakepym,1400,0.9736842105263158,2.1578947368421053,0.07649938800489593
flakepym,1600,0.8260869565217391,2.782608695652174,0.23862487360970677
flakepym,1800,0.5714285714285714,2.8214285714285716,0.49418604651162795
flakepym,2000,0.5,2.6666666666666665,0.562015503875969
flakepym,2200,1.0,1.8,0.04186046511627907
flakepym,2600,1.0,1.0,0.023255813953488372
flashmt,800,0.9961538461538462,1.123076923076923,0.02996422182468693
flashmt,1000,0.9883040935672515,1.3216374269005848,0.04243166054671563
flashmt,1200,1.0,1.2968036529680365,0.030158224487628754
flashmt,1400,0.9963369963369964,1.4725274725274726,0.03790782860550301
flashmt,1600,0.9968152866242038,1.8121019108280254,0.04532661827877351
flashmt,1800,0.9863760217983651,2.0544959128065394,0.06140295291806601
flashmt,2000,0.9786666666666667,2.3173333333333335,0.07522480620155036
flashmt,2200,0.9874371859296482,2.540201005025126,0.07163725604768026
flashmt,2400,0.9686746987951808,3.163855421686747,0.10490333426730174
flashmt,2600,0.9617021276595744,2.7617021276595746,0.10252350321622965
flashmt,2800,0.9739130434782609,3.391304347826087,0.10495449949443879
flashmt,3000,0.8918918918918919,3.5945945945945947,0.19170333123821498
flashmt,3200,0.8333333333333334,3.3333333333333335,0.24418604651162787
flashmt,3400,1.0,4.5,0.10465116279069768
flowing_boat,800,1.0,1.3333333333333333,0.031007751937984496
flowing_boat,1000,0.8461538461538461,1.7692307692307692,0.19499105545617174
flowing_boat,1200,1.0,1.7619047619047619,0.04097452934662237
flowing_boat,1400,1.0,3.5,0.08139534883720931
flowing_boat,1600,1.0,2.1666666666666665,0.050387596899224806
flowing_boat,1800,0.9387755102040817,3.1020408163265305,0.13336497389653532
flowing_boat,2000,0.9852941176470589,4.323529411764706,0.11525307797537614
flowing_boat,2200,1.0,4.269662921348314,0.09929448654298406
flowing_boat,2400,0.9574468085106383,3.0,0.11232063334982677
flowing_boat,2600,0.9836065573770492,3.9508196721311477,0.10827296988181474
flowing_boat,2800,0.9074074074074074,4.37037037037037,0.19422911283376396
flowing_boat,3000,1.0,5.222222222222222,0.12144702842377261
flowing_boat,3200,1.0,6.0,0.13953488372093023
flowing_boat,3400,0.9411764705882353,8.882352941176471,0.265389876880985
flytime,800,1.0,1.0980392156862746,0.025535795713634294
flytime,1000,1.0,1.2083333333333333,0.028100775193798447
flytime,1200,1.0,1.4,0.03255813953488372
flytime,1400,1.0,1.4814814814814814,0.03445305770887166
flytime,1600,1.0,1.6785714285714286,0.03903654485049834
flytime,1800,1.0,1.9642857142857142,0.04568106312292359
flytime,2000,1.0,1.8709677419354838,0.04351087771942985
flytime,2200,0.8947368421052632,2.3157894736842106,0.1591187270501836
flytime,2400,0.8695652173913043,2.130434782608696,0.17997977755308395
flytime,2600,1.0,2.857142857142857,0.0664451827242525
flytime,2800,1.0,1.5,0.03488372093023256
flytime,3200,0.0,1.0,1.0232558139534884
foreverlasting1202,800,1.0,2.0,0.046511627906976744
foreverlasting1202,1000,1.0,1.25,0.029069767441860465
foreverlasting1202,1200,1.0,1.625,0.0377906976744186
foreverlasting1202,1400,1.0,1.0,0.023255813953488372
foreverlasting1202,1600,1.0,1.8571428571428572,0.04318936877076412
foreverlasting1202,1800,1.0,2.3333333333333335,0.054263565891472874
foreverlasting1202,2000,1.0,2.3333333333333335,0.054263565891472874
foreverlasting1202,2200,0.8,4.0,0.29302325581395344
foreverlasting1202,2400,1.0,4.333333333333333,0.10077519379844961
foreverlasting1202,3200,0.0,7.0,1.1627906976744187
francesco,800,0.9644970414201184,1.2366863905325445,0.06426310719691754
francesco,1000,0.9615384615384616,1.3846153846153846,0.07066189624329156
francesco,1200,0.9253731343283582,2.0597014925373136,0.12252690038181187
francesco,1400,0.9838709677419355,1.4838709677419355,0.0506376594148537
francesco,1600,0.9857142857142858,1.7571428571428571,0.055149501661129516
francesco,1800,0.9027777777777778,2.625,0.15826873385012918
francesco,2000,0.9056603773584906,2.5849056603773586,0.15445370776656425
francesco,2200,0.8723404255319149,4.1063829787234045,0.22315685304304797
francesco,2400,0.7083333333333334,5.916666666666667,0.42926356589147285
francesco,2600,0.2857142857142857,2.5714285714285716,0.7740863787375416
francesco,2800,0.5,4.7,0.6093023255813954
frankfan,800,1.0,1.2727272727272727,0.02959830866807611
frankfan,1000,1.0,1.6666666666666667,0.03875968992248062
frankfan,1200,1.0,2.0,0.046511627906976744
frankfan,1400,1.0,2.0,0.046511627906976744
frankfan,1600,1.0,1.3333333333333333,0.031007751937984496
frankfan,1800,0.6,1.8,0.4418604651162791
frankfan,2000,1.0,1.0,0.023255813953488372
frankfan,2200,1.0,1.0,0.023255813953488372
frankfan,2400,1.0,1.0,0.023255813953488372
frznhc,800,0.9857142857142858,1.457142857142857,0.048172757475083004
frznhc,1000,0.9473684210526315,1.5263157894736843,0.08812729498164021
frznhc,1200,0.9393939393939394,1.9090909090909092,0.10500352360817472
frznhc,1400,1.0,2.9166666666666665,0.06782945736434108
frznhc,1600,0.8571428571428571,2.2857142857142856,0.19601328903654489
frznhc,1800,0.8823529411764706,2.784313725490196,0.18239854081167353
frznhc,2000,0.8372093023255814,2.395348837209302,0.2184964845862628
frznhc,2200,0.8666666666666667,3.888888888888889,0.22377260981912142
frznhc,2400,0.8448275862068966,4.327586206896552,0.25581395348837205
frznhc,2600,0.8387096774193549,3.096774193548387,0.2333083270817704
frznhc,2800,0.9166666666666666,3.0833333333333335,0.15503875968992253
frznhc,3000,0.8181818181818182,9.636363636363637,0.40591966173361516
frznhc,3200,0.75,5.5,0.37790697674418605
frznhc,3400,1.0,7.0,0.16279069767441862
fuxh,800,1.0,1.2461538461538462,0.028980322003577818
fuxh,1000,0.9354838709677419,1.6451612903225807,0.10277569392348093
fuxh,1200,1.0,1.2727272727272727,0.02959830866807611
fuxh,1400,1.0,1.8695652173913044,0.043478260869565216
fuxh,1600,1.0,2.085714285714286,0.04850498338870432
fuxh,1800,0.9259259259259259,2.611111111111111,0.1347975882859604
fuxh,2000,0.9824561403508771,3.719298245614035,0.10403916768665857
fuxh,2200,0.96,3.72,0.1265116279069768
fuxh,2400,0.9285714285714286,4.071428571428571,0.1661129568106312
fuxh,2600,0.9523809523809523,2.8095238095238093,0.11295681063122928
fuxh,2800,1.0,4.379310344827586,0.10184442662389735
fuxh,3000,0.8888888888888888,10.444444444444445,0.3540051679586564
fuxh,3200,0.6,9.8,0.627906976744186
fuxh,3400,0.8333333333333334,4.166666666666667,0.2635658914728682
fydj,800,1.0,1.1666666666666667,0.027131782945736437
fydj,1000,1.0,1.2222222222222223,0.028423772609819122
fydj,1200,1.0,1.3636363636363635,0.03171247357293869
fydj,1400,1.0,1.588235294117647,0.036935704514363885
fydj,1600,1.0,1.8333333333333333,0.04263565891472868
fydj,1800,0.9130434782608695,1.8695652173913044,0.1304347826086957
fydj,2000,0.9629629629629629,2.3703703703703702,0.09216192937123174
fydj,2200,0.92,2.32,0.13395348837209298
fydj,2400,0.9411764705882353,1.7058823529411764,0.0984952120383037
fydj,2600,0.9545454545454546,2.4545454545454546,0.10253699788583506
fydj,2800,1.0,2.4814814814814814,0.05770887166236003
fydj,3000,0.9,2.55,0.15930232558139532
fydj,3200,0.9090909090909091,1.7272727272727273,0.13107822410147996
fydj,3400,0.9,3.7333333333333334,0.18682170542635657
garvitgaru,800,0.75,1.1666666666666667,0.2771317829457364
garvitgaru,1000,0.6666666666666666,1.0,0.35658914728682173
garvitgaru,1200,0.6666666666666666,1.0,0.35658914728682173
garvitgaru,1400,0.6,1.0,0.4232558139534884
garvitgaru,1600,0.5,1.0,0.5232558139534884
garvitgaru,1800,0.3333333333333333,1.0,0.6899224806201552
garvitgaru,2000,0.5,1.0,0.5232558139534884
garvitgaru,2200,1.0,1.0,0.023255813953488372
garvitgaru,2400,1.0,1.0,0.023255813953488372
garvitgaru,2800,0.0,2.0,1.0465116279069768
garvitgaru,3000,0.0,1.0,1.0232558139534884
gdgzdyyacm,800,0.75,1.125,0.2761627906976744
gdgzdyyacm,1000,1.0,1.0,0.023255813953488372
gdgzdyyacm,1200,0.6666666666666666,1.3333333333333333,0.36434108527131787
gdgzdyyacm,1400,1.0,1.0,0.023255813953488372
gdgzdyyacm,1800,1.0,1.2,0.027906976744186046
gdgzdyyacm,2000,0.0,1.5,1.0348837209302326
gdgzdyyacm,2200,1.0,2.0,0.046511627906976744
gdgzdyyacm,2400,1.0,1.0,0.023255813953488372
gdgzdyyacm,2600,1.0,3.0,0.06976744186046512
geospiza,800,0.9974489795918368,1.5765306122448979,0.0392145230185097
geospiza,1000,0.9873417721518988,1.7974683544303798,0.05445981748601703
geospiza,1200,0.9938650306748467,2.2392638036809815,0.05821087173633896
geospiza,1400,0.9602649006622517,2.3245033112582782,0.09379331587863851
geospiza,1600,0.9655172413793104,2.586206896551724,0.09462710505212506
geospiza,1800,0.9652777777777778,2.4444444444444446,0.09156976744186046
geospiza,2000,0.9448818897637795,3.1102362204724407,0.1274491851309284
geospiza,2200,0.9365079365079365,3.6984126984126986,0.1495016611295681
geospiza,2400,0.9,3.488888888888889,0.18113695090439275
geospiza,2600,0.8787878787878788,2.8181818181818183,0.1867512332628612
geospiza,2800,0.782608695652174,3.3043478260869565,0.29423660262891804
geospiza,3000,0.9230769230769231,3.0,0.146690518783542
geospiza,3200,0.5555555555555556,3.2222222222222223,0.5193798449612403
geospiza,3400,0.6666666666666666,1.6666666666666667,0.372093023255814
ggorelov_why,800,1.0,1.1923076923076923,0.027728085867620753
ggorelov_why,1000,1.0,1.2727272727272727,0.02959830866807611
ggorelov_why,1200,1.0,1.3846153846153846,0.032200357781753126
ggorelov_why,1400,1.0,1.2727272727272727,0.02959830866807611
ggorelov_why,1600,1.0,2.0,0.046511627906976744
ggorelov_why,1800,0.75,3.0833333333333335,0.32170542635658916
ggorelov_why,2000,0.8,2.2,0.2511627906976744
ggorelov_why,2200,0.2,1.0,0.8232558139534885
ggorelov_why,2400,0.5,2.6666666666666665,0.562015503875969
ggorelov_why,2600,1.0,1.0,0.023255813953488372
ghc7hHx,800,0.9714285714285714,1.3333333333333333,0.05957918050941308
ghc7hHx,1000,0.9259259259259259,1.7037037037037037,0.11369509043927647
ghc7hHx,1200,0.9032258064516129,2.0,0.14328582145536387
ghc7hHx,1400,0.9583333333333334,2.3125,0.09544573643410849
ghc7hHx,1600,0.9436619718309859,2.084507042253521,0.10481493612839833
ghc7hHx,1800,0.9166666666666666,2.1666666666666665,0.13372093023255818
ghc7hHx,2000,0.9117647058823529,2.6176470588235294,0.1491108071135431
ghc7hHx,2200,0.9666666666666667,2.6333333333333333,0.0945736434108527
ghc7hHx,2400,0.9523809523809523,2.4761904761904763,0.10520487264673317
ghc7hHx,2600,1.0,3.6666666666666665,0.08527131782945736
ghc7hHx,2800,1.0,7.0,0.16279069767441862
gleb.astashkin,800,0.9970674486803519,1.1612903225806452,0.029939303007570073
gleb.astashkin,1000,1.0,1.1823204419889504,0.02749582423230117
gleb.astashkin,1200,0.990990990990991,1.3873873873873874,0.04127383197150641
gleb.astashkin,1400,0.9865470852017937,1.7264573991031391,0.053603086870372345
gleb.astashkin,1600,0.9747899159663865,1.8865546218487395,0.06908344733242136
gleb.astashkin,1800,0.9347826086956522,2.121739130434783,0.11456016177957529
gleb.astashkin,2000,0.8967391304347826,3.4347826086956523,0.18313953488372095
gleb.astashkin,2200,0.8189655172413793,3.5689655172413794,0.2640336808340016
gleb.astashkin,2400,0.5942028985507246,4.304347826086956,0.5058982136838558
gleb.astashkin,2600,0.375,2.75,0.688953488372093
gleb.astashkin,2800,0.8,6.8,0.35813953488372086
gleb.astashkin,3000,0.3333333333333333,3.0,0.7364341085271319
gleb.astashkin,3200,0.0,1.3333333333333333,1.0310077519379846
gloria_mundi,800,0.9863013698630136,1.0410958904109588,0.037910162472124934
gloria_mundi,1000,1.0,1.1764705882352942,0.027359781121751026
gloria_mundi,1200,0.9393939393939394,1.2424242424242424,0.08949964763918247
gloria_mundi,1400,1.0,1.2903225806451613,0.030007501875468866
gloria_mundi,1600,0.9736842105263158,1.1842105263157894,0.053855569155446724
gloria_mundi,1800,0.9183673469387755,1.4285714285714286,0.11485524442335071
gloria_mundi,2000,1.0,1.3157894736842106,0.030599755201958387
gloria_mundi,2200,1.0,1.5,0.03488372093023256
gloria_mundi,2400,0.8947368421052632,1.763157894736842,0.14626682986536108
gloria_mundi,2600,1.0,1.85,0.04302325581395349
gloria_mundi,2800,0.9375,2.6875,0.125
gloria_mundi,3000,0.7142857142857143,2.142857142857143,0.33554817275747506
gloria_mundi,3200,1.0,1.0,0.023255813953488372
gloria_mundi,3400,0.3333333333333333,2.0,0.7131782945736435
gnwfgg,800,0.9183673469387755,1.2653061224489797,0.11105837683910771
gnwfgg,1000,0.9555555555555556,1.511111111111111,0.0795865633074935
gnwfgg,1200,0.90625,1.5,0.12863372093023256
gnwfgg,1400,0.8627450980392157,1.8235294117647058,0.17966256269949837
gnwfgg,1600,0.9571428571428572,2.0285714285714285,0.09003322259136208
gnwfgg,1800,0.946236559139785,1.8064516129032258,0.09577394348587143
gnwfgg,2000,0.96,2.611428571428571,0.1007308970099668
gnwfgg,2200,0.966542750929368,2.687732342007435,0.09596265237313045
gnwfgg,2400,0.9702702702702702,2.8216216216216217,0.09534883720930236
gnwfgg,2600,0.9606299212598425,2.8661417322834644,0.10602453763047065
gnwfgg,2800,0.8235294117647058,3.588235294117647,0.25991792065663477
gnwfgg,3000,0.3333333333333333,2.3333333333333335,0.7209302325581396
golomb,800,0.9963768115942029,1.1340579710144927,0.02999662959218067
golomb,1000,0.9921259842519685,1.1496062992125984,0.03460904596227796
golomb,1200,0.9787234042553191,1.425531914893617,0.054428500742206856
golomb,1400,0.9586776859504132,1.4297520661157024,0.07457236209878913
golomb,1600,0.9739130434782609,1.5304347826086957,0.06167846309403434
golomb,1800,0.9448275862068966,1.8620689655172413,0.09847634322373697
golomb,2000,0.9322033898305084,2.3983050847457625,0.12357114702404418
golomb,2200,0.8712871287128713,2.4554455445544554,0.18581625604420907
golomb,2400,0.8632478632478633,2.4786324786324787,0.19439475253428737
golomb,2600,0.8260869565217391,2.9565217391304346,0.24266936299292213
golomb,2800,0.7321428571428571,3.392857142857143,0.34676079734219273
golomb,3000,0.7619047619047619,3.3333333333333335,0.3156146179401994
golomb,3200,0.6190476190476191,3.8095238095238093,0.4695459579180509
golomb,3400,0.5882352941176471,4.0588235294117645,0.506155950752394
goodpjw2008,800,0.9804878048780488,1.2585365853658537,0.048780487804878064
goodpjw2008,1000,0.9855072463768116,1.8840579710144927,0.058308055274688186
goodpjw2008,1200,0.9014084507042254,1.5211267605633803,0.13396659023910906
goodpjw2008,1400,0.96,1.56,0.07627906976744189
goodpjw2008,1600,0.9215686274509803,1.8627450980392157,0.12175102599179212
goodpjw2008,1800,0.85,2.075,0.1982558139534884
goodpjw2008,2000,0.85,2.025,0.19709302325581396
goodpjw2008,2200,0.9583333333333334,2.5,0.09980620155038755
goodpjw2008,2400,0.8421052631578947,3.1052631578947367,0.2301101591187271
goodpjw2008,2600,1.0,1.0,0.023255813953488372
gopal.thecoder,800,1.0,1.270967741935484,0.029557389347336836
gopal.thecoder,1000,1.0,1.3835616438356164,0.03217585218222364
gopal.thecoder,1200,1.0,1.1354166666666667,0.026405038759689924
gopal.thecoder,1400,1.0,1.1428571428571428,0.026578073089700994
gopal.thecoder,1600,1.0,1.2696629213483146,0.029527044682518943
gopal.thecoder,1800,1.0,1.3294117647058823,0.03091655266757866
gopal.thecoder,2000,1.0,1.1369863013698631,0.0264415418923224
gopal.thecoder,2200,1.0,1.1971830985915493,0.027841467409105796
gopal.thecoder,2400,1.0,1.2452830188679245,0.0289600702062308
gopal.thecoder,2600,1.0,1.4210526315789473,0.033047735618115054
gopal.thecoder,2800,1.0,1.1590909090909092,0.02695560253699789
gopal.thecoder,3000,1.0,1.105263157894737,0.025703794369645046
gopal.thecoder,3200,1.0,1.0,0.023255813953488372
gopal.thecoder,3400,1.0,1.1428571428571428,0.026578073089700994
grass8sheep,800,1.0,1.3076923076923077,0.03041144901610018
grass8sheep,1000,0.9696969696969697,1.3484848484848484,0.06166314305849187
grass8sheep,1200,1.0,1.6153846153846154,0.03756708407871199
grass8sheep,1400,1.0,1.7882352941176471,0.04158686730506156
grass8sheep,1600,0.9529411764705882,2.0,0.09357045143638856
grass8sheep,1800,0.979381443298969,2.185567010309278,0.07144569647566534
grass8sheep,2000,0.9629629629629629,2.009259259259259,0.08376399655469427
grass8sheep,2200,0.9504132231404959,2.165289256198347,0.09994234095714005
grass8sheep,2400,0.9781420765027322,2.1311475409836067,0.07141949421781678
grass8sheep,2600,0.9797297297297297,2.0878378378378377,0.06882463859208046
grass8sheep,2800,0.9545454545454546,2.381818181818182,0.100845665961945
grass8sheep,3000,0.9705882352941176,3.0098039215686274,0.09940720474236207
grass8sheep,3200,0.956989247311828,2.5053763440860215,0.10127531882970739
grass8sheep,3400,0.9117647058823529,4.102941176470588,0.18365253077975377
gshbholanath19,800,1.0,1.043956043956044,0.02427804753386149
gshbholanath19,1000,0.96,1.08,0.06511627906976748
gshbholanath19,1200,0.9622641509433962,1.0566037735849056,0.062308029837648084
gshbholanath19,1400,0.9534883720930233,1.1395348837209303,0.07301243915630068
gshbholanath19,1600,0.9705882352941176,1.0588235294117647,0.05403556771545828
gshbholanath19,1800,0.9444444444444444,1.1666666666666667,0.08268733850129202
gshbholanath19,2000,1.0,1.0952380952380953,0.025470653377630124
gshbholanath19,2200,0.9574468085106383,1.0425531914893618,0.06679861454725379
gshbholanath19,2400,0.9473684210526315,1.263157894736842,0.08200734394124852
gshbholanath19,2600,0.9444444444444444,1.1388888888888888,0.08204134366925067
gshbholanath19,2800,0.9,1.0666666666666667,0.12480620155038757
gshbholanath19,3000,1.0,1.0434782608695652,0.024266936299292215
gshbholanath19,3200,0.9047619047619048,1.0,0.1184939091915836
gshbholanath19,3400,0.926829268292683,1.024390243902439,0.09699376063528073
gubidubi,800,1.0,1.6428571428571428,0.03820598006644518
gubidubi,1000,0.975609756097561,1.4390243902439024,0.057855927396483285
gubidubi,1200,1.0,1.4150943396226414,0.03290917068889864
gubidubi,1400,0.9777777777777777,1.4222222222222223,0.055297157622739054
gubidubi,1600,1.0,1.8,0.04186046511627907
gubidubi,1800,0.9387755102040817,1.9795918367346939,0.10726150925486469
gubidubi,2000,0.9428571428571428,2.257142857142857,0.10963455149501664
gubidubi,2200,0.9166666666666666,2.8333333333333335,0.14922480620155043
gubidubi,2400,0.8235294117647058,2.2941176470588234,0.22982216142270867
gubidubi,2600,0.5,4.0,0.5930232558139534
gubidubi,2800,0.0,2.0,1.0465116279069768
guperman,800,0.9959839357429718,1.1365461847389557,0.030447370878864344
guperman,1000,0.9906542056074766,1.2429906542056075,0.03825255379265377
guperman,1200,0.9913793103448276,1.2758620689655173,0.038291900561347195
guperman,1400,0.9795918367346939,1.489795918367347,0.05505457997152352
guperman,1600,0.9619047619047619,1.6571428571428573,0.07663344407530452
guperman,1800,0.9918032786885246,2.0655737704918034,0.05623332062523829
guperman,2000,0.9375,2.642857142857143,0.12396179401993355
guperman,2200,0.9425287356321839,3.632183908045977,0.1419406575781877
guperman,2400,0.9230769230769231,3.3956043956043955,0.15589062100690004
guperman,2600,0.88,5.28,0.2427906976744186
guperman,2800,0.8518518518518519,5.814814814814815,0.28337639965546946
guperman,3000,1.0,3.3,0.07674418604651162
guperman,3200,1.0,6.571428571428571,0.15282392026578073
guperman,3400,0.8,3.8,0.2883720930232558
gzyo4,800,0.7692307692307693,1.0,0.2540250447227191
gzyo4,1000,1.0,1.0,0.023255813953488372
gzyo4,1200,0.6666666666666666,1.0,0.35658914728682173
gzyo4,1400,0.8,1.4,0.2325581395348837
gzyo4,1600,0.75,1.0,0.27325581395348836
gzyo4,1800,0.75,1.0,0.27325581395348836
gzyo4,2000,1.0,1.0,0.023255813953488372
gzyo4,2200,0.75,1.25,0.27906976744186046
hardgonnapass,800,0.7777777777777778,1.1111111111111112,0.24806201550387597
hardgonnapass,1000,1.0,1.25,0.029069767441860465
hardgonnapass,1200,0.75,1.0,0.27325581395348836
hardgonnapass,1400,1.0,1.0,0.023255813953488372
hardgonnapass,1800,0.8333333333333334,1.5,0.2015503875968992
hardgonnapass,2000,0.3333333333333333,1.3333333333333333,0.6976744186046513
hardgonnapass,2200,0.6666666666666666,1.3333333333333333,0.36434108527131787
hardgonnapass,2400,1.0,2.0,0.046511627906976744
hardgonnapass,2600,0.3333333333333333,1.6666666666666667,0.7054263565891473
harurun4635,800,0.9941520467836257,1.4385964912280702,0.039303685570515494
harurun4635,1000,0.9879518072289156,1.4698795180722892,0.04623143737741668
harurun4635,1200,1.0,1.6666666666666667,0.03875968992248062
harurun4635,1400,1.0,2.0285714285714285,0.047176079734219264
harurun4635,1600,0.9605263157894737,2.1052631578947367,0.08843329253365974
harurun4635,1800,0.9866666666666667,2.3466666666666667,0.06790697674418603
harurun4635,2000,0.9571428571428572,3.142857142857143,0.11594684385382055
harurun4635,2200,0.9166666666666666,3.683333333333333,0.16899224806201552
harurun4635,2400,0.8936170212765957,3.234042553191489,0.1815932706580901
harurun4635,2600,0.7948717948717948,4.615384615384615,0.31246273106738226
harurun4635,2800,0.6363636363636364,2.4545454545454546,0.42071881606765327
harurun4635,3000,0.4444444444444444,4.777777777777778,0.6666666666666667
harurun4635,3200,0.6,3.2,0.4744186046511628
harurun4635,3400,0.0,1.0,1.0232558139534884
hhcy,800,1.0,1.4705882352941178,0.03419972640218878
hhcy,1000,1.0,1.5555555555555556,0.03617571059431524
hhcy,1200,1.0,1.8333333333333333,0.04263565891472868
hhcy,1400,0.8571428571428571,2.142857142857143,0.19269102990033227
hhcy,1600,0.875,1.25,0.15406976744186046
hhcy,1800,1.0,1.8888888888888888,0.04392764857881137
hhcy,2000,1.0,4.5,0.10465116279069768
hhcy,2200,0.3333333333333333,2.6666666666666665,0.7286821705426357
hhcy,2400,1.0,1.0,0.023255813953488372
hihihaha,800,0.9855072463768116,1.4492753623188406,0.04819683181664977
hihihaha,1000,0.9666666666666667,1.9,0.07751937984496124
hihihaha,1200,1.0,1.4827586206896552,0.034482758620689655
hihihaha,1400,0.9714285714285714,1.8,0.07043189368770765
hihihaha,1600,1.0,2.3541666666666665,0.05474806201550387
hihihaha,1800,0.9574468085106383,3.1702127659574466,0.1162790697674418
hihihaha,2000,1.0,2.5454545454545454,0.05919661733615222
hihihaha,2200,0.84375,2.15625,0.2063953488372093
hihihaha,2400,0.92,3.52,0.16186046511627905
hihihaha,2600,1.0,6.25,0.14534883720930233
hihihaha,2800,0.7142857142857143,1.5714285714285714,0.3222591362126246
hihihaha,3000,0.75,5.0,0.36627906976744184
hihihaha,3200,0.6666666666666666,4.333333333333333,0.434108527131783
hihihaha,3400,1.0,1.0,0.023255813953488372
hitman_py,800,1.0,1.445945945945946,0.033626649905719674
hitman_py,1000,1.0,1.4166666666666667,0.03294573643410853
hitman_py,1200,1.0,1.3870967741935485,0.03225806451612903
hitman_py,1400,0.972972972972973,1.5405405405405406,0.0628535512256442
hitman_py,1600,1.0,1.3461538461538463,0.03130590339892666
hitman_py,1800,0.9767441860465116,1.8837209302325582,0.06706327744726884
hitman_py,2000,1.0,1.6842105263157894,0.03916768665850673
hitman_py,2200,0.7272727272727273,2.5454545454545454,0.33192389006342493
hitman_py,2400,0.9473684210526315,1.631578947368421,0.09057527539779686
hitman_py,2600,0.8888888888888888,2.2222222222222223,0.16279069767441867
hitman_py,2800,1.0,1.4,0.03255813953488372
hitman_py,3000,0.0,3.0,1.069767441860465
hitman_py,3200,1.0,2.3333333333333335,0.054263565891472874
hitman_py,3400,0.5,1.0,0.5232558139534884
hitonanode,800,1.0,1.2674897119341564,0.02947650492870131
hitonanode,1000,1.0,1.3846153846153846,0.032200357781753126
hitonanode,1200,1.0,1.4313725490196079,0.033287733698130414
hitonanode,1400,1.0,1.3956043956043955,0.03245591617684641
hitonanode,1600,0.99,1.725,0.050116279069767455
hitonanode,1800,0.9955555555555555,1.8266666666666667,0.04692506459948323
hitonanode,2000,0.9949494949494949,1.9343434343434343,0.05003523608174774
hitonanode,2200,0.9731182795698925,2.338709677419355,0.08127031757939482
hitonanode,2400,0.958904109589041,2.6210045662100456,0.10204948497398328
hitonanode,2600,0.9161290322580645,4.070967741935484,0.17854463615903976
hitonanode,2800,0.8969072164948454,4.092783505154639,0.19827379525293692
hitonanode,3000,0.8076923076923077,5.67948717948718,0.32438878950506855
hitonanode,3200,0.7435897435897436,7.230769230769231,0.42456768038163384
hitonanode,3400,0.52,5.12,0.5990697674418605
hiya_arrrrr,800,1.0,1.0,0.023255813953488372
hiya_arrrrr,1000,1.0,1.1666666666666667,0.027131782945736437
hiya_arrrrr,1200,1.0,2.25,0.05232558139534884
hiya_arrrrr,1400,1.0,2.6666666666666665,0.06201550387596899
hiya_arrrrr,1600,1.0,1.0,0.023255813953488372
hiya_arrrrr,1800,1.0,1.2,0.027906976744186046
hiya_arrrrr,2000,1.0,1.6666666666666667,0.03875968992248062
hiya_arrrrr,2200,0.6666666666666666,7.0,0.496124031007752
hiya_arrrrr,2400,1.0,1.0,0.023255813953488372
hiya_arrrrr,2600,1.0,7.75,0.18023255813953487
hiya_arrrrr,2800,0.6666666666666666,8.666666666666666,0.5348837209302326
hiya_arrrrr,3200,1.0,1.0,0.023255813953488372
hodza,800,0.9891304347826086,1.315217391304348,0.04145601617795758
hodza,1000,1.0,1.5675675675675675,0.036455059710873663
hodza,1200,0.9591836734693877,1.5510204081632653,0.07688656858092079
hodza,1400,1.0,1.5151515151515151,0.035236081747709654
hodza,1600,0.9565217391304348,1.673913043478261,0.08240647118301311
hodza,1800,0.9523809523809523,1.7380952380952381,0.0880398671096346
hodza,2000,0.9459459459459459,1.972972972972973,0.09993714644877436
hodza,2200,0.9714285714285714,1.8,0.07043189368770765
hodza,2400,0.9615384615384616,1.4230769230769231,0.07155635062611804
hodza,2600,0.7333333333333333,2.066666666666667,0.3147286821705427
hodza,2800,0.7142857142857143,1.7142857142857142,0.3255813953488372
hodza,3000,0.5,1.0,0.5232558139534884
hodza,3400,0.5,1.5,0.5348837209302325
hos.lyric,800,1.0,1.0785714285714285,0.025083056478405315
hos.lyric,1000,1.0,1.092783505154639,0.02541356988731719
hos.lyric,1200,1.0,1.2301587301587302,0.028608342561830934
hos.lyric,1400,1.0,1.2483660130718954,0.02903176774585803
hos.lyric,1600,1.0,1.4514285714285715,0.03375415282392027
hos.lyric,1800,0.9950738916256158,1.5073891625615763,0.03998167029442089
hos.lyric,2000,1.0,1.6756756756756757,0.03896920175989944
hos.lyric,2200,0.9936708860759493,1.9493670886075949,0.051663232263762175
hos.lyric,2400,0.9782608695652174,2.244565217391304,0.07393832153690594
hos.lyric,2600,0.9256756756756757,2.4121621621621623,0.13042111879321183
hos.lyric,2800,0.9318181818181818,2.4015151515151514,0.12403100775193804
hos.lyric,3000,0.9215686274509803,2.4313725490196076,0.13497492020063845
hos.lyric,3200,0.9066666666666666,3.16,0.16682170542635666
hos.lyric,3400,0.7272727272727273,3.4805194805194803,0.3536695862277257
howC,800,1.0,1.7212121212121212,0.04002818886539817
howC,1000,0.987012987012987,1.7662337662337662,0.05406221685291453
howC,1200,0.9347826086956522,2.130434782608696,0.11476238624873605
howC,1400,0.967741935483871,2.7096774193548385,0.09527381845461362
howC,1600,0.9629629629629629,3.111111111111111,0.10938845822566758
howC,1800,0.8947368421052632,1.736842105263158,0.1456548347613219
howC,2000,1.0,2.3076923076923075,0.05366726296958855
howC,2200,1.0,2.8,0.06511627906976744
howC,2400,1.0,3.0,0.06976744186046512
howC,2600,1.0,4.0,0.09302325581395349
howC,3400,0.0,2.0,1.0465116279069768
hpqclab,800,1.0,1.1153846153846154,0.0259391771019678
hpqclab,1000,1.0,2.25,0.05232558139534884
hpqclab,1200,0.9,1.4,0.1325581395348837
hpqclab,1400,1.0,2.1176470588235294,0.049247606019151846
hpqclab,1600,1.0,2.111111111111111,0.04909560723514212
hpqclab,1800,0.8666666666666667,2.7333333333333334,0.19689922480620153
hpqclab,2000,0.9,1.9,0.1441860465116279
hpqclab,2200,1.0,1.7777777777777777,0.04134366925064599
hpqclab,2400,0.8333333333333334,1.1666666666666667,0.19379844961240306
hpqclab,2600,1.0,1.0,0.023255813953488372
hpqclab,2800,0.6666666666666666,1.3333333333333333,0.36434108527131787
hpqclab,3000,1.0,2.0,0.046511627906976744
hpqclab,3200,0.0,4.0,1.0930232558139534
hpqclab,3400,1.0,1.0,0.023255813953488372
hshhh_,800,1.0,1.1380753138075315,0.02646686776296585
hshhh_,1000,1.0,1.2211538461538463,0.02839892665474061
hshhh_,1200,1.0,1.4339622641509433,0.03334795963141728
hshhh_,1400,0.9895833333333334,1.59375,0.047480620155038726
hshhh_,1600,0.9797979797979798,1.7474747474747474,0.06084096781771202
hshhh_,1800,0.9908256880733946,1.981651376146789,0.05525922765094938
hshhh_,2000,0.9846153846153847,2.3230769230769233,0.06940966010733447
hshhh_,2200,0.9696969696969697,2.742424242424242,0.09408033826638475
hshhh_,2400,0.975,2.125,0.07441860465116282
hshhh_,2600,0.8947368421052632,2.3684210526315788,0.16034271725826194
hshhh_,2800,1.0,4.25,0.09883720930232558
hshhh_,3000,1.0,3.0,0.06976744186046512
hshhh_,3200,1.0,5.0,0.11627906976744186
huangallen,800,0.9880952380952381,1.2023809523809523,0.03986710963455145
huangallen,1000,0.9705882352941176,1.411764705882353,0.06224350205198359
huangallen,1200,0.9444444444444444,1.3888888888888888,0.08785529715762276
huangallen,1400,0.975,1.775,0.06627906976744188
huangallen,1600,0.9622641509433962,1.9433962264150944,0.08293111013602456
huangallen,1800,0.9814814814814815,2.8703703703703702,0.08527131782945734
huangallen,2000,0.9534883720930233,3.0930232558139537,0.11844240129799889
huangallen,2200,0.90625,2.9375,0.1620639534883721
huangallen,2400,0.8275862068965517,2.206896551724138,0.22373696872493987
huangallen,2600,0.5333333333333333,4.066666666666666,0.5612403100775194
huangallen,2800,0.6,5.4,0.5255813953488373
huangallen,3000,1.0,1.0,0.023255813953488372
huanjua,800,0.9367088607594937,1.139240506329114,0.0897851045039741
huanjua,1000,0.9210526315789473,1.394736842105263,0.11138310893512854
huanjua,1200,0.9444444444444444,2.0,0.10206718346253232
huanjua,1400,0.9411764705882353,2.323529411764706,0.112859097127223
huanjua,1600,0.9032258064516129,1.6451612903225807,0.13503375843960994
huanjua,1800,0.8918918918918919,1.837837837837838,0.15084852294154621
huanjua,2000,0.7,2.5,0.35813953488372097
huanjua,2200,0.75,1.25,0.27906976744186046
huanjua,2400,0.375,2.5,0.6831395348837209
huanjua,2600,0.5,3.0,0.5697674418604651
huanjua,2800,1.0,2.0,0.046511627906976744
hungcubuso1vn,800,0.9680851063829787,1.2340425531914894,0.06061355764473032
hungcubuso1vn,1000,0.95,1.375,0.08197674418604656
hungcubuso1vn,1200,1.0,1.4901960784313726,0.034655722754217966
hungcubuso1vn,1400,0.9117647058823529,1.7352941176470589,0.12859097127222985
hungcubuso1vn,1600,0.8888888888888888,2.111111111111111,0.16020671834625327
hungcubuso1vn,1800,0.8518518518518519,2.2839506172839505,0.20126327878265862
hungcubuso1vn,2000,0.9130434782608695,1.9710144927536233,0.132794068082238
hungcubuso1vn,2200,0.9577464788732394,1.9859154929577465,0.08843760235833611
hungcubuso1vn,2400,0.8333333333333334,2.5,0.22480620155038755
hungcubuso1vn,2600,0.46153846153846156,1.4615384615384615,0.5724508050089445
hungcubuso1vn,2800,0.0,2.5,1.058139534883721
hungcubuso1vn,3000,0.2,1.0,0.8232558139534885
hungcubuso1vn,3200,0.0,1.0,1.0232558139534884
hungcubuso1vn,3400,0.125,1.0,0.8982558139534884
hungcubuso5vn,800,1.0,1.1666666666666667,0.027131782945736437
hungcubuso5vn,1000,1.0,2.6,0.06046511627906977
hungcubuso5vn,1200,1.0,1.2857142857142858,0.029900332225913623
hungcubuso5vn,1400,1.0,1.4,0.03255813953488372
hungcubuso5vn,1600,1.0,1.5,0.03488372093023256
hungcubuso5vn,1800,0.7142857142857143,1.4285714285714286,0.31893687707641194
hungcubuso5vn,2000,0.0,1.5,1.0348837209302326
hungcubuso5vn,2200,0.8,4.2,0.2976744186046511
hungpc1577,800,0.88,1.64,0.15813953488372093
hungpc1577,1000,1.0,1.8333333333333333,0.04263565891472868
hungpc1577,1200,0.3333333333333333,1.6666666666666667,0.7054263565891473
hungpc1577,1400,0.6666666666666666,2.6666666666666665,0.39534883720930236
hungpc1577,1600,1.0,1.0,0.023255813953488372
hungpc1577,1800,1.0,2.0,0.046511627906976744
hungpc1577,2000,0.5,1.0,0.5232558139534884
hungpc1577,2200,1.0,1.0,0.023255813953488372
hungpc1577,2400,1.0,1.0,0.023255813953488372
hungpc1577,3000,0.0,1.0,1.0232558139534884
hushuqi_qwq,800,1.0,1.2911392405063291,0.030026493965263468
hushuqi_qwq,1000,1.0,1.1290322580645162,0.026256564141035263
hushuqi_qwq,1200,0.967741935483871,1.4838709677419355,0.06676669167291821
hushuqi_qwq,1400,1.0,1.5789473684210527,0.03671970624235006
hushuqi_qwq,1600,0.8888888888888888,1.7777777777777777,0.15245478036175714
hushuqi_qwq,1800,0.96,1.24,0.06883720930232562
hushuqi_qwq,2000,0.9545454545454546,2.3636363636363638,0.10042283298097249
hushuqi_qwq,2200,1.0,2.3846153846153846,0.055456171735241505
hushuqi_qwq,2400,0.8888888888888888,3.111111111111111,0.18346253229974163
hushuqi_qwq,2600,0.6666666666666666,3.1666666666666665,0.40697674418604657
hushuqi_qwq,2800,1.0,5.666666666666667,0.13178294573643412
iakovlev.zakhar,800,0.9927536231884058,1.2608695652173914,0.03656892483990566
iakovlev.zakhar,1000,0.9411764705882353,1.4352941176470588,0.09220246238030097
iakovlev.zakhar,1200,0.9504950495049505,1.891089108910891,0.09348376698134933
iakovlev.zakhar,1400,0.9724770642201835,1.4220183486238531,0.060593129933859555
iakovlev.zakhar,1600,0.9328358208955224,1.791044776119403,0.10881638320027764
iakovlev.zakhar,1800,0.8559322033898306,1.728813559322034,0.1842727631060307
iakovlev.zakhar,2000,0.8041237113402062,1.7835051546391754,0.23735315272116997
iakovlev.zakhar,2200,0.75,1.4558823529411764,0.28385772913816687
iakovlev.zakhar,2400,0.7704918032786885,2.3442622950819674,0.2840259245139154
iakovlev.zakhar,2600,0.7105263157894737,2.6578947368421053,0.35128518971848227
iakovlev.zakhar,2800,0.65,3.6,0.4337209302325581
iakovlev.zakhar,3000,0.5714285714285714,2.5714285714285716,0.48837209302325585
iakovlev.zakhar,3200,0.25,1.75,0.7906976744186046
iakovlev.zakhar,3400,0.0,5.666666666666667,1.1317829457364341
idontwannadothisanymore,800,1.0,1.6,0.037209302325581395
idontwannadothisanymore,1000,1.0,1.6666666666666667,0.03875968992248062
idontwannadothisanymore,1200,1.0,1.0,0.023255813953488372
idontwannadothisanymore,1400,1.0,2.0,0.046511627906976744
idontwannadothisanymore,1600,1.0,1.5,0.03488372093023256
idontwannadothisanymore,1800,1.0,1.0,0.023255813953488372
idontwannadothisanymore,2000,1.0,1.0,0.023255813953488372
idontwannadothisanymore,2200,1.0,2.0,0.046511627906976744
idontwannadothisanymore,2400,0.5,2.0,0.5465116279069767
idontwannadothisanymore,2600,1.0,1.0,0.023255813953488372
ihgazi,800,0.9834983498349835,1.1815181518151816,0.04397881648629977
ihgazi,1000,0.9724137931034482,1.5448275862068965,0.06351242983159588
ihgazi,1200,0.9703703703703703,1.488888888888889,0.0642549526270457
ihgazi,1400,0.9919354838709677,1.5483870967741935,0.04407351837959489
ihgazi,1600,0.9770992366412213,1.7557251908396947,0.06373158175039947
ihgazi,1800,0.9451219512195121,1.951219512195122,0.10025524673851394
ihgazi,2000,0.9111111111111111,2.2888888888888888,0.14211886304909563
ihgazi,2200,0.92,2.14,0.12976744186046507
ihgazi,2400,0.782608695652174,2.217391304347826,0.268958543983822
ihgazi,2600,0.5,2.0,0.5465116279069767
ihgazi,3000,0.0,1.0,1.0232558139534884
iloveMT,800,0.921875,1.546875,0.11409883720930233
iloveMT,1000,0.9230769230769231,2.1538461538461537,0.12701252236135951
iloveMT,1200,0.8461538461538461,1.8846153846153846,0.19767441860465118
iloveMT,1400,0.8461538461538461,2.5384615384615383,0.21288014311270126
iloveMT,1600,0.8571428571428571,1.9523809523809523,0.18826135105204878
iloveMT,1800,0.7647058823529411,1.7058823529411764,0.27496580027359785
iloveMT,2000,0.9166666666666666,2.0,0.12984496124031011
iloveMT,2200,0.8461538461538461,1.4615384615384615,0.18783542039355994
iloveMT,2400,1.0,2.375,0.055232558139534885
iloveMT,2600,0.8571428571428571,1.5714285714285714,0.17940199335548176
iloveMT,2800,1.0,4.0,0.09302325581395349
iloveMT,3000,1.0,1.0,0.023255813953488372
irmuun,800,0.9975227085053675,1.213047068538398,0.030687688437385938
irmuun,1000,0.992526158445441,1.3423019431988041,0.03869016581499629
irmuun,1200,0.9834368530020704,1.3664596273291925,0.04834127786605036
irmuun,1400,0.9493087557603687,1.5806451612903225,0.0874504340370807
irmuun,1600,0.9401041666666666,1.5989583333333333,0.09708091085271321
irmuun,1800,0.9308176100628931,1.8427672955974843,0.11203744332309491
irmuun,2000,0.9567307692307693,1.8798076923076923,0.08698568872987474
irmuun,2200,0.8698630136986302,2.1780821917808217,0.1807900605288308
irmuun,2400,0.9013157894736842,2.1710526315789473,0.14917380660954715
irmuun,2600,0.7777777777777778,2.0,0.2687338501291989
irmuun,2800,0.7,2.4,0.35581395348837214
irmuun,3000,0.5,4.166666666666667,0.5968992248062015
irmuun,3200,0.0,4.0,1.0930232558139534
irmuun,3400,0.5,6.5,0.6511627906976745
is-i,800,1.0,1.4545454545454546,0.03382663847780127
is-i,1000,1.0,1.2,0.027906976744186046
is-i,1200,1.0,1.125,0.02616279069767442
is-i,1400,1.0,4.0,0.09302325581395349
is-i,1600,1.0,2.0,0.046511627906976744
is-i,1800,0.8,2.6,0.2604651162790697
is-i,2000,0.8571428571428571,1.0,0.16611295681063126
is-i,2200,0.75,4.5,0.3546511627906977
is-i,2400,1.0,6.0,0.13953488372093023
is-i,2600,0.75,1.0,0.27325581395348836
is-i,2800,0.6666666666666666,5.333333333333333,0.45736434108527135
is_i,800,0.9958333333333333,1.9958333333333333,0.050581395348837196
is_i,1000,0.9834710743801653,3.553719008264463,0.09917355371900821
is_i,1200,0.9803921568627451,4.169934640522876,0.11658306733546137
is_i,1400,0.9876543209876543,4.351851851851852,0.11355153603215624
is_i,1600,0.9302325581395349,4.945736434108527,0.18478456823508205
is_i,1800,0.9779411764705882,3.286764705882353,0.09849521203830372
is_i,2000,0.9430379746835443,4.139240506329114,0.15322343244038855
is_i,2200,0.9565217391304348,4.278260869565218,0.14297269969666326
is_i,2400,0.94,3.97,0.1523255813953489
is_i,2600,0.9777777777777777,5.7555555555555555,0.15607235142118867
is_i,2800,0.6666666666666666,3.6666666666666665,0.4186046511627907
is_i,3000,0.6666666666666666,14.666666666666666,0.6744186046511629
is_i,3200,1.0,13.0,0.3023255813953488
is_i,3400,0.5,1.0,0.5232558139534884
isaf27,800,0.8396946564885496,1.6259541984732824,0.1981182318480384
isaf27,1000,0.8571428571428571,1.4805194805194806,0.1772878284506192
isaf27,1200,0.8842105263157894,1.305263157894737,0.14614443084455328
isaf27,1400,0.9142857142857143,1.5904761904761904,0.12270210409745297
isaf27,1600,0.9015151515151515,1.9545454545454546,0.14393939393939398
isaf27,1800,0.9369369369369369,1.8558558558558558,0.1062225015713388
isaf27,2000,0.90625,1.7916666666666667,0.13541666666666669
isaf27,2200,0.8854166666666666,2.1979166666666665,0.16569767441860467
isaf27,2400,0.8229166666666666,2.0833333333333335,0.22553294573643415
isaf27,2600,0.8032786885245902,2.9672131147540983,0.26572626763248186
isaf27,2800,0.8,2.975,0.26918604651162786
isaf27,3000,0.5384615384615384,3.076923076923077,0.5330948121645797
isaf27,3200,0.4666666666666667,3.6666666666666665,0.6186046511627907
isaf27,3400,0.631578947368421,2.5789473684210527,0.4283965728274174
islingr,800,0.9860627177700348,1.2578397212543555,0.04318936877076412
islingr,1000,0.9776119402985075,1.507462686567164,0.05744533148212421
islingr,1200,0.9612903225806452,1.5483870967741935,0.07471867966991746
islingr,1400,0.975609756097561,1.8353658536585367,0.06707317073170735
islingr,1600,0.9395604395604396,1.89010989010989,0.1043956043956044
islingr,1800,0.9698492462311558,2.507537688442211,0.08846558373261659
islingr,2000,0.9556650246305419,2.600985221674877,0.10482300378050172
islingr,2200,0.9565217391304348,3.3043478260869565,0.1203235591506572
islingr,2400,0.9563106796116505,4.213592233009709,0.14167983743508689
islingr,2600,0.9239130434782609,4.336956521739131,0.1769464105156724
islingr,2800,0.8648648648648649,4.756756756756757,0.24575738529226898
islingr,3000,0.7894736842105263,3.736842105263158,0.29742962056303546
islingr,3200,0.7692307692307693,5.384615384615385,0.3559928443649374
islingr,3400,0.5,7.5,0.6744186046511628
iulianarsenoiu,800,0.9823008849557522,1.415929203539823,0.05062770117308091
iulianarsenoiu,1000,1.0,1.5,0.03488372093023256
iulianarsenoiu,1200,0.94,1.7,0.09953488372093028
iulianarsenoiu,1400,0.926829268292683,1.7804878048780488,0.11457742484401584
iulianarsenoiu,1600,0.851063829787234,2.0638297872340425,0.19693221177634834
iulianarsenoiu,1800,0.7906976744186046,2.3255813953488373,0.26338561384532183
iulianarsenoiu,2000,0.8518518518518519,3.2962962962962963,0.2248062015503876
iulianarsenoiu,2200,0.6,3.25,0.47558139534883725
iulianarsenoiu,2400,0.5789473684210527,3.526315789473684,0.5030599755201958
iulianarsenoiu,2600,0.8571428571428571,5.857142857142857,0.2790697674418605
iulianarsenoiu,2800,0.0,1.0,1.0232558139534884
iulianarsenoiu,3000,1.0,2.0,0.046511627906976744
ivandasfs,800,1.0,1.2542372881355932,0.029168309026409146
ivandasfs,1000,0.9841269841269841,1.6349206349206349,0.0538944259874493
ivandasfs,1200,0.974025974025974,1.4285714285714286,0.05919661733615223
ivandasfs,1400,0.9620253164556962,2.0,0.08448631145128052
ivandasfs,1600,0.9710144927536232,2.1449275362318843,0.07886754297269971
ivandasfs,1800,0.9156626506024096,2.5060240963855422,0.1426169795460914
ivandasfs,2000,0.7818181818181819,2.909090909090909,0.28583509513742067
ivandasfs,2200,0.6739130434782609,3.5217391304347827,0.4079878665318504
ivandasfs,2400,0.8260869565217391,3.130434782608696,0.24671385237613752
ivandasfs,2600,0.23076923076923078,4.923076923076923,0.883720930232558
ivandasfs,2800,0.6,3.8,0.48837209302325585
ivandasfs,3000,0.0,16.0,1.372093023255814
ivanovmark,800,0.8636363636363636,1.3181818181818181,0.16701902748414377
ivanovmark,1000,0.6,1.6,0.4372093023255814
ivanovmark,1200,0.7,1.3,0.33023255813953495
ivanovmark,1400,0.36363636363636365,1.5454545454545454,0.6723044397463002
ivanovmark,1600,0.6666666666666666,2.8333333333333335,0.39922480620155043
ivanovmark,1800,0.8,2.0,0.2465116279069767
ivanovmark,2000,0.6666666666666666,2.6666666666666665,0.39534883720930236
ivanovmark,2200,0.5,2.1666666666666665,0.5503875968992248
ivanovmark,2400,1.0,1.6,0.037209302325581395
ivanovmark,2600,1.0,1.5,0.03488372093023256
ivanovmark,3000,0.0,1.0,1.0232558139534884
iztrax,800,1.0,1.3076923076923077,0.03041144901610018
iztrax,1000,1.0,1.5,0.03488372093023256
iztrax,1200,1.0,1.4,0.03255813953488372
iztrax,1400,1.0,1.0,0.023255813953488372
iztrax,1600,1.0,1.4444444444444444,0.03359173126614987
iztrax,1800,1.0,3.2857142857142856,0.07641196013289037
iztrax,2000,1.0,1.5,0.03488372093023256
iztrax,2200,1.0,1.5,0.03488372093023256
iztrax,2400,0.9090909090909091,3.0,0.16067653276955607
iztrax,2600,1.0,3.0,0.06976744186046512
iztrax,2800,1.0,14.0,0.32558139534883723
iztrax,3200,1.0,23.0,0.5348837209302325
j.w,800,1.0,1.25,0.029069767441860465
j.w,1000,1.0,1.6388888888888888,0.03811369509043928
j.w,1200,0.9722222222222222,1.75,0.06847545219638244
j.w,1400,1.0,1.5384615384615385,0.03577817531305904
j.w,1600,0.9767441860465116,2.0,0.06976744186046516
j.w,1800,0.9259259259259259,2.7222222222222223,0.13738156761412573
j.w,2000,0.8285714285714286,3.657142857142857,0.25647840531561455
j.w,2200,0.875,3.4583333333333335,0.2054263565891473
j.w,2400,0.8518518518518519,5.666666666666667,0.27993109388458226
j.w,2600,1.0,3.0,0.06976744186046512
j.w,2800,0.5,4.5,0.6046511627906976
j.w,3000,0.0,1.0,1.0232558139534884
j.w,3200,0.0,5.0,1.1162790697674418
jackson.souza,800,0.9951100244498777,1.273838630806846,0.03451412975493264
jackson.souza,1000,0.983957219251337,1.4598930481283423,0.04999378186792683
jackson.souza,1200,0.9852216748768473,1.6650246305418719,0.05349982815901018
jackson.souza,1400,0.9957983193277311,2.1134453781512605,0.053351573187414486
jackson.souza,1600,0.992619926199262,2.4833948339483394,0.06513344203209476
jackson.souza,1800,0.991701244813278,2.4854771784232366,0.06610055003377398
jackson.souza,2000,0.9739130434782609,2.965217391304348,0.09504550050556114
jackson.souza,2200,0.9367816091954023,3.4827586206896552,0.14421277733226406
jackson.souza,2400,0.9705882352941176,4.389705882352941,0.13149794801641587
jackson.souza,2600,0.9411764705882353,3.3333333333333335,0.13634290925672596
jackson.souza,2800,0.8333333333333334,4.5,0.2713178294573643
jackson.souza,3000,0.875,4.8125,0.2369186046511628
jackson.souza,3200,1.0,2.0,0.046511627906976744
jackson.souza,3400,1.0,3.0,0.06976744186046512
janY_,800,1.0,1.3135593220338984,0.03054789121009066
janY_,1000,1.0,1.8428571428571427,0.04285714285714286
janY_,1200,1.0,1.4156626506024097,0.03292238722331185
janY_,1400,0.9935897435897436,1.705128205128205,0.04606440071556348
janY_,1600,0.9951690821256038,2.0483091787439616,0.05246601505448829
janY_,1800,0.995,2.48,0.06267441860465117
janY_,2000,0.968609865470852,2.7399103139013454,0.09510897903848158
janY_,2200,0.972972972972973,2.90990990990991,0.09469935051330394
janY_,2400,0.96,2.56,0.09953488372093028
janY_,2600,0.8620689655172413,3.793103448275862,0.22614274258219733
janY_,2800,0.9473684210526315,3.8421052631578947,0.14198286413708694
janY_,3000,0.8333333333333334,1.5,0.2015503875968992
janY_,3200,1.0,6.0,0.13953488372093023
jeroenodb,800,0.9719887955182073,1.2436974789915967,0.05693440166764381
jeroenodb,1000,0.9927007299270073,1.3430656934306568,0.0385333559667289
jeroenodb,1200,0.9675324675324676,1.4155844155844155,0.06538810027182115
jeroenodb,1400,0.9849624060150376,1.556390977443609,0.0512327329952789
jeroenodb,1600,0.9715909090909091,1.8068181818181819,0.0704281183932347
jeroenodb,1800,0.9491525423728814,1.887005649717514,0.09473130994613058
jeroenodb,2000,0.9659090909090909,2.1988636363636362,0.0852272727272727
jeroenodb,2200,0.9623655913978495,2.338709677419355,0.09202300575143782
jeroenodb,2400,0.9519519519519519,2.7717717717717716,0.11250785669390323
jeroenodb,2600,0.9370629370629371,3.0594405594405596,0.13408684338916896
jeroenodb,2800,0.9071729957805907,3.3037974683544302,0.16965950348346576
jeroenodb,3000,0.8902439024390244,2.975609756097561,0.17895632444696538
jeroenodb,3200,0.8771929824561403,4.5964912280701755,0.22970216238270097
jeroenodb,3400,0.6341463414634146,4.829268292682927,0.47816222348269993
jhdfarrell_,800,1.0,1.2613636363636365,0.02933403805496829
jhdfarrell_,1000,1.0,1.8125,0.04215116279069767
jhdfarrell_,1200,1.0,1.9705882352941178,0.04582763337893297
jhdfarrell_,1400,1.0,2.125,0.04941860465116279
jhdfarrell_,1600,1.0,2.1666666666666665,0.050387596899224806
jhdfarrell_,1800,0.9444444444444444,2.861111111111111,0.12209302325581398
jhdfarrell_,2000,0.85,4.7,0.2593023255813954
jhdfarrell_,2200,1.0,6.7272727272727275,0.15644820295983086
jhdfarrell_,2400,1.0,2.6923076923076925,0.06261180679785332
jhdfarrell_,2600,1.0,3.5,0.08139534883720931
jhdfarrell_,2800,0.0,34.0,1.7906976744186047
jhdfarrell_,3200,1.0,10.5,0.2441860465116279
jhvjh,800,0.9830508474576272,1.3559322033898304,0.048482459597950285
jhvjh,1000,0.96875,2.03125,0.07848837209302326
jhvjh,1200,0.9259259259259259,2.1296296296296298,0.12360034453057708
jhvjh,1400,0.9482758620689655,2.1379310344827585,0.10144346431435444
jhvjh,1600,0.8823529411764706,2.3088235294117645,0.17134062927496582
jhvjh,1800,0.8507462686567164,3.0597014925373136,0.22040958000694202
jhvjh,2000,0.8314606741573034,3.438202247191011,0.2484975176378364
jhvjh,2200,0.8860759493670886,4.139240506329114,0.21018545775684433
jhvjh,2400,0.9230769230769231,3.3076923076923075,0.1538461538461538
jhvjh,2600,0.7058823529411765,5.352941176470588,0.41860465116279066
jhvjh,2800,1.0,5.5,0.12790697674418605
jhvjh,3000,1.0,5.0,0.11627906976744186
jhvjh,3200,1.0,2.0,0.046511627906976744
jhvjh,3400,1.0,6.5,0.1511627906976744
ji_114514,800,0.985981308411215,1.2476635514018692,0.04303412301673544
ji_114514,1000,0.9646017699115044,1.5663716814159292,0.07182547849351724
ji_114514,1200,0.984,1.576,0.05265116279069769
ji_114514,1400,0.9897959183673469,2.122448979591837,0.05956336022781207
ji_114514,1600,0.9590163934426229,2.3934426229508197,0.09664506290507058
ji_114514,1800,0.9591836734693877,2.727891156462585,0.10425565575067242
ji_114514,2000,0.9090909090909091,3.237762237762238,0.16620588713611972
ji_114514,2200,0.9252873563218391,3.425287356321839,0.1543704891740176
ji_114514,2400,0.9038461538461539,3.0448717948717947,0.16696481812760883
ji_114514,2600,0.8863636363636364,3.272727272727273,0.1897463002114165
ji_114514,2800,0.7741935483870968,3.193548387096774,0.30007501875468867
ji_114514,3000,0.9285714285714286,3.2142857142857144,0.14617940199335544
ji_114514,3200,1.0,5.5,0.12790697674418605
jiangbowen,800,1.0,1.3626373626373627,0.03168924099156657
jiangbowen,1000,1.0,1.5934065934065933,0.03705596728852543
jiangbowen,1200,0.9882352941176471,1.7058823529411764,0.051436388508891887
jiangbowen,1400,0.9896907216494846,1.9175257731958764,0.05490290098297767
jiangbowen,1600,0.9834710743801653,2.090909090909091,0.06515471843167397
jiangbowen,1800,0.9572649572649573,2.606837606837607,0.10335917312661494
jiangbowen,2000,0.9467455621301775,2.6508875739644973,0.11490298610155503
jiangbowen,2200,0.9032258064516129,3.21505376344086,0.1715428857214304
jiangbowen,2400,0.8842105263157894,3.5157894736842104,0.19755201958384336
jiangbowen,2600,0.9292035398230089,3.1327433628318584,0.14365095698703437
jiangbowen,2800,0.9419354838709677,3.367741935483871,0.13638409602400603
jiangbowen,3000,0.9058823529411765,3.7176470588235295,0.18057455540355677
jiangbowen,3200,0.8554216867469879,4.313253012048193,0.2448865228355282
jiangbowen,3400,0.7878787878787878,4.333333333333333,0.3128964059196618
jiangly,800,1.0,1.1493775933609958,0.02672971147351153
jiangly,1000,1.0,1.2459770114942528,0.028976209569633784
jiangly,1200,0.997867803837953,1.2899786780383795,0.03213170030247439
jiangly,1400,1.0,1.3545454545454545,0.03150105708245243
jiangly,1600,1.0,1.361169102296451,0.031655095402243046
jiangly,1800,0.9979633401221996,1.4704684317718941,0.03623360015156542
jiangly,2000,1.0,1.5056947608200455,0.03501615722837315
jiangly,2200,1.0,1.571753986332574,0.03655241828680405
jiangly,2400,0.9954954954954955,1.662162162162162,0.043159438508275666
jiangly,2600,0.9942196531791907,1.8526011560693643,0.048864094636375914
jiangly,2800,0.992831541218638,2.089605734767025,0.05576394098524627
jiangly,3000,0.9895287958115183,2.2722513089005236,0.0633142578838427
jiangly,3200,0.9748427672955975,2.3270440251572326,0.07927453561503583
jiangly,3400,0.9523809523809523,2.503401360544218,0.10583768391077367
jinnan814,800,1.0,1.3888888888888888,0.03229974160206718
jinnan814,1000,1.0,1.5555555555555556,0.03617571059431524
jinnan814,1200,1.0,1.6,0.037209302325581395
jinnan814,1400,1.0,1.2,0.027906976744186046
jinnan814,1600,1.0,1.0,0.023255813953488372
jinnan814,1800,0.9,1.9,0.1441860465116279
jinnan814,2000,1.0,1.5,0.03488372093023256
jinnan814,2200,0.25,3.5,0.8313953488372093
jinnan814,2400,1.0,2.0,0.046511627906976744
jjang36524,800,0.9769230769230769,1.2538461538461538,0.05223613595706622
jjang36524,1000,0.9846153846153847,1.2923076923076924,0.04543828264758492
jjang36524,1200,0.9883720930232558,1.3953488372093024,0.044077879935100074
jjang36524,1400,0.9367088607594937,1.4683544303797469,0.09743891669119811
jjang36524,1600,0.9305555555555556,1.8611111111111112,0.11272609819121444
jjang36524,1800,0.9239130434782609,1.815217391304348,0.11830131445904955
jjang36524,2000,0.8787878787878788,2.515151515151515,0.17970401691331925
jjang36524,2200,0.8431372549019608,2.588235294117647,0.21705426356589147
jjang36524,2400,0.71875,2.75,0.345203488372093
jjang36524,2600,0.4117647058823529,3.764705882352941,0.6757865937072504
jjang36524,2800,0.6666666666666666,3.1666666666666665,0.40697674418604657
jjang36524,3000,0.8571428571428571,4.428571428571429,0.24584717607973428
jjang36524,3200,1.0,43.0,1.0
jjyakioi,800,0.975609756097561,1.3658536585365855,0.056154282473057315
jjyakioi,1000,0.9285714285714286,2.357142857142857,0.1262458471760797
jjyakioi,1200,0.8461538461538461,1.8461538461538463,0.1967799642218247
jjyakioi,1400,1.0,2.12,0.04930232558139535
jjyakioi,1600,1.0,1.25,0.029069767441860465
jjyakioi,1800,1.0,2.310344827586207,0.053728949478749
jjyakioi,2000,1.0,3.549019607843137,0.08253533971728226
jjyakioi,2200,1.0,3.5555555555555554,0.08268733850129198
jjyakioi,2400,0.9512195121951219,3.268292682926829,0.1247872943845718
jjyakioi,2600,0.9459459459459459,5.45945945945946,0.18101822752985544
jjyakioi,2800,0.9743589743589743,5.923076923076923,0.16338700059630296
jjyakioi,3000,1.0,10.035714285714286,0.2333887043189369
jjyakioi,3200,1.0,7.204545454545454,0.1675475687103594
jjyakioi,3400,0.9,4.2,0.19767441860465113
jlass_,800,0.9848942598187311,1.2356495468277946,0.04384177615400828
jlass_,1000,1.0,1.2992125984251968,0.030214246475004577
jlass_,1200,0.9932432432432432,1.3310810810810811,0.037712130735386595
jlass_,1400,1.0,1.5490196078431373,0.03602371181030552
jlass_,1600,1.0,1.782258064516129,0.04144786196549137
jlass_,1800,1.0,1.903030303030303,0.04425651867512333
jlass_,2000,1.0,2.1466666666666665,0.04992248062015504
jlass_,2200,0.9791666666666666,2.453125,0.07788275193798452
jlass_,2400,0.9731543624161074,2.704697986577181,0.08974559076010609
jlass_,2600,0.9857142857142858,2.3285714285714287,0.06843853820598002
jlass_,2800,0.8888888888888888,4.222222222222222,0.2093023255813954
jlass_,3000,0.8461538461538461,4.153846153846154,0.25044722719141327
jlass_,3200,1.0,8.0,0.18604651162790697
jlass_,3400,1.0,1.0,0.023255813953488372
jn_275,800,1.0,1.5625,0.036337209302325583
jn_275,1000,1.0,1.0833333333333333,0.025193798449612403
jn_275,1200,1.0,1.0,0.023255813953488372
jn_275,1400,1.0,1.0,0.023255813953488372
jn_275,1600,1.0,1.3333333333333333,0.031007751937984496
jn_275,1800,0.8333333333333334,1.1666666666666667,0.19379844961240306
jn_275,2000,1.0,1.0,0.023255813953488372
jn_275,2200,1.0,1.0,0.023255813953488372
jn_275,2400,0.8,2.6,0.2604651162790697
jn_275,2600,0.3333333333333333,1.3333333333333333,0.6976744186046513
jn_275,2800,0.0,1.0,1.0232558139534884
jn_275,3000,0.0,2.0,1.0465116279069768
jootw,800,1.0,1.15,0.026744186046511628
jootw,1000,0.9,1.4,0.1325581395348837
jootw,1200,0.9411764705882353,1.0,0.08207934336525309
jootw,1400,0.8888888888888888,1.7777777777777777,0.15245478036175714
jootw,1600,1.0,1.3333333333333333,0.031007751937984496
jootw,1800,1.0,2.2666666666666666,0.05271317829457364
jootw,2000,1.0,1.95,0.04534883720930232
jootw,2200,1.0,2.9,0.06744186046511627
jootw,2400,0.9583333333333334,2.25,0.09399224806201548
jootw,2600,1.0,3.5833333333333335,0.08333333333333334
jootw,2800,1.0,3.2857142857142856,0.07641196013289037
jootw,3200,1.0,2.0,0.046511627906976744
jtrh,800,0.9763313609467456,1.4142011834319526,0.05655703866795102
jtrh,1000,1.0,1.3950617283950617,0.03244329600918748
jtrh,1200,1.0,1.6571428571428573,0.03853820598006645
jtrh,1400,0.9880952380952381,2.1547619047619047,0.06201550387596895
jtrh,1600,0.9895833333333334,2.65625,0.07218992248062012
jtrh,1800,1.0,2.4260869565217393,0.056420626895854406
jtrh,2000,1.0,2.1962025316455698,0.051074477480129526
jtrh,2200,1.0,2.423076923076923,0.05635062611806797
jtrh,2400,1.0,2.6840277777777777,0.06241925064599483
jtrh,2600,1.0,2.4081632653061225,0.05600379686758424
jtrh,2800,0.8888888888888888,2.888888888888889,0.1782945736434109
jtrh,3000,1.0,2.0,0.046511627906976744
jumpmelon,800,1.0,1.44,0.03348837209302325
jumpmelon,1000,1.0,1.34375,0.03125
jumpmelon,1200,1.0,1.7142857142857142,0.03986710963455149
jumpmelon,1400,0.9696969696969697,1.393939393939394,0.06272022551092316
jumpmelon,1600,1.0,1.5454545454545454,0.035940803382663845
jumpmelon,1800,1.0,1.25,0.029069767441860465
jumpmelon,2000,1.0,2.4074074074074074,0.05598621877691645
jumpmelon,2200,0.896551724137931,1.793103448275862,0.14514835605453086
jumpmelon,2400,1.0,2.5,0.05813953488372093
jumpmelon,2600,0.9473684210526315,2.5789473684210527,0.1126070991432069
jumpmelon,2800,0.8181818181818182,4.2727272727272725,0.281183932346723
jumpmelon,3000,1.0,4.0,0.09302325581395349
jumpmelon,3200,0.6666666666666666,1.3333333333333333,0.36434108527131787
jumpmelon,3400,1.0,2.0,0.046511627906976744
jununu0811,800,1.0,1.32,0.030697674418604652
jununu0811,1000,0.9859154929577465,1.6056338028169015,0.0514248280379954
jununu0811,1200,1.0,1.7241379310344827,0.040096230954290296
jununu0811,1400,0.9824561403508771,2.5964912280701755,0.07792737658098742
jununu0811,1600,0.9487179487179487,1.9743589743589745,0.09719737626714375
jununu0811,1800,0.7924528301886793,2.150943396226415,0.25756910925844667
jununu0811,2000,0.7931034482758621,2.586206896551724,0.26704089815557336
jununu0811,2200,0.6923076923076923,2.0,0.3542039355992844
jununu0811,2400,0.6666666666666666,3.5555555555555554,0.4160206718346253
jununu0811,2600,0.0,2.0,1.0465116279069768
jununu0811,3000,0.0,1.0,1.0232558139534884
k1r1t0,800,0.9942418426103646,1.2667946257197698,0.03521849752265327
k1r1t0,1000,0.9649122807017544,1.3625730994152048,0.06677546579627364
k1r1t0,1200,0.9789473684210527,1.4,0.05361077111383104
k1r1t0,1400,0.9811320754716981,1.729559748427673,0.059090244259178
k1r1t0,1600,0.9723756906077348,1.8342541436464088,0.07028138250032126
k1r1t0,1800,0.95,1.961111111111111,0.09560723514211891
k1r1t0,2000,0.9319727891156463,1.8299319727891157,0.11058376839107734
k1r1t0,2200,0.9647887323943662,2.4014084507042255,0.09105797576154598
k1r1t0,2400,0.9308176100628931,2.7044025157232703,0.13207547169811318
k1r1t0,2600,0.9431818181818182,2.727272727272727,0.12024312896405914
k1r1t0,2800,0.86,2.86,0.20651162790697675
k1r1t0,3000,0.9230769230769231,2.8205128205128207,0.1425163983303518
k1r1t0,3200,0.8846153846153846,6.769230769230769,0.2728085867620752
k1r1t0,3400,0.8,2.6666666666666665,0.26201550387596895
k4k7us,800,0.9521276595744681,1.3297872340425532,0.07879762493814942
k4k7us,1000,0.9193548387096774,1.3709677419354838,0.1125281320330083
k4k7us,1200,0.8958333333333334,1.5625,0.14050387596899222
k4k7us,1400,0.9473684210526315,1.2105263157894737,0.0807833537331702
k4k7us,1600,0.7692307692307693,1.1538461538461537,0.257602862254025
k4k7us,1800,0.9166666666666666,1.1111111111111112,0.10917312661498713
k4k7us,2000,0.8235294117647058,2.0,0.2229822161422709
k4k7us,2200,1.0,1.1666666666666667,0.027131782945736437
k4k7us,2400,0.8333333333333334,1.0,0.189922480620155
k4k7us,2600,0.8,1.9,0.24418604651162787
k4k7us,2800,1.0,1.0,0.023255813953488372
k4k7us,3000,1.0,1.0,0.023255813953488372
k4k7us,3200,1.0,1.0,0.023255813953488372
k4k7us,3400,0.5,1.0,0.5232558139534884
kafamcokkaristi,800,0.9696969696969697,1.5702479338842976,0.06682042411429301
kafamcokkaristi,1000,0.9583333333333334,2.048611111111111,0.08930878552971572
kafamcokkaristi,1200,0.8852459016393442,2.081967213114754,0.16317194052611514
kafamcokkaristi,1400,0.9264705882352942,2.7794117647058822,0.13816689466484264
kafamcokkaristi,1600,0.8461538461538461,3.055944055944056,0.2249146202634575
kafamcokkaristi,1800,0.7757009345794392,2.588785046728972,0.2845033688328624
kafamcokkaristi,2000,0.8024691358024691,3.4814814814814814,0.27849554981337926
kafamcokkaristi,2200,0.7575757575757576,4.7272727272727275,0.3523608174770966
kafamcokkaristi,2400,0.7209302325581395,5.093023255813954,0.39751216873985945
kafamcokkaristi,2600,0.5925925925925926,5.888888888888889,0.5443583118001722
kafamcokkaristi,2800,0.5454545454545454,4.2727272727272725,0.5539112050739958
kafamcokkaristi,3000,1.0,23.0,0.5348837209302325
kafamcokkaristi,3400,0.0,8.0,1.1860465116279069
kalimm,800,0.9918367346938776,1.3224489795918368,0.038917892738490736
kalimm,1000,0.9726027397260274,1.86986301369863,0.07088244663905702
kalimm,1200,0.9751552795031055,1.9627329192546583,0.0704896721074679
kalimm,1400,0.9441340782122905,2.2793296089385473,0.10887358711186182
kalimm,1600,0.9540816326530612,2.2857142857142856,0.09907451352634075
kalimm,1800,0.9242424242424242,2.9696969696969697,0.1448202959830867
kalimm,2000,0.9186602870813397,3.478468899521531,0.16223433848892843
kalimm,2200,0.8917525773195877,3.1752577319587627,0.18209062574922075
kalimm,2400,0.9024390243902439,4.414634146341464,0.2002268859897901
kalimm,2600,0.8214285714285714,4.303571428571429,0.2786544850498339
kalimm,2800,0.8472222222222222,6.125,0.2952196382428941
kalimm,3000,0.8297872340425532,5.8936170212765955,0.30727362691736765
kalimm,3200,0.6,11.466666666666667,0.6666666666666667
kalimm,3400,0.5,25.5,1.0930232558139537
kamyak,800,0.9962962962962963,1.3888888888888888,0.036003445305770834
kamyak,1000,0.9924242424242424,1.5227272727272727,0.04298801973220577
kamyak,1200,0.9776119402985075,1.7388059701492538,0.06282540784449839
kamyak,1400,0.9612403100775194,1.7906976744186047,0.08040382188570394
kamyak,1600,0.9481481481481482,2.1185185185185187,0.10111972437553829
kamyak,1800,0.9642857142857143,2.2785714285714285,0.08870431893687705
kamyak,2000,0.9279279279279279,2.3063063063063063,0.12570710245128852
kamyak,2200,0.8309859154929577,2.8450704225352115,0.23517851293809366
kamyak,2400,0.7272727272727273,2.5454545454545454,0.33192389006342493
kamyak,2600,0.4666666666666667,2.066666666666667,0.5813953488372093
kamyak,2800,0.5,1.75,0.5406976744186046
karthik789murugan,800,0.95,1.15,0.07674418604651168
karthik789murugan,1000,1.0,1.25,0.029069767441860465
karthik789murugan,1200,0.6666666666666666,2.6666666666666665,0.39534883720930236
karthik789murugan,1400,1.0,2.5,0.05813953488372093
karthik789murugan,1600,0.8,3.6,0.28372093023255807
karthik789murugan,1800,1.0,2.0,0.046511627906976744
karthik789murugan,2000,1.0,1.0,0.023255813953488372
karthik789murugan,2200,0.5,4.0,0.5930232558139534
karthik789murugan,2600,1.0,1.0,0.023255813953488372
kcatsuh,800,1.0,1.3,0.030232558139534883
kcatsuh,1000,1.0,1.875,0.0436046511627907
kcatsuh,1200,0.9090909090909091,1.8181818181818181,0.13319238900634253
kcatsuh,1400,1.0,2.1,0.04883720930232558
kcatsuh,1600,1.0,2.7777777777777777,0.06459948320413436
kcatsuh,1800,0.8571428571428571,2.4285714285714284,0.1993355481727575
kcatsuh,2000,0.7777777777777778,3.888888888888889,0.3126614987080103
kcatsuh,2200,0.9,2.3,0.15348837209302324
kcatsuh,2400,0.8571428571428571,2.7142857142857144,0.20598006644518277
kcatsuh,2600,1.0,1.0,0.023255813953488372
kcatsuh,2800,1.0,7.5,0.1744186046511628
kcatsuh,3000,1.0,9.0,0.20930232558139536
kdy8128,800,0.972972972972973,1.2837837837837838,0.05688246385920799
kdy8128,1000,0.9714285714285714,1.3142857142857143,0.059136212624584725
kdy8128,1200,0.9473684210526315,1.4473684210526316,0.0862913096695227
kdy8128,1400,1.0,1.59375,0.037063953488372096
kdy8128,1600,0.92,1.52,0.11534883720930228
kdy8128,1800,0.9130434782608695,1.8695652173913044,0.1304347826086957
kdy8128,2000,0.9,2.45,0.15697674418604649
kdy8128,2200,0.7692307692307693,1.9230769230769231,0.27549194991055453
kdy8128,2400,0.6666666666666666,1.7777777777777777,0.37467700258397935
kdy8128,2600,1.0,2.0,0.046511627906976744
keisuke6,800,0.9878048780487805,1.3048780487804879,0.042541123085649474
keisuke6,1000,1.0,1.196969696969697,0.02783650458069063
keisuke6,1200,0.9705882352941176,1.6176470588235294,0.06703146374829003
keisuke6,1400,0.9682539682539683,1.492063492063492,0.06644518272425248
keisuke6,1600,0.9397590361445783,2.0120481927710845,0.1070327822919585
keisuke6,1800,0.835820895522388,2.462686567164179,0.22145088510933705
keisuke6,2000,0.7941176470588235,3.0,0.27564979480164165
keisuke6,2200,0.7843137254901961,2.3529411764705883,0.270405836753306
keisuke6,2400,0.8837209302325582,3.558139534883721,0.1990265008112493
keisuke6,2600,0.7857142857142857,3.75,0.3014950166112957
keisuke6,2800,0.8666666666666667,5.133333333333334,0.2527131782945736
keisuke6,3000,0.6666666666666666,8.0,0.5193798449612403
keisuke6,3200,0.4,3.6,0.6837209302325581
keisuke6,3400,0.0,1.3333333333333333,1.0310077519379846
kevin,800,1.0,1.3032581453634084,0.03030832896193973
kevin,1000,0.9931506849315068,1.5342465753424657,0.04252946798343424
kevin,1200,1.0,1.5872093023255813,0.0369118442401298
kevin,1400,0.9939024390243902,1.8597560975609757,0.04934770277935338
kevin,1600,0.9802955665024631,2.0098522167487687,0.06644518272425248
kevin,1800,0.9792746113989638,2.7409326424870466,0.08446800819375824
kevin,2000,0.9771428571428571,3.2914285714285714,0.09940199335548178
kevin,2200,0.967741935483871,2.889400921658986,0.09945343478726822
kevin,2400,0.9247311827956989,3.736559139784946,0.1621655413853464
kevin,2600,0.9224137931034483,4.525862068965517,0.18283881315156375
kevin,2800,0.8333333333333334,6.404761904761905,0.3156146179401993
kevin,3000,0.8571428571428571,4.571428571428571,0.24916943521594687
kevin,3200,0.5,3.5,0.5813953488372093
kevin,3400,0.0,1.0,1.0232558139534884
kevinyang,800,0.9966044142614601,1.1578947368421053,0.03032337031626331
kevinyang,1000,0.9884615384615385,1.2692307692307692,0.0410554561717352
kevinyang,1200,0.9820143884892086,1.3129496402877698,0.04851932407562322
kevinyang,1400,0.9878048780487805,1.5447154471544715,0.04811873700132351
kevinyang,1600,0.9836734693877551,1.653061224489796,0.054769814902705244
kevinyang,1800,0.9616858237547893,1.9118773946360152,0.08277644123674596
kevinyang,2000,0.9565217391304348,1.7739130434782608,0.08473205257836194
kevinyang,2200,0.9686411149825784,2.721254355400697,0.0946438700267401
kevinyang,2400,0.9661016949152542,3.2542372881355934,0.10957824201813168
kevinyang,2600,0.934640522875817,3.542483660130719,0.14774281805745554
kevinyang,2800,0.967391304347826,4.173913043478261,0.12967644084934282
kevinyang,3000,0.972972972972973,3.027027027027027,0.09742300439974853
kevinyang,3200,1.0,1.9,0.044186046511627906
kevinyang,3400,0.5,2.0,0.5465116279069767
khanhdang2109,800,0.98,1.24,0.0488372093023256
khanhdang2109,1000,1.0,1.5192307692307692,0.03533094812164579
khanhdang2109,1200,0.9821428571428571,1.3928571428571428,0.05024916943521599
khanhdang2109,1400,0.9787234042553191,1.574468085106383,0.05789213260762002
khanhdang2109,1600,0.9375,1.5625,0.09883720930232559
khanhdang2109,1800,0.9545454545454546,1.7045454545454546,0.08509513742071878
khanhdang2109,2000,0.9655172413793104,1.896551724137931,0.07858861267040894
khanhdang2109,2200,0.8666666666666667,1.6,0.1705426356589147
khanhdang2109,2400,0.8333333333333334,1.1666666666666667,0.19379844961240306
khanhdang2109,2600,1.0,1.0,0.023255813953488372
khanhdang2109,2800,0.6666666666666666,1.0,0.35658914728682173
khoianh,800,0.948051948051948,1.448051948051948,0.08562367864693449
khoianh,1000,0.9661016949152542,1.3898305084745763,0.06621994481671267
khoianh,1200,0.9736842105263158,1.605263157894737,0.06364749082007341
khoianh,1400,0.890625,1.828125,0.15188953488372092
khoianh,1600,0.961038961038961,1.7922077922077921,0.08064028994261555
khoianh,1800,0.8875,2.5125,0.17093023255813958
khoianh,2000,0.9310344827586207,2.293103448275862,0.12229350441058542
khoianh,2200,0.9032258064516129,2.5483870967741935,0.15603900975243812
khoianh,2400,0.9230769230769231,5.0,0.19320214669051872
khoianh,2600,0.6,8.0,0.586046511627907
khoianh,2800,0.5,3.0,0.5697674418604651
khoianh,3000,1.0,4.0,0.09302325581395349
khoianh,3200,1.0,21.0,0.4883720930232558
kidw0124,800,0.9819819819819819,1.2252252252252251,0.046511627906976785
kidw0124,1000,1.0,1.5121951219512195,0.03516732841747022
kidw0124,1200,1.0,1.7659574468085106,0.04106877783275606
kidw0124,1400,0.9696969696969697,1.878787878787879,0.07399577167019025
kidw0124,1600,0.9523809523809523,2.6904761904761907,0.1101882613510521
kidw0124,1800,0.75,3.4166666666666665,0.3294573643410853
kidw0124,2000,0.6060606060606061,3.3636363636363638,0.47216349541930935
kidw0124,2200,0.6666666666666666,5.666666666666667,0.4651162790697675
kidw0124,2400,0.3076923076923077,2.230769230769231,0.7441860465116279
kidw0124,2600,0.25,1.25,0.7790697674418605
kidw0124,2800,0.0,3.0,1.069767441860465
kidw0124,3000,0.0,1.0,1.0232558139534884
kindmango,800,0.9932885906040269,1.167785234899329,0.03386920555642266
kindmango,1000,0.972972972972973,1.3108108108108107,0.057510999371464436
kindmango,1200,0.9583333333333334,1.4444444444444444,0.0752583979328165
kindmango,1400,1.0,1.619047619047619,0.03765227021040975
kindmango,1600,0.9705882352941176,1.9338235294117647,0.07438440492476062
kindmango,1800,0.9333333333333333,2.175757575757576,0.11726568005637772
kindmango,2000,0.9545454545454546,1.9935064935064934,0.0918151615826034
kindmango,2200,0.9757575757575757,2.121212121212121,0.0735729386892178
kindmango,2400,0.9767441860465116,2.24031007751938,0.07535604831440423
kindmango,2600,0.8571428571428571,2.5714285714285716,0.20265780730897015
kindmango,2800,1.0,2.5,0.05813953488372093
kingmessi,800,0.9869706840390879,1.4104234527687296,0.04582986137413833
kingmessi,1000,1.0,1.7584269662921348,0.040893650378886856
kingmessi,1200,0.9895287958115183,1.7486910994764397,0.0511384390600268
kingmessi,1400,0.9627659574468085,1.872340425531915,0.08077684314695699
kingmessi,1600,0.9761904761904762,2.25,0.07613510520487268
kingmessi,1800,0.9588477366255144,3.246913580246914,0.1166618815197627
kingmessi,2000,0.9444444444444444,3.0198412698412698,0.12578442229605025
kingmessi,2200,0.9435483870967742,2.7338709677419355,0.12003000750187542
kingmessi,2400,0.8521739130434782,2.791304347826087,0.21274014155712845
kingmessi,2600,0.8387096774193549,3.2903225806451615,0.23780945236309076
kingmessi,2800,0.75,3.4166666666666665,0.3294573643410853
kingmessi,3000,1.0,1.0,0.023255813953488372
kishanreddy1230,800,0.8541666666666666,1.5,0.18071705426356593
kishanreddy1230,1000,0.7058823529411765,1.5294117647058822,0.3296853625170998
kishanreddy1230,1200,0.6428571428571429,1.3571428571428572,0.388704318936877
kishanreddy1230,1400,0.8333333333333334,1.1666666666666667,0.19379844961240306
kishanreddy1230,1600,0.6666666666666666,1.5555555555555556,0.3695090439276486
kishanreddy1230,1800,0.5555555555555556,1.0,0.4677002583979328
kishanreddy1230,2000,0.6666666666666666,1.3333333333333333,0.36434108527131787
kishanreddy1230,2200,1.0,3.0,0.06976744186046512
kishanreddy1230,2400,0.25,2.25,0.8023255813953488
kishanreddy1230,2600,1.0,1.0,0.023255813953488372
kit27.am23,800,0.8333333333333334,1.6333333333333333,0.20465116279069764
kit27.am23,1000,0.8125,2.75,0.251453488372093
kit27.am23,1200,0.625,1.8125,0.4171511627906977
kit27.am23,1400,0.6666666666666666,1.8888888888888888,0.37726098191214474
kit27.am23,1600,0.8,4.4,0.3023255813953488
kit27.am23,1800,0.42857142857142855,2.5,0.6295681063122923
kit27.am23,2000,0.4,2.2,0.6511627906976744
kit27.am23,2200,0.6666666666666666,1.3333333333333333,0.36434108527131787
kit27.am23,2400,0.0,2.0,1.0465116279069768
kizen,800,0.9826086956521739,1.208695652173913,0.04550050556117291
kizen,1000,1.0,1.2835820895522387,0.029850746268656716
kizen,1200,0.946236559139785,1.3225806451612903,0.08452113028257059
kizen,1400,0.9846153846153847,1.7538461538461538,0.05617173524150263
kizen,1600,0.9523809523809523,1.9142857142857144,0.09213732004429684
kizen,1800,0.9247311827956989,1.7311827956989247,0.11552888222055518
kizen,2000,0.9027777777777778,2.25,0.14954780361757106
kizen,2200,0.85,2.6166666666666667,0.2108527131782946
kizen,2400,0.8421052631578947,2.9473684210526314,0.2264381884944921
kizen,2600,0.8292682926829268,2.8780487804878048,0.2376630743051617
kizen,2800,0.8837209302325582,3.3488372093023258,0.19415900486749593
kizen,3000,0.918918918918919,3.5675675675675675,0.16404776869893145
kizen,3200,0.8888888888888888,5.111111111111111,0.2299741602067184
kizen,3400,0.5,1.5,0.5348837209302325
kkykky,800,1.0,1.1379310344827587,0.026463512429831595
kkykky,1000,1.0,1.5555555555555556,0.03617571059431524
kkykky,1200,0.8181818181818182,2.3636363636363638,0.23678646934460884
kkykky,1400,0.8181818181818182,2.1818181818181817,0.23255813953488366
kkykky,1600,1.0,1.9285714285714286,0.044850498338870434
kkykky,1800,1.0,2.235294117647059,0.05198358413132695
kkykky,2000,1.0,2.727272727272727,0.06342494714587738
kkykky,2200,1.0,2.2,0.051162790697674425
kkykky,2400,1.0,2.8181818181818183,0.06553911205073996
kkykky,2600,0.8888888888888888,3.611111111111111,0.19509043927648584
kkykky,2800,1.0,4.0,0.09302325581395349
kkykky,3000,0.9615384615384616,2.923076923076923,0.1064400715563506
kkykky,3200,1.0,3.1538461538461537,0.07334525939177101
kkykky,3400,1.0,5.181818181818182,0.12050739957716701
kl0989e,800,1.0,1.2,0.027906976744186046
kl0989e,1000,1.0,1.7142857142857142,0.03986710963455149
kl0989e,1200,1.0,1.3703703703703705,0.03186907838070629
kl0989e,1400,1.0,1.8888888888888888,0.04392764857881137
kl0989e,1600,1.0,2.0,0.046511627906976744
kl0989e,1800,1.0,1.8205128205128205,0.042337507453786526
kl0989e,2000,0.975609756097561,1.6585365853658536,0.06296086216676122
kl0989e,2200,1.0,1.4523809523809523,0.033776301218161685
kl0989e,2400,0.9761904761904762,2.1904761904761907,0.07475083056478408
kl0989e,2600,0.9523809523809523,1.380952380952381,0.07973421926910304
kl0989e,2800,0.8888888888888888,1.5555555555555556,0.1472868217054264
kl0989e,3000,1.0,1.0,0.023255813953488372
kl0989e,3200,1.0,1.0,0.023255813953488372
kmjp,800,1.0,1.1344,0.02638139534883721
kmjp,1000,1.0,1.2430044182621502,0.02890707949446861
kmjp,1200,1.0,1.2995896032831737,0.03022301402984125
kmjp,1400,1.0,1.5158045977011494,0.03525126971398022
kmjp,1600,1.0,1.762982689747004,0.04099959743597684
kmjp,1800,1.0,1.9578651685393258,0.04553174810556571
kmjp,2000,0.9969418960244648,2.623853211009174,0.0640779460920276
kmjp,2200,1.0,2.9146141215106733,0.06778172375606217
kmjp,2400,0.9951377633711507,3.727714748784441,0.09155327729825492
kmjp,2600,0.992462311557789,4.1457286432160805,0.10394998247049198
kmjp,2800,0.9717741935483871,5.225806451612903,0.1497561890472618
kmjp,3000,0.944954128440367,6.055045871559633,0.1958608918284617
kmjp,3200,1.0,5.7272727272727275,0.1331923890063425
kmjp,3400,1.0,14.333333333333334,0.33333333333333337
knightL,800,1.0,1.242603550295858,0.028897756983624602
knightL,1000,1.0,1.1313131313131313,0.02630960770495654
knightL,1200,0.9770992366412213,1.6641221374045803,0.061601278182141
knightL,1400,0.9883720930232558,1.3255813953488371,0.04245538128718228
knightL,1600,0.9821428571428571,1.7276785714285714,0.05803571428571433
knightL,1800,0.9521739130434783,1.8695652173913044,0.0913043478260869
knightL,2000,0.9570552147239264,2.03680981595092,0.09031245541446709
knightL,2200,0.9536423841059603,2.1788079470198674,0.09702756815031574
knightL,2400,0.8771929824561403,2.473684210526316,0.18033455732354148
knightL,2600,0.7692307692307693,2.3076923076923075,0.2844364937388193
knightL,2800,0.7272727272727273,2.1818181818181817,0.32346723044397463
knightL,3000,0.625,2.125,0.42441860465116277
knightL,3200,0.0,1.0,1.0232558139534884
ko_osaga,800,0.981651376146789,1.2660550458715596,0.04779176445487519
ko_osaga,1000,1.0,1.3263157894736841,0.03084455324357405
ko_osaga,1200,0.9920634920634921,1.5317460317460319,0.04355850867478772
ko_osaga,1400,0.9923664122137404,1.6717557251908397,0.04651162790697676
ko_osaga,1600,0.9941520467836257,1.5497076023391814,0.04188766489868087
ko_osaga,1800,0.994475138121547,1.7734806629834254,0.04676859822690478
ko_osaga,2000,0.9709302325581395,2.255813953488372,0.08153055705786917
ko_osaga,2200,0.9813664596273292,2.1366459627329193,0.06832298136645967
ko_osaga,2400,0.9829545454545454,2.590909090909091,0.07729915433403808
ko_osaga,2600,0.9363636363636364,3.0545454545454547,0.13467230443974626
ko_osaga,2800,0.9473684210526315,3.168421052631579,0.12631578947368427
ko_osaga,3000,0.8974358974358975,4.410256410256411,0.20512820512820512
ko_osaga,3200,0.9038461538461539,3.0961538461538463,0.16815742397137745
ko_osaga,3400,0.8157894736842105,3.0,0.2539779681762546
kolorVXL,800,0.9722222222222222,1.1111111111111112,0.05361757105943154
kolorVXL,1000,0.9818181818181818,1.2363636363636363,0.04693446088794927
kolorVXL,1200,0.9682539682539683,1.3650793650793651,0.06349206349206349
kolorVXL,1400,0.975609756097561,1.5853658536585367,0.061259217243335246
kolorVXL,1600,1.0,1.6296296296296295,0.03789836347975883
kolorVXL,1800,0.9795918367346939,1.9591836734693877,0.06597057427622213
kolorVXL,2000,1.0,1.8541666666666667,0.04312015503875969
kolorVXL,2200,0.9722222222222222,2.0,0.07428940568475453
kolorVXL,2400,0.7777777777777778,3.0555555555555554,0.29328165374677
kolorVXL,2600,0.6,2.1,0.4488372093023256
kolorVXL,2800,0.5714285714285714,3.142857142857143,0.5016611295681064
kolorVXL,3000,0.0,9.666666666666666,1.2248062015503876
kondasujay2,800,0.9919354838709677,1.4596774193548387,0.04201050262565641
kondasujay2,1000,0.9491525423728814,1.7966101694915255,0.09262908947575875
kondasujay2,1200,1.0,1.6,0.037209302325581395
kondasujay2,1400,0.9791666666666666,2.1041666666666665,0.06976744186046516
kondasujay2,1600,0.9743589743589743,2.448717948717949,0.08258795468097796
kondasujay2,1800,1.0,2.2987012987012987,0.053458169737239505
kondasujay2,2000,0.9896907216494846,3.11340206185567,0.08271397746343799
kondasujay2,2200,0.981651376146789,3.1192660550458715,0.09088969490078942
kondasujay2,2400,0.9689922480620154,3.37984496124031,0.10960879754822432
kondasujay2,2600,0.95,3.4125,0.12936046511627913
kondasujay2,2800,0.9210526315789473,4.447368421052632,0.182374541003672
kondasujay2,3000,0.9047619047619048,3.857142857142857,0.1849390919158361
kondasujay2,3200,0.8461538461538461,6.3076923076923075,0.30053667262969586
kondasujay2,3400,0.5,7.0,0.6627906976744187
konghaojie,800,0.9985611510791367,1.129496402877698,0.027706207127321414
konghaojie,1000,1.0,1.2225609756097562,0.028431650595575727
konghaojie,1200,0.9938837920489296,1.2629969418960245,0.035488229855629085
konghaojie,1400,0.9868852459016394,1.360655737704918,0.04475791078917265
konghaojie,1600,0.9630872483221476,1.6711409395973154,0.07577649445918527
konghaojie,1800,0.9572953736654805,1.7366548042704626,0.0830919473640652
konghaojie,2000,0.9884169884169884,1.83011583011583,0.05414384484151923
konghaojie,2200,0.9466666666666667,2.013333333333333,0.10015503875968992
konghaojie,2400,0.9327731092436975,2.142857142857143,0.11706077779949187
konghaojie,2600,0.6,1.6,0.4372093023255814
konichi,800,1.0,1.2857142857142858,0.029900332225913623
konichi,1000,1.0,1.3333333333333333,0.031007751937984496
konichi,1200,0.75,3.5,0.33139534883720934
konichi,1400,1.0,1.0,0.023255813953488372
konichi,1600,1.0,1.0,0.023255813953488372
konichi,1800,1.0,1.0,0.023255813953488372
konichi,2200,0.6666666666666666,1.0,0.35658914728682173
konichi,2400,1.0,1.5,0.03488372093023256
konichi,2600,1.0,1.0,0.023255813953488372
konichi,3400,0.0,1.0,1.0232558139534884
kostylevGO,800,0.991869918699187,1.1951219512195121,0.03592361505010403
kostylevGO,1000,0.9583333333333334,1.2916666666666667,0.07170542635658911
kostylevGO,1200,0.9795918367346939,1.6734693877551021,0.059326056003796895
kostylevGO,1400,1.0,1.6415094339622642,0.03817463799912242
kostylevGO,1600,0.9803921568627451,1.9607843137254901,0.06520747834017332
kostylevGO,1800,0.9649122807017544,1.5789473684210527,0.07180742554059567
kostylevGO,2000,0.8913043478260869,2.5,0.166835187057634
kostylevGO,2200,0.9545454545454546,2.6363636363636362,0.10676532769556021
kostylevGO,2400,0.7804878048780488,3.5609756097560976,0.3023255813953488
kostylevGO,2600,0.5789473684210527,2.736842105263158,0.48470012239902077
kostylevGO,2800,0.6470588235294118,3.1176470588235294,0.4254445964432284
kostylevGO,3000,0.4,5.0,0.7162790697674418
kostylevGO,3400,0.0,1.0,1.0232558139534884
kotatsugame,800,1.0,1.043941411451398,0.02427770724305577
kotatsugame,1000,0.9917582417582418,1.151098901098901,0.03501150012777916
kotatsugame,1200,1.0,1.1939546599496222,0.027766387440688888
kotatsugame,1400,0.9947089947089947,1.1534391534391535,0.032115171650055424
kotatsugame,1600,0.9950372208436724,1.3995037220843674,0.03750937734433613
kotatsugame,1800,0.995,1.3525,0.03645348837209303
kotatsugame,2000,0.9830508474576272,1.5451977401129944,0.05288398370779131
kotatsugame,2200,0.993993993993994,1.6696696696696696,0.044835533207626205
kotatsugame,2400,0.963855421686747,1.9759036144578312,0.08209582516110955
kotatsugame,2600,0.91005291005291,2.5555555555555554,0.14937861449489362
kotatsugame,2800,0.8758620689655172,2.586206896551724,0.18428227746591824
kotatsugame,3000,0.7272727272727273,2.74025974025974,0.3364542434309876
kotatsugame,3200,0.7037037037037037,1.6666666666666667,0.3350559862187769
kotatsugame,3400,0.4,3.2,0.6744186046511628
ksun48,800,0.989010989010989,1.2774725274725274,0.04069767441860461
ksun48,1000,0.9955357142857143,1.4776785714285714,0.038828903654485034
ksun48,1200,0.9883720930232558,1.4689922480620154,0.045790517396791075
ksun48,1400,0.9752650176678446,1.4734982332155477,0.05900238310461003
ksun48,1600,0.973421926910299,1.7940199335548173,0.06829946689330135
ksun48,1800,0.9572368421052632,1.700657894736842,0.08231334149326805
ksun48,2000,0.9549180327868853,2.192622950819672,0.09607319862752572
ksun48,2200,0.9585253456221198,1.7880184331797235,0.08305647840531566
ksun48,2400,0.9453781512605042,1.9747899159663866,0.10054719562243505
ksun48,2600,0.9222222222222223,3.111111111111111,0.1501291989664082
ksun48,2800,0.900709219858156,2.2411347517730498,0.1514101929737754
ksun48,3000,0.8482142857142857,3.3125,0.22882059800664453
ksun48,3200,0.8319327731092437,4.0588235294117645,0.2624584717607973
ksun48,3400,0.680327868852459,3.7459016393442623,0.40678612276019827
kunzaZa183,800,0.9961190168175937,1.4307891332470892,0.03715514907187345
kunzaZa183,1000,0.9938271604938271,1.4814814814814814,0.040625897215044525
kunzaZa183,1200,1.0,1.7457627118644068,0.04059913283405597
kunzaZa183,1400,0.9452054794520548,1.7534246575342465,0.09557183816502071
kunzaZa183,1600,0.9945945945945946,2.054054054054054,0.05317410433689498
kunzaZa183,1800,0.967741935483871,2.4838709677419355,0.09002250562640657
kunzaZa183,2000,0.968,2.664,0.09395348837209305
kunzaZa183,2200,0.9117647058823529,2.823529411764706,0.15389876880984954
kunzaZa183,2400,0.8837209302325582,2.604651162790698,0.17685235262303947
kunzaZa183,2600,1.0,5.764705882352941,0.13406292749658003
kunzaZa183,2800,1.0,6.666666666666667,0.15503875968992248
kunzaZa183,3000,1.0,23.0,0.5348837209302325
kylin0610,800,0.9649122807017544,1.2105263157894737,0.06323949408404733
kylin0610,1000,1.0,1.44,0.03348837209302325
kylin0610,1200,1.0,1.2666666666666666,0.02945736434108527
kylin0610,1400,1.0,2.0,0.046511627906976744
kylin0610,1600,1.0,1.9444444444444444,0.04521963824289406
kylin0610,1800,1.0,2.56,0.059534883720930236
kylin0610,2000,0.9523809523809523,2.8095238095238093,0.11295681063122928
kylin0610,2200,1.0,3.6818181818181817,0.08562367864693446
kylin0610,2400,0.8333333333333334,1.9166666666666667,0.21124031007751934
kylin0610,2600,1.0,1.5,0.03488372093023256
kylin0610,2800,1.0,2.0,0.046511627906976744
l1l_pr1nce,800,0.9117647058823529,1.7352941176470589,0.12859097127222985
l1l_pr1nce,1000,0.875,2.4375,0.1816860465116279
l1l_pr1nce,1200,0.8888888888888888,2.3333333333333335,0.16537467700258404
l1l_pr1nce,1400,0.8571428571428571,2.2857142857142856,0.19601328903654489
l1l_pr1nce,1600,0.875,3.125,0.19767441860465118
l1l_pr1nce,1800,1.0,1.8,0.04186046511627907
l1l_pr1nce,2000,0.8333333333333334,3.8333333333333335,0.25581395348837205
l1l_pr1nce,2400,0.6,1.6,0.4372093023255814
l1l_pr1nce,2800,0.5,5.0,0.6162790697674418
lagrange_i_f,800,0.9761904761904762,1.3214285714285714,0.05454042081949061
lagrange_i_f,1000,1.0,1.5813953488372092,0.03677663601946998
lagrange_i_f,1200,0.9787234042553191,1.9574468085106382,0.06679861454725386
lagrange_i_f,1400,0.9736842105263158,2.3157894736842106,0.08017135862913094
lagrange_i_f,1600,0.9259259259259259,1.8518518518518519,0.11714039621016364
lagrange_i_f,1800,1.0,1.836734693877551,0.04271476032273375
lagrange_i_f,2000,0.9154929577464789,2.507042253521127,0.14281035047494267
lagrange_i_f,2200,0.9833333333333333,2.316666666666667,0.07054263565891478
lagrange_i_f,2400,0.9891304347826086,2.8260869565217392,0.07659251769464111
lagrange_i_f,2600,0.9482758620689655,2.6724137931034484,0.11387329591018444
lagrange_i_f,2800,0.9523809523809523,2.4761904761904763,0.10520487264673317
lagrange_i_f,3000,1.0,2.5,0.05813953488372093
lagrange_i_f,3200,0.9,2.8,0.16511627906976742
lagrange_i_f,3400,1.0,10.0,0.23255813953488372
lbm47,800,0.978494623655914,1.2688172043010753,0.05101275318829705
lbm47,1000,0.8961038961038961,1.4155844155844155,0.13681667170039266
lbm47,1200,0.881578947368421,1.3026315789473684,0.14871481028151778
lbm47,1400,0.958904109589041,2.0,0.0876075183179357
lbm47,1600,0.9157894736842105,1.8421052631578947,0.12705018359853126
lbm47,1800,0.9294117647058824,2.1882352941176473,0.12147742818057453
lbm47,2000,0.8433734939759037,1.9759036144578312,0.20257775287195287
lbm47,2200,0.9038461538461539,2.3076923076923075,0.1498211091234347
lbm47,2400,0.8709677419354839,2.9193548387096775,0.19692423105776444
lbm47,2600,0.8775510204081632,2.877551020408163,0.18936877076411962
lbm47,2800,1.0,3.375,0.07848837209302326
lbm47,3000,0.8571428571428571,8.571428571428571,0.34219269102990035
lbm47,3200,1.0,2.0,0.046511627906976744
lbm47,3400,0.5,5.0,0.6162790697674418
lbq_star,800,1.0,1.3017241379310345,0.030272654370489174
lbq_star,1000,0.9821428571428571,1.9285714285714286,0.06270764119601334
lbq_star,1200,0.9772727272727273,1.7727272727272727,0.063953488372093
lbq_star,1400,0.926829268292683,1.951219512195122,0.11854792966534311
lbq_star,1600,0.9148936170212766,2.723404255319149,0.1484413656605641
lbq_star,1800,0.8888888888888888,4.111111111111111,0.20671834625323002
lbq_star,2000,0.6875,1.4375,0.34593023255813954
lbq_star,2200,0.6153846153846154,3.3846153846153846,0.46332737030411447
lbq_star,2400,0.5555555555555556,3.111111111111111,0.5167958656330749
lbq_star,2600,0.42857142857142855,1.7142857142857142,0.6112956810631229
lbq_star,3000,1.0,17.0,0.3953488372093023
lchmax37,800,1.0,1.0570071258907363,0.024581561067226424
lchmax37,1000,1.0,1.359375,0.031613372093023256
lchmax37,1200,0.9803921568627451,1.411764705882353,0.052439580483356174
lchmax37,1400,1.0,1.5,0.03488372093023256
lchmax37,1600,0.9375,1.625,0.1002906976744186
lchmax37,1800,0.9032258064516129,1.5483870967741935,0.13278319579894976
lchmax37,2000,1.0,2.3076923076923075,0.05366726296958855
lchmax37,2200,0.8333333333333334,1.6666666666666667,0.20542635658914726
lchmax37,2400,1.0,1.0,0.023255813953488372
lchmax37,2600,1.0,1.0,0.023255813953488372
lcyxds,800,1.0,1.1538461538461537,0.026833631484794274
lcyxds,1000,1.0,1.2272727272727273,0.02854122621564482
lcyxds,1200,1.0,1.3333333333333333,0.031007751937984496
lcyxds,1400,1.0,1.6,0.037209302325581395
lcyxds,1600,0.9857142857142858,1.3857142857142857,0.046511627906976695
lcyxds,1800,0.9868421052631579,1.736842105263158,0.053549571603427215
lcyxds,2000,0.9827586206896551,2.0517241379310347,0.06495589414595032
lcyxds,2200,0.8888888888888888,2.1481481481481484,0.16106804478897507
lcyxds,2400,0.8979591836734694,2.7346938775510203,0.16563834836260086
lcyxds,2600,0.9583333333333334,2.7916666666666665,0.10658914728682166
lcyxds,2800,0.75,3.55,0.3325581395348837
lcyxds,3000,0.5,3.75,0.5872093023255814
lcyxds,3200,0.5,2.0,0.5465116279069767
leaf1415,800,1.0,1.095774647887324,0.02548313134621684
leaf1415,1000,0.9921052631578947,1.236842105263158,0.03665850673194617
leaf1415,1200,0.9932279909706546,1.234762979683973,0.035487427161530805
leaf1415,1400,0.995475113122172,1.409502262443439,0.0373040092602336
leaf1415,1600,0.9869158878504672,1.605607476635514,0.050423820908498194
leaf1415,1800,0.986,1.826,0.056465116279069784
leaf1415,2000,0.96529284164859,2.2017353579175705,0.08591030620995818
leaf1415,2200,0.9405034324942791,2.377574370709382,0.11478899473152043
leaf1415,2400,0.9144254278728606,3.3300733496332517,0.1630181383976801
leaf1415,2600,0.8713692946058091,3.4937759336099585,0.2098813085013992
leaf1415,2800,0.7685185185185185,3.175925925925926,0.30534022394487514
leaf1415,3000,0.5957446808510638,3.8297872340425534,0.4933201385452747
leaf1415,3200,0.75,3.1666666666666665,0.3236434108527132
leaf1415,3400,0.5,2.0,0.5465116279069767
leduchuy,800,0.9204545454545454,1.6477272727272727,0.11786469344608883
leduchuy,1000,0.8604651162790697,1.9767441860465116,0.18550567874526774
leduchuy,1200,0.7906976744186046,2.186046511627907,0.2601406165494862
leduchuy,1400,0.7222222222222222,1.9166666666666667,0.3223514211886305
leduchuy,1600,0.6818181818181818,2.8636363636363638,0.38477801268498946
leduchuy,1800,0.7037037037037037,1.9259259259259258,0.34108527131782945
leduchuy,2000,0.5714285714285714,2.7142857142857144,0.49169435215946844
leduchuy,2200,0.45454545454545453,1.6363636363636365,0.5835095137420718
leduchuy,2400,0.0,2.4444444444444446,1.0568475452196382
leduchuy,2600,0.2,1.8,0.8418604651162791
leduchuy,2800,0.0,7.5,1.1744186046511629
leg,800,0.9915254237288136,1.3093220338983051,0.0389239258967284
leg,1000,0.952755905511811,2.062992125984252,0.09522065555759021
leg,1200,0.9856115107913669,1.7841726618705036,0.055880876693993664
leg,1400,0.9565217391304348,1.8478260869565217,0.08645096056622847
leg,1600,0.9883720930232558,1.697674418604651,0.05110870740941051
leg,1800,0.8842105263157894,2.0105263157894737,0.16254589963280297
leg,2000,0.8636363636363636,2.378787878787879,0.1916842847075405
leg,2200,0.9038461538461539,2.6346153846153846,0.15742397137745973
leg,2400,0.9787234042553191,2.404255319148936,0.07718951014349335
leg,2600,0.9545454545454546,2.977272727272727,0.11469344608879488
leg,2800,0.6666666666666666,1.6666666666666667,0.372093023255814
leg,3000,1.0,1.0,0.023255813953488372
leidexuan,800,1.0,1.2666666666666666,0.02945736434108527
leidexuan,1000,1.0,1.1666666666666667,0.027131782945736437
leidexuan,1200,1.0,1.2727272727272727,0.02959830866807611
leidexuan,1400,1.0,1.8333333333333333,0.04263565891472868
leidexuan,1600,0.7777777777777778,1.6666666666666667,0.26098191214470284
leidexuan,1800,0.9,2.3,0.15348837209302324
leidexuan,2000,1.0,2.1,0.04883720930232558
leidexuan,2200,0.8571428571428571,2.2142857142857144,0.1943521594684386
leidexuan,2400,0.95,5.25,0.172093023255814
leidexuan,2600,0.9166666666666666,2.25,0.13565891472868222
leidexuan,2800,1.0,3.888888888888889,0.09043927648578812
leidexuan,3000,1.0,3.875,0.09011627906976744
leidexuan,3200,1.0,1.5,0.03488372093023256
leidexuan,3400,1.0,6.0,0.13953488372093023
leinad2,800,0.9538461538461539,1.323076923076923,0.07692307692307687
leinad2,1000,0.9642857142857143,1.3392857142857142,0.06686046511627905
leinad2,1200,0.9891304347826086,1.434782608695652,0.04423660262891815
leinad2,1400,0.9761904761904762,1.5833333333333333,0.06063122923588042
leinad2,1600,0.967391304347826,1.608695652173913,0.07002022244691611
leinad2,1800,0.967741935483871,1.989247311827957,0.07851962990747685
leinad2,2000,0.989010989010989,1.7912087912087913,0.0526450293892154
leinad2,2200,0.961038961038961,2.038961038961039,0.08637873754152825
leinad2,2400,0.9058823529411765,2.0941176470588236,0.14281805745554035
leinad2,2600,0.8461538461538461,1.8461538461538463,0.1967799642218247
leinad2,2800,0.8292682926829268,2.8048780487804876,0.2359614293817357
leinad2,3000,0.7619047619047619,3.380952380952381,0.31672203765227025
leinad2,3200,0.7647058823529411,3.8823529411764706,0.32558139534883723
leinad2,3400,0.45454545454545453,2.3636363636363638,0.6004228329809724
lethan3,800,0.9768041237113402,1.4716494845360826,0.057420282905778025
lethan3,1000,0.9923076923076923,1.5846153846153845,0.044543828264758466
lethan3,1200,1.0,1.735483870967742,0.04036009002250563
lethan3,1400,0.9913793103448276,1.8017241379310345,0.05052125100240574
lethan3,1600,0.9868421052631579,2.401315789473684,0.06900244798041619
lethan3,1800,0.95,2.76,0.11418604651162795
lethan3,2000,0.9615384615384616,3.2384615384615385,0.11377459749552771
lethan3,2200,0.9418604651162791,3.0697674418604652,0.12952947539210385
lethan3,2400,0.96875,3.5,0.11264534883720931
lethan3,2600,0.9117647058823529,2.8823529411764706,0.15526675786593708
lethan3,2800,0.9333333333333333,2.6,0.1271317829457364
lethan3,3000,0.875,3.75,0.21220930232558138
lethan3,3200,1.0,2.6,0.06046511627906977
lethan3,3400,1.0,3.0,0.06976744186046512
lftroq,800,1.0,1.4755043227665705,0.03431405401782722
lftroq,1000,1.0,1.756554307116105,0.040850100165490816
lftroq,1200,0.9955947136563876,1.841409691629956,0.04722876754430902
lftroq,1400,0.9947368421052631,2.2736842105263158,0.05813953488372094
lftroq,1600,0.9885057471264368,2.4310344827586206,0.06802993851911251
lftroq,1800,0.9738562091503268,2.450980392156863,0.0831433348533212
lftroq,2000,0.9508196721311475,3.0245901639344264,0.11951963400686243
lftroq,2200,1.0,3.342857142857143,0.07774086378737542
lftroq,2400,0.96875,3.09375,0.10319767441860465
lftroq,2600,1.0,4.142857142857143,0.09634551495016612
lftroq,2800,1.0,4.0,0.09302325581395349
lftroq,3000,1.0,3.0,0.06976744186046512
lg_zhou,800,0.9801980198019802,1.2871287128712872,0.04973520607874743
lg_zhou,1000,1.0,1.7777777777777777,0.04134366925064599
lg_zhou,1200,1.0,1.4166666666666667,0.03294573643410853
lg_zhou,1400,1.0,2.033333333333333,0.047286821705426356
lg_zhou,1600,1.0,1.5909090909090908,0.03699788583509513
lg_zhou,1800,0.95,3.2,0.12441860465116283
lg_zhou,2000,0.8974358974358975,3.0256410256410255,0.17292784734645195
lg_zhou,2200,0.9130434782608695,3.5869565217391304,0.1703741152679475
lg_zhou,2400,0.875,4.21875,0.22311046511627908
lg_zhou,2600,0.7777777777777778,8.222222222222221,0.4134366925064599
lg_zhou,2800,0.8571428571428571,5.285714285714286,0.26578073089701004
lg_zhou,3000,1.0,4.0,0.09302325581395349
lg_zhou,3200,0.5,7.0,0.6627906976744187
lg_zhou,3400,1.0,8.0,0.18604651162790697
liaoz123,800,0.9864864864864865,1.2635135135135136,0.04289754871150217
liaoz123,1000,1.0,1.507936507936508,0.03506829088224437
liaoz123,1200,1.0,1.5671641791044777,0.03644567858382506
liaoz123,1400,1.0,1.8148148148148149,0.04220499569336779
liaoz123,1600,0.9692307692307692,1.8153846153846154,0.07298747763864044
liaoz123,1800,0.9494949494949495,2.1818181818181817,0.10124500822175239
liaoz123,2000,0.9456521739130435,2.630434782608696,0.11552072800808899
liaoz123,2200,0.9391304347826087,2.2869565217391306,0.11405460060667338
liaoz123,2400,0.9618320610687023,2.282442748091603,0.09124800284040471
liaoz123,2600,0.9850746268656716,2.574626865671642,0.074800416522041
liaoz123,2800,0.9733333333333334,2.8266666666666667,0.09240310077519374
liaoz123,3000,0.9743589743589743,2.4358974358974357,0.08228980322003579
liaoz123,3200,1.0,2.090909090909091,0.04862579281183932
liaoz123,3400,0.8666666666666667,3.4,0.21240310077519375
libobil,800,0.9826589595375722,1.323699421965318,0.04812474794999333
libobil,1000,0.9772727272727273,1.7045454545454546,0.062367864693446066
libobil,1200,0.9560439560439561,1.6373626373626373,0.08203424482494245
libobil,1400,0.9552238805970149,1.8656716417910448,0.08816383200277683
libobil,1600,0.8928571428571429,1.9642857142857142,0.15282392026578068
libobil,1800,0.803030303030303,2.3636363636363638,0.2519379844961241
libobil,2000,0.8955223880597015,2.462686567164179,0.16174939257202356
libobil,2200,0.8,3.25,0.2755813953488372
libobil,2400,0.6122448979591837,3.4489795918367347,0.46796392975794965
libobil,2600,0.38095238095238093,3.7142857142857144,0.7054263565891473
libobil,2800,0.6666666666666666,5.333333333333333,0.45736434108527135
libobil,3000,0.3333333333333333,8.0,0.8527131782945737
libobil,3200,0.0,5.333333333333333,1.124031007751938
libobil,3400,0.0,4.0,1.0930232558139534
licnn,800,0.9504950495049505,1.5940594059405941,0.0865760994704122
licnn,1000,0.9210526315789473,1.763157894736842,0.1199510403916769
licnn,1200,0.9302325581395349,2.372093023255814,0.12493239588967012
licnn,1400,0.9047619047619048,2.9285714285714284,0.16334440753045404
licnn,1600,0.9166666666666666,2.7222222222222223,0.14664082687338503
licnn,1800,0.9206349206349206,4.285714285714286,0.17903285345145814
licnn,2000,0.851063829787234,5.76595744680851,0.28302820385947547
licnn,2200,0.7162162162162162,4.72972972972973,0.3937774984286612
licnn,2400,0.75,6.666666666666667,0.4050387596899225
licnn,2600,0.8148148148148148,10.62962962962963,0.43238587424633945
licnn,2800,0.8823529411764706,5.352941176470588,0.24213406292749662
licnn,3000,0.6666666666666666,5.0,0.4496124031007752
licnn,3200,1.0,14.333333333333334,0.33333333333333337
licnn,3400,1.0,1.5,0.03488372093023256
lightseba,800,0.9949238578680203,1.2893401015228427,0.03506079565576675
lightseba,1000,0.9722222222222222,1.3425925925925926,0.059000861326442736
lightseba,1200,0.983739837398374,1.4471544715447155,0.04991491775382868
lightseba,1400,0.9787234042553191,1.9858156028368794,0.0674583539501897
lightseba,1600,0.9202898550724637,1.9420289855072463,0.12487360970677454
lightseba,1800,0.94,2.08,0.10837209302325587
lightseba,2000,0.950920245398773,2.576687116564417,0.10900271080039953
lightseba,2200,0.912621359223301,2.8932038834951457,0.15466245202077214
lightseba,2400,0.8125,3.544642857142857,0.26993355481727577
lightseba,2600,0.7714285714285715,3.642857142857143,0.31328903654485046
lightseba,2800,0.8571428571428571,3.3333333333333335,0.22037652270210414
lightseba,3000,0.8,4.08,0.2948837209302325
lightseba,3200,0.6666666666666666,5.0,0.4496124031007752
lightseba,3400,0.6666666666666666,3.8333333333333335,0.4224806201550388
lihaochen,800,0.9824561403508771,1.3333333333333333,0.04855161158710736
lihaochen,1000,0.9354838709677419,1.5806451612903225,0.10127531882970747
lihaochen,1200,0.8372093023255814,2.0930232558139537,0.21146565711195237
lihaochen,1400,0.875,2.625,0.18604651162790697
lihaochen,1600,0.9710144927536232,2.1884057971014492,0.07987866531850356
lihaochen,1800,0.9625,2.725,0.1008720930232558
lihaochen,2000,0.9680851063829787,2.872340425531915,0.0987135081642751
lihaochen,2200,0.9797979797979798,2.808080808080808,0.08550622504110877
lihaochen,2400,0.9206349206349206,4.365079365079365,0.1808785529715763
lihaochen,2600,0.7916666666666666,2.625,0.26937984496124034
lihaochen,2800,0.8571428571428571,4.714285714285714,0.2524916943521595
lihaochen,3000,1.0,3.0,0.06976744186046512
lihaochen,3200,1.0,1.0,0.023255813953488372
lihaochen,3400,1.0,1.0,0.023255813953488372
linyue,800,1.0,1.0,0.023255813953488372
linyue,1000,1.0,1.25,0.029069767441860465
linyue,1200,1.0,1.2727272727272727,0.02959830866807611
linyue,1400,1.0,2.0,0.046511627906976744
linyue,1600,1.0,1.2,0.027906976744186046
linyue,1800,1.0,1.4,0.03255813953488372
linyue,2000,1.0,3.5,0.08139534883720931
linyue,2200,1.0,2.0,0.046511627906976744
linyue,2400,0.875,3.125,0.19767441860465118
linyue,2600,1.0,2.0,0.046511627906976744
linyue,2800,0.75,1.75,0.29069767441860467
linyue,3000,1.0,5.0,0.11627906976744186
linyue,3200,1.0,5.5,0.12790697674418605
linyue,3400,1.0,4.2,0.09767441860465116
literalchild,800,0.9370629370629371,1.9580419580419581,0.10847292242641078
literalchild,1000,0.9767441860465116,1.7674418604651163,0.06435911303407252
literalchild,1200,1.0,1.5909090909090908,0.03699788583509513
literalchild,1400,0.9024390243902439,1.4390243902439024,0.13102665910380032
literalchild,1600,0.9838709677419355,1.8225806451612903,0.058514628657164273
literalchild,1800,0.9571428571428572,1.7857142857142858,0.08438538205980062
literalchild,2000,0.9605263157894737,2.3815789473684212,0.094859241126071
literalchild,2200,0.9404761904761905,2.380952380952381,0.11489479512735327
literalchild,2400,0.9125,2.4875,0.14534883720930233
literalchild,2600,0.8709677419354839,2.903225806451613,0.19654913728432108
literalchild,2800,0.96875,2.46875,0.08866279069767441
literalchild,3000,0.8695652173913043,4.260869565217392,0.22952477249747222
literalchild,3200,0.8,1.6,0.23720930232558135
literalchild,3400,1.0,3.5,0.08139534883720931
littleju,800,1.0,1.2857142857142858,0.029900332225913623
littleju,1000,0.75,1.25,0.27906976744186046
littleju,1200,0.7142857142857143,2.0,0.3322259136212624
littleju,1400,0.6666666666666666,1.6666666666666667,0.372093023255814
littleju,1600,1.0,4.5,0.10465116279069768
littleju,1800,0.9166666666666666,1.4166666666666667,0.1162790697674419
littleju,2200,0.8,1.8,0.241860465116279
littleju,2400,0.8571428571428571,1.7142857142857142,0.18272425249169438
littleju,2800,1.0,1.6,0.037209302325581395
littleju,3000,1.0,7.0,0.16279069767441862
littleju,3200,0.75,2.5,0.3081395348837209
littleju,3400,0.5,6.0,0.6395348837209303
liuweih,800,0.9693877551020408,1.8265306122448979,0.07308970099667778
liuweih,1000,0.9848484848484849,1.803030303030303,0.05708245243128963
liuweih,1200,0.9642857142857143,1.9761904761904763,0.081672203765227
liuweih,1400,0.9636363636363636,2.7181818181818183,0.0995771670190275
liuweih,1600,0.9803921568627451,2.9411764705882355,0.08800729594163251
liuweih,1800,0.9396551724137931,2.810344827586207,0.1257016840417
liuweih,2000,0.9782608695652174,2.528985507246377,0.08055274688237275
liuweih,2200,0.9606299212598425,1.6771653543307086,0.07837392418970889
liuweih,2400,0.9090909090909091,1.8831168831168832,0.13470250679553009
liuweih,2600,0.8666666666666667,1.6,0.1705426356589147
liuweih,2800,0.8888888888888888,1.3333333333333333,0.14211886304909566
liuweih,3000,1.0,1.0,0.023255813953488372
liuweih,3200,0.5,1.0,0.5232558139534884
liuweih,3400,1.0,1.0,0.023255813953488372
liyouran,800,1.0,1.3888888888888888,0.03229974160206718
liyouran,1000,1.0,1.5555555555555556,0.03617571059431524
liyouran,1200,1.0,1.7777777777777777,0.04134366925064599
liyouran,1400,1.0,1.2857142857142858,0.029900332225913623
liyouran,1600,1.0,1.7,0.03953488372093023
liyouran,1800,1.0,2.2666666666666666,0.05271317829457364
liyouran,2000,1.0,3.3181818181818183,0.07716701902748414
liyouran,2200,1.0,2.037037037037037,0.04737295434969854
liyouran,2400,1.0,3.36734693877551,0.07831039392501186
liyouran,2600,0.9863013698630136,3.5753424657534247,0.09684612934055438
liyouran,2800,0.9558823529411765,3.2941176470588234,0.12072503419972636
liyouran,3000,0.9710144927536232,3.1739130434782608,0.1027974384900573
liyouran,3200,0.9787234042553191,3.7872340425531914,0.10935180603661557
liyouran,3400,0.9666666666666667,3.2,0.10775193798449612
lldxjw,800,1.0,1.2261904761904763,0.02851605758582503
lldxjw,1000,0.9714285714285714,1.7714285714285714,0.06976744186046513
lldxjw,1200,1.0,1.6521739130434783,0.03842264914054601
lldxjw,1400,1.0,1.4705882352941178,0.03419972640218878
lldxjw,1600,1.0,1.6521739130434783,0.03842264914054601
lldxjw,1800,1.0,2.689655172413793,0.06255012028869286
lldxjw,2000,0.9791666666666666,2.8541666666666665,0.08720930232558143
lldxjw,2200,0.9629629629629629,3.6666666666666665,0.12230835486649445
lldxjw,2400,0.9565217391304348,3.710144927536232,0.1297607010448264
lldxjw,2600,0.92,2.94,0.14837209302325577
lldxjw,2800,0.9512195121951219,4.560975609756097,0.15484968803176408
lldxjw,3000,0.8974358974358975,3.4871794871794872,0.18366129994036967
lldxjw,3200,0.8947368421052632,3.9473684210526314,0.19706242350061198
lldxjw,3400,1.0,2.375,0.055232558139534885
longago_06,800,0.9772727272727273,1.4545454545454546,0.05655391120507398
longago_06,1000,0.9565217391304348,2.13768115942029,0.09319177620492078
longago_06,1200,0.9692307692307692,1.9076923076923078,0.07513416815742398
longago_06,1400,0.9291338582677166,2.2283464566929134,0.12268815235304888
longago_06,1600,0.9659090909090909,2.6363636363636362,0.09540169133192386
longago_06,1800,0.8913043478260869,2.152173913043478,0.15874620829120328
longago_06,2000,0.8235294117647058,2.235294117647059,0.2284541723666211
longago_06,2200,0.8,1.1333333333333333,0.2263565891472868
longago_06,2400,0.8,1.7,0.23953488372093018
longago_06,2600,0.75,2.25,0.3023255813953488
longago_06,2800,1.0,1.5,0.03488372093023256
lookcook,800,0.9793388429752066,1.2066115702479339,0.04872189121660585
lookcook,1000,0.959349593495935,1.5284552845528456,0.07619587823785215
lookcook,1200,0.9743589743589743,1.9423076923076923,0.07081097197376268
lookcook,1400,0.9857142857142858,2.092857142857143,0.06295681063122918
lookcook,1600,0.9459459459459459,2.6126126126126126,0.11481248690551016
lookcook,1800,0.9421221864951769,3.2282958199356915,0.13295446048007176
lookcook,2000,0.9297658862876255,3.722408026755853,0.15680174224158042
lookcook,2200,0.84,4.68,0.2688372093023256
lookcook,2400,0.6923076923076923,5.064102564102564,0.4254621347644604
lookcook,2600,0.75,9.0,0.4593023255813954
lookcook,2800,1.0,8.0,0.18604651162790697
lookcook,3400,0.0,17.0,1.3953488372093024
love_seeker,800,0.975609756097561,1.8780487804878048,0.06806579693703915
love_seeker,1000,0.9411764705882353,2.235294117647059,0.11080711354309167
love_seeker,1200,0.9166666666666666,2.9583333333333335,0.15213178294573648
love_seeker,1400,1.0,2.576923076923077,0.059928443649373886
love_seeker,1600,0.92,3.08,0.15162790697674416
love_seeker,1800,0.8666666666666667,4.666666666666667,0.24186046511627907
love_seeker,2000,1.0,3.909090909090909,0.09090909090909091
love_seeker,2200,0.9,1.75,0.14069767441860465
love_seeker,2400,0.8666666666666667,3.466666666666667,0.213953488372093
love_seeker,2600,0.8125,2.6875,0.25
love_seeker,2800,0.375,1.75,0.6656976744186046
love_seeker,3000,0.75,1.5,0.28488372093023256
love_seeker,3200,0.0,1.5,1.0348837209302326
love_seeker,3400,0.0,1.0,1.0232558139534884
low_cortisol,800,1.0,1.0,0.023255813953488372
low_cortisol,1000,1.0,1.0,0.023255813953488372
low_cortisol,1200,1.0,1.0,0.023255813953488372
low_cortisol,1400,1.0,1.0,0.023255813953488372
low_cortisol,1600,1.0,1.0,0.023255813953488372
low_cortisol,1800,1.0,1.6,0.037209302325581395
low_cortisol,2000,1.0,1.0,0.023255813953488372
low_cortisol,2200,1.0,2.6,0.06046511627906977
low_cortisol,2400,1.0,1.4285714285714286,0.03322259136212625
low_cortisol,2600,0.5,1.25,0.5290697674418605
low_cortisol,2800,0.5,1.8333333333333333,0.5426356589147286
low_cortisol,3000,0.75,1.25,0.27906976744186046
low_cortisol,3200,0.75,1.0,0.27325581395348836
low_cortisol,3400,0.6,1.0,0.4232558139534884
luckym_123,800,0.875,1.125,0.1511627906976744
luckym_123,1000,0.8,1.0,0.2232558139534883
luckym_123,1200,0.6666666666666666,1.0,0.35658914728682173
luckym_123,1400,1.0,1.0,0.023255813953488372
luckym_123,1600,1.0,1.0,0.023255813953488372
luckym_123,1800,0.6,1.2,0.4279069767441861
luckym_123,2000,1.0,2.0,0.046511627906976744
luckym_123,2200,0.6666666666666666,1.3333333333333333,0.36434108527131787
luckym_123,2400,0.0,2.0,1.0465116279069768
luckym_123,2600,1.0,1.3333333333333333,0.031007751937984496
luckym_123,2800,0.0,1.0,1.0232558139534884
luckym_123,3400,0.0,1.0,1.0232558139534884
lucri,800,1.0,1.2430555555555556,0.02890826873385013
lucri,1000,1.0,1.3548387096774193,0.03150787696924231
lucri,1200,1.0,1.2962962962962963,0.030146425495262703
lucri,1400,1.0,2.423076923076923,0.05635062611806797
lucri,1600,1.0,2.2318840579710146,0.051904280417930576
lucri,1800,0.9746835443037974,3.0759493670886076,0.09685016190756553
lucri,2000,0.9387755102040817,2.4489795918367347,0.11817750355956332
lucri,2200,0.9148936170212766,3.9148936170212765,0.17615042058386937
lucri,2400,0.9696969696969697,4.333333333333333,0.1310782241014799
lucri,2600,0.9444444444444444,4.166666666666667,0.15245478036175714
lucri,2800,0.75,6.75,0.4069767441860465
lucri,3000,0.0,7.0,1.1627906976744187
lucri,3200,0.0,2.0,1.0465116279069768
lucri,3400,1.0,3.0,0.06976744186046512
luguanshijiandaole,800,1.0,1.0833333333333333,0.025193798449612403
luguanshijiandaole,1000,1.0,1.75,0.040697674418604654
luguanshijiandaole,1200,1.0,1.5,0.03488372093023256
luguanshijiandaole,1400,1.0,2.0,0.046511627906976744
luguanshijiandaole,1600,1.0,1.6,0.037209302325581395
luguanshijiandaole,1800,1.0,1.2,0.027906976744186046
luguanshijiandaole,2000,1.0,2.0,0.046511627906976744
luguanshijiandaole,2200,0.8333333333333334,2.1666666666666665,0.21705426356589144
luguanshijiandaole,2400,0.3333333333333333,2.3333333333333335,0.7209302325581396
lumine_scence,800,0.9855072463768116,1.3333333333333333,0.045500505561172855
lumine_scence,1000,0.9629629629629629,1.962962962962963,0.08268733850129203
lumine_scence,1200,0.9361702127659575,1.5106382978723405,0.09896091044037603
lumine_scence,1400,0.9696969696969697,1.7272727272727273,0.0704721634954193
lumine_scence,1600,0.8863636363636364,2.1136363636363638,0.16279069767441862
lumine_scence,1800,0.8780487804878049,2.3658536585365852,0.17697107203630175
lumine_scence,2000,0.9545454545454546,2.772727272727273,0.10993657505285409
lumine_scence,2200,0.7777777777777778,1.9444444444444444,0.26744186046511625
lumine_scence,2400,0.6785714285714286,3.0,0.3911960132890365
lumine_scence,2600,0.5,2.6666666666666665,0.562015503875969
lumine_scence,2800,0.6666666666666666,1.3333333333333333,0.36434108527131787
lumine_scence,3000,0.5,3.5,0.5813953488372093
m1stzy._.,800,0.9310344827586207,1.4655172413793103,0.10304731355252608
m1stzy._.,1000,1.0,1.7586206896551724,0.0408981555733761
m1stzy._.,1200,1.0,1.6666666666666667,0.03875968992248062
m1stzy._.,1400,1.0,1.8,0.04186046511627907
m1stzy._.,1600,0.9130434782608695,2.1739130434782608,0.1375126390293226
m1stzy._.,1800,1.0,4.5,0.10465116279069768
m1stzy._.,2000,1.0,2.3225806451612905,0.054013503375843964
m1stzy._.,2200,1.0,3.135593220338983,0.07292077256602286
m1stzy._.,2400,0.9666666666666667,3.433333333333333,0.1131782945736434
m1stzy._.,2600,1.0,8.833333333333334,0.2054263565891473
m1stzy._.,2800,1.0,2.0,0.046511627906976744
m1stzy._.,3200,0.5,6.0,0.6395348837209303
ma_moutahid,800,0.9772727272727273,1.474025974025974,0.05700694654183024
ma_moutahid,1000,0.992,1.784,0.049488372093023265
ma_moutahid,1200,0.924812030075188,1.7894736842105263,0.11680363699947544
ma_moutahid,1400,0.9519230769230769,2.2211538461538463,0.09973166368515211
ma_moutahid,1600,0.93,2.22,0.12162790697674414
ma_moutahid,1800,0.8461538461538461,2.675213675213675,0.21606042536275094
ma_moutahid,2000,0.8275862068965517,3.4942528735632186,0.2536754878374766
ma_moutahid,2200,0.7432432432432432,2.9864864864864864,0.3262099308610937
ma_moutahid,2400,0.7692307692307693,2.8923076923076922,0.2980322003577817
ma_moutahid,2600,0.6666666666666666,7.03030303030303,0.4968287526427062
ma_moutahid,2800,0.5,7.916666666666667,0.6841085271317829
ma_moutahid,3000,0.38461538461538464,5.6923076923076925,0.7477638640429338
ma_moutahid,3200,0.6666666666666666,9.666666666666666,0.5581395348837209
ma_moutahid,3400,1.0,24.0,0.5581395348837209
machine_solution,800,1.0,1.2321428571428572,0.028654485049833887
machine_solution,1000,1.0,1.6031746031746033,0.03728313030638612
machine_solution,1200,0.9746835443037974,1.6708860759493671,0.06417427141595528
machine_solution,1400,0.96875,1.453125,0.0650436046511628
machine_solution,1600,0.974025974025974,1.9870129870129871,0.07218363032316522
machine_solution,1800,0.8970588235294118,2.1323529411764706,0.15253077975376195
machine_solution,2000,0.9696969696969697,3.1363636363636362,0.10324171952078925
machine_solution,2200,0.9545454545454546,3.340909090909091,0.1231501057082452
machine_solution,2400,0.9047619047619048,4.119047619047619,0.1910299003322259
machine_solution,2600,0.8333333333333334,6.666666666666667,0.3217054263565891
machine_solution,2800,0.7272727272727273,5.363636363636363,0.39746300211416485
machine_solution,3000,1.0,21.0,0.4883720930232558
machine_solution,3200,0.5,2.0,0.5465116279069767
machine_solution,3400,0.0,1.0,1.0232558139534884
madamadam,800,0.9669421487603306,1.5537190082644627,0.06919085143186623
madamadam,1000,0.9285714285714286,1.6607142857142858,0.11004983388704316
madamadam,1200,0.8448275862068966,1.896551724137931,0.19927826784282276
madamadam,1400,0.9333333333333333,1.9111111111111112,0.1111111111111111
madamadam,1600,0.8947368421052632,1.7105263157894737,0.14504283965728273
madamadam,1800,0.7608695652173914,3.130434782608696,0.3119312436804853
madamadam,2000,0.9,4.266666666666667,0.19922480620155036
madamadam,2200,0.9444444444444444,3.388888888888889,0.13436692506459952
madamadam,2400,0.9259259259259259,5.185185185185185,0.19465977605512488
madamadam,2600,0.6666666666666666,4.428571428571429,0.43632336655592474
madamadam,2800,0.5714285714285714,3.142857142857143,0.5016611295681064
madamadam,3000,0.25,1.75,0.7906976744186046
madamadam,3400,0.0,25.0,1.5813953488372094
magikrap,800,0.989247311827957,1.2580645161290323,0.04001000250062514
magikrap,1000,0.9782608695652174,1.3695652173913044,0.053589484327603625
magikrap,1200,0.9487179487179487,1.6666666666666667,0.09004174120453194
magikrap,1400,0.9787234042553191,2.0425531914893615,0.06877783275606139
magikrap,1600,0.9444444444444444,2.7962962962962963,0.12058570198105084
magikrap,1800,0.8695652173913043,3.391304347826087,0.2093023255813954
magikrap,2000,0.9032258064516129,3.096774193548387,0.1687921980495124
magikrap,2200,0.9,2.75,0.163953488372093
magikrap,2400,0.9166666666666666,3.5,0.16472868217054268
magikrap,2600,0.6666666666666666,3.6666666666666665,0.4186046511627907
magikrap,2800,1.0,4.5,0.10465116279069768
magikrap,3200,0.0,2.0,1.0465116279069768
magnuseifr,800,1.0,1.2205882352941178,0.028385772913816693
magnuseifr,1000,0.9577464788732394,1.5070422535211268,0.0773010153946938
magnuseifr,1200,0.963302752293578,1.6422018348623852,0.07488798805205889
magnuseifr,1400,0.9354838709677419,1.685483870967742,0.10371342835708933
magnuseifr,1600,0.9333333333333333,2.283333333333333,0.11976744186046509
magnuseifr,1800,0.8541666666666666,2.375,0.20106589147286824
magnuseifr,2000,0.8571428571428571,2.5714285714285716,0.20265780730897015
magnuseifr,2200,0.7906976744186046,2.13953488372093,0.2590589507842077
magnuseifr,2400,0.6333333333333333,3.1333333333333333,0.43953488372093025
magnuseifr,2600,0.8888888888888888,4.111111111111111,0.20671834625323002
magnuseifr,2800,0.4,2.0,0.6465116279069767
mahiro_zcy,800,0.9923954372623575,1.3802281368821292,0.03970289150234322
mahiro_zcy,1000,0.9821428571428571,1.8839285714285714,0.061669435215946894
mahiro_zcy,1200,1.0,1.9831932773109244,0.04612077389095173
mahiro_zcy,1400,1.0,2.8773584905660377,0.0669153137340939
mahiro_zcy,1600,0.9795918367346939,3.2551020408163267,0.09610821072615096
mahiro_zcy,1800,0.9739130434782609,3.5217391304347827,0.10798786653185032
mahiro_zcy,2000,0.9466666666666667,3.2533333333333334,0.12899224806201554
mahiro_zcy,2200,0.9259259259259259,3.54320987654321,0.15647430376112548
mahiro_zcy,2400,0.8222222222222222,3.933333333333333,0.26925064599483206
mahiro_zcy,2600,0.7647058823529411,4.352941176470588,0.33652530779753764
mahiro_zcy,2800,0.8,5.3,0.32325581395348835
mahiro_zcy,3000,0.5,1.0,0.5232558139534884
mahiro_zcy,3200,0.5,4.0,0.5930232558139534
makeit427,800,0.875,1.125,0.1511627906976744
makeit427,1000,0.6666666666666666,1.0,0.35658914728682173
makeit427,1200,0.6666666666666666,1.0,0.35658914728682173
makeit427,1400,1.0,1.0,0.023255813953488372
makeit427,1800,0.4,1.6,0.6372093023255814
makeit427,2000,1.0,1.0,0.023255813953488372
makeit427,2200,0.6666666666666666,2.3333333333333335,0.3875968992248062
makeit427,2400,0.3333333333333333,1.0,0.6899224806201552
makeit427,2600,0.75,1.25,0.27906976744186046
makeit427,3000,0.0,4.0,1.0930232558139534
malachi_toney_goat,800,0.9923664122137404,1.2290076335877862,0.03621516066039412
malachi_toney_goat,1000,0.9863945578231292,1.3537414965986394,0.04508780256288563
malachi_toney_goat,1200,0.9867549668874173,1.609271523178808,0.05066995225627595
malachi_toney_goat,1400,0.943502824858757,1.8531073446327684,0.0995926947838655
malachi_toney_goat,1600,0.9019607843137255,2.299019607843137,0.15150478796169628
malachi_toney_goat,1800,0.907103825136612,2.431693989071038,0.14944719786504002
malachi_toney_goat,2000,0.8902439024390244,2.6951219512195124,0.17243335224049916
malachi_toney_goat,2200,0.9067796610169492,2.516949152542373,0.15175404020496647
malachi_toney_goat,2400,0.8775510204081632,3.2551020408163267,0.19814902705268156
malachi_toney_goat,2600,0.82,3.3,0.25674418604651167
malachi_toney_goat,2800,0.8636363636363636,4.2727272727272725,0.2357293868921776
malachi_toney_goat,3000,0.875,2.75,0.18895348837209303
malachi_toney_goat,3200,0.6666666666666666,1.6666666666666667,0.372093023255814
mango.,800,0.9719101123595506,1.202247191011236,0.0560491246407107
mango.,1000,0.9764705882352941,1.223529411764706,0.051983584131326976
mango.,1200,1.0,1.6263736263736264,0.03782264247380526
mango.,1400,0.978021978021978,1.7582417582417582,0.06286736519294661
mango.,1600,0.9714285714285714,1.8285714285714285,0.07109634551495017
mango.,1800,0.9519230769230769,1.9519230769230769,0.09347048300536678
mango.,2000,0.9367088607594937,2.0759493670886076,0.11156903149838093
mango.,2200,0.9210526315789473,1.9473684210526316,0.12423500611995106
mango.,2400,0.8421052631578947,2.973684210526316,0.22705018359853124
mango.,2600,0.7647058823529411,3.8823529411764706,0.32558139534883723
mango.,2800,0.625,7.0625,0.5392441860465116
mango.,3000,0.7,4.8,0.41162790697674423
mango.,3200,0.875,3.375,0.20348837209302326
mango.,3400,0.0,5.0,1.1162790697674418
maomao90,800,0.995475113122172,1.2760180995475112,0.03419972640218877
maomao90,1000,1.0,1.6145833333333333,0.0375484496124031
maomao90,1200,1.0,1.9022556390977443,0.044238503234831264
maomao90,1400,0.9646017699115044,1.8407079646017699,0.07820539205597865
maomao90,1600,1.0,1.9770992366412214,0.045979052014912127
maomao90,1800,0.9925925925925926,2.688888888888889,0.06993970714900949
maomao90,2000,0.9668874172185431,2.370860927152318,0.08824888341290615
maomao90,2200,0.9803921568627451,3.0326797385620914,0.0901352789177687
maomao90,2400,0.9870967741935484,3.890322580645161,0.10337584396099028
maomao90,2600,0.9523809523809523,4.2976190476190474,0.1475636766334441
maomao90,2800,0.8909090909090909,4.7272727272727275,0.21902748414376327
maomao90,3000,0.8846153846153846,5.1923076923076925,0.23613595706618967
maomao90,3200,0.9444444444444444,11.88888888888889,0.3320413436692507
maomao90,3400,0.875,11.25,0.3866279069767442
marc2825,800,0.996031746031746,1.1825396825396826,0.03146917681801401
marc2825,1000,0.990909090909091,1.5272727272727273,0.044608879492600374
marc2825,1200,0.9811320754716981,1.4528301886792452,0.052654673102237814
marc2825,1400,1.0,1.8235294117647058,0.04240766073871409
marc2825,1600,0.9534883720930233,2.3372093023255816,0.1008653326122228
marc2825,1800,0.8958333333333334,2.2083333333333335,0.15552325581395346
marc2825,2000,0.7692307692307693,2.9692307692307693,0.2998211091234347
marc2825,2200,0.6739130434782609,2.782608695652174,0.390798786653185
marc2825,2400,0.5483870967741935,2.3870967741935485,0.5071267816954239
marc2825,2600,0.5714285714285714,3.5714285714285716,0.5116279069767442
marc2825,2800,0.5,5.0,0.6162790697674418
maroonrk,800,1.0,1.04,0.02418604651162791
maroonrk,1000,1.0,1.0615384615384615,0.024686940966010734
maroonrk,1200,1.0,1.0695652173913044,0.024873609706774522
maroonrk,1400,1.0,1.2061068702290076,0.028048996982069946
maroonrk,1600,1.0,1.1962025316455696,0.02781866352664115
maroonrk,1800,1.0,1.2472527472527473,0.029005877843087145
maroonrk,2000,1.0,1.3614457831325302,0.0316615298402914
maroonrk,2200,1.0,1.4679487179487178,0.03413834227787716
maroonrk,2400,1.0,1.5549738219895288,0.03616218190673323
maroonrk,2600,1.0,1.5337423312883436,0.03566842630903125
maroonrk,2800,0.9934640522875817,1.9411764705882353,0.05167958656330747
maroonrk,3000,0.9806451612903225,2.141935483870968,0.06916729182295579
maroonrk,3200,0.9649122807017544,2.8128654970760234,0.1005031959744322
maroonrk,3400,0.9591836734693877,3.25,0.1163977218794495
marttians,800,0.9876543209876543,1.745679012345679,0.05294286534596617
marttians,1000,0.9664429530201343,2.0671140939597317,0.08162946776962693
marttians,1200,0.9404761904761905,2.4404761904761907,0.11627906976744187
marttians,1400,0.9090909090909091,2.551948051948052,0.1502567200241619
marttians,1600,0.9,3.1785714285714284,0.1739202657807309
marttians,1800,0.9122807017543859,3.181286549707602,0.16170270637834902
marttians,2000,0.9285714285714286,3.761904761904762,0.1589147286821705
marttians,2200,0.9166666666666666,3.369047619047619,0.16168327796234777
marttians,2400,0.9285714285714286,3.6904761904761907,0.15725359911406422
marttians,2600,0.96,4.04,0.13395348837209306
marttians,2800,0.9333333333333333,3.8,0.15503875968992248
marttians,3000,1.0,4.75,0.11046511627906977
marttians,3200,1.0,4.0,0.09302325581395349
marttians,3400,0.3333333333333333,1.0,0.6899224806201552
masonpop,800,0.9933333333333333,1.5,0.04155038759689927
masonpop,1000,0.9838709677419355,1.6129032258064515,0.053638409602400586
masonpop,1200,1.0,1.75,0.040697674418604654
masonpop,1400,1.0,1.9787234042553192,0.04601682335477487
masonpop,1600,0.9629629629629629,2.432098765432099,0.09359747344243474
masonpop,1800,0.9894736842105263,1.9263157894736842,0.055324357405140794
masonpop,2000,0.9827586206896551,2.456896551724138,0.07437850842020854
masonpop,2200,0.9478260869565217,2.652173913043478,0.11385237613751267
masonpop,2400,0.9864864864864865,2.3716216216216215,0.06866750471401631
masonpop,2600,1.0,2.21,0.0513953488372093
masonpop,2800,0.9726027397260274,2.4794520547945207,0.08505893596686842
masonpop,3000,1.0,3.1463414634146343,0.07317073170731708
masonpop,3200,0.9565217391304348,4.782608695652174,0.15470171890798784
masonpop,3400,1.0,3.3529411764705883,0.07797537619699042
maspy,800,1.0,1.0804020100502512,0.025125628140703515
maspy,1000,1.0,1.1277372262773722,0.026226447122729587
maspy,1200,1.0,1.176079734219269,0.02735069149347137
maspy,1400,1.0,1.2209944751381216,0.02839522035204934
maspy,1600,1.0,1.3556443556443556,0.03152661292196176
maspy,1800,1.0,1.4206349206349207,0.033038021410114436
maspy,2000,1.0,1.549342105263158,0.036031211750306
maspy,2200,0.9988262910798122,1.6971830985915493,0.04064308330603774
maspy,2400,1.0,1.9309941520467837,0.04490684074527404
maspy,2600,1.0,2.360890302066773,0.05490442562945983
maspy,2800,0.9979166666666667,2.502083333333333,0.060271317829457355
maspy,3000,1.0,3.1114206128133706,0.07235861890263652
maspy,3200,1.0,3.690909090909091,0.08583509513742071
maspy,3400,0.9894366197183099,3.816901408450704,0.09932852931542743
masy2011,800,0.9853658536585366,1.4341463414634146,0.047986386840612606
masy2011,1000,0.9873417721518988,1.9873417721518987,0.05887547836326166
masy2011,1200,0.9154929577464789,1.732394366197183,0.12479528332787422
masy2011,1400,0.9736842105263158,2.1315789473684212,0.07588739290085678
masy2011,1600,0.9482758620689655,2.189655172413793,0.10264635124298316
masy2011,1800,0.9215686274509803,2.607843137254902,0.13907888736890112
masy2011,2000,0.90625,2.0625,0.14171511627906977
masy2011,2200,0.9104477611940298,2.4477611940298507,0.14647691773689694
masy2011,2400,0.9583333333333334,2.525,0.10038759689922477
masy2011,2600,0.9595959595959596,2.787878787878788,0.10523843081982621
masy2011,2800,0.9433962264150944,3.018867924528302,0.12681000438788942
masy2011,3000,0.95,2.65,0.11162790697674423
masy2011,3200,0.8333333333333334,2.6666666666666665,0.22868217054263562
masy2011,3400,0.42857142857142855,2.2857142857142856,0.6245847176079734
mathiasgw,800,0.987603305785124,1.165289256198347,0.039496444359023594
mathiasgw,1000,0.984,1.304,0.046325581395348855
mathiasgw,1200,0.9925373134328358,1.6492537313432836,0.045817424505380094
mathiasgw,1400,1.0,1.768,0.04111627906976744
mathiasgw,1600,0.9896907216494846,1.7525773195876289,0.05106689043394866
mathiasgw,1800,0.967479674796748,1.829268292682927,0.07506144828890145
mathiasgw,2000,0.9396551724137931,2.3275862068965516,0.11447473937449876
mathiasgw,2200,0.896551724137931,2.0517241379310347,0.1511627906976744
mathiasgw,2400,0.9024390243902439,2.3089430894308944,0.1512573265267536
mathiasgw,2600,0.8571428571428571,2.675324675324675,0.20507399577167024
mathiasgw,2800,0.8648648648648649,2.3513513513513513,0.1898177247014456
mathiasgw,3000,0.7,3.8,0.38837209302325587
mathiasgw,3200,0.9,2.3,0.15348837209302324
mathiasgw,3400,1.0,1.75,0.040697674418604654
mattiasj,800,0.9636363636363636,1.3,0.06659619450317125
mattiasj,1000,0.8695652173913043,1.6521739130434783,0.16885743174924167
mattiasj,1200,0.8181818181818182,1.3636363636363635,0.21353065539112046
mattiasj,1400,0.75,1.25,0.27906976744186046
mattiasj,1600,0.5,1.3333333333333333,0.5310077519379846
mattiasj,1800,0.6666666666666666,1.0,0.35658914728682173
mattiasj,2000,0.6666666666666666,1.0,0.35658914728682173
mattiasj,2200,0.0,2.3333333333333335,1.054263565891473
mattiasj,2400,0.6666666666666666,1.3333333333333333,0.36434108527131787
mattiasj,2600,1.0,1.0,0.023255813953488372
max0000561,800,0.9801980198019802,1.198019801980198,0.047662905825466284
max0000561,1000,0.9714285714285714,1.6,0.06578073089700998
max0000561,1200,0.9607843137254902,1.5686274509803921,0.07569539443684448
max0000561,1400,0.975,1.825,0.0674418604651163
max0000561,1600,0.9787234042553191,1.8936170212765957,0.06531420089064822
max0000561,1800,0.9230769230769231,3.128205128205128,0.1496720333929636
max0000561,2000,0.9387755102040817,2.673469387755102,0.12339819648789745
max0000561,2200,0.9714285714285714,3.2285714285714286,0.10365448504983389
max0000561,2400,0.8148148148148148,3.5925925925925926,0.26873385012919904
max0000561,2600,0.7777777777777778,3.888888888888889,0.3126614987080103
max0000561,2800,1.0,3.5,0.08139534883720931
max0000561,3000,0.75,6.5,0.4011627906976744
max0000561,3200,1.0,3.0,0.06976744186046512
max0000561,3400,1.0,2.0,0.046511627906976744
max67,800,0.9137931034482759,1.5344827586206897,0.12189254210104244
max67,1000,0.95,1.3,0.08023255813953492
max67,1200,0.9142857142857143,1.6,0.12292358803986714
max67,1400,0.7368421052631579,2.526315789473684,0.32190942472460227
max67,1600,0.9024390243902439,2.7804878048780486,0.16222348269994324
max67,1800,0.9555555555555556,3.022222222222222,0.11472868217054259
max67,2000,0.9782608695652174,3.4130434782608696,0.10111223458038421
max67,2200,0.967741935483871,3.7580645161290325,0.11965491372843208
max67,2400,0.927710843373494,3.7228915662650603,0.15886803026057722
max67,2600,0.95,3.1875,0.12412790697674424
max67,2800,0.9577464788732394,4.211267605633803,0.14018997707173278
max67,3000,0.95,6.025,0.1901162790697675
max67,3200,1.0,5.395348837209302,0.12547322877230935
max67,3400,0.8918918918918919,4.918918918918919,0.22250157133878065
maxplus,800,1.0,1.1642857142857144,0.02707641196013289
maxplus,1000,1.0,1.5512820512820513,0.036076326774001195
maxplus,1200,1.0,1.8173076923076923,0.04226296958855098
maxplus,1400,0.990909090909091,1.6636363636363636,0.04778012684989424
maxplus,1600,0.9863013698630136,2.5342465753424657,0.07263459700541579
maxplus,1800,0.9185185185185185,4.296296296296297,0.1813953488372093
maxplus,2000,0.9421487603305785,3.7520661157024793,0.14510859119738617
maxplus,2200,0.9279279279279279,7.468468468468468,0.24575738529226904
maxplus,2400,0.968503937007874,9.078740157480315,0.24262955502655195
maxplus,2600,0.963855421686747,14.734939759036145,0.3788175959652564
maxplus,2800,0.9833333333333333,12.683333333333334,0.31162790697674425
maxplus,3000,0.9512195121951219,8.634146341463415,0.24957458876914357
maxplus,3200,0.9743589743589743,17.512820512820515,0.43291592128801437
maxplus,3400,0.9583333333333334,7.0,0.20445736434108525
medmdg_3,800,0.9804878048780488,1.8,0.061372660238230306
medmdg_3,1000,0.9,1.9285714285714286,0.14485049833887043
medmdg_3,1200,0.8734177215189873,1.379746835443038,0.1586694141889903
medmdg_3,1400,0.9090909090909091,1.7575757575757576,0.13178294573643415
medmdg_3,1600,0.9375,2.296875,0.1159156976744186
medmdg_3,1800,0.7857142857142857,2.4285714285714284,0.2707641196013289
medmdg_3,2000,0.7878787878787878,3.393939393939394,0.29105003523608175
medmdg_3,2200,0.5666666666666667,2.8,0.4984496124031008
medmdg_3,2400,0.5,2.4444444444444446,0.5568475452196382
medmdg_3,2600,0.2857142857142857,1.2857142857142858,0.7441860465116279
medmdg_3,2800,0.25,2.5,0.8081395348837209
medmdg_3,3400,0.0,1.0,1.0232558139534884
menborong,800,0.9975845410628019,1.1642512077294687,0.029491068419278746
menborong,1000,1.0,1.4662576687116564,0.03409901555143387
menborong,1200,0.9936708860759493,1.620253164556962,0.04400942007653816
menborong,1400,0.9856115107913669,1.841726618705036,0.05721934080642465
menborong,1600,0.9862068965517241,1.889655172413793,0.057738572574178054
menborong,1800,0.9545454545454546,2.446969696969697,0.1023608174770965
menborong,2000,0.9423076923076923,3.25,0.13327370304114491
menborong,2200,0.8936170212765957,3.6702127659574466,0.19173676397822864
menborong,2400,0.8043478260869565,4.021739130434782,0.28918099089989885
menborong,2600,0.5833333333333334,3.0,0.48643410852713176
menborong,2800,0.6666666666666666,2.3333333333333335,0.3875968992248062
menborong,3000,1.0,7.0,0.16279069767441862
menborong,3200,0.0,1.0,1.0232558139534884
middle_man,800,0.9779735682819384,1.4361233480176212,0.05542464911382026
middle_man,1000,0.898989898989899,1.5757575757575757,0.13765562602771902
middle_man,1200,0.9642857142857143,1.4017857142857142,0.06831395348837208
middle_man,1400,0.9354838709677419,1.7634408602150538,0.1055263815953989
middle_man,1600,0.990990990990991,1.837837837837838,0.05174942384244712
middle_man,1800,0.9,1.95,0.1453488372093023
middle_man,2000,0.8666666666666667,2.5904761904761906,0.1935769656699889
middle_man,2200,0.8470588235294118,2.176470588235294,0.20355677154582763
middle_man,2400,0.735632183908046,2.9310344827586206,0.3325314087142475
middle_man,2600,0.896551724137931,2.6551724137931036,0.16519647153167602
middle_man,2800,0.6363636363636364,3.6363636363636362,0.44820295983086683
middle_man,3000,0.5,4.0,0.5930232558139534
middle_man,3200,0.0,2.0,1.0465116279069768
midnight_dream,800,0.9767441860465116,1.5813953488372092,0.060032449972958396
midnight_dream,1000,1.0,2.272727272727273,0.052854122621564484
midnight_dream,1200,0.875,1.875,0.1686046511627907
midnight_dream,1400,1.0,1.0,0.023255813953488372
midnight_dream,1600,1.0,2.0,0.046511627906976744
midnight_dream,1800,1.0,1.0,0.023255813953488372
midnight_dream,2000,1.0,2.0,0.046511627906976744
midnight_dream,2200,1.0,1.5,0.03488372093023256
midnight_dream,2600,0.0,1.0,1.0232558139534884
mihamag,800,0.9926470588235294,1.5294117647058822,0.042920656634746895
mihamag,1000,0.9523809523809523,2.2857142857142856,0.10077519379844965
mihamag,1200,0.98,2.62,0.08093023255813955
mihamag,1400,0.9130434782608695,4.304347826086956,0.18705763397371086
mihamag,1600,0.8888888888888888,3.9814814814814814,0.20370370370370375
mihamag,1800,0.8,6.333333333333333,0.3472868217054263
mihamag,2000,0.5,4.3125,0.6002906976744186
mihamag,2200,0.625,1.875,0.4186046511627907
mihamag,2400,1.0,1.0,0.023255813953488372
mihamag,2600,0.3333333333333333,1.3333333333333333,0.6976744186046513
mihamag,3000,0.0,2.0,1.0465116279069768
minhcool,800,0.9646643109540636,1.4911660777385158,0.07001396992357634
minhcool,1000,0.971830985915493,1.767605633802817,0.0692761218473632
minhcool,1200,0.9171597633136095,1.9349112426035502,0.1278381725608917
minhcool,1400,0.9037037037037037,1.9555555555555555,0.1417743324720069
minhcool,1600,0.8503401360544217,2.2312925170068025,0.20155038759689928
minhcool,1800,0.8639455782312925,2.3945578231292517,0.1917418130042715
minhcool,2000,0.8269230769230769,4.006410256410256,0.2662492546213477
minhcool,2200,0.8278688524590164,3.2295081967213113,0.24723598932520013
minhcool,2400,0.8661417322834646,4.2362204724409445,0.23237502288958062
minhcool,2600,0.7333333333333333,5.65,0.398062015503876
minhcool,2800,0.64,5.68,0.49209302325581394
minhcool,3000,0.6666666666666666,7.888888888888889,0.516795865633075
minhcool,3200,0.6,7.6,0.5767441860465117
minhcool,3400,0.5,3.5,0.5813953488372093
minhnguyenxuan60,800,1.0,1.334075723830735,0.031025016833272908
minhnguyenxuan60,1000,1.0,1.5901639344262295,0.036980556614563474
minhnguyenxuan60,1200,1.0,1.7425742574257426,0.04052498273083122
minhnguyenxuan60,1400,0.9945945945945946,2.2432432432432434,0.05757385292269008
minhnguyenxuan60,1600,0.9521276595744681,2.478723404255319,0.10551707075705094
minhnguyenxuan60,1800,0.9536423841059603,2.5827814569536423,0.10642230093947329
minhnguyenxuan60,2000,0.9224137931034483,3.6810344827586206,0.1631916599839615
minhnguyenxuan60,2200,0.8440366972477065,4.064220183486238,0.25048005120546185
minhnguyenxuan60,2400,0.8554216867469879,4.132530120481928,0.24068366489212667
minhnguyenxuan60,2600,0.875,6.0,0.26453488372093026
minhnguyenxuan60,2800,0.8888888888888888,7.444444444444445,0.28423772609819126
minhnguyenxuan60,3000,0.3333333333333333,2.111111111111111,0.7157622739018089
minhnguyenxuan60,3200,1.0,2.5,0.05813953488372093
minhnguyenxuan60,3400,1.0,21.0,0.4883720930232558
mircea_007,800,0.9453125,1.34375,0.0859375
mircea_007,1000,0.8833333333333333,1.3333333333333333,0.1476744186046512
mircea_007,1200,0.9111111111111111,1.6,0.1260981912144703
mircea_007,1400,1.0,1.8,0.04186046511627907
mircea_007,1600,0.94,1.86,0.10325581395348843
mircea_007,1800,0.8461538461538461,1.8974358974358974,0.19797257006559332
mircea_007,2000,0.8717948717948718,2.5641025641025643,0.18783542039355994
mircea_007,2200,0.8545454545454545,2.1454545454545455,0.19534883720930238
mircea_007,2400,0.7307692307692307,2.230769230769231,0.3211091234347049
mircea_007,2600,0.625,3.25,0.45058139534883723
mircea_007,2800,0.7777777777777778,2.7777777777777777,0.28682170542635654
mircea_007,3000,1.0,3.6666666666666665,0.08527131782945736
mircea_007,3200,0.5,2.0,0.5465116279069767
mircea_007,3400,1.0,9.0,0.20930232558139536
mircle-,800,1.0,1.5060975609756098,0.03502552467385139
mircle-,1000,0.9928571428571429,1.7214285714285715,0.047176079734219244
mircle-,1200,0.993006993006993,2.1188811188811187,0.056269312083265556
mircle-,1400,0.9795918367346939,2.068027210884354,0.06850181933238414
mircle-,1600,0.9950980392156863,2.8480392156862746,0.07113543091655265
mircle-,1800,0.9869565217391304,3.2956521739130435,0.08968655207280085
mircle-,2000,0.9949748743718593,3.5678391959798996,0.0879981301858128
mircle-,2200,0.990521327014218,3.1137440758293837,0.08189132591204672
mircle-,2400,0.9871244635193133,2.6909871244635193,0.075456632398443
mircle-,2600,0.9523809523809523,2.5238095238095237,0.10631229235880404
mircle-,2800,0.8666666666666667,2.6666666666666665,0.1953488372093023
mircle-,3000,1.0,1.3333333333333333,0.031007751937984496
mircle-,3200,1.0,6.5,0.1511627906976744
mjtai,800,1.0,1.1490909090909092,0.026723044397463005
mjtai,1000,1.0,1.1975308641975309,0.027849554981337926
mjtai,1200,1.0,1.4022988505747127,0.03261160117615611
mjtai,1400,1.0,1.4452554744525548,0.03361059242912918
mjtai,1600,1.0,1.604982206405694,0.03732516759083009
mjtai,1800,1.0,2.0145985401459856,0.046851128840604314
mjtai,2000,1.0,2.7808764940239046,0.06467154637264895
mjtai,2200,1.0,4.028301886792453,0.09368143922773146
mjtai,2400,0.9790209790209791,4.160839160839161,0.11774272239388514
mjtai,2600,0.8888888888888888,6.555555555555555,0.26356589147286824
mjtai,2800,1.0,2.0,0.046511627906976744
mjtai,3000,0.5,1.0,0.5232558139534884
mkx2023275_,800,0.9866666666666667,1.4,0.04589147286821703
mkx2023275_,1000,0.9705882352941176,1.5294117647058822,0.06497948016415869
mkx2023275_,1200,0.9534883720930233,2.0697674418604652,0.09464575446187126
mkx2023275_,1400,0.9666666666666667,1.8666666666666667,0.07674418604651162
mkx2023275_,1600,0.9428571428571428,1.6571428571428573,0.09568106312292361
mkx2023275_,1800,0.9310344827586207,2.603448275862069,0.1295108259823577
mkx2023275_,2000,0.8918918918918919,2.5675675675675675,0.16781898177247015
mkx2023275_,2200,0.9636363636363636,2.4,0.09217758985200847
mkx2023275_,2400,0.9603960396039604,2.5742574257425743,0.09947041215749486
mkx2023275_,2600,0.9206349206349206,3.3333333333333335,0.15688445921004066
mkx2023275_,2800,0.9666666666666667,4.4,0.1356589147286822
mkx2023275_,3000,0.8275862068965517,3.689655172413793,0.25821972734562953
mkx2023275_,3200,0.8571428571428571,3.7142857142857144,0.22923588039867115
mkx2023275_,3400,0.75,2.75,0.313953488372093
mochaowo,800,0.9565217391304348,1.2260869565217392,0.07199191102123353
mochaowo,1000,0.9574468085106383,1.2553191489361701,0.07174666006927258
mochaowo,1200,0.9767441860465116,1.627906976744186,0.06111411573823693
mochaowo,1400,0.9473684210526315,2.026315789473684,0.09975520195838439
mochaowo,1600,0.9411764705882353,1.6176470588235294,0.09644322845417239
mochaowo,1800,0.8292682926829268,2.097560975609756,0.21951219512195125
mochaowo,2000,0.8387096774193549,2.4193548387096775,0.21755438859714926
mochaowo,2200,0.9354838709677419,2.161290322580645,0.11477869467366847
mochaowo,2400,0.8,4.066666666666666,0.2945736434108527
mochaowo,2600,0.5,3.1666666666666665,0.5736434108527132
mochaowo,2800,1.0,1.0,0.023255813953488372
mochaowo,3400,0.0,1.0,1.0232558139534884
modongtao,800,1.0,1.1868131868131868,0.027600306670074112
modongtao,1000,1.0,1.5714285714285714,0.03654485049833887
modongtao,1200,1.0,1.25,0.029069767441860465
modongtao,1400,0.9487179487179487,2.0,0.09779367918902807
modongtao,1600,1.0,1.9866666666666666,0.0462015503875969
modongtao,1800,0.9903846153846154,1.7788461538461537,0.05098389982110909
modongtao,2000,0.9761904761904762,2.0833333333333335,0.07225913621262461
modongtao,2200,1.0,1.74,0.04046511627906977
modongtao,2400,0.8636363636363636,2.75,0.20031712473572938
modongtao,2600,1.0,2.3125,0.05377906976744186
modongtao,2800,0.8888888888888888,4.111111111111111,0.20671834625323002
modongtao,3000,1.0,1.3333333333333333,0.031007751937984496
modongtao,3200,1.0,3.2,0.07441860465116279
modongtao,3400,0.75,3.5,0.33139534883720934
moe.tsuki,800,1.0,1.35,0.031395348837209305
moe.tsuki,1000,0.9310344827586207,1.1724137931034482,0.09623095429029674
moe.tsuki,1200,0.9803921568627451,1.4705882352941178,0.053807569539443725
moe.tsuki,1400,0.88,1.64,0.15813953488372093
moe.tsuki,1600,0.8979591836734694,1.7551020408163265,0.14285714285714285
moe.tsuki,1800,0.9518072289156626,2.2771084337349397,0.10114878117119645
moe.tsuki,2000,0.9183673469387755,2.0,0.1281442809682012
moe.tsuki,2200,0.9069767441860465,1.8604651162790697,0.1362898864250947
moe.tsuki,2400,0.7142857142857143,2.6607142857142856,0.3475913621262458
moe.tsuki,2600,0.7,3.9,0.3906976744186047
moe.tsuki,2800,0.8333333333333334,3.5833333333333335,0.24999999999999997
moe.tsuki,3000,0.0,5.6,1.130232558139535
moe.tsuki,3200,0.3333333333333333,3.6666666666666665,0.7519379844961241
moe.tsuki,3400,0.0,2.0,1.0465116279069768
moksha30,800,0.9308510638297872,1.7553191489361701,0.1099703117268679
moksha30,1000,0.9245283018867925,1.9622641509433962,0.12110574813514698
moksha30,1200,0.88,1.68,0.15906976744186047
moksha30,1400,0.7222222222222222,2.111111111111111,0.3268733850129199
moksha30,1600,0.6666666666666666,1.9166666666666667,0.3779069767441861
moksha30,1800,0.875,2.125,0.1744186046511628
moksha30,2000,0.5,1.5,0.5348837209302325
moksha30,2200,1.0,1.3333333333333333,0.031007751937984496
moksha30,2400,0.0,1.0,1.0232558139534884
moksha30,2600,0.0,2.0,1.0465116279069768
momohara,800,1.0,1.115702479338843,0.025946569286949838
momohara,1000,1.0,1.155844155844156,0.026880096647538508
momohara,1200,0.9878048780487805,1.2682926829268293,0.041690300623936485
momohara,1400,1.0,1.5769230769230769,0.03667262969588551
momohara,1600,0.989247311827957,1.7204301075268817,0.050762690672668156
momohara,1800,0.9761904761904762,1.9166666666666667,0.06838316722037655
momohara,2000,0.9466666666666667,2.2933333333333334,0.10666666666666669
momohara,2200,0.8648648648648649,2.135135135135135,0.18478944060339403
momohara,2400,0.8444444444444444,2.933333333333333,0.22377260981912145
momohara,2600,0.7333333333333333,3.933333333333333,0.35813953488372097
momohara,2800,0.0,4.0,1.0930232558139534
momohara,3000,0.6666666666666666,3.3333333333333335,0.41085271317829464
momohara,3400,1.0,3.0,0.06976744186046512
morandyg,800,1.0,1.3859649122807018,0.032231742146062836
morandyg,1000,1.0,1.4,0.03255813953488372
morandyg,1200,1.0,1.775,0.04127906976744186
morandyg,1400,0.88,1.68,0.15906976744186047
morandyg,1600,0.9428571428571428,1.8,0.09900332225913623
morandyg,1800,1.0,1.7636363636363637,0.041014799154334036
morandyg,2000,0.90625,2.6875,0.15625
morandyg,2200,0.8888888888888888,1.8888888888888888,0.15503875968992253
morandyg,2400,0.9655172413793104,2.586206896551724,0.09462710505212506
morandyg,2600,0.8888888888888888,2.7777777777777777,0.17571059431524552
morandyg,2800,0.8666666666666667,2.4,0.1891472868217054
morandyg,3000,1.0,3.25,0.0755813953488372
morandyg,3200,1.0,2.6666666666666665,0.06201550387596899
morandyg,3400,1.0,1.0,0.023255813953488372
mrthimote,800,0.9875,1.3,0.04273255813953484
mrthimote,1000,0.8723404255319149,1.5106382978723405,0.16279069767441856
mrthimote,1200,0.9777777777777777,1.288888888888889,0.052196382428940605
mrthimote,1400,0.9166666666666666,1.3611111111111112,0.1149870801033592
mrthimote,1600,0.9787234042553191,1.3829787234042554,0.053438891637803104
mrthimote,1800,0.95,1.57,0.08651162790697679
mrthimote,2000,0.9306930693069307,1.9801980198019802,0.11535804743265018
mrthimote,2200,0.9078947368421053,2.013157894736842,0.138922888616891
mrthimote,2400,0.7608695652173914,2.9347826086956523,0.307381193124368
mrthimote,2600,0.8,4.1,0.2953488372093023
mrthimote,2800,0.36363636363636365,2.3636363636363638,0.6913319238900634
mrthimote,3000,0.0,1.5,1.0348837209302326
msab3f,800,1.0,1.2733812949640289,0.029613518487535555
msab3f,1000,1.0,2.0434782608695654,0.04752275025278059
msab3f,1200,0.9846153846153847,1.8153846153846154,0.05760286225402499
msab3f,1400,1.0,2.3773584905660377,0.055287406757349715
msab3f,1600,0.9859154929577465,2.6056338028169015,0.07468064199148378
msab3f,1800,1.0,3.1449275362318843,0.07313784967981127
msab3f,2000,0.97,2.51,0.08837209302325583
msab3f,2200,0.9782608695652174,2.1630434782608696,0.07204246713852375
msab3f,2400,0.9325842696629213,2.2134831460674156,0.11889208257120465
msab3f,2600,0.9661016949152542,2.6779661016949152,0.09617658651951125
msab3f,2800,0.9230769230769231,2.076923076923077,0.12522361359570658
msab3f,3000,1.0,15.6,0.36279069767441857
mtsd,800,0.9929078014184397,1.0921985815602837,0.032492165594590144
mtsd,1000,0.975,1.1375,0.05145348837209304
mtsd,1200,0.9905660377358491,1.2358490566037736,0.03817463799912242
mtsd,1400,0.9747899159663865,1.3865546218487395,0.057455540355677175
mtsd,1600,0.9921875,1.34375,0.0390625
mtsd,1800,0.9694656488549618,1.8549618320610688,0.07367299840227237
mtsd,2000,0.957983193277311,2.0672268907563027,0.09009185069376585
mtsd,2200,0.9153846153846154,2.3923076923076922,0.14025044722719143
mtsd,2400,0.9024390243902439,2.073170731707317,0.1457742484401588
mtsd,2600,0.7428571428571429,4.185714285714286,0.354485049833887
mtsd,2800,0.6363636363636364,2.5,0.42177589852008457
mtsd,3000,0.47368421052631576,2.526315789473684,0.5850673194614444
mtsd,3200,0.25,3.0,0.8197674418604651
mtsd,3400,0.0,5.0,1.1162790697674418
mwen,800,0.9898477157360406,1.0964467005076142,0.03565104474088068
mwen,1000,1.0,1.3146067415730338,0.03057224980402404
mwen,1200,1.0,1.46,0.03395348837209302
mwen,1400,1.0,1.5188679245283019,0.03532250987275121
mwen,1600,1.0,1.7685950413223142,0.04113011724005382
mwen,1800,0.9814814814814815,2.0833333333333335,0.06696813092161927
mwen,2000,1.0,2.100840336134454,0.048856752003126835
mwen,2200,0.9885057471264368,2.9080459770114944,0.07912322908313284
mwen,2400,0.9682539682539683,3.3015873015873014,0.10852713178294573
mwen,2600,0.8787878787878788,3.696969696969697,0.20718816067653278
mwen,2800,0.6,4.7,0.5093023255813953
mwen,3000,0.6,2.4,0.4558139534883721
mwen,3200,1.0,1.0,0.023255813953488372
mwen,3400,1.0,1.0,0.023255813953488372
myoi0905,800,1.0,1.3173076923076923,0.030635062611806797
myoi0905,1000,1.0,1.2307692307692308,0.028622540250447227
myoi0905,1200,1.0,1.627906976744186,0.03785830178474851
myoi0905,1400,1.0,1.912280701754386,0.044471644226846185
myoi0905,1600,0.9838709677419355,1.935483870967742,0.06114028507126781
myoi0905,1800,0.9344262295081968,2.7868852459016393,0.13038505528021346
myoi0905,2000,0.95,2.4166666666666665,0.10620155038759693
myoi0905,2200,0.9736842105263158,2.473684210526316,0.08384332925336595
myoi0905,2400,0.8333333333333334,2.5,0.22480620155038755
myoi0905,2600,0.9285714285714286,2.2857142857142856,0.12458471760797338
myoi0905,2800,0.8,2.5,0.2581395348837209
myoi0905,3000,1.0,2.5,0.05813953488372093
myoi0905,3200,0.5,4.5,0.6046511627906976
myoi0905,3400,1.0,4.0,0.09302325581395349
mythofys,800,0.984251968503937,1.263779527559055,0.04513825306720378
mythofys,1000,1.0,1.6122448979591837,0.03749406739439962
mythofys,1200,0.99,1.92,0.054651162790697684
mythofys,1400,0.9466666666666667,2.3466666666666667,0.10790697674418606
mythofys,1600,0.9864864864864865,2.6216216216216215,0.07448145820238841
mythofys,1800,0.9759036144578314,3.36144578313253,0.10226954328943678
mythofys,2000,0.8571428571428571,3.517857142857143,0.22466777408637878
mythofys,2200,0.9473684210526315,3.5789473684210527,0.1358629130966953
mythofys,2400,0.8888888888888888,4.166666666666667,0.20801033591731272
mythofys,2600,0.4,2.4,0.655813953488372
mythofys,3000,0.0,1.0,1.0232558139534884
naneosmic,800,0.990909090909091,1.6363636363636365,0.047145877378435466
naneosmic,1000,1.0,2.1621621621621623,0.0502828409805154
naneosmic,1200,1.0,1.9148936170212767,0.044532409698169226
naneosmic,1400,1.0,3.3846153846153846,0.07871198568872988
naneosmic,1600,1.0,3.4838709677419355,0.08102025506376594
naneosmic,1800,0.96,2.92,0.10790697674418608
naneosmic,2000,0.9736842105263158,3.3684210526315788,0.10465116279069764
naneosmic,2200,0.8571428571428571,2.8214285714285716,0.20847176079734225
naneosmic,2400,0.8928571428571429,3.4285714285714284,0.18687707641196008
naneosmic,2600,1.0,2.2857142857142856,0.05315614617940199
naneosmic,2800,1.0,2.6666666666666665,0.06201550387596899
naneosmic,3400,1.0,1.0,0.023255813953488372
natsugiri,800,0.9957264957264957,1.0897435897435896,0.02961637845358774
natsugiri,1000,0.9933333333333333,1.1666666666666667,0.03379844961240315
natsugiri,1200,0.9916434540389972,1.1949860724233983,0.0361469197382911
natsugiri,1400,0.9865951742627346,1.2520107238605898,0.042521354199139605
natsugiri,1600,0.9751552795031055,1.3457556935817805,0.05614136453368005
natsugiri,1800,0.9398663697104677,1.4743875278396437,0.09442171233231475
natsugiri,2000,0.9455445544554455,1.5396039603960396,0.09026018880957867
natsugiri,2200,0.9400544959128065,1.6212534059945505,0.09764907166846207
natsugiri,2400,0.8610354223433242,1.8637602179836512,0.18230783854001653
natsugiri,2600,0.7725118483412322,2.132701421800948,0.27708585914251077
natsugiri,2800,0.6698113207547169,1.990566037735849,0.3764809126810005
natsugiri,3000,0.5897435897435898,2.358974358974359,0.46511627906976744
natsugiri,3200,0.375,1.875,0.6686046511627907
natsugiri,3400,0.25,2.0,0.7965116279069767
newbie_wrz,800,1.0,1.2307692307692308,0.028622540250447227
newbie_wrz,1000,1.0,1.0,0.023255813953488372
newbie_wrz,1200,1.0,1.375,0.03197674418604651
newbie_wrz,1400,1.0,1.25,0.029069767441860465
newbie_wrz,1600,0.8333333333333334,1.8333333333333333,0.2093023255813953
newbie_wrz,1800,1.0,1.4444444444444444,0.03359173126614987
newbie_wrz,2000,1.0,2.3333333333333335,0.054263565891472874
newbie_wrz,2200,1.0,1.75,0.040697674418604654
newbie_wrz,2400,0.9,1.6,0.13720930232558137
newbie_wrz,2600,1.0,2.625,0.061046511627906974
newbie_wrz,2800,0.5,2.5,0.5581395348837209
newbie_wrz,3000,1.0,2.0,0.046511627906976744
ngocnghia,800,0.9642857142857143,1.1071428571428572,0.06146179401993354
ngocnghia,1000,0.875,1.1666666666666667,0.15213178294573643
ngocnghia,1200,0.9090909090909091,1.3636363636363635,0.12262156448202963
ngocnghia,1400,0.9333333333333333,1.6666666666666667,0.10542635658914727
ngocnghia,1600,1.0,1.411764705882353,0.03283173734610123
ngocnghia,1800,0.7647058823529411,2.235294117647059,0.28727770177838585
ngocnghia,2000,0.9333333333333333,1.9333333333333333,0.11162790697674417
ngocnghia,2200,0.75,3.125,0.3226744186046512
ngocnghia,2400,0.36363636363636365,4.545454545454546,0.7420718816067653
ngocnghia,2600,0.5,3.3333333333333335,0.5775193798449613
ngocnghia,2800,0.3333333333333333,2.3333333333333335,0.7209302325581396
ngocnghia,3000,1.0,4.0,0.09302325581395349
nguyengiabach1201,800,1.0,1.5476190476190477,0.03599114064230344
nguyengiabach1201,1000,0.96875,2.03125,0.07848837209302326
nguyengiabach1201,1200,1.0,2.3513513513513513,0.054682589566310495
nguyengiabach1201,1400,0.9464285714285714,2.107142857142857,0.10257475083056482
nguyengiabach1201,1600,0.9791666666666666,2.0,0.06734496124031011
nguyengiabach1201,1800,0.9659090909090909,2.3863636363636362,0.08958773784355176
nguyengiabach1201,2000,0.9464285714285714,2.25,0.10589700996677745
nguyengiabach1201,2200,1.0,2.7,0.06279069767441861
nguyengiabach1201,2400,0.75,2.0,0.2965116279069767
nguyengiabach1201,2600,0.3333333333333333,2.0,0.7131782945736435
nguyengiabach1201,2800,1.0,3.0,0.06976744186046512
nguyengiabach1201,3000,0.0,1.0,1.0232558139534884
nguyengiabach1201,3400,0.0,1.0,1.0232558139534884
nhphuc,800,0.9889705882352942,1.2610294117647058,0.04035567715458273
nhphuc,1000,0.9433962264150944,1.9339622641509433,0.10157964019306712
nhphuc,1200,0.9680851063829787,2.1382978723404253,0.08164275111331024
nhphuc,1400,0.9791666666666666,2.3333333333333335,0.07509689922480625
nhphuc,1600,0.9893048128342246,2.3475935828877006,0.06529038676781498
nhphuc,1800,0.9794238683127572,2.94238683127572,0.08900373241458515
nhphuc,2000,0.9487179487179487,2.7564102564102564,0.11538461538461542
nhphuc,2200,0.9655172413793104,3.1494252873563218,0.10772520716385989
nhphuc,2400,0.9512195121951219,3.597560975609756,0.1324446965399887
nhphuc,2600,0.7857142857142857,3.857142857142857,0.3039867109634552
nhphuc,2800,1.0,7.0,0.16279069767441862
nhphuc,3000,1.0,1.0,0.023255813953488372
nhphuc,3400,0.5,2.0,0.5465116279069767
nigus,800,0.9781659388646288,1.1441048034934498,0.048441149588707266
nigus,1000,0.9844961240310077,1.248062015503876,0.044528574003966134
nigus,1200,0.9788732394366197,1.380281690140845,0.05322633475270223
nigus,1400,0.9743589743589743,1.435897435897436,0.059033989266547425
nigus,1600,0.9587628865979382,1.6494845360824741,0.07959721889235191
nigus,1800,0.9347826086956522,2.1884057971014492,0.11611054937647451
nigus,2000,0.87248322147651,2.577181208053691,0.18745122522241303
nigus,2200,0.8712871287128713,2.6732673267326734,0.190881878885563
nigus,2400,0.7894736842105263,3.4649122807017543,0.29110567115463076
nigus,2600,0.6440677966101694,3.1016949152542375,0.428064643279464
nigus,2800,0.2962962962962963,3.1481481481481484,0.776916451335056
nigus,3000,0.45454545454545453,6.0,0.6849894291754757
nigus,3200,0.3333333333333333,6.0,0.806201550387597
nigus,3400,0.0,4.666666666666667,1.1085271317829457
nishkarsh,800,0.9944444444444445,1.3388888888888888,0.0366925064599483
nishkarsh,1000,0.9904761904761905,1.438095238095238,0.04296788482834991
nishkarsh,1200,0.9834710743801653,1.5206611570247934,0.05189313857389962
nishkarsh,1400,0.9056603773584906,1.5188679245283019,0.12966213251426062
nishkarsh,1600,0.926605504587156,1.8256880733944953,0.11585235758480905
nishkarsh,1800,0.9387755102040817,2.020408163265306,0.10821072615092545
nishkarsh,2000,0.8888888888888888,2.234567901234568,0.16307780648865927
nishkarsh,2200,0.8571428571428571,2.2857142857142856,0.19601328903654489
nishkarsh,2400,0.9402985074626866,2.246268656716418,0.11194029850746263
nishkarsh,2600,0.9705882352941176,2.6470588235294117,0.09097127222982217
nishkarsh,2800,0.9210526315789473,2.8552631578947367,0.14534883720930236
nishkarsh,3000,1.0,3.5348837209302326,0.0822065981611682
nishkarsh,3200,1.0,2.0,0.046511627906976744
nishkarsh,3400,0.8333333333333334,7.916666666666667,0.35077519379844957
nitram,800,0.9626865671641791,1.5970149253731343,0.07445331482124262
nitram,1000,0.9538461538461539,1.7230769230769232,0.08622540250447222
nitram,1200,0.9166666666666666,2.236111111111111,0.13533591731266154
nitram,1400,0.94,1.78,0.10139534883720935
nitram,1600,0.8311688311688312,2.103896103896104,0.2177589852008456
nitram,1800,0.864406779661017,2.389830508474576,0.19117067402443827
nitram,2000,0.8939393939393939,2.787878787878788,0.17089499647639184
nitram,2200,0.75,3.4038461538461537,0.3291592128801431
nitram,2400,0.8055555555555556,2.638888888888889,0.25581395348837205
nitram,2600,0.6875,3.4375,0.3924418604651163
nitram,2800,0.6,4.5,0.5046511627906977
nitram,3000,0.875,2.75,0.18895348837209303
nitram,3200,0.2,7.4,0.972093023255814
nitram,3400,0.8333333333333334,4.666666666666667,0.2751937984496124
niwrad,800,1.0,1.3866666666666667,0.03224806201550388
niwrad,1000,0.9655172413793104,1.6206896551724137,0.07217321571772249
niwrad,1200,0.9743589743589743,1.435897435897436,0.059033989266547425
niwrad,1400,1.0,2.272727272727273,0.052854122621564484
niwrad,1600,0.9848484848484849,2.3333333333333335,0.06941508104298802
niwrad,1800,0.9830508474576272,1.88135593220339,0.060701616081986556
niwrad,2000,0.9611650485436893,2.4174757281553396,0.09505531722736507
niwrad,2200,0.9649122807017544,1.9649122807017543,0.08078335373317014
niwrad,2400,1.0,2.6842105263157894,0.0624235006119951
niwrad,2600,0.5,7.0,0.6627906976744187
nohandle_5,800,1.0,1.1538461538461537,0.026833631484794274
nohandle_5,1000,1.0,1.4,0.03255813953488372
nohandle_5,1200,1.0,1.4285714285714286,0.03322259136212625
nohandle_5,1400,1.0,1.5,0.03488372093023256
nohandle_5,1600,1.0,1.5454545454545454,0.035940803382663845
nohandle_5,1800,0.9166666666666666,2.4166666666666665,0.13953488372093026
nohandle_5,2000,0.9090909090909091,3.0,0.16067653276955607
nohandle_5,2200,0.7142857142857143,2.4285714285714284,0.3421926910299003
nohandle_5,2400,0.75,3.5,0.33139534883720934
nohandle_5,2600,0.0,1.0,1.0232558139534884
noimi,800,0.9942028985507246,1.272463768115942,0.03538928210313448
noimi,1000,1.0,1.2682926829268293,0.02949517867271696
noimi,1200,1.0,1.5384615384615385,0.03577817531305904
noimi,1400,0.9753086419753086,1.48559670781893,0.05924011867164322
noimi,1600,0.9904458598726115,1.7802547770700636,0.05095541401273885
noimi,1800,0.9867549668874173,2.033112582781457,0.06052672108424453
noimi,2000,0.9709090909090909,2.578181818181818,0.08904862579281181
noimi,2200,0.9689922480620154,2.744186046511628,0.09482603208941776
noimi,2400,0.9366197183098591,3.221830985915493,0.1383065836881756
noimi,2600,0.8952380952380953,4.895238095238096,0.21860465116279065
noimi,2800,0.8496732026143791,5.189542483660131,0.2710138318893449
noimi,3000,0.7582417582417582,5.34065934065934,0.36595962177357527
noimi,3200,0.5573770491803278,6.60655737704918,0.5962638200533741
noimi,3400,0.47058823529411764,7.0,0.6922024623803009
not10hour,800,1.0,1.1111111111111112,0.02583979328165375
not10hour,1000,0.875,1.0,0.14825581395348836
not10hour,1200,1.0,1.5,0.03488372093023256
not10hour,1400,0.6666666666666666,2.6666666666666665,0.39534883720930236
not10hour,1600,0.8,2.8,0.2651162790697674
not10hour,1800,1.0,1.3333333333333333,0.031007751937984496
not10hour,2000,1.0,1.6666666666666667,0.03875968992248062
not10hour,2200,1.0,1.0,0.023255813953488372
not10hour,2400,0.5,1.5,0.5348837209302325
now_cow,800,0.9923664122137404,1.2061068702290076,0.0356825847683295
now_cow,1000,0.984375,1.53125,0.05123546511627907
now_cow,1200,0.9384615384615385,1.7230769230769232,0.10161001788908766
now_cow,1400,0.9444444444444444,1.9074074074074074,0.09991386735572785
now_cow,1600,0.9649122807017544,1.9298245614035088,0.0799673602611179
now_cow,1800,0.8852459016393442,2.9672131147540983,0.1837590545177278
now_cow,2000,0.868421052631579,3.210526315789474,0.20624235006119948
now_cow,2200,0.8055555555555556,4.138888888888889,0.2906976744186046
now_cow,2400,0.6666666666666666,3.1481481481481484,0.40654608096468564
now_cow,2600,0.7333333333333333,5.0,0.38294573643410856
now_cow,2800,0.375,3.375,0.7034883720930233
now_cow,3000,0.3333333333333333,11.333333333333334,0.930232558139535
now_cow,3200,0.0,2.0,1.0465116279069768
noya2,800,1.0,1.0596153846153846,0.02464221824686941
noya2,1000,1.0,1.1203703703703705,0.026055124892334195
noya2,1200,0.9957983193277311,1.1512605042016806,0.030975180769982395
noya2,1400,1.0,1.2828282828282829,0.02983321587972751
noya2,1600,1.0,1.2488262910798122,0.02904247188557703
noya2,1800,0.9824561403508771,1.3859649122807018,0.0497756017951857
noya2,2000,0.9885057471264368,1.632183908045977,0.04945201817695802
noya2,2200,0.9642857142857143,1.7023809523809523,0.07530454042081947
noya2,2400,0.9366197183098591,1.9507042253521127,0.10874549623321325
noya2,2600,0.9012345679012346,2.234567901234568,0.15073212747631354
noya2,2800,0.8,2.3777777777777778,0.25529715762273897
noya2,3000,0.8125,2.5,0.24563953488372092
noya2,3200,0.8333333333333334,1.6666666666666667,0.20542635658914726
noya2,3400,1.0,1.0,0.023255813953488372
nullbrain_,800,0.7,1.2,0.3279069767441861
nullbrain_,1000,0.75,1.25,0.27906976744186046
nullbrain_,1200,0.5,1.0,0.5232558139534884
nullbrain_,1400,1.0,1.5,0.03488372093023256
nullbrain_,1600,1.0,2.0,0.046511627906976744
nullbrain_,1800,0.6666666666666666,1.3333333333333333,0.36434108527131787
nullbrain_,2000,0.5,1.0,0.5232558139534884
nullbrain_,2200,0.75,2.0,0.2965116279069767
nullbrain_,2400,0.0,1.5,1.0348837209302326
nullbrain_,2600,1.0,1.0,0.023255813953488372
o7ro,800,1.0,1.3076923076923077,0.03041144901610018
o7ro,1000,1.0,1.0,0.023255813953488372
o7ro,1200,1.0,1.1428571428571428,0.026578073089700994
o7ro,1400,1.0,1.0,0.023255813953488372
o7ro,1600,1.0,1.8333333333333333,0.04263565891472868
o7ro,1800,0.875,1.625,0.16279069767441862
o7ro,2000,1.0,1.0,0.023255813953488372
o7ro,2200,1.0,2.4,0.05581395348837209
o7ro,2400,1.0,5.0,0.11627906976744186
o7ro,3000,1.0,6.0,0.13953488372093023
ocharin,800,1.0,1.183431952662722,0.027521673317737718
ocharin,1000,0.971830985915493,1.3098591549295775,0.058630854896822765
ocharin,1200,0.9891304347826086,1.5978260869565217,0.048028311425682556
ocharin,1400,0.9855072463768116,1.9855072463768115,0.060667340748230485
ocharin,1600,1.0,1.608695652173913,0.03741152679474216
ocharin,1800,0.9887640449438202,1.8876404494382022,0.055134570159393805
ocharin,2000,0.9866666666666667,2.2266666666666666,0.06511627906976741
ocharin,2200,0.9661016949152542,2.610169491525424,0.09459992116673238
ocharin,2400,0.9629629629629629,2.7777777777777777,0.10163652024117145
ocharin,2600,1.0,3.235294117647059,0.07523939808481532
ocharin,2800,0.8666666666666667,2.8,0.19844961240310074
ocharin,3000,1.0,3.5555555555555554,0.08268733850129198
ocharin,3200,0.8,2.4,0.25581395348837205
ocharin,3400,1.0,6.0,0.13953488372093023
ococonomy1,800,1.0,1.1336405529953917,0.026363733790590503
ococonomy1,1000,0.989010989010989,1.1428571428571428,0.03756708407871194
ococonomy1,1200,0.9811320754716981,1.490566037735849,0.05353225098727511
ococonomy1,1400,0.9436619718309859,1.619718309859155,0.09400589584015726
ococonomy1,1600,0.9333333333333333,1.8555555555555556,0.1098191214470284
ococonomy1,1800,0.9240506329113924,2.7468354430379747,0.13982926111274652
ococonomy1,2000,0.86,2.66,0.2018604651162791
ococonomy1,2200,0.8205128205128205,3.051282051282051,0.25044722719141327
ococonomy1,2400,0.7222222222222222,3.2222222222222223,0.35271317829457366
ococonomy1,2600,0.6,4.2,0.49767441860465117
ococonomy1,2800,0.5,8.0,0.686046511627907
ococonomy1,3000,1.0,13.0,0.3023255813953488
octane,800,0.9617834394904459,1.3248407643312101,0.06902681084283808
octane,1000,0.9666666666666667,1.3,0.0635658914728682
octane,1200,0.9516129032258065,1.564516129032258,0.0847711927981995
octane,1400,0.92,2.24,0.1320930232558139
octane,1600,0.9333333333333333,1.95,0.11201550387596898
octane,1800,0.7291666666666666,2.6875,0.33333333333333337
octane,2000,0.8604651162790697,3.046511627906977,0.2103839913466739
octane,2200,0.6296296296296297,2.740740740740741,0.43410852713178294
octane,2400,0.5714285714285714,4.0,0.521594684385382
octane,2600,0.25,1.75,0.7906976744186046
octane,2800,0.0,1.0,1.0232558139534884
ok12,800,0.9437086092715232,1.7549668874172186,0.0971045741567842
ok12,1000,0.9083969465648855,2.0763358778625953,0.13988993431564
ok12,1200,0.9420289855072463,2.3405797101449277,0.11240310077519383
ok12,1400,0.8571428571428571,2.6785714285714284,0.2051495016611296
ok12,1600,0.8928571428571429,2.75,0.17109634551495012
ok12,1800,0.71875,2.5625,0.34084302325581395
ok12,2000,0.5,3.357142857142857,0.5780730897009967
ok12,2200,1.0,1.6666666666666667,0.03875968992248062
ok12,2400,0.6666666666666666,5.333333333333333,0.45736434108527135
ok12,2600,0.0,1.0,1.0232558139534884
ok12,2800,0.0,1.0,1.0232558139534884
ok12,3400,0.0,1.0,1.0232558139534884
omaltsev,800,0.8888888888888888,1.2222222222222223,0.1395348837209303
omaltsev,1000,0.8571428571428571,2.0,0.18936877076411965
omaltsev,1200,0.7272727272727273,3.727272727272727,0.35940803382663844
omaltsev,1400,0.5,5.833333333333333,0.6356589147286822
omaltsev,1600,1.0,7.4,0.17209302325581396
omaltsev,1800,0.25,8.75,0.9534883720930233
omaltsev,2000,0.3333333333333333,3.8333333333333335,0.7558139534883722
omaltsev,2200,0.25,4.5,0.8546511627906976
omaltsev,2400,0.3333333333333333,4.666666666666667,0.7751937984496124
omaltsev,2600,0.0,1.6666666666666667,1.0387596899224807
omaltsev,2800,0.25,6.0,0.8895348837209303
omsincoconut,800,0.9758064516129032,1.2903225806451613,0.05420105026256562
omsincoconut,1000,0.9574468085106383,1.297872340425532,0.07273626917367634
omsincoconut,1200,0.926605504587156,1.5321100917431192,0.10902496266268402
omsincoconut,1400,0.8602150537634409,1.6451612903225807,0.17804451112778194
omsincoconut,1600,0.8737864077669902,2.174757281553398,0.1767893429668097
omsincoconut,1800,0.7894736842105263,2.389473684210526,0.2660954712362301
omsincoconut,2000,0.7528089887640449,3.033707865168539,0.31774235693754904
omsincoconut,2200,0.7142857142857143,4.875,0.3990863787375415
omsincoconut,2400,0.3783783783783784,4.108108108108108,0.7171590194846008
omsincoconut,2600,0.4166666666666667,5.75,0.7170542635658914
omsincoconut,2800,0.25,5.625,0.8808139534883721
omsincoconut,3000,0.5,2.0,0.5465116279069767
omsincoconut,3200,0.25,4.0,0.8430232558139534
omsincoconut,3400,0.3333333333333333,8.0,0.8527131782945737
onlyfanz,800,1.0,1.1875,0.027616279069767442
onlyfanz,1000,1.0,1.2222222222222223,0.028423772609819122
onlyfanz,1200,1.0,1.3333333333333333,0.031007751937984496
onlyfanz,1400,1.0,1.0,0.023255813953488372
onlyfanz,1600,1.0,1.0,0.023255813953488372
onlyfanz,1800,1.0,1.2222222222222223,0.028423772609819122
onlyfanz,2000,1.0,2.5,0.05813953488372093
onlyfanz,2200,1.0,4.0,0.09302325581395349
onlyfanz,2400,1.0,3.4,0.07906976744186046
onlyfanz,2600,1.0,4.0,0.09302325581395349
onlyfanz,3000,0.0,1.0,1.0232558139534884
oqmsac,800,1.0,1.1,0.025581395348837212
oqmsac,1000,0.9642857142857143,1.3214285714285714,0.06644518272425248
oqmsac,1200,0.9459459459459459,1.4324324324324325,0.08736643620364551
oqmsac,1400,0.9642857142857143,2.107142857142857,0.08471760797342191
oqmsac,1600,1.0,1.9189189189189189,0.044626021370207415
oqmsac,1800,0.9032258064516129,2.225806451612903,0.1485371342835709
oqmsac,2000,0.8333333333333334,2.625,0.2277131782945736
oqmsac,2200,0.8235294117647058,1.9411764705882353,0.22161422708618334
oqmsac,2400,0.4166666666666667,2.8333333333333335,0.6492248062015503
oqmsac,2600,0.5,2.75,0.563953488372093
oqmsac,2800,0.5,2.5,0.5581395348837209
oqmsac,3000,0.0,2.0,1.0465116279069768
orange_man,800,1.0,1.1111111111111112,0.02583979328165375
orange_man,1000,1.0,1.0,0.023255813953488372
orange_man,1200,1.0,1.1666666666666667,0.027131782945736437
orange_man,1400,1.0,1.0,0.023255813953488372
orange_man,1600,1.0,1.0,0.023255813953488372
orange_man,1800,1.0,1.0,0.023255813953488372
orange_man,2000,0.8888888888888888,1.1111111111111112,0.13695090439276492
orange_man,2200,1.0,1.0,0.023255813953488372
orange_man,2400,1.0,1.0,0.023255813953488372
orange_man,2600,1.0,1.0,0.023255813953488372
orange_man,2800,1.0,1.0,0.023255813953488372
orange_man,3000,1.0,1.0,0.023255813953488372
orz,800,0.95,1.46,0.08395348837209307
orz,1000,0.9591836734693877,1.510204081632653,0.07593735168486004
orz,1200,0.9565217391304348,1.173913043478261,0.07077856420626893
orz,1400,0.972972972972973,1.3513513513513513,0.058453802639849096
orz,1600,0.9625,1.6125,0.07499999999999998
orz,1800,0.9647058823529412,2.023529411764706,0.08235294117647057
orz,2000,0.9846153846153847,1.8923076923076922,0.05939177101967794
orz,2200,0.9074074074074074,2.685185185185185,0.15503875968992245
orz,2400,0.9014084507042254,1.6901408450704225,0.137897150343924
orz,2600,0.825,2.375,0.23023255813953492
orz,2800,0.65,4.6,0.4569767441860465
orz,3000,0.5,3.8333333333333335,0.5891472868217055
orz,3200,0.2,3.55,0.8825581395348838
orz,3400,1.0,2.25,0.05232558139534884
overthinker,800,1.0,1.4954954954954955,0.03477896501152315
overthinker,1000,0.9906976744186047,1.697674418604651,0.04878312601406162
overthinker,1200,0.9901477832512315,2.0147783251231526,0.0567075266353534
overthinker,1400,0.9722222222222222,2.673611111111111,0.08995478036175712
overthinker,1600,0.9705882352941176,2.588235294117647,0.08960328317373462
overthinker,1800,0.9270833333333334,2.8541666666666665,0.1392926356589147
overthinker,2000,1.0,5.246153846153846,0.12200357781753131
overthinker,2200,0.9,3.35,0.17790697674418604
overthinker,2400,0.9090909090909091,4.454545454545454,0.19450317124735733
overthinker,2600,0.75,2.75,0.313953488372093
overthinker,2800,1.0,3.5,0.08139534883720931
overthinker,3000,0.5,1.25,0.5290697674418605
overthinker,3400,0.0,1.0,1.0232558139534884
oyzr,800,0.9473684210526315,1.5,0.08751529987760104
oyzr,1000,0.9375,1.5625,0.09883720930232559
oyzr,1200,0.9230769230769231,2.230769230769231,0.12880143112701248
oyzr,1400,0.8888888888888888,2.5555555555555554,0.17054263565891478
oyzr,1600,0.8947368421052632,2.210526315789474,0.15667074663402691
oyzr,1800,0.9090909090909091,2.909090909090909,0.15856236786469347
oyzr,2000,1.0,2.8,0.06511627906976744
oyzr,2200,0.9285714285714286,2.7142857142857144,0.13455149501661126
oyzr,2400,0.9594594594594594,3.2567567567567566,0.11627906976744189
oyzr,2600,0.9655172413793104,3.8275862068965516,0.12349639133921407
oyzr,2800,1.0,3.803921568627451,0.08846329229366165
oyzr,3000,0.9761904761904762,3.380952380952381,0.10243632336655595
oyzr,3200,0.8,2.3333333333333335,0.2542635658914728
oyzr,3400,0.9,3.0,0.1697674418604651
pandaforever,800,1.0,1.0526315789473684,0.024479804161566705
pandaforever,1000,1.0,1.0,0.023255813953488372
pandaforever,1200,1.0,1.411764705882353,0.03283173734610123
pandaforever,1400,1.0,1.2727272727272727,0.02959830866807611
pandaforever,1600,1.0,1.1666666666666667,0.027131782945736437
pandaforever,1800,1.0,1.625,0.0377906976744186
pandaforever,2000,1.0,1.9166666666666667,0.044573643410852716
pandaforever,2200,1.0,1.9411764705882353,0.04514363885088919
pandaforever,2400,0.8333333333333334,2.3333333333333335,0.2209302325581395
pandaforever,2600,0.9,1.9,0.1441860465116279
pandaforever,2800,0.0,4.5,1.1046511627906976
pandaforever,3000,0.3333333333333333,3.6666666666666665,0.7519379844961241
pandaforever,3200,0.0,1.0,1.0232558139534884
pangz,800,0.9831932773109243,1.257703081232493,0.046055631554947615
pangz,1000,0.95625,1.6375,0.08183139534883715
pangz,1200,0.9745222929936306,1.713375796178344,0.065323655754703
pangz,1400,0.9743589743589743,2.213675213675214,0.07712184456370505
pangz,1600,0.9393939393939394,3.007575757575758,0.13054968287526422
pangz,1800,0.971830985915493,3.76056338028169,0.11562397641663934
pangz,2000,0.9175257731958762,3.865979381443299,0.17238072404699117
pangz,2200,0.875,3.107142857142857,0.1972591362126246
pangz,2400,0.6774193548387096,5.064516129032258,0.44036009002250565
pangz,2600,0.8181818181818182,6.545454545454546,0.3340380549682875
pangz,2800,1.0,3.0,0.06976744186046512
pangz,3000,0.5,5.75,0.6337209302325582
pangz,3200,0.0,4.0,1.0930232558139534
panospask,800,0.975,1.25,0.05406976744186048
panospask,1000,1.0,1.4482758620689655,0.03368083400160385
panospask,1200,1.0,1.4814814814814814,0.03445305770887166
panospask,1400,1.0,1.9487179487179487,0.045319022063208106
panospask,1600,0.9803921568627451,1.6274509803921569,0.057455540355677195
panospask,1800,0.9365079365079365,2.3492063492063493,0.11812476928756
panospask,2000,0.9142857142857143,3.2,0.16013289036544853
panospask,2200,0.9607843137254902,4.0,0.13223894208846326
panospask,2400,0.8,3.0,0.2697674418604651
panospask,2600,0.8823529411764706,5.823529411764706,0.25307797537619703
panospask,2800,0.6666666666666666,2.3333333333333335,0.3875968992248062
panospask,3000,1.0,4.5,0.10465116279069768
panospask,3200,0.5,2.5,0.5581395348837209
paracompact,800,0.9975669099756691,1.1119221411192215,0.028291744468963955
paracompact,1000,0.9880952380952381,1.1904761904761905,0.03959025470653373
paracompact,1200,0.9644970414201184,1.2071005917159763,0.06357506536397409
paracompact,1400,0.9712230215827338,1.3741007194244603,0.060732809101556005
paracompact,1600,0.9558823529411765,1.4705882352941178,0.07831737346101227
paracompact,1800,0.9671052631578947,1.4671052631578947,0.0670134638922889
paracompact,2000,0.9278350515463918,1.8350515463917525,0.11484056581155594
paracompact,2200,0.8953488372093024,1.7325581395348837,0.14494321254732284
paracompact,2400,0.9175257731958762,1.6082474226804124,0.1198753296571566
paracompact,2600,0.7894736842105263,1.5263157894736843,0.2460220318237454
paracompact,2800,0.5789473684210527,2.1578947368421053,0.4712362301101591
paracompact,3000,0.6923076923076923,2.3846153846153846,0.36314847942754924
paracompact,3200,0.6666666666666666,2.3333333333333335,0.3875968992248062
paracompact,3400,0.5,3.25,0.5755813953488372
parkky,800,1.0,1.041237113402062,0.024214816590745626
parkky,1000,0.9423076923076923,1.0769230769230769,0.08273703041144903
parkky,1200,0.9841269841269841,1.1428571428571428,0.04245108896271692
parkky,1400,1.0,1.1016949152542372,0.02562081198265668
parkky,1600,1.0,1.203125,0.0279796511627907
parkky,1800,0.9454545454545454,1.490909090909091,0.08921775898520087
parkky,2000,0.92,1.46,0.11395348837209299
parkky,2200,0.9,1.2,0.12790697674418602
parkky,2400,0.8235294117647058,1.588235294117647,0.21340629274965806
parkky,2600,0.75,2.0,0.2965116279069767
parkky,2800,0.5,1.5,0.5348837209302325
parkky,3000,0.0,1.0,1.0232558139534884
patak,800,1.0,1.2135922330097086,0.028223075186272293
patak,1000,1.0,1.309090909090909,0.03044397463002114
patak,1200,0.9722222222222222,1.5694444444444444,0.06427648578811371
patak,1400,0.9722222222222222,1.6944444444444444,0.06718346253229976
patak,1600,0.9682539682539683,2.126984126984127,0.08121077888519748
patak,1800,0.9516129032258065,2.193548387096774,0.09939984996249057
patak,2000,0.984375,2.9375,0.08393895348837209
patak,2200,0.9649122807017544,3.491228070175439,0.11627906976744186
patak,2400,1.0,3.3333333333333335,0.07751937984496124
patak,2600,0.9629629629629629,3.185185185185185,0.11111111111111116
patak,2800,1.0,4.0,0.09302325581395349
patak,3000,0.8,3.6,0.28372093023255807
patak,3200,1.0,5.5,0.12790697674418605
peace,800,1.0,1.0833333333333333,0.025193798449612403
peace,1000,1.0,1.0,0.023255813953488372
peace,1200,1.0,1.0666666666666667,0.024806201550387597
peace,1400,1.0,1.25,0.029069767441860465
peace,1600,1.0,1.875,0.0436046511627907
peace,1800,0.8823529411764706,1.411764705882353,0.15047879616963067
peace,2000,1.0,1.6363636363636365,0.03805496828752643
peace,2200,0.875,1.125,0.1511627906976744
peace,2400,0.6,2.1,0.4488372093023256
peace,2600,0.5,2.25,0.5523255813953488
peace,2800,1.0,1.0,0.023255813953488372
peace,3000,0.0,9.0,1.2093023255813953
peace,3200,1.0,1.0,0.023255813953488372
pera2008,800,0.971830985915493,1.6971830985915493,0.067638388470357
pera2008,1000,0.95,1.875,0.09360465116279074
pera2008,1200,0.9127906976744186,1.8546511627906976,0.13034072471606278
pera2008,1400,0.8802395209580839,2.407185628742515,0.17574154017546298
pera2008,1600,0.8636363636363636,2.409090909090909,0.1923890063424947
pera2008,1800,0.8503937007874016,2.622047244094488,0.2105841420985167
pera2008,2000,0.8352941176470589,2.8117647058823527,0.2300957592339261
pera2008,2200,0.8555555555555555,3.5,0.2258397932816538
pera2008,2400,0.7972972972972973,4.702702702702703,0.31206788183532375
pera2008,2600,0.72,5.2,0.40093023255813953
pera2008,2800,1.0,2.8333333333333335,0.06589147286821706
pera2008,3000,0.5,3.0,0.5697674418604651
perchuts,800,0.9899665551839465,1.2876254180602007,0.03997822198024422
perchuts,1000,0.9655172413793104,1.5258620689655173,0.06996792301523652
perchuts,1200,0.967479674796748,1.6991869918699187,0.07203630175836637
perchuts,1400,0.9541284403669725,2.0458715596330275,0.09344996799658625
perchuts,1600,0.9559748427672956,2.2767295597484276,0.09697235629662132
perchuts,1800,0.9493670886075949,2.3607594936708862,0.10553429496614665
perchuts,2000,0.9407407407407408,2.785185185185185,0.12403100775193796
perchuts,2200,0.9646017699115044,2.7964601769911503,0.10043218769294099
perchuts,2400,0.9491525423728814,3.1271186440677967,0.12357114702404412
perchuts,2600,0.9545454545454546,3.0,0.11522198731501053
perchuts,2800,0.9565217391304348,3.4347826086956523,0.12335692618806873
perchuts,3000,0.7142857142857143,2.7857142857142856,0.35049833887043186
perchuts,3200,1.0,2.0,0.046511627906976744
perchuts,3400,1.0,1.0,0.023255813953488372
permutation,800,1.0,1.0625,0.024709302325581394
permutation,1000,1.0,1.7692307692307692,0.04114490161001789
permutation,1200,1.0,1.2432432432432432,0.028912633563796353
permutation,1400,0.95,1.525,0.0854651162790698
permutation,1600,1.0,1.6666666666666667,0.03875968992248062
permutation,1800,0.9772727272727273,2.1136363636363638,0.07188160676532768
permutation,2000,0.9795918367346939,2.163265306122449,0.07071665875652589
permutation,2200,1.0,2.3333333333333335,0.054263565891472874
permutation,2400,0.8378378378378378,1.7297297297297298,0.2023884349465745
permutation,2600,0.8888888888888888,4.111111111111111,0.20671834625323002
permutation,2800,0.9444444444444444,3.4444444444444446,0.1356589147286822
permutation,3000,0.5384615384615384,2.923076923076923,0.5295169946332737
permutation,3200,1.0,3.1666666666666665,0.07364341085271317
permutation,3400,0.875,4.125,0.22093023255813954
peti1234,800,1.0,1.1855575868372943,0.02757110667063475
peti1234,1000,1.0,1.248091603053435,0.029025386117521746
peti1234,1200,1.0,1.3695238095238096,0.031849390919158366
peti1234,1400,1.0,1.3777335984095427,0.03204031624208239
peti1234,1600,1.0,1.5495327102803738,0.03603564442512497
peti1234,1800,1.0,1.6728971962616823,0.03890458595957401
peti1234,2000,1.0,1.8373101952277657,0.04272814407506432
peti1234,2200,1.0,1.9466357308584687,0.04527059839205741
peti1234,2400,1.0,2.361111111111111,0.05490956072351421
peti1234,2600,1.0,2.2758620689655173,0.05292702485966319
peti1234,2800,1.0,2.285024154589372,0.05314009661835749
peti1234,3000,1.0,2.852112676056338,0.06632820176875205
peti1234,3200,1.0,2.948453608247423,0.06856868856389356
peti1234,3400,1.0,3.287671232876712,0.07645747053201656
phoenix0423,800,1.0,1.3313953488372092,0.03096268253109789
phoenix0423,1000,1.0,1.4155844155844155,0.03292056780428873
phoenix0423,1200,1.0,1.4545454545454546,0.03382663847780127
phoenix0423,1400,1.0,1.7714285714285714,0.04119601328903654
phoenix0423,1600,1.0,2.3020833333333335,0.05353682170542636
phoenix0423,1800,0.9927007299270073,2.45985401459854,0.0645051773892378
phoenix0423,2000,0.9733333333333334,2.7066666666666666,0.08961240310077515
phoenix0423,2200,0.9705882352941176,2.1029411764705883,0.07831737346101232
phoenix0423,2400,0.9375,3.03125,0.13299418604651164
phoenix0423,2600,0.9642857142857143,3.642857142857143,0.12043189368770763
phoenix0423,2800,0.6428571428571429,4.714285714285714,0.4667774086378737
phoenix0423,3000,0.6666666666666666,2.1666666666666665,0.38372093023255816
physics0523,800,0.9986876640419947,1.1325459317585302,0.027650613440761803
physics0523,1000,1.0,1.2021857923497268,0.02795780912441225
physics0523,1200,0.9975490196078431,1.286764705882353,0.03237574099407204
physics0523,1400,0.9972972972972973,1.318918918918919,0.033375235700817074
physics0523,1600,0.9974811083123426,1.473551637279597,0.03678753441508988
physics0523,1800,0.9946236559139785,1.6505376344086022,0.04376094023505876
physics0523,2000,0.9907407407407407,1.8858024691358024,0.05311513063451052
physics0523,2200,0.9787234042553191,2.574468085106383,0.08114794656110838
physics0523,2400,0.9191176470588235,2.7536764705882355,0.14492134062927503
physics0523,2600,0.7795275590551181,3.188976377952756,0.29463468229262046
physics0523,2800,0.7166666666666667,2.7,0.3461240310077519
physics0523,3000,0.5416666666666666,2.9166666666666665,0.5261627906976745
physics0523,3200,0.7777777777777778,4.444444444444445,0.32558139534883723
physics0523,3400,0.3333333333333333,2.6666666666666665,0.7286821705426357
piaoyun,800,0.9943502824858758,1.2146892655367232,0.033898305084745714
piaoyun,1000,0.9743589743589743,1.2564102564102564,0.05485986881335721
piaoyun,1200,1.0,1.4067796610169492,0.032715806070161606
piaoyun,1400,1.0,1.2702702702702702,0.029541169076052795
piaoyun,1600,0.9615384615384616,1.75,0.07915921288014309
piaoyun,1800,0.8674698795180723,1.855421686746988,0.17567946203418322
piaoyun,2000,0.7627118644067796,1.8644067796610169,0.28064643279463936
piaoyun,2200,0.8703703703703703,2.0555555555555554,0.1774332472006891
piaoyun,2400,0.9492753623188406,2.3840579710144927,0.10616784630940343
piaoyun,2600,0.975609756097561,2.024390243902439,0.07146908678389112
piaoyun,2800,1.0,3.142857142857143,0.07308970099667773
piaoyun,3000,0.0,1.0,1.0232558139534884
piaoyun,3200,1.0,4.0,0.09302325581395349
pigstd,800,1.0,1.2717391304347827,0.029575328614762388
pigstd,1000,1.0,1.5909090909090908,0.03699788583509513
pigstd,1200,0.9655172413793104,1.706896551724138,0.07417802726543701
pigstd,1400,0.9577464788732394,1.9295774647887325,0.08712741565673114
pigstd,1600,0.987012987012987,2.1298701298701297,0.06251887647236484
pigstd,1800,0.9767441860465116,2.0697674418604652,0.07138994050838296
pigstd,2000,0.98989898989899,2.7474747474747474,0.07399577167019022
pigstd,2200,1.0,2.8045977011494254,0.06522320235231222
pigstd,2400,0.9914529914529915,3.6153846153846154,0.09262572053269724
pigstd,2600,0.956989247311828,2.946236559139785,0.11152788197049258
pigstd,2800,1.0,3.5063291139240507,0.08154253753311745
pigstd,3000,1.0,3.4444444444444446,0.08010335917312662
pigstd,3200,1.0,2.75,0.06395348837209303
pigstd,3400,0.9285714285714286,3.7142857142857144,0.15780730897009965
platter,800,0.9827586206896551,1.1379310344827587,0.04370489174017646
platter,1000,0.9705882352941176,1.303921568627451,0.05973552211582308
platter,1200,0.9925925925925926,1.3777777777777778,0.039448751076658066
platter,1400,0.96,1.576,0.07665116279069771
platter,1600,0.9714285714285714,1.5714285714285714,0.06511627906976744
platter,1800,0.9605263157894737,1.6776315789473684,0.07848837209302326
platter,2000,0.9562043795620438,1.897810218978102,0.08793074180953991
platter,2200,0.9754098360655737,1.9836065573770492,0.07072054898970648
platter,2400,0.923728813559322,2.0762711864406778,0.12455656286953096
platter,2600,0.9263157894736842,2.905263157894737,0.14124847001223992
platter,2800,0.9318181818181818,3.5681818181818183,0.15116279069767447
platter,3000,0.9354838709677419,3.8548387096774195,0.15416354088522136
platter,3200,0.84375,4.34375,0.25726744186046513
platter,3400,0.7,6.3,0.4465116279069768
pocky9,800,0.75,1.1666666666666667,0.2771317829457364
pocky9,1000,1.0,1.3333333333333333,0.031007751937984496
pocky9,1200,0.6666666666666666,1.0,0.35658914728682173
pocky9,1400,0.75,1.25,0.27906976744186046
pocky9,1600,0.6666666666666666,2.0,0.3798449612403101
pocky9,1800,0.8,1.0,0.2232558139534883
pocky9,2000,1.0,1.0,0.023255813953488372
pocky9,2200,0.6666666666666666,1.8333333333333333,0.3759689922480621
pocky9,2600,0.0,1.3333333333333333,1.0310077519379846
pocky9,2800,0.0,1.0,1.0232558139534884
polosatic,800,0.9771241830065359,1.4183006535947713,0.055859553123575045
polosatic,1000,0.9230769230769231,1.7615384615384615,0.11788908765652947
polosatic,1200,0.905982905982906,1.982905982905983,0.14013118664281454
polosatic,1400,0.8181818181818182,2.272727272727273,0.23467230443974624
polosatic,1600,0.8504672897196262,3.7196261682242993,0.23603564442512498
polosatic,1800,0.9411764705882353,3.3676470588235294,0.13714090287277703
polosatic,2000,0.8516129032258064,3.329032258064516,0.22580645161290328
polosatic,2200,0.7796610169491526,5.711864406779661,0.35317303902246744
polosatic,2400,0.6585365853658537,8.073170731707316,0.5292115711854792
polosatic,2600,0.75,13.416666666666666,0.562015503875969
polosatic,2800,0.2222222222222222,6.0,0.917312661498708
polosatic,3000,1.0,15.0,0.3488372093023256
polosatic,3200,0.5,31.5,1.2325581395348837
polosatic,3400,0.5,14.5,0.8372093023255813
potato167,800,0.9948849104859335,1.104859335038363,0.030809492654493523
potato167,1000,0.9945945945945946,1.1405405405405404,0.03192960402262722
potato167,1200,1.0,1.1804878048780487,0.027453204764605783
potato167,1400,0.994413407821229,1.2849162011173185,0.03546836429777841
potato167,1600,0.9948453608247423,1.407216494845361,0.037880604171661454
potato167,1800,0.9819004524886877,1.5294117647058822,0.0536672629695886
potato167,2000,0.9788359788359788,1.6455026455026456,0.05943152454780362
potato167,2200,0.9710144927536232,1.7004830917874396,0.06853162566003822
potato167,2400,0.9541284403669725,1.885321100917431,0.08971623639854912
potato167,2600,0.9191176470588235,2.3088235294117645,0.1345759233926129
potato167,2800,0.8909090909090909,2.109090909090909,0.15813953488372096
potato167,3000,0.7678571428571429,3.1785714285714284,0.306063122923588
potato167,3200,0.7941176470588235,3.3529411764705883,0.2838577291381669
potato167,3400,0.7142857142857143,2.7142857142857144,0.34883720930232553
prins,800,0.9901960784313726,1.3954248366013071,0.04225566195470432
prins,1000,0.9829545454545454,1.8522727272727273,0.06012156448202964
prins,1200,0.9521276595744681,1.872340425531915,0.09141514101929737
prins,1400,0.9529411764705882,2.1705882352941175,0.09753761969904245
prins,1600,0.946236559139785,2.5268817204301075,0.11252813203300821
prins,1800,0.8741258741258742,2.7832167832167833,0.1906000975768417
prins,2000,0.8840579710144928,2.528985507246377,0.17475564543309735
prins,2200,0.8380952380952381,3.104761904761905,0.23410852713178293
prins,2400,0.7870370370370371,2.8333333333333335,0.27885443583117997
prins,2600,0.7619047619047619,3.119047619047619,0.31063122923588044
prins,2800,0.7241379310344828,5.551724137931035,0.404971932638332
prins,3000,0.7,2.1,0.34883720930232565
prins,3200,1.0,1.0,0.023255813953488372
prins,3400,1.0,1.0,0.023255813953488372
profesor.programiranje,800,1.0,1.5,0.03488372093023256
profesor.programiranje,1000,1.0,1.8,0.04186046511627907
profesor.programiranje,1200,1.0,1.2857142857142858,0.029900332225913623
profesor.programiranje,1400,1.0,1.0,0.023255813953488372
profesor.programiranje,1600,1.0,1.5,0.03488372093023256
profesor.programiranje,1800,0.875,1.375,0.1569767441860465
profesor.programiranje,2000,1.0,1.0,0.023255813953488372
profesor.programiranje,2200,1.0,3.0,0.06976744186046512
profesor.programiranje,2400,0.0,5.0,1.1162790697674418
profesor.programiranje,2600,1.0,2.0,0.046511627906976744
prunv,800,1.0,1.1304347826086956,0.026289180990899896
prunv,1000,1.0,1.0909090909090908,0.02536997885835095
prunv,1200,1.0,1.4444444444444444,0.03359173126614987
prunv,1400,1.0,1.5,0.03488372093023256
prunv,1600,1.0,1.8333333333333333,0.04263565891472868
prunv,1800,1.0,1.5454545454545454,0.035940803382663845
prunv,2000,1.0,6.25,0.14534883720930233
prunv,2200,1.0,5.166666666666667,0.12015503875968993
prunv,2400,1.0,1.0,0.023255813953488372
prz1213,800,1.0,1.209726443768997,0.028133173110906906
prz1213,1000,1.0,1.6054421768707483,0.03733586457838949
prz1213,1200,1.0,1.7205882352941178,0.04001367989056088
prz1213,1400,1.0,1.5258620689655173,0.035485164394546916
prz1213,1600,0.9826086956521739,1.9304347826086956,0.062285136501516694
prz1213,1800,0.9906542056074766,2.0373831775700935,0.056726798522060425
prz1213,2000,0.9436619718309859,2.3943661971830985,0.11202096298722572
prz1213,2200,0.9322033898305084,3.0508474576271185,0.13874655104454084
prz1213,2400,0.8947368421052632,3.526315789473684,0.18727050183598531
prz1213,2600,0.5714285714285714,2.2857142857142856,0.4817275747508306
prz1213,2800,0.0,1.0,1.0232558139534884
prz1213,3400,0.0,1.0,1.0232558139534884
quaha,800,0.9966442953020134,1.179530201342282,0.030786639612923418
quaha,1000,1.0,1.5176991150442478,0.03529532825684297
quaha,1200,0.9906103286384976,1.5774647887323943,0.04607489900644177
quaha,1400,0.9757575757575757,1.6363636363636365,0.062297392529950715
quaha,1600,0.96875,2.0234375,0.07830668604651163
quaha,1800,0.9363636363636364,2.3545454545454545,0.1183932346723044
quaha,2000,0.9186046511627907,2.36046511627907,0.13628988642509468
quaha,2200,0.9230769230769231,2.923076923076923,0.14490161001788904
quaha,2400,0.7058823529411765,3.588235294117647,0.3775649794801641
quaha,2600,0.6363636363636364,3.5454545454545454,0.44608879492600423
quanjun,800,1.0,1.3649851632047478,0.031743841004761575
quanjun,1000,0.9615384615384616,1.5096153846153846,0.07356887298747761
quanjun,1200,0.9798657718120806,1.832214765100671,0.06274387388793504
quanjun,1400,0.971830985915493,1.727699530516432,0.06834807293372636
quanjun,1600,0.9644970414201184,2.106508875739645,0.08449153708545476
quanjun,1800,0.96415770609319,2.8745519713261647,0.10269233975160456
quanjun,2000,0.9627659574468085,3.3085106382978724,0.11417615042058389
quanjun,2200,0.9325396825396826,3.503968253968254,0.14894795127353266
quanjun,2400,0.9393939393939394,5.242424242424242,0.18252290345313593
quanjun,2600,0.9166666666666666,4.166666666666667,0.18023255813953493
quanjun,2800,1.0,2.0,0.046511627906976744
quanjun,3000,0.0,1.0,1.0232558139534884
quchen666,800,1.0,1.4166666666666667,0.03294573643410853
quchen666,1000,1.0,2.2,0.051162790697674425
quchen666,1200,1.0,1.625,0.0377906976744186
quchen666,1400,1.0,2.5,0.05813953488372093
quchen666,1600,0.875,2.375,0.18023255813953487
quchen666,1800,0.7777777777777778,1.3333333333333333,0.2532299741602067
quchen666,2000,1.0,2.25,0.05232558139534884
quchen666,2200,0.5,1.75,0.5406976744186046
quchen666,2400,1.0,2.5,0.05813953488372093
qusol,800,0.9915254237288136,1.194915254237288,0.03626330311391405
qusol,1000,0.9821428571428571,1.4642857142857142,0.05191029900332231
qusol,1200,0.9696969696969697,1.4242424242424243,0.06342494714587735
qusol,1400,1.0,1.92,0.044651162790697675
qusol,1600,0.9436619718309859,1.9577464788732395,0.10186701604978712
qusol,1800,0.958904109589041,2.0547945205479454,0.08888180949346931
qusol,2000,0.9024390243902439,2.731707317073171,0.1610890527509926
qusol,2200,0.9142857142857143,2.6,0.1461794019933555
qusol,2400,0.75,2.85,0.31627906976744186
qusol,2600,0.8571428571428571,4.142857142857143,0.23920265780730904
qusol,2800,0.8,3.2,0.27441860465116275
qusol,3000,1.0,14.666666666666666,0.34108527131782945
qusol,3200,0.0,1.0,1.0232558139534884
qwef_,800,1.0,1.2222222222222223,0.028423772609819122
qwef_,1000,1.0,1.2083333333333333,0.028100775193798447
qwef_,1200,0.9736842105263158,1.5263157894736843,0.06181150550795591
qwef_,1400,1.0,1.6,0.037209302325581395
qwef_,1600,1.0,1.1388888888888888,0.026485788113695088
qwef_,1800,0.9642857142857143,1.9642857142857142,0.08139534883720928
qwef_,2000,0.8823529411764706,1.8823529411764706,0.16142270861833108
qwef_,2200,0.8846153846153846,1.8846153846153846,0.15921288014311274
qwef_,2400,0.9166666666666666,2.1666666666666665,0.13372093023255818
qwef_,2600,0.7777777777777778,2.7777777777777777,0.28682170542635654
qwef_,2800,0.85,1.85,0.19302325581395352
qwef_,3000,0.8,6.0,0.3395348837209302
qwef_,3200,0.5555555555555556,3.6666666666666665,0.5297157622739018
qwef_,3400,0.6363636363636364,5.0,0.4799154334038055
railx,800,1.0,1.0,0.023255813953488372
railx,1000,1.0,1.0,0.023255813953488372
railx,1200,1.0,1.0,0.023255813953488372
railx,1400,1.0,1.6666666666666667,0.03875968992248062
railx,1600,1.0,1.0,0.023255813953488372
railx,1800,0.8571428571428571,1.4285714285714286,0.17607973421926915
railx,2000,0.5,1.25,0.5290697674418605
railx,2200,1.0,1.0,0.023255813953488372
railx,2400,0.5,1.5,0.5348837209302325
raresh30,800,0.9704301075268817,1.4489247311827957,0.0632658164541135
raresh30,1000,0.9206349206349206,1.8174603174603174,0.12163159837578447
raresh30,1200,0.9264705882352942,2.0220588235294117,0.12055403556771542
raresh30,1400,0.9183673469387755,1.8265306122448979,0.12411010915994303
raresh30,1600,0.9120879120879121,2.21978021978022,0.13953488372093026
raresh30,1800,0.8584905660377359,2.518867924528302,0.2000877577885037
raresh30,2000,0.8636363636363636,2.9242424242424243,0.204369274136716
raresh30,2200,0.8571428571428571,2.3333333333333335,0.19712070874861579
raresh30,2400,1.0,2.3,0.053488372093023255
raresh30,2800,0.6666666666666666,3.0,0.4031007751937985
raresh30,3000,0.5,1.0,0.5232558139534884
raresh30,3400,0.0,1.0,1.0232558139534884
re-wa-tl-ok,800,0.9906542056074766,1.5233644859813085,0.04477287546185612
re-wa-tl-ok,1000,0.9680851063829787,1.851063829787234,0.07496288965858484
re-wa-tl-ok,1200,0.9690721649484536,2.6804123711340204,0.0932630064732678
re-wa-tl-ok,1400,0.9047619047619048,2.4047619047619047,0.1511627906976744
re-wa-tl-ok,1600,0.9402985074626866,4.044776119402985,0.15376605345366187
re-wa-tl-ok,1800,0.8796296296296297,4.2407407407407405,0.21899224806201548
re-wa-tl-ok,2000,0.8571428571428571,4.75,0.25332225913621265
re-wa-tl-ok,2200,0.7352941176470589,4.735294117647059,0.374829001367989
re-wa-tl-ok,2400,0.7037037037037037,7.222222222222222,0.46425495262704564
re-wa-tl-ok,2600,0.6,8.2,0.5906976744186047
re-wa-tl-ok,2800,0.5,1.5,0.5348837209302325
re-wa-tl-ok,3000,1.0,14.5,0.3372093023255814
re-wa-tl-ok,3200,0.0,1.0,1.0232558139534884
re-wa-tl-ok,3400,1.0,1.0,0.023255813953488372
realcomplex,800,1.0,1.3366935483870968,0.031085896474118527
realcomplex,1000,1.0,1.5482758620689656,0.036006415396952686
realcomplex,1200,0.9907407407407407,1.8981481481481481,0.05340223944875112
realcomplex,1400,0.9688581314878892,1.9930795847750864,0.07749255653013602
realcomplex,1600,0.9513888888888888,2.1666666666666665,0.09899870801033597
realcomplex,1800,0.931899641577061,2.5125448028673834,0.12653163290822703
realcomplex,2000,0.9670781893004116,2.769547325102881,0.09732988802756241
realcomplex,2200,0.968609865470852,2.8251121076233185,0.09709041610178328
realcomplex,2400,0.9566929133858267,3.704724409448819,0.12946346822926208
realcomplex,2600,0.9699248120300752,3.593984962406015,0.113656233607274
realcomplex,2800,0.9420289855072463,3.7971014492753623,0.14627569935962254
realcomplex,3000,0.8837209302325582,4.255813953488372,0.21525148729042723
realcomplex,3200,0.9,3.8,0.1883720930232558
realcomplex,3400,0.6666666666666666,4.333333333333333,0.434108527131783
reil_st,800,1.0,1.1397849462365592,0.02650662665666417
reil_st,1000,1.0,1.326086956521739,0.030839231547017187
reil_st,1200,1.0,1.1521739130434783,0.02679474216380182
reil_st,1400,1.0,1.4047619047619047,0.032668881506090805
reil_st,1600,0.9555555555555556,1.5555555555555556,0.08062015503875963
reil_st,1800,0.9795918367346939,2.0408163265306123,0.06786900806834364
reil_st,2000,0.9722222222222222,2.2222222222222223,0.07945736434108529
reil_st,2200,0.84375,3.03125,0.22674418604651164
reil_st,2400,0.9090909090909091,4.909090909090909,0.20507399577167024
reil_st,2600,0.875,5.125,0.2441860465116279
reil_st,2800,1.0,2.125,0.04941860465116279
reil_st,3000,1.0,8.0,0.18604651162790697
rep,800,1.0,1.1904761904761905,0.02768549280177187
rep,1000,0.625,1.625,0.4127906976744186
rep,1200,1.0,1.3333333333333333,0.031007751937984496
rep,1400,0.7272727272727273,1.9090909090909092,0.3171247357293869
rep,1600,0.9166666666666666,2.75,0.1472868217054264
rep,1800,0.6666666666666666,1.3333333333333333,0.36434108527131787
rep,2000,0.8571428571428571,2.7142857142857144,0.20598006644518277
rep,2200,0.8571428571428571,2.7142857142857144,0.20598006644518277
rep,2400,0.8,6.2,0.3441860465116279
rep,2600,0.75,1.25,0.27906976744186046
rep,2800,0.75,1.5,0.28488372093023256
restart_to_revive,800,0.96,1.4133333333333333,0.0728682170542636
restart_to_revive,1000,0.9666666666666667,1.4333333333333333,0.06666666666666665
restart_to_revive,1200,0.8214285714285714,1.9285714285714286,0.22342192691029905
restart_to_revive,1400,0.9130434782608695,2.6956521739130435,0.1496461071789687
restart_to_revive,1600,0.85,3.15,0.2232558139534884
restart_to_revive,1800,0.7083333333333334,3.4583333333333335,0.37209302325581395
restart_to_revive,2000,0.7916666666666666,2.7916666666666665,0.2732558139534884
restart_to_revive,2200,0.8421052631578947,2.4210526315789473,0.21419828641370875
restart_to_revive,2400,0.7777777777777778,2.0,0.2687338501291989
restart_to_revive,2600,0.75,1.25,0.27906976744186046
restart_to_revive,2800,0.7142857142857143,3.4285714285714284,0.36544850498338866
restart_to_revive,3000,1.0,8.5,0.19767441860465115
restart_to_revive,3400,0.0,1.0,1.0232558139534884
rgnerdplayer,800,0.9974747474747475,1.2765151515151516,0.03221165139769787
rgnerdplayer,1000,0.9916666666666667,1.4555555555555555,0.04218346253229971
rgnerdplayer,1200,0.9894736842105263,1.4684210526315788,0.044675642594859274
rgnerdplayer,1400,1.0,1.7351190476190477,0.0403516057585825
rgnerdplayer,1600,0.9925373134328358,1.8681592039800996,0.050908249450422334
rgnerdplayer,1800,0.9944444444444445,1.9388888888888889,0.050645994832041324
rgnerdplayer,2000,0.9874213836477987,2.1729559748427674,0.06311247623226561
rgnerdplayer,2200,0.9805013927576601,2.139275766016713,0.06924920645203088
rgnerdplayer,2400,0.9823529411764705,2.8147058823529414,0.0831053351573188
rgnerdplayer,2600,0.9510869565217391,2.364130434782609,0.10389282103134478
rgnerdplayer,2800,0.9186046511627907,3.2209302325581395,0.15630070308274746
rgnerdplayer,3000,0.9,3.28,0.17627906976744184
rgnerdplayer,3200,0.9130434782608695,6.0,0.22649140546006072
rgnerdplayer,3400,0.8571428571428571,3.4285714285714284,0.2225913621262459
ricefruit,800,1.0,1.125,0.02616279069767442
ricefruit,1000,1.0,1.0,0.023255813953488372
ricefruit,1200,1.0,1.4,0.03255813953488372
ricefruit,1400,1.0,1.0,0.023255813953488372
ricefruit,1600,0.5,3.5,0.5813953488372093
ricefruit,1800,1.0,1.0,0.023255813953488372
ricefruit,2200,1.0,2.0,0.046511627906976744
ricefruit,2400,1.0,1.0,0.023255813953488372
rise_of_lasvegas,800,1.0,1.1666666666666667,0.027131782945736437
rise_of_lasvegas,1000,1.0,1.3125,0.030523255813953487
rise_of_lasvegas,1200,1.0,1.0909090909090908,0.02536997885835095
rise_of_lasvegas,1400,1.0,1.625,0.0377906976744186
rise_of_lasvegas,1600,1.0,3.3333333333333335,0.07751937984496124
rise_of_lasvegas,1800,0.9090909090909091,2.4545454545454546,0.1479915433403806
rise_of_lasvegas,2000,0.9545454545454546,2.409090909090909,0.10147991543340376
rise_of_lasvegas,2200,0.9090909090909091,2.4545454545454546,0.1479915433403806
rise_of_lasvegas,2400,1.0,4.25,0.09883720930232558
rise_of_lasvegas,2600,1.0,1.8,0.04186046511627907
rise_of_lasvegas,2800,1.0,1.5,0.03488372093023256
rise_of_lasvegas,3000,1.0,21.0,0.4883720930232558
risujiroh,800,1.0,1.109979633401222,0.025813479846540047
risujiroh,1000,1.0,1.1481481481481481,0.026701119724375538
risujiroh,1200,1.0,1.1687898089171975,0.02718115834691157
risujiroh,1400,1.0,1.3263888888888888,0.03084625322997416
risujiroh,1600,0.997134670487106,1.4154727793696276,0.03578330112614113
risujiroh,1800,0.9919354838709677,1.5510752688172043,0.04413603400850212
risujiroh,2000,0.98125,1.80625,0.06075581395348841
risujiroh,2200,0.954983922829582,2.202572347266881,0.09623868989755477
risujiroh,2400,0.9367088607594937,2.4873417721518987,0.12113629673241096
risujiroh,2600,0.8476190476190476,2.357142857142857,0.2071982281284607
risujiroh,2800,0.7913043478260869,2.391304347826087,0.26430738119312436
risujiroh,3000,0.6515151515151515,3.1515151515151514,0.42177589852008457
risujiroh,3200,0.5909090909090909,3.0454545454545454,0.4799154334038055
risujiroh,3400,0.4444444444444444,4.0,0.648578811369509
rlakkh,800,0.8148148148148148,1.3703703703703705,0.21705426356589153
rlakkh,1000,0.7142857142857143,1.3571428571428572,0.3172757475083056
rlakkh,1200,0.6875,2.25,0.3648255813953488
rlakkh,1400,0.25,1.5,0.7848837209302325
rlakkh,1600,0.25,3.5,0.8313953488372093
rlakkh,1800,0.625,1.25,0.40406976744186046
rlakkh,2000,0.5,1.5,0.5348837209302325
rlakkh,2200,0.8571428571428571,1.7142857142857142,0.18272425249169438
rlakkh,2400,0.3333333333333333,3.6666666666666665,0.7519379844961241
rlakkh,2600,0.8888888888888888,2.3333333333333335,0.16537467700258404
rlakkh,2800,0.6666666666666666,1.8333333333333333,0.3759689922480621
rlakkh,3000,1.0,3.5,0.08139534883720931
rlakkh,3200,0.6666666666666666,2.6666666666666665,0.39534883720930236
rlakkh,3400,1.0,3.142857142857143,0.07308970099667773
robert9524,800,0.9011627906976745,1.3662790697674418,0.13061114115738232
robert9524,1000,0.9428571428571428,1.4285714285714286,0.0903654485049834
robert9524,1200,0.9318181818181818,1.6022727272727273,0.1054439746300212
robert9524,1400,0.9879518072289156,1.927710843373494,0.05687867750070052
robert9524,1600,0.9195402298850575,2.3563218390804597,0.1352579524191393
robert9524,1800,0.9710144927536232,1.855072463768116,0.07212672733400743
robert9524,2000,0.9444444444444444,2.925925925925926,0.12360034453057711
robert9524,2200,0.8695652173913043,2.891304347826087,0.19767441860465118
robert9524,2400,0.9333333333333333,2.533333333333333,0.1255813953488372
robert9524,2600,0.8,4.8,0.31162790697674414
robert9524,2800,0.4,1.4,0.6325581395348837
robert9524,3200,0.0,3.0,1.069767441860465
robertfan,800,0.95,1.15,0.07674418604651168
robertfan,1000,1.0,1.1666666666666667,0.027131782945736437
robertfan,1200,0.9285714285714286,1.2857142857142858,0.10132890365448502
robertfan,1400,1.0,1.2,0.027906976744186046
robertfan,1600,1.0,1.75,0.040697674418604654
robertfan,1800,1.0,4.111111111111111,0.09560723514211886
robertfan,2000,0.9333333333333333,4.533333333333333,0.17209302325581394
robertfan,2200,0.9166666666666666,3.0833333333333335,0.15503875968992253
robertfan,2400,0.9166666666666666,4.055555555555555,0.17764857881136953
robertfan,2600,0.8235294117647058,3.9411764705882355,0.2681258549931601
robertfan,2800,0.7,3.1,0.372093023255814
robertfan,3000,0.7894736842105263,3.6842105263157894,0.2962056303549572
robertfan,3200,0.8571428571428571,3.857142857142857,0.23255813953488377
robertfan,3400,0.375,3.75,0.7122093023255814
roycf123,800,0.9788359788359788,1.3492063492063493,0.05254091300602928
roycf123,1000,0.9104477611940298,1.8656716417910448,0.13293995140576192
roycf123,1200,0.9774436090225563,2.1654135338345863,0.0729148452526666
roycf123,1400,0.9513888888888888,2.4027777777777777,0.1044896640826874
roycf123,1600,0.9324324324324325,3.527027027027027,0.1495914519170333
roycf123,1800,0.9130434782608695,3.8260869565217392,0.17593528816986861
roycf123,2000,0.5333333333333333,2.7333333333333334,0.5302325581395348
roycf123,2200,1.0,1.25,0.029069767441860465
roycf123,2400,0.6666666666666666,1.0,0.35658914728682173
roycf123,3400,0.0,1.0,1.0232558139534884
rrmpwn_,800,0.9333333333333333,1.2666666666666666,0.09612403100775192
rrmpwn_,1000,1.0,1.3333333333333333,0.031007751937984496
rrmpwn_,1200,1.0,1.4,0.03255813953488372
rrmpwn_,1400,0.75,1.0,0.27325581395348836
rrmpwn_,1600,0.875,2.0,0.17151162790697674
rrmpwn_,1800,1.0,2.6666666666666665,0.06201550387596899
rrmpwn_,2000,0.75,3.0,0.31976744186046513
rrmpwn_,2200,0.6666666666666666,2.0,0.3798449612403101
rrmpwn_,2400,1.0,2.0,0.046511627906976744
rrmpwn_,2600,1.0,5.0,0.11627906976744186
rrmpwn_,2800,1.0,1.0,0.023255813953488372
ryotori,800,1.0,1.1923076923076923,0.027728085867620753
ryotori,1000,1.0,1.0,0.023255813953488372
ryotori,1200,0.9583333333333334,1.3333333333333333,0.07267441860465113
ryotori,1400,0.8695652173913043,1.434782608695652,0.16380182002022248
ryotori,1600,0.9523809523809523,1.3333333333333333,0.07862679955703217
ryotori,1800,0.95,2.4,0.10581395348837214
ryotori,2000,1.0,1.8181818181818181,0.042283298097251586
ryotori,2200,0.625,3.75,0.4622093023255814
ryotori,2400,0.0,1.6666666666666667,1.0387596899224807
ryotori,2600,0.0,1.0,1.0232558139534884
sahasrad,800,0.9352941176470588,1.2882352941176471,0.09466484268125855
sahasrad,1000,0.9,1.3777777777777778,0.13204134366925063
sahasrad,1200,0.9487179487179487,1.7435897435897436,0.09183064997018489
sahasrad,1400,0.8955223880597015,1.9850746268656716,0.1506421381464769
sahasrad,1600,0.96875,2.25,0.08357558139534885
sahasrad,1800,0.8,2.585714285714286,0.26013289036544845
sahasrad,2000,0.8604651162790697,2.627906976744186,0.20064899945916714
sahasrad,2200,0.7407407407407407,2.6666666666666665,0.3212747631352283
sahasrad,2400,0.7,7.5,0.4744186046511628
sahasrad,2600,0.8,2.0,0.2465116279069767
sahasrad,2800,1.0,5.0,0.11627906976744186
sahasrad,3400,0.0,1.0,1.0232558139534884
sahaun,800,0.9921135646687698,1.3201892744479495,0.03858851148118255
sahaun,1000,0.9547038327526133,1.5679442508710801,0.08175998703508626
sahaun,1200,0.9819494584837545,1.6534296028880866,0.05650239274620102
sahaun,1400,0.9314079422382672,2.0938628158844765,0.11728654185206949
sahaun,1600,0.9176029962546817,2.4194756554307117,0.1386638794530093
sahaun,1800,0.8421052631578947,3.1004784688995217,0.22999888728162907
sahaun,2000,0.8296296296296296,3.414814814814815,0.24978466838931956
sahaun,2200,0.7837837837837838,3.7162162162162162,0.30263984915147707
sahaun,2400,0.7551020408163265,3.6530612244897958,0.32985287138111063
sahaun,2600,0.65,5.0,0.4662790697674418
sahaun,2800,0.5714285714285714,2.2857142857142856,0.4817275747508306
sahaun,3000,0.25,2.25,0.8023255813953488
sahaun,3200,0.0,9.0,1.2093023255813953
sahil2213,800,0.875,1.0,0.14825581395348836
sahil2213,1000,0.75,1.125,0.2761627906976744
sahil2213,1200,0.7142857142857143,1.0,0.30897009966777406
sahil2213,1400,1.0,1.0,0.023255813953488372
sahil2213,1600,1.0,1.0,0.023255813953488372
sahil2213,1800,0.7777777777777778,1.0,0.24547803617571057
sahil2213,2000,1.0,1.0,0.023255813953488372
sahil2213,2200,0.8,1.0,0.2232558139534883
sahil2213,2400,0.0,1.5,1.0348837209302326
sahil2213,2600,0.5,1.5,0.5348837209302325
sahil2213,2800,0.5,1.0,0.5232558139534884
sahil2213,3400,0.0,1.0,1.0232558139534884
sahilsingh177,800,0.9390243902439024,1.3170731707317074,0.09160521837776522
sahilsingh177,1000,0.9230769230769231,2.3461538461538463,0.1314847942754919
sahilsingh177,1200,0.8,1.48,0.23441860465116274
sahilsingh177,1400,1.0,2.441860465116279,0.05678745267712277
sahilsingh177,1600,0.7222222222222222,2.2222222222222223,0.3294573643410853
sahilsingh177,1800,0.9459459459459459,1.6216216216216217,0.09176618478944061
sahilsingh177,2000,0.9090909090909091,2.4545454545454546,0.1479915433403806
sahilsingh177,2200,0.8823529411764706,1.4705882352941178,0.1518467852257182
sahilsingh177,2400,0.7333333333333333,2.2,0.31782945736434115
sahilsingh177,2600,0.75,1.5,0.28488372093023256
sahilsingh177,2800,0.6666666666666666,2.0,0.3798449612403101
sahilsingh177,3400,1.0,2.0,0.046511627906976744
same0620,800,1.0,1.372340425531915,0.031914893617021274
same0620,1000,0.9761904761904762,2.0238095238095237,0.07087486157253602
same0620,1200,0.9411764705882353,1.7058823529411764,0.0984952120383037
same0620,1400,0.9545454545454546,2.5454545454545454,0.10465116279069764
same0620,1600,0.8518518518518519,4.074074074074074,0.24289405684754523
same0620,1800,0.9,3.5,0.18139534883720929
same0620,2000,0.7692307692307693,5.923076923076923,0.368515205724508
same0620,2200,0.6,3.2,0.4744186046511628
same0620,2400,0.6666666666666666,3.5,0.4147286821705427
sav,800,0.8938053097345132,1.5663716814159292,0.14262193867050837
sav,1000,0.8795180722891566,1.6987951807228916,0.15998879237881763
sav,1200,0.810126582278481,2.329113924050633,0.24403885781571977
sav,1400,0.8734177215189873,2.3417721518987342,0.18104209596702975
sav,1600,0.7889908256880734,2.688073394495413,0.27352250906763387
sav,1800,0.7052631578947368,2.7578947368421054,0.35887392900856796
sav,2000,0.6792452830188679,3.4716981132075473,0.40149188240456346
sav,2200,0.5238095238095238,3.8095238095238093,0.5647840531561461
sav,2400,0.6875,5.25,0.43459302325581395
sav,2600,0.3333333333333333,5.666666666666667,0.7984496124031009
sav,2800,0.0,3.0,1.069767441860465
sav,3000,0.0,3.0,1.069767441860465
sav,3400,1.0,1.0,0.023255813953488372
scanhex,800,0.9891304347826086,1.3695652173913044,0.04271991911021238
scanhex,1000,0.9038461538461539,1.3846153846153846,0.12835420393559926
scanhex,1200,0.98,1.5,0.054883720930232575
scanhex,1400,0.9436619718309859,1.8732394366197183,0.09990173599737967
scanhex,1600,0.8780487804878049,2.573170731707317,0.18179239931934205
scanhex,1800,0.9101123595505618,2.741573033707865,0.15364515286124902
scanhex,2000,0.9347826086956522,2.0869565217391304,0.11375126390293222
scanhex,2200,0.8048780487804879,2.8292682926829267,0.26091888825864995
scanhex,2400,0.8695652173913043,3.130434782608696,0.20323559150657233
scanhex,2600,0.6923076923076923,4.384615384615385,0.40966010733452596
scanhex,2800,0.46153846153846156,3.3846153846153846,0.6171735241502683
scanhex,3000,0.5,5.25,0.622093023255814
scanhex,3200,0.5,2.8333333333333335,0.5658914728682171
scanhex,3400,0.6,6.0,0.5395348837209303
sevlll777,800,0.9794776119402985,1.4738805970149254,0.054798681013537
sevlll777,1000,0.972027972027972,1.6118881118881119,0.0654577980159376
sevlll777,1200,0.9559748427672956,1.9056603773584906,0.0883428404270879
sevlll777,1400,0.9033333333333333,2.3733333333333335,0.1518604651162791
sevlll777,1600,0.8381877022653722,2.472491909385113,0.21931210958079322
sevlll777,1800,0.8267148014440433,2.7689530685920576,0.23767945596507434
sevlll777,2000,0.8026905829596412,3.42152466367713,0.276879758056106
sevlll777,2200,0.8157894736842105,4.463157894736842,0.28800489596083234
sevlll777,2400,0.735632183908046,4.454022988505747,0.367949746057204
sevlll777,2600,0.6875,5.830357142857143,0.4480897009966778
sevlll777,2800,0.6060606060606061,7.090909090909091,0.5588442565186751
sevlll777,3000,0.7027027027027027,9.243243243243244,0.5122564424890006
sevlll777,3200,0.5789473684210527,5.315789473684211,0.5446756425948592
sevlll777,3400,0.375,6.625,0.7790697674418605
shade34,800,0.983957219251337,1.304812834224599,0.04638726526551419
shade34,1000,0.9693877551020408,1.3061224489795917,0.06098718557190321
shade34,1200,0.9659090909090909,1.375,0.06606765327695557
shade34,1400,0.8970588235294118,1.6323529411764706,0.14090287277701774
shade34,1600,0.8615384615384616,2.0307692307692307,0.18568872987477633
shade34,1800,0.8571428571428571,2.0952380952380953,0.1915836101882614
shade34,2000,0.8571428571428571,2.2857142857142856,0.19601328903654489
shade34,2200,0.6551724137931034,2.0689655172413794,0.39294306335204493
shade34,2400,0.64,3.08,0.4316279069767442
shade34,2600,0.5714285714285714,3.4285714285714284,0.5083056478405316
shade34,2800,0.4,3.2,0.6744186046511628
shade34,3000,0.6666666666666666,11.333333333333334,0.5968992248062016
shade34,3200,0.0,2.0,1.0465116279069768
shade34,3400,1.0,7.0,0.16279069767441862
shinchankosen,800,0.9846938775510204,1.1071428571428572,0.041053630754627396
shinchankosen,1000,1.0,1.1219512195121952,0.026091888825865005
shinchankosen,1200,0.9883720930232558,1.2093023255813953,0.03975121687398596
shinchankosen,1400,1.0,1.3846153846153846,0.032200357781753126
shinchankosen,1600,0.9764705882352941,1.3647058823529412,0.0552667578659371
shinchankosen,1800,0.9782608695652174,1.8369565217391304,0.06445904954499493
shinchankosen,2000,0.9871794871794872,2.1538461538461537,0.06290995825879542
shinchankosen,2200,0.9452054794520548,2.452054794520548,0.11181905065307422
shinchankosen,2400,0.9259259259259259,3.2037037037037037,0.14857881136950904
shinchankosen,2600,0.9130434782608695,3.9130434782608696,0.1779575328614763
shinchankosen,2800,0.6875,2.625,0.373546511627907
shinchankosen,3000,0.6666666666666666,1.6666666666666667,0.372093023255814
shinchankosen,3200,0.0,1.0,1.0232558139534884
shinchankosen,3400,1.0,3.5,0.08139534883720931
shiomusubi496,800,0.9886363636363636,1.1704545454545454,0.038583509513742065
shiomusubi496,1000,0.975609756097561,1.2195121951219512,0.05275099262620535
shiomusubi496,1200,1.0,1.4651162790697674,0.03407247160627366
shiomusubi496,1400,0.9473684210526315,1.2105263157894737,0.0807833537331702
shiomusubi496,1600,0.9454545454545454,1.6181818181818182,0.09217758985200847
shiomusubi496,1800,0.9636363636363636,1.5818181818181818,0.07315010570824526
shiomusubi496,2000,0.9375,1.625,0.1002906976744186
shiomusubi496,2200,0.92,1.92,0.12465116279069763
shiomusubi496,2400,0.8857142857142857,1.8285714285714285,0.15681063122923591
shiomusubi496,2600,0.7777777777777778,1.3333333333333333,0.2532299741602067
shiomusubi496,2800,0.8235294117647058,1.8235294117647058,0.21887824897400826
shiomusubi496,3000,0.8181818181818182,2.6363636363636362,0.24312896405919657
shiomusubi496,3200,0.5714285714285714,1.5714285714285714,0.4651162790697675
shiomusubi496,3400,0.5,5.5,0.627906976744186
shqrky,800,0.963963963963964,1.4504504504504505,0.06976744186046507
shqrky,1000,0.9113924050632911,1.8734177215189873,0.13217544892552255
shqrky,1200,0.9479166666666666,2.1875,0.10295542635658919
shqrky,1400,0.8679245283018868,1.9056603773584906,0.17639315489249668
shqrky,1600,0.9411764705882353,2.0980392156862746,0.10761513907888738
shqrky,1800,0.9036144578313253,2.4457831325301207,0.15326421966937515
shqrky,2000,0.958904109589041,2.356164383561644,0.09589041095890416
shqrky,2200,0.9423076923076923,2.4423076923076925,0.11449016100178894
shqrky,2400,0.9482758620689655,2.793103448275862,0.11668003207698475
shqrky,2600,0.9655172413793104,2.7241379310344827,0.09783480352846828
shqrky,2800,1.0,3.3333333333333335,0.07751937984496124
shqrky,3000,0.8571428571428571,3.857142857142857,0.23255813953488377
shqrky,3200,0.6666666666666666,5.0,0.4496124031007752
shy_guy_16,800,0.8620689655172413,1.3103448275862069,0.1684041700080193
shy_guy_16,1000,0.6666666666666666,1.6,0.37054263565891477
shy_guy_16,1200,0.625,1.25,0.40406976744186046
shy_guy_16,1400,0.5555555555555556,1.0,0.4677002583979328
shy_guy_16,1600,0.0,2.6666666666666665,1.062015503875969
shy_guy_16,1800,0.25,1.25,0.7790697674418605
shy_guy_16,2000,0.25,1.25,0.7790697674418605
shy_guy_16,2200,0.2,1.4,0.8325581395348838
shy_guy_16,2400,0.4,1.4,0.6325581395348837
shy_guy_16,2600,0.0,1.4,1.0325581395348837
shy_guy_16,2800,0.0,1.0,1.0232558139534884
shy_guy_16,3000,0.0,1.0,1.0232558139534884
shy_guy_16,3200,0.0,1.0,1.0232558139534884
shy_guy_16,3400,0.0,1.5,1.0348837209302326
sieun_k,800,0.9545454545454546,1.3181818181818181,0.07610993657505281
sieun_k,1000,0.9230769230769231,1.0769230769230769,0.1019677996422182
sieun_k,1200,0.8,1.2,0.227906976744186
sieun_k,1400,0.8,3.0,0.2697674418604651
sieun_k,1600,0.8,1.0,0.2232558139534883
sieun_k,1800,0.6,1.3,0.4302325581395349
sieun_k,2000,1.0,3.0,0.06976744186046512
sieun_k,2200,0.5,3.25,0.5755813953488372
sieun_k,2400,0.2,2.4,0.8558139534883722
sieun_k,2600,0.0,1.0,1.0232558139534884
sieun_k,2800,0.0,1.0,1.0232558139534884
siganai,800,1.0,1.103448275862069,0.02566158781074579
siganai,1000,0.9948186528497409,1.2279792746113989,0.033739004699361384
siganai,1200,1.0,1.2585365853658537,0.02926829268292683
siganai,1400,1.0,1.3470588235294119,0.031326949384404924
siganai,1600,1.0,1.66,0.038604651162790694
siganai,1800,0.9954545454545455,1.7727272727272727,0.04577167019027482
siganai,2000,1.0,2.121387283236994,0.04933458798225568
siganai,2200,0.9941520467836257,2.216374269005848,0.05739154086767311
siganai,2400,0.9685534591194969,2.861635220125786,0.09799619716249816
siganai,2600,0.961038961038961,3.103896103896104,0.11114466928420418
siganai,2800,0.8913043478260869,3.869565217391304,0.19868554095045504
siganai,3000,0.4444444444444444,2.2222222222222223,0.6072351421188631
siganai,3200,1.0,1.0,0.023255813953488372
skkkh,800,1.0,1.1071428571428572,0.025747508305647843
skkkh,1000,1.0,1.1666666666666667,0.027131782945736437
skkkh,1200,1.0,1.3181818181818181,0.0306553911205074
skkkh,1400,1.0,1.6666666666666667,0.03875968992248062
skkkh,1600,0.9333333333333333,1.6,0.10387596899224805
skkkh,1800,0.8947368421052632,1.631578947368421,0.14320685434516522
skkkh,2000,1.0,1.7333333333333334,0.040310077519379844
skkkh,2200,0.9047619047619048,2.9523809523809526,0.16389811738648946
skkkh,2400,0.8717948717948718,2.41025641025641,0.184257602862254
skkkh,2600,0.9130434782608695,3.869565217391304,0.17694641051567245
skkkh,2800,0.9655172413793104,2.793103448275862,0.09943865276663989
skkkh,3000,0.92,2.88,0.14697674418604645
skkkh,3200,0.9863013698630136,3.26027397260274,0.08951895508123613
skkkh,3400,0.8888888888888888,7.555555555555555,0.28682170542635665
skyhgzsh,800,1.0,1.4102564102564104,0.03279666070363745
skyhgzsh,1000,1.0,1.7903225806451613,0.041635408852213056
skyhgzsh,1200,1.0,2.547169811320755,0.059236507240017555
skyhgzsh,1400,0.98,2.28,0.0730232558139535
skyhgzsh,1600,0.9047619047619048,3.357142857142857,0.17331118493909192
skyhgzsh,1800,0.8780487804878049,3.8292682926829267,0.21100397050482134
skyhgzsh,2000,0.8421052631578947,4.368421052631579,0.2594859241126071
skyhgzsh,2200,0.47368421052631576,4.526315789473684,0.6315789473684211
skyhgzsh,2400,0.2857142857142857,2.857142857142857,0.7807308970099668
skyhgzsh,2600,0.75,4.5,0.3546511627906977
skyhgzsh,2800,1.0,2.0,0.046511627906976744
skyhgzsh,3200,1.0,5.0,0.11627906976744186
sleepaka,800,1.0,1.0,0.023255813953488372
sleepaka,1000,1.0,1.6666666666666667,0.03875968992248062
sleepaka,1200,1.0,1.1666666666666667,0.027131782945736437
sleepaka,1400,0.8333333333333334,1.0,0.189922480620155
sleepaka,1800,0.6666666666666666,3.0,0.4031007751937985
sleepaka,2000,1.0,1.25,0.029069767441860465
sleepaka,2200,1.0,1.0,0.023255813953488372
sleepaka,2400,0.0,7.0,1.1627906976744187
sleepaka,2600,0.3333333333333333,1.3333333333333333,0.6976744186046513
sleepaka,2800,1.0,2.0,0.046511627906976744
sleepaka,3400,0.0,1.0,1.0232558139534884
sleepisweak,800,0.75,1.0,0.27325581395348836
sleepisweak,1000,1.0,1.0,0.023255813953488372
sleepisweak,1200,0.6666666666666666,1.0,0.35658914728682173
sleepisweak,1400,1.0,1.0,0.023255813953488372
sleepisweak,1800,0.8,1.0,0.2232558139534883
sleepisweak,2000,0.0,1.0,1.0232558139534884
sleepisweak,2200,1.0,1.5,0.03488372093023256
sleepisweak,2400,0.5,1.0,0.5232558139534884
sleepisweak,2600,0.5,2.5,0.5581395348837209
smilences,800,1.0,1.1290322580645162,0.026256564141035263
smilences,1000,1.0,1.469387755102041,0.034171808258187
smilences,1200,0.9882352941176471,2.223529411764706,0.06347469220246234
smilences,1400,1.0,2.2395833333333335,0.052083333333333336
smilences,1600,0.9693877551020408,2.438775510204082,0.08732795443758903
smilences,1800,0.8829787234042553,3.0851063829787235,0.18876793666501734
smilences,2000,0.8857142857142857,4.1571428571428575,0.2109634551495017
smilences,2200,0.7619047619047619,3.3174603174603177,0.31524547803617575
smilences,2400,0.796875,4.25,0.3019622093023256
smilences,2600,0.6842105263157895,3.3157894736842106,0.3929008567931456
smilences,2800,0.631578947368421,2.526315789473684,0.4271725826193391
smilences,3000,0.36363636363636365,3.272727272727273,0.7124735729386892
smilences,3200,0.5,3.5,0.5813953488372093
smilences,3400,0.25,1.25,0.7790697674418605
snowysecret,800,0.9459962756052142,1.5381750465549349,0.08977523710536572
snowysecret,1000,0.890295358649789,1.7848101265822784,0.15121185359631045
snowysecret,1200,0.9201680672268907,1.7436974789915967,0.12038303693570457
snowysecret,1400,0.9009433962264151,2.0047169811320753,0.14567792891619136
snowysecret,1600,0.9061488673139159,1.9158576051779934,0.13840596071347933
snowysecret,1800,0.9112426035502958,2.0177514792899407,0.13568184945644696
snowysecret,2000,0.9395161290322581,2.213709677419355,0.11196549137284316
snowysecret,2200,0.9451476793248945,2.523206751054852,0.11353154744382297
snowysecret,2400,0.9517543859649122,3.3640350877192984,0.1264789881680947
snowysecret,2600,0.8771929824561403,3.8684210526315788,0.21277029783761736
snowysecret,2800,0.6538461538461539,3.076923076923077,0.41771019677996424
snowysecret,3000,0.8571428571428571,4.714285714285714,0.2524916943521595
snowysecret,3200,0.2,2.4,0.8558139534883722
snuke,800,1.0,1.3148148148148149,0.030577088716623603
snuke,1000,0.9736842105263158,1.868421052631579,0.06976744186046509
snuke,1200,1.0,1.3,0.030232558139534883
snuke,1400,0.9315068493150684,1.4109589041095891,0.101306148454922
snuke,1600,0.9195402298850575,1.4367816091954022,0.11387329591018445
snuke,1800,0.9090909090909091,1.898989898989899,0.1350716466995537
snuke,2000,0.9506172839506173,2.234567901234568,0.10134941142693081
snuke,2200,0.9090909090909091,1.6818181818181819,0.13002114164904865
snuke,2400,0.8604651162790697,2.9186046511627906,0.20740941049215794
snuke,2600,0.8524590163934426,2.4098360655737703,0.20358368280594744
snuke,2800,0.8148148148148148,2.685185185185185,0.24763135228251512
snuke,3000,0.7272727272727273,4.090909090909091,0.36786469344608874
snuke,3200,0.7142857142857143,3.0952380952380953,0.3576965669988926
snuke,3400,0.35714285714285715,6.857142857142857,0.8023255813953487
sorohue,800,0.9629629629629629,1.3148148148148149,0.06761412575366069
sorohue,1000,0.9523809523809523,1.5714285714285714,0.08416389811738653
sorohue,1200,0.8947368421052632,1.3157894736842106,0.13586291309669524
sorohue,1400,0.9523809523809523,1.8095238095238095,0.08970099667774092
sorohue,1600,1.0,1.4166666666666667,0.03294573643410853
sorohue,1800,0.95,2.15,0.10000000000000003
sorohue,2000,1.0,1.9285714285714286,0.044850498338870434
sorohue,2200,1.0,2.2,0.051162790697674425
sorohue,2400,0.875,2.125,0.1744186046511628
sorohue,2600,1.0,2.7142857142857144,0.06312292358803986
sorohue,2800,1.0,3.8,0.08837209302325581
sorohue,3000,1.0,5.25,0.12209302325581395
sorohue,3200,0.0,26.0,1.6046511627906976
soundinggold,800,0.8888888888888888,1.7777777777777777,0.15245478036175714
soundinggold,1000,0.8333333333333334,1.0,0.189922480620155
soundinggold,1200,1.0,1.0,0.023255813953488372
soundinggold,1400,0.6666666666666666,2.0,0.3798449612403101
soundinggold,1600,0.8333333333333334,1.8333333333333333,0.2093023255813953
soundinggold,1800,0.8,2.2,0.2511627906976744
soundinggold,2000,1.0,1.8,0.04186046511627907
soundinggold,2200,0.9230769230769231,3.3333333333333335,0.1544424567680381
soundinggold,2400,1.0,4.148648648648648,0.09648020113136391
soundinggold,2600,0.925,4.625,0.18255813953488367
soundinggold,2800,0.0,6.0,1.1395348837209303
soundinggold,3200,0.0,1.0,1.0232558139534884
stan23456,800,0.9764705882352941,1.5450980392156863,0.05946192430460559
stan23456,1000,0.9380530973451328,1.6371681415929205,0.1000205803663305
stan23456,1200,1.0,1.6694915254237288,0.03882538431217974
stan23456,1400,0.9431818181818182,2.0568181818181817,0.10465116279069761
stan23456,1600,0.96875,2.0833333333333335,0.07969961240310078
stan23456,1800,0.8773584905660378,2.056603773584906,0.17046950416849493
stan23456,2000,0.9285714285714286,2.8214285714285716,0.13704318936877075
stan23456,2200,0.926829268292683,3.048780487804878,0.1440726035167328
stan23456,2400,0.8875,3.425,0.19215116279069772
stan23456,2600,0.8695652173913043,2.869565217391304,0.19716885743174928
stan23456,2800,0.5555555555555556,5.055555555555555,0.562015503875969
stan23456,3000,1.0,4.0,0.09302325581395349
stan23456,3200,0.6666666666666666,5.333333333333333,0.45736434108527135
stan23456,3400,0.5,1.0,0.5232558139534884
sto_lgvc_orz,800,0.975609756097561,1.3902439024390243,0.05672149744753263
sto_lgvc_orz,1000,0.9666666666666667,1.9666666666666666,0.07906976744186045
sto_lgvc_orz,1200,0.9090909090909091,1.9696969696969697,0.1367159971811135
sto_lgvc_orz,1400,0.8181818181818182,1.9090909090909092,0.22621564482029594
sto_lgvc_orz,1600,0.7619047619047619,1.7619047619047619,0.2790697674418605
sto_lgvc_orz,1800,0.8095238095238095,2.761904761904762,0.2547065337763012
sto_lgvc_orz,2000,1.0,2.2222222222222223,0.0516795865633075
sto_lgvc_orz,2200,0.6666666666666666,3.8333333333333335,0.4224806201550388
sto_lgvc_orz,2400,0.6666666666666666,4.833333333333333,0.44573643410852715
sto_lgvc_orz,2600,1.0,1.0,0.023255813953488372
sto_lgvc_orz,2800,1.0,2.5,0.05813953488372093
sto_lgvc_orz,3000,1.0,4.0,0.09302325581395349
strapple,800,1.0,1.5735294117647058,0.03659370725034199
strapple,1000,1.0,1.5454545454545454,0.035940803382663845
strapple,1200,0.9795918367346939,1.4489795918367347,0.054105363075462765
strapple,1400,0.9803921568627451,1.5686274509803921,0.056087551299589644
strapple,1600,0.9814814814814815,1.8518518518518519,0.06158484065460807
strapple,1800,1.0,1.8625,0.043313953488372095
strapple,2000,1.0,1.9722222222222223,0.0458656330749354
strapple,2200,0.9886363636363636,2.0681818181818183,0.059460887949260036
strapple,2400,0.9696969696969697,2.474747474747475,0.08785529715762272
strapple,2600,0.9838709677419355,2.5376344086021505,0.0751437859464866
strapple,2800,1.0,2.1940298507462686,0.05102395001735508
strapple,3000,0.9819819819819819,3.3333333333333335,0.0955373978629793
strapple,3200,0.9574468085106383,3.127659574468085,0.11528946066303805
strapple,3400,0.9855072463768116,4.3768115942028984,0.11627906976744182
studyyyzz,800,1.0,1.6666666666666667,0.03875968992248062
studyyyzz,1000,1.0,1.3333333333333333,0.031007751937984496
studyyyzz,1200,0.8333333333333334,1.1666666666666667,0.19379844961240306
studyyyzz,1400,1.0,1.2,0.027906976744186046
studyyyzz,1600,1.0,3.2,0.07441860465116279
studyyyzz,1800,0.875,2.125,0.1744186046511628
studyyyzz,2000,1.0,3.142857142857143,0.07308970099667773
studyyyzz,2200,0.9230769230769231,2.5384615384615383,0.13595706618962428
studyyyzz,2400,0.9545454545454546,3.1818181818181817,0.11945031712473568
studyyyzz,2600,1.0,3.5454545454545454,0.0824524312896406
studyyyzz,2800,1.0,2.5,0.05813953488372093
studyyyzz,3000,1.0,2.625,0.061046511627906974
studyyyzz,3200,1.0,2.7,0.06279069767441861
studyyyzz,3400,1.0,3.6666666666666665,0.08527131782945736
superguymj,800,1.0,1.1384615384615384,0.026475849731663684
superguymj,1000,1.0,1.2272727272727273,0.02854122621564482
superguymj,1200,1.0,1.1643835616438356,0.0270786874800892
superguymj,1400,1.0,1.271186440677966,0.029562475364603862
superguymj,1600,1.0,1.25,0.029069767441860465
superguymj,1800,1.0,1.4367816091954022,0.03341352579524191
superguymj,2000,1.0,1.4431818181818181,0.033562367864693445
superguymj,2200,0.9893617021276596,1.9042553191489362,0.05492330529440867
superguymj,2400,0.9743589743589743,2.3333333333333335,0.07990459153249854
superguymj,2600,0.9761904761904762,2.5714285714285716,0.08361018826135108
superguymj,2800,0.9516129032258065,2.564516129032258,0.10802700675168789
superguymj,3000,0.9428571428571428,2.6857142857142855,0.11960132890365449
superguymj,3200,0.8571428571428571,3.9285714285714284,0.23421926910299007
superguymj,3400,0.75,3.125,0.3226744186046512
superi0r,800,0.9285714285714286,1.5714285714285714,0.10797342192691026
superi0r,1000,0.8,1.6,0.23720930232558135
superi0r,1200,0.8,1.2,0.227906976744186
superi0r,1400,1.0,2.0,0.046511627906976744
superi0r,1600,0.75,2.0,0.2965116279069767
superi0r,1800,0.3333333333333333,1.3333333333333333,0.6976744186046513
superi0r,2000,1.0,1.0,0.023255813953488372
superi0r,2200,0.6666666666666666,1.3333333333333333,0.36434108527131787
superi0r,2400,0.5,2.0,0.5465116279069767
surajchip2,800,0.9826086956521739,1.4173913043478261,0.05035389282103136
surajchip2,1000,0.9649122807017544,1.4035087719298245,0.06772745818033454
surajchip2,1200,1.0,1.8656716417910448,0.04338771259979174
surajchip2,1400,0.9855072463768116,1.8405797101449275,0.057296932928884346
surajchip2,1600,0.9325842696629213,1.6629213483146068,0.10608831983276723
surajchip2,1800,0.9213483146067416,2.49438202247191,0.13666056963679118
surajchip2,2000,0.9193548387096774,3.6774193548387095,0.1661665416354089
surajchip2,2200,0.8695652173913043,3.072463768115942,0.20188742837883386
surajchip2,2400,0.9195402298850575,3.5057471264367814,0.16198877305533282
surajchip2,2600,0.7804878048780488,3.1463414634146343,0.2926829268292683
surajchip2,2800,0.8620689655172413,4.586206896551724,0.24458700882117085
surajchip2,3000,0.7692307692307693,7.0,0.39355992844364934
surajchip2,3200,0.5,3.5,0.5813953488372093
surajchip2,3400,0.0,1.0,1.0232558139534884
syysongyuyang,800,0.9493670886075949,1.6835443037974684,0.08978510450397414
syysongyuyang,1000,0.9444444444444444,2.0833333333333335,0.10400516795865636
syysongyuyang,1200,1.0,1.8461538461538463,0.042933810375670844
syysongyuyang,1400,0.9354838709677419,2.806451612903226,0.1297824456114029
syysongyuyang,1600,1.0,2.5428571428571427,0.05913621262458471
syysongyuyang,1800,0.9761904761904762,2.4523809523809526,0.08084163898117389
syysongyuyang,2000,1.0,3.135135135135135,0.07291011942174733
syysongyuyang,2200,1.0,3.717948717948718,0.086463923673226
syysongyuyang,2400,1.0,3.4473684210526314,0.08017135862913097
syysongyuyang,2600,1.0,2.9523809523809526,0.06866002214839424
syysongyuyang,2800,1.0,8.090909090909092,0.18816067653276958
syysongyuyang,3000,1.0,2.5,0.05813953488372093
syysongyuyang,3200,1.0,4.666666666666667,0.10852713178294575
syysongyuyang,3400,1.0,3.25,0.0755813953488372
szh131421,800,0.9714285714285714,1.457142857142857,0.06245847176079735
szh131421,1000,0.8571428571428571,1.6428571428571428,0.1810631229235881
szh131421,1200,1.0,1.5833333333333333,0.036821705426356585
szh131421,1400,1.0,1.4545454545454546,0.03382663847780127
szh131421,1600,0.9285714285714286,1.7142857142857142,0.11129568106312289
szh131421,1800,0.9230769230769231,1.9615384615384615,0.12254025044722713
szh131421,2000,0.9705882352941176,2.323529411764706,0.08344733242134064
szh131421,2200,0.9473684210526315,2.0789473684210527,0.10097919216646273
szh131421,2400,0.8205128205128205,2.5128205128205128,0.2379248658318426
szh131421,2600,1.0,1.36,0.03162790697674419
szh131421,2800,1.0,2.217391304347826,0.05156723963599596
szh131421,3000,0.8461538461538461,3.3846153846153846,0.23255813953488375
szh131421,3200,0.9285714285714286,2.357142857142857,0.1262458471760797
szh131421,3400,0.8,3.0,0.2697674418604651
t98slider,800,0.9991212653778558,1.384007029876977,0.033064944619283165
t98slider,1000,0.9978991596638656,1.5735294117647058,0.03869454758647644
t98slider,1200,1.0,1.7073170731707317,0.03970504821327283
t98slider,1400,0.9939879759519038,1.813627254509018,0.04818940205993383
t98slider,1600,0.9781021897810219,2.021897810218978,0.06891868952639618
t98slider,1800,0.959866220735786,2.4749163879598663,0.09768997433304813
t98slider,2000,0.8910891089108911,2.9257425742574257,0.17695141607183973
t98slider,2200,0.8444444444444444,3.533333333333333,0.23772609819121449
t98slider,2400,0.7108433734939759,4.120481927710843,0.38498178761557866
t98slider,2600,0.36363636363636365,2.8181818181818183,0.7019027484143763
t98slider,2800,0.5,1.5,0.5348837209302325
t98slider,3000,0.0,1.0,1.0232558139534884
tabr,800,0.9938650306748467,1.177914110429448,0.033528320730489336
tabr,1000,0.9932432432432432,1.3108108108108107,0.03724072910119426
tabr,1200,0.9867549668874173,1.2913907284768211,0.04327737563529951
tabr,1400,0.9941176470588236,1.5,0.04076607387140901
tabr,1600,0.9949494949494949,1.6161616161616161,0.042635658914728716
tabr,1800,1.0,2.130653266331658,0.049550075961201354
tabr,2000,0.9852941176470589,2.588235294117647,0.07489740082079338
tabr,2200,0.9844559585492227,2.373056994818653,0.07073141342330407
tabr,2400,0.9452054794520548,2.7077625570776256,0.1177657428055644
tabr,2600,0.8782608695652174,3.9391304347826086,0.21334681496461066
tabr,2800,0.6875,3.375,0.3909883720930233
tabr,3000,0.6153846153846154,5.153846153846154,0.5044722719141324
tabr,3200,1.0,12.5,0.29069767441860467
tanayy0207,800,0.9433962264150944,1.7641509433962264,0.09763053971039928
tanayy0207,1000,0.8648648648648649,2.2162162162162162,0.18667504714016336
tanayy0207,1200,0.6923076923076923,1.4615384615384615,0.3416815742397138
tanayy0207,1400,0.6923076923076923,1.5384615384615385,0.34347048300536676
tanayy0207,1600,0.5,2.5,0.5581395348837209
tanayy0207,1800,0.25,1.0,0.7732558139534884
tanayy0207,2000,1.0,1.0,0.023255813953488372
tanayy0207,2200,1.0,1.0,0.023255813953488372
tanayy0207,2400,0.0,1.0,1.0232558139534884
tankcommander,800,0.9166666666666666,1.0416666666666667,0.10755813953488376
tankcommander,1000,1.0,1.5714285714285714,0.03654485049833887
tankcommander,1200,0.8571428571428571,1.2857142857142858,0.17275747508305653
tankcommander,1400,0.7777777777777778,2.111111111111111,0.2713178294573643
tankcommander,1600,1.0,1.8333333333333333,0.04263565891472868
tankcommander,1800,0.8888888888888888,1.6666666666666667,0.1498708010335918
tankcommander,2000,1.0,1.0,0.023255813953488372
tankcommander,2200,1.0,1.0,0.023255813953488372
tanmuling0429,800,1.0,1.3783783783783783,0.03205531112507856
tanmuling0429,1000,0.9782608695652174,1.434782608695652,0.05510616784630939
tanmuling0429,1200,0.9230769230769231,1.4807692307692308,0.1113595706618962
tanmuling0429,1400,0.9743589743589743,2.358974358974359,0.08050089445438285
tanmuling0429,1600,0.9803921568627451,2.0784313725490198,0.06794345645234842
tanmuling0429,1800,0.9019607843137255,2.6666666666666665,0.16005471956224349
tanmuling0429,2000,0.8333333333333334,3.0476190476190474,0.2375415282392026
tanmuling0429,2200,0.8484848484848485,3.303030303030303,0.22832980972515854
tanmuling0429,2400,0.875,3.6,0.20872093023255814
tanmuling0429,2600,0.9259259259259259,3.4444444444444446,0.15417743324720068
tanmuling0429,2800,0.9411764705882353,6.882352941176471,0.21887824897400823
tanmuling0429,3000,0.6666666666666666,3.6666666666666665,0.4186046511627907
tanmuling0429,3200,1.0,11.0,0.2558139534883721
tanmuling0429,3400,1.0,4.0,0.09302325581395349
tch1cherin,800,0.9820261437908496,1.553921568627451,0.05411156710746319
tch1cherin,1000,0.967479674796748,1.7601626016260163,0.07345433919455469
tch1cherin,1200,0.9098039215686274,1.7215686274509805,0.13023255813953488
tch1cherin,1400,0.8980582524271845,2.2135922330097086,0.15342063671257616
tch1cherin,1600,0.8977777777777778,2.088888888888889,0.15080103359173125
tch1cherin,1800,0.8724279835390947,2.6213991769547325,0.18853478801799212
tch1cherin,2000,0.9104477611940298,3.2611940298507465,0.16539396043040616
tch1cherin,2200,0.9069767441860465,3.297674418604651,0.16971335857220124
tch1cherin,2400,0.8166666666666667,3.55,0.26589147286821707
tch1cherin,2600,0.8,5.6,0.33023255813953484
tch1cherin,2800,0.75,5.125,0.3691860465116279
tch1cherin,3000,0.5,7.5,0.6744186046511628
tch1cherin,3200,0.5,2.0,0.5465116279069767
tch1cherin,3400,0.5,1.5,0.5348837209302325
tealab,800,0.875,1.125,0.1511627906976744
tealab,1000,0.75,1.0,0.27325581395348836
tealab,1200,0.75,1.0,0.27325581395348836
tealab,1400,1.0,1.0,0.023255813953488372
tealab,1600,1.0,1.0,0.023255813953488372
tealab,1800,0.3333333333333333,1.6666666666666667,0.7054263565891473
tealab,2000,1.0,1.3333333333333333,0.031007751937984496
tealab,2200,1.0,1.0,0.023255813953488372
tealab,2400,0.5,1.6666666666666667,0.5387596899224806
tealab,2800,0.0,1.0,1.0232558139534884
tealab,3000,0.0,1.0,1.0232558139534884
teekaytai,800,1.0,1.1287128712871286,0.026249136541561132
teekaytai,1000,1.0,1.2244897959183674,0.028476506881822496
teekaytai,1200,1.0,1.3333333333333333,0.031007751937984496
teekaytai,1400,1.0,1.4,0.03255813953488372
teekaytai,1600,1.0,1.62,0.037674418604651164
teekaytai,1800,1.0,2.347826086956522,0.054600606673407485
teekaytai,2000,1.0,2.0869565217391304,0.04853387259858443
teekaytai,2200,0.9459459459459459,2.810810810810811,0.11942174732872408
teekaytai,2400,0.9259259259259259,2.5185185185185186,0.1326442721791559
teekaytai,2600,1.0,2.0,0.046511627906976744
teekaytai,2800,1.0,4.0,0.09302325581395349
teekaytai,3000,1.0,2.0,0.046511627906976744
teekaytai,3200,1.0,6.0,0.13953488372093023
tem_shett,800,0.9939759036144579,1.1987951807228916,0.033903054076772174
tem_shett,1000,0.9886363636363636,1.375,0.043340380549682866
tem_shett,1200,0.9393939393939394,1.5757575757575757,0.09725158562367858
tem_shett,1400,0.9444444444444444,1.7619047619047619,0.09653008490217796
tem_shett,1600,0.9562043795620438,2.0291970802919708,0.09098625021218804
tem_shett,1800,0.9512195121951219,2.4065040650406506,0.10474569861977695
tem_shett,2000,0.8898305084745762,2.5254237288135593,0.16890027591643678
tem_shett,2200,0.8495575221238938,3.601769911504425,0.2342045688413254
tem_shett,2400,0.6951219512195121,2.768292682926829,0.36925694838343737
tem_shett,2600,0.8461538461538461,5.115384615384615,0.27280858676207514
tem_shett,2800,0.7,4.1,0.39534883720930236
tem_shett,3000,0.6,5.0,0.5162790697674419
tem_shett,3200,0.5,2.75,0.563953488372093
tem_shett,3400,1.0,1.0,0.023255813953488372
temporary1,800,0.9836065573770492,1.2377049180327868,0.0451772779260389
temporary1,1000,0.9782608695652174,1.4130434782608696,0.05460060667340747
temporary1,1200,1.0,1.8,0.04186046511627907
temporary1,1400,0.9946236559139785,2.3655913978494625,0.06039009752438109
temporary1,1600,0.9880952380952381,2.357142857142857,0.06672203765227017
temporary1,1800,1.0,2.7404580152671754,0.06373158175039943
temporary1,2000,1.0,2.6555023923444976,0.061755869589406924
temporary1,2200,1.0,2.993174061433447,0.06960869910310342
temporary1,2400,0.99581589958159,2.9790794979079496,0.07346501897440882
temporary1,2600,0.9615384615384616,3.641025641025641,0.12313655336911149
temporary1,2800,0.7142857142857143,2.642857142857143,0.34717607973421927
temporary1,3000,0.0,1.0,1.0232558139534884
temporary1,3400,0.0,1.0,1.0232558139534884
tempura0224,800,1.0,1.118811881188119,0.02601888095786323
tempura0224,1000,1.0,1.280701754385965,0.02978376172990616
tempura0224,1200,1.0,1.2222222222222223,0.028423772609819122
tempura0224,1400,1.0,1.4197530864197532,0.03301751363766868
tempura0224,1600,0.9056603773584906,1.6603773584905661,0.1329530495831505
tempura0224,1800,0.9912280701754386,1.5964912280701755,0.04589963280293761
tempura0224,2000,0.9052631578947369,2.231578947368421,0.14663402692778454
tempura0224,2200,0.918918918918919,2.4054054054054053,0.13702074167190442
tempura0224,2400,0.8309859154929577,2.6901408450704225,0.23157549950867998
tempura0224,2600,0.7916666666666666,3.5,0.2897286821705427
tempura0224,2800,0.7058823529411765,2.823529411764706,0.35978112175102595
tempura0224,3000,0.3333333333333333,3.0,0.7364341085271319
tempura0224,3200,0.0,10.5,1.244186046511628
testing5294,800,1.0,1.3076923076923077,0.03041144901610018
testing5294,1000,1.0,2.0,0.046511627906976744
testing5294,1200,1.0,1.1818181818181819,0.027484143763213533
testing5294,1400,1.0,1.3333333333333333,0.031007751937984496
testing5294,1600,1.0,1.8333333333333333,0.04263565891472868
testing5294,1800,1.0,2.0,0.046511627906976744
testing5294,2000,1.0,4.0,0.09302325581395349
testing5294,2200,1.0,2.8333333333333335,0.06589147286821706
testing5294,2400,0.8,3.2,0.27441860465116275
testing5294,2600,0.6666666666666666,3.3333333333333335,0.41085271317829464
tfg,800,1.0,1.2022160664819945,0.027958513173999874
tfg,1000,0.9957446808510638,1.2680851063829788,0.03374567046016824
tfg,1200,0.9966329966329966,1.4208754208754208,0.036410617805966626
tfg,1400,0.993485342019544,1.4267100977198697,0.039693962578592534
tfg,1600,0.9942363112391931,1.9394812680115274,0.05086790429595871
tfg,1800,0.9814323607427056,1.9840848806366047,0.0647091481093085
tfg,2000,0.98,2.1914285714285713,0.07096345514950167
tfg,2200,0.9744525547445255,2.627737226277372,0.08665761330843662
tfg,2400,0.9206896551724137,3.2620689655172415,0.15517241379310348
tfg,2600,0.8176795580110497,4.303867403314917,0.2824103816009251
tfg,2800,0.7954545454545454,4.75,0.3150105708245243
tfg,3000,0.6666666666666666,6.483333333333333,0.484108527131783
tfg,3200,0.5625,7.3125,0.6075581395348837
tfg,3400,0.7272727272727273,10.818181818181818,0.5243128964059196
thangdz2k7,800,0.990990990990991,1.936936936936937,0.05405405405405407
thangdz2k7,1000,0.9302325581395349,1.6744186046511629,0.10870740941049217
thangdz2k7,1200,0.8695652173913043,2.152173913043478,0.18048533872598588
thangdz2k7,1400,0.7551020408163265,3.122448979591837,0.3175130517323209
thangdz2k7,1600,0.8035714285714286,2.767857142857143,0.260797342192691
thangdz2k7,1800,0.8115942028985508,3.260869565217391,0.2642399730367374
thangdz2k7,2000,0.7948717948717948,3.08974358974359,0.2769827072152654
thangdz2k7,2200,0.828125,3.671875,0.25726744186046513
thangdz2k7,2400,0.8064516129032258,3.338709677419355,0.27119279819954994
thangdz2k7,2600,0.7727272727272727,3.0681818181818183,0.2986257928118393
thangdz2k7,2800,0.7857142857142857,2.5714285714285716,0.27408637873754155
thangdz2k7,3000,0.9444444444444444,5.333333333333333,0.17958656330749356
thangdz2k7,3200,0.875,3.375,0.20348837209302326
thangdz2k7,3400,0.3333333333333333,2.6666666666666665,0.7286821705426357
thanos_2,800,0.9387755102040817,1.2653061224489797,0.09065021357380157
thanos_2,1000,0.9444444444444444,1.6666666666666667,0.0943152454780362
thanos_2,1200,0.8260869565217391,1.826086956521739,0.21638018200202225
thanos_2,1400,0.9411764705882353,2.6470588235294117,0.12038303693570453
thanos_2,1600,0.7142857142857143,1.6666666666666667,0.32447397563676633
thanos_2,1800,0.9047619047619048,2.0,0.14174972314507198
thanos_2,2000,0.7368421052631579,2.4210526315789473,0.3194614443084456
thanos_2,2200,1.0,1.5833333333333333,0.036821705426356585
thanos_2,2400,0.8,4.5,0.30465116279069765
thanos_2,2600,0.375,2.5,0.6831395348837209
thanos_2,2800,1.0,1.5,0.03488372093023256
thibautblanc,800,1.0,1.0421052631578946,0.02423500611995104
thibautblanc,1000,0.9736842105263158,1.0789473684210527,0.05140758873929006
thibautblanc,1200,1.0,1.173913043478261,0.027300303336703743
thibautblanc,1400,1.0,1.3095238095238095,0.03045404208194906
thibautblanc,1600,1.0,1.2857142857142858,0.029900332225913623
thibautblanc,1800,0.9285714285714286,1.6785714285714286,0.11046511627906974
thibautblanc,2000,0.8947368421052632,1.8421052631578947,0.1481028151774786
thibautblanc,2200,1.0,2.090909090909091,0.04862579281183932
thibautblanc,2400,0.8571428571428571,2.5714285714285716,0.20265780730897015
thibautblanc,2600,1.0,2.2,0.051162790697674425
thibautblanc,2800,1.0,2.5,0.05813953488372093
thibautblanc,3000,1.0,3.0,0.06976744186046512
thomaswmy,800,1.0,1.5357142857142858,0.03571428571428572
thomaswmy,1000,0.9230769230769231,1.5384615384615385,0.11270125223613592
thomaswmy,1200,1.0,1.9166666666666667,0.044573643410852716
thomaswmy,1400,1.0,2.0588235294117645,0.04787961696306429
thomaswmy,1600,1.0,1.9393939393939394,0.04510218463706836
thomaswmy,1800,0.9811320754716981,2.5660377358490565,0.07854322071083808
thomaswmy,2000,1.0,4.087719298245614,0.09506323949408405
thomaswmy,2200,1.0,2.769230769230769,0.06440071556350625
thomaswmy,2400,0.9615384615384616,4.17948717948718,0.13565891472868213
thomaswmy,2600,0.9846153846153847,4.0,0.10840787119856882
thomaswmy,2800,0.9846153846153847,2.953846153846154,0.08407871198568868
thomaswmy,3000,0.9864864864864865,3.972972972972973,0.10590823381521053
thomaswmy,3200,1.0,3.25,0.0755813953488372
thomaswmy,3400,1.0,4.818181818181818,0.11205073995771671
tianbincheng,800,0.9838709677419355,1.217741935483871,0.04444861215303825
tianbincheng,1000,0.9821428571428571,1.3214285714285714,0.04858803986710968
tianbincheng,1200,0.9833333333333333,1.3333333333333333,0.047674418604651214
tianbincheng,1400,0.9795918367346939,1.8979591836734695,0.06454674893213103
tianbincheng,1600,0.9682539682539683,1.4761904761904763,0.06607604282022886
tianbincheng,1800,0.9215686274509803,2.1176470588235294,0.1276789785681715
tianbincheng,2000,0.8627450980392157,2.6862745098039214,0.19972640218878243
tianbincheng,2200,0.8857142857142857,2.8857142857142857,0.18139534883720934
tianbincheng,2400,0.875,3.375,0.20348837209302326
tianbincheng,2600,0.5833333333333334,4.25,0.5155038759689922
tianbincheng,2800,1.0,3.0,0.06976744186046512
tianbincheng,3000,0.0,1.0,1.0232558139534884
tianbincheng,3200,0.5,3.5,0.5813953488372093
timreizin,800,1.0,1.2979351032448379,0.030184537284763672
timreizin,1000,0.9934640522875817,1.6209150326797386,0.044231646146830804
timreizin,1200,0.994535519125683,1.6229508196721312,0.043207523192273486
timreizin,1400,0.9861111111111112,2.2430555555555554,0.06605297157622733
timreizin,1600,0.9696969696969697,2.4060606060606062,0.08625792811839321
timreizin,1800,0.9463087248322147,2.530201342281879,0.1125331668487592
timreizin,2000,0.9130434782608695,3.4855072463768115,0.16801482979440518
timreizin,2200,0.9107142857142857,3.1875,0.1634136212624585
timreizin,2400,0.8513513513513513,3.6216216216216215,0.232872407291012
timreizin,2600,0.9230769230769231,4.8076923076923075,0.18872987477638636
timreizin,2800,0.9,6.3,0.24651162790697673
timreizin,3000,0.6,6.2,0.5441860465116279
timreizin,3200,0.0,11.0,1.255813953488372
timreizin,3400,0.5,4.0,0.5930232558139534
tinca_matei,800,0.9821428571428571,1.2678571428571428,0.04734219269102995
tinca_matei,1000,0.9705882352941176,1.5735294117647058,0.06600547195622436
tinca_matei,1200,0.9770114942528736,1.5632183908045978,0.05934242181234961
tinca_matei,1400,0.9850746268656716,1.6119402985074627,0.05241235682054846
tinca_matei,1600,0.9772727272727273,1.7272727272727273,0.06289640591966172
tinca_matei,1800,0.90625,2.15625,0.1438953488372093
tinca_matei,2000,0.9390243902439024,2.7804878048780486,0.1256381168462848
tinca_matei,2200,0.9122807017543859,2.280701754385965,0.14075887392900863
tinca_matei,2400,0.8873239436619719,2.6901408450704225,0.17523747133966586
tinca_matei,2600,0.8529411764705882,2.8823529411764706,0.2140902872777018
tinca_matei,2800,0.8461538461538461,2.8076923076923075,0.21914132379248658
tinca_matei,3000,0.8571428571428571,2.0,0.18936877076411965
tinca_matei,3200,0.6,3.2,0.4744186046511628
toam,800,0.9954853273137697,1.1512415349887133,0.03128773163945618
toam,1000,1.0,1.3076923076923077,0.03041144901610018
toam,1200,0.9952830188679245,1.3773584905660377,0.03674857393593687
toam,1400,0.9830508474576272,1.384180790960452,0.04913940349494149
toam,1600,1.0,1.6261682242990654,0.037817865681373616
toam,1800,0.9896907216494846,2.0412371134020617,0.05777990889474942
toam,2000,0.9680365296803652,2.584474885844749,0.09206753743230334
toam,2200,0.9382716049382716,2.897119341563786,0.12910326347018858
toam,2400,0.9023255813953488,3.227906976744186,0.17274202271498112
toam,2600,0.8035714285714286,3.25,0.27200996677740863
toam,2800,0.5925925925925926,4.7407407407407405,0.5176571920757967
toam,3000,0.5714285714285714,4.285714285714286,0.5282392026578073
toam,3200,1.0,1.5,0.03488372093023256
toku4388,800,0.9747899159663865,1.1680672268907564,0.05237443814735199
toku4388,1000,1.0,1.537037037037037,0.03574504737295435
toku4388,1200,0.9824561403508771,1.7894736842105263,0.059159526723786264
toku4388,1400,0.9512195121951219,1.829268292682927,0.09132161089052755
toku4388,1600,0.9090909090909091,2.3454545454545452,0.14545454545454548
toku4388,1800,0.825,1.925,0.21976744186046515
toku4388,2000,0.7333333333333333,2.8666666666666667,0.33333333333333337
toku4388,2200,0.6956521739130435,2.739130434782609,0.3680485338725986
toku4388,2400,0.42857142857142855,2.7142857142857144,0.6345514950166112
toku4388,2600,0.5,1.5,0.5348837209302325
toomer,800,1.0,1.1090909090909091,0.025792811839323467
toomer,1000,1.0,1.2380952380952381,0.028792912513842746
toomer,1200,1.0,1.3,0.030232558139534883
toomer,1400,1.0,1.6521739130434783,0.03842264914054601
toomer,1600,1.0,1.9411764705882353,0.04514363885088919
toomer,1800,1.0,2.4210526315789473,0.056303549571603426
toomer,2000,0.9629629629629629,3.0,0.1068044788975022
toomer,2200,1.0,2.0833333333333335,0.04844961240310078
toomer,2400,0.9655172413793104,2.0,0.08099438652766636
toomer,2600,0.8888888888888888,2.111111111111111,0.16020671834625327
toomer,2800,1.0,2.0,0.046511627906976744
tourist,800,1.0,1.07421875,0.024981831395348836
tourist,1000,1.0,1.0526315789473684,0.024479804161566705
tourist,1200,1.0,1.1189189189189188,0.026021370207416718
tourist,1400,1.0,1.1393034825870647,0.026495429827606155
tourist,1600,1.0,1.3449612403100775,0.031278168379304125
tourist,1800,0.9851851851851852,1.2925925925925925,0.04487510766580536
tourist,2000,0.9957983193277311,1.2352941176470589,0.03292945085010747
tourist,2200,0.9826839826839827,1.4242424242424243,0.05043793415886436
tourist,2400,0.9686274509803922,1.607843137254902,0.06876424988600091
tourist,2600,0.9206349206349206,2.17989417989418,0.13006029285099058
tourist,2800,0.9536423841059603,2.052980132450331,0.09410133990451255
tourist,3000,0.9705882352941176,2.284313725490196,0.08253533971728227
tourist,3200,0.86,1.76,0.18093023255813956
tourist,3400,0.8541666666666666,2.6979166666666665,0.20857558139534887
trappedintesseract,800,1.0,1.2673267326732673,0.029472714713331797
trappedintesseract,1000,0.9333333333333333,1.3777777777777778,0.0987080103359173
trappedintesseract,1200,0.918918918918919,1.5945945945945945,0.11816467630421112
trappedintesseract,1400,0.9210526315789473,2.0789473684210527,0.1272949816401469
trappedintesseract,1600,0.8205128205128205,3.2051282051282053,0.25402504472271914
trappedintesseract,1800,0.8387096774193549,3.0,0.23105776444111026
trappedintesseract,2000,0.7894736842105263,4.421052631578948,0.31334149326805383
trappedintesseract,2200,0.7727272727272727,3.272727272727273,0.3033826638477801
trappedintesseract,2400,0.7142857142857143,1.2857142857142858,0.3156146179401993
trappedintesseract,2600,0.6666666666666666,1.3333333333333333,0.36434108527131787
trappedintesseract,3000,0.0,2.0,1.0465116279069768
trash-can,800,0.9703703703703703,1.0962962962962963,0.05512489233419471
trash-can,1000,0.9230769230769231,1.1538461538461537,0.10375670840787114
trash-can,1200,0.8913043478260869,1.1956521739130435,0.13650151668351873
trash-can,1400,0.9761904761904762,1.5238095238095237,0.05924695459579183
trash-can,1600,0.9565217391304348,1.5869565217391304,0.08038422649140542
trash-can,1800,0.9615384615384616,1.3461538461538463,0.0697674418604651
trash-can,2000,0.8918918918918919,1.7027027027027026,0.147705845380264
trash-can,2200,0.8918918918918919,1.945945945945946,0.15336266499057197
trash-can,2400,0.8636363636363636,2.5454545454545454,0.19556025369978858
trash-can,2600,0.8421052631578947,2.736842105263158,0.22154222766217874
trash-can,2800,0.6666666666666666,2.8333333333333335,0.39922480620155043
trash-can,3000,1.0,11.0,0.2558139534883721
trs719,800,1.0,1.1111111111111112,0.02583979328165375
trs719,1000,1.0,1.1666666666666667,0.027131782945736437
trs719,1200,1.0,2.3333333333333335,0.054263565891472874
trs719,1400,1.0,1.4,0.03255813953488372
trs719,1600,1.0,1.5555555555555556,0.03617571059431524
trs719,1800,1.0,1.7272727272727273,0.04016913319238901
trs719,2000,1.0,2.2972972972972974,0.05342551854179761
trs719,2200,1.0,3.5,0.08139534883720931
trs719,2400,1.0,2.8095238095238093,0.06533776301218161
trs719,2600,0.8571428571428571,2.4285714285714284,0.1993355481727575
trs719,2800,1.0,3.3333333333333335,0.07751937984496124
trs719,3000,0.6666666666666666,3.0,0.4031007751937985
trs719,3200,1.0,3.0,0.06976744186046512
trs719,3400,1.0,1.0,0.023255813953488372
truongminhduc_beo,800,1.0,1.4615384615384615,0.03398926654740608
truongminhduc_beo,1000,1.0,1.8,0.04186046511627907
truongminhduc_beo,1200,1.0,1.4,0.03255813953488372
truongminhduc_beo,1400,1.0,3.142857142857143,0.07308970099667773
truongminhduc_beo,1600,1.0,2.0,0.046511627906976744
truongminhduc_beo,1800,0.8333333333333334,4.166666666666667,0.2635658914728682
truongminhduc_beo,2000,0.3333333333333333,3.6666666666666665,0.7519379844961241
truongminhduc_beo,2200,0.6666666666666666,10.666666666666666,0.5813953488372093
truongminhduc_beo,2400,1.0,1.0,0.023255813953488372
truongminhduc_beo,2600,1.0,1.5,0.03488372093023256
trybetter,800,1.0,1.2272727272727273,0.02854122621564482
trybetter,1000,1.0,1.0833333333333333,0.025193798449612403
trybetter,1200,0.9523809523809523,1.2380952380952381,0.07641196013289042
trybetter,1400,0.95,2.2,0.10116279069767448
trybetter,1600,0.9565217391304348,2.0434782608695654,0.09100101112234578
trybetter,1800,0.9375,1.75,0.10319767441860465
trybetter,2000,0.9411764705882353,2.0588235294117645,0.106703146374829
trybetter,2200,0.8461538461538461,2.8461538461538463,0.22003577817531306
trybetter,2400,0.8888888888888888,3.3333333333333335,0.1886304909560724
trybetter,2600,0.8333333333333334,1.8333333333333333,0.2093023255813953
trybetter,2800,0.4,3.6,0.6837209302325581
trybetter,3000,1.0,2.5,0.05813953488372093
ttamx,800,0.9956236323851203,1.2385120350109409,0.03317897308025042
ttamx,1000,0.9820627802690582,1.2869955156950672,0.047867348002920064
ttamx,1200,0.9955357142857143,1.4598214285714286,0.03841362126245846
ttamx,1400,1.0,1.5893719806763285,0.03696213908549601
ttamx,1600,0.9877551020408163,1.7061224489795919,0.05192216421452305
ttamx,1800,0.9883268482490273,1.961089494163424,0.05727988417337793
ttamx,2000,0.9806201550387597,2.058139534883721,0.06724355507481525
ttamx,2200,0.9733333333333334,2.5555555555555554,0.08609819121447024
ttamx,2400,0.9547169811320755,2.539622641509434,0.10434401053093462
ttamx,2600,0.9305555555555556,3.1666666666666665,0.1430878552971576
ttamx,2800,0.9365079365079365,2.7142857142857144,0.12661498708010335
ttamx,3000,0.8095238095238095,3.5476190476190474,0.27297895902547065
ttamx,3200,0.8181818181818182,4.818181818181818,0.29386892177589846
ttamx,3400,0.8461538461538461,3.3076923076923075,0.23076923076923078
turmax,800,1.0,1.249084249084249,0.029048470908936027
turmax,1000,1.0,1.2030075187969924,0.027976919041790522
turmax,1200,0.9640718562874252,1.7604790419161678,0.07686951678039267
turmax,1400,0.9845360824742269,1.597938144329897,0.05262526971949168
turmax,1600,0.9466019417475728,1.8155339805825244,0.09561977873109051
turmax,1800,0.9586776859504132,2.5,0.09946184893330767
turmax,2000,0.9621848739495799,2.0798319327731094,0.08618331053351572
turmax,2200,0.896551724137931,2.771551724137931,0.1679029671210906
turmax,2400,0.8914728682170543,3.748062015503876,0.1956913647016405
turmax,2600,0.824468085106383,4.664893617021277,0.28401781296387923
turmax,2800,0.8043478260869565,5.6521739130434785,0.32709807886754294
turmax,3000,0.8160919540229885,5.908045977011494,0.32130446404704627
turmax,3200,0.6666666666666666,7.363636363636363,0.5045806906272023
turmax,3400,0.6935483870967742,8.080645161290322,0.4943735933983495
turneja,800,0.9827586206896551,1.1724137931034482,0.04450681635926226
turneja,1000,0.9074074074074074,1.6296296296296295,0.1304909560723514
turneja,1200,1.0,1.4545454545454546,0.03382663847780127
turneja,1400,0.9850746268656716,1.6417910447761195,0.05310656022214513
turneja,1600,0.9565217391304348,1.608695652173913,0.08088978766430735
turneja,1800,0.9354838709677419,2.2903225806451615,0.11777944486121536
turneja,2000,0.9454545454545454,2.109090909090909,0.10359408033826639
turneja,2200,0.9827586206896551,1.706896551724138,0.056936647955092255
turneja,2400,0.9473684210526315,2.4473684210526314,0.10954712362301106
turneja,2600,0.8478260869565217,3.0869565217391304,0.22396359959555107
turneja,2800,1.0,2.8518518518518516,0.06632213608957795
turneja,3000,1.0,4.277777777777778,0.09948320413436693
turneja,3400,0.75,2.25,0.3023255813953488
turska,800,0.9567901234567902,1.2962962962962963,0.07335630203847254
turska,1000,0.9404761904761905,1.5595238095238095,0.09579180509413068
turska,1200,0.9557522123893806,1.8407079646017699,0.08705494957810245
turska,1400,0.9682539682539683,1.9365079365079365,0.07678110003691399
turska,1600,0.9148936170212766,1.8936170212765957,0.12914398812469075
turska,1800,0.9506726457399103,2.1479820627802693,0.09928042548753785
turska,2000,0.9226804123711341,2.268041237113402,0.13006473267801483
turska,2200,0.9090909090909091,2.202797202797203,0.1421369328346073
turska,2400,0.8809523809523809,2.865079365079365,0.18567737172388338
turska,2600,0.875,3.3472222222222223,0.20284237726098192
turska,2800,0.8181818181818182,3.8181818181818183,0.2706131078224101
turska,3000,1.0,4.5,0.10465116279069768
turska,3200,0.5,6.5,0.6511627906976745
tute7627,800,0.9979959919839679,1.0801603206412826,0.02712401547280608
tute7627,1000,0.996,1.156,0.03088372093023256
tute7627,1200,0.9968454258675079,1.1924290220820188,0.0308854816227716
tute7627,1400,0.9905660377358491,1.229559748427673,0.03802837501828287
tute7627,1600,0.986737400530504,1.3952254641909814,0.04570970328789095
tute7627,1800,0.98005698005698,1.5982905982905984,0.057112568740475725
tute7627,2000,0.9666666666666667,1.784848484848485,0.0748414376321353
tute7627,2200,0.967948717948718,2.0576923076923075,0.0799045915324985
tute7627,2400,0.9217391304347826,2.1855072463768117,0.12908661948095718
tute7627,2600,0.9146919431279621,2.5308056872037916,0.14416400308607957
tute7627,2800,0.8571428571428571,2.2436974789915967,0.19503615399648236
tute7627,3000,0.8076923076923077,2.5576923076923075,0.2517889087656529
tute7627,3200,0.6153846153846154,2.1153846153846154,0.43381037567084074
tute7627,3400,0.625,4.375,0.47674418604651164
txngled,800,1.0,1.1153846153846154,0.0259391771019678
txngled,1000,1.0,1.4166666666666667,0.03294573643410853
txngled,1200,0.9411764705882353,1.7058823529411764,0.0984952120383037
txngled,1400,1.0,1.3,0.030232558139534883
txngled,1600,0.9,1.1,0.1255813953488372
txngled,1800,0.9090909090909091,2.8181818181818183,0.15644820295983092
txngled,2000,0.875,3.0,0.19476744186046513
txngled,2200,0.5714285714285714,2.857142857142857,0.4950166112956811
txngled,2400,0.75,2.0,0.2965116279069767
txngled,3000,1.0,1.0,0.023255813953488372
tychoelling,800,0.9768637532133676,1.3573264781491003,0.05470197883661147
tychoelling,1000,0.975609756097561,1.603658536585366,0.06168462847419174
tychoelling,1200,0.976878612716763,1.8901734104046244,0.06707890845543754
tychoelling,1400,0.9484536082474226,1.8144329896907216,0.09374250779189647
tychoelling,1600,0.9690265486725663,1.6504424778761062,0.06935583453385474
tychoelling,1800,0.9900990099009901,2.1155115511551155,0.059098933149128875
tychoelling,2000,0.9547511312217195,2.3529411764705883,0.09996843102178254
tychoelling,2200,0.9536423841059603,1.7218543046357615,0.08640073925766212
tychoelling,2400,0.9727272727272728,1.6181818181818182,0.06490486257928113
tychoelling,2600,0.8780487804878049,2.073170731707317,0.17016449234259784
tychoelling,2800,0.875,2.375,0.18023255813953487
tychoelling,3000,0.5454545454545454,4.7272727272727275,0.5644820295983087
tychoelling,3200,1.0,1.0,0.023255813953488372
tychoelling,3400,1.0,3.0,0.06976744186046512
tymond,800,0.9825174825174825,1.4615384615384615,0.051471784029923584
tymond,1000,0.9396551724137931,1.8017241379310345,0.1022453889334402
tymond,1200,0.9540229885057471,1.7816091954022988,0.0874097834803529
tymond,1400,0.926829268292683,1.975609756097561,0.11911514463981845
tymond,1600,0.967741935483871,1.956989247311828,0.07776944236059012
tymond,1800,0.9487179487179487,2.16025641025641,0.10152057245080504
tymond,2000,0.9753086419753086,2.123456790123457,0.07407407407407407
tymond,2200,0.9444444444444444,2.5185185185185186,0.1141257536606374
tymond,2400,0.9387755102040817,3.0816326530612246,0.13289036544850494
tymond,2600,0.8888888888888888,5.055555555555555,0.2286821705426357
tymond,2800,0.9285714285714286,4.0,0.16445182724252488
tymond,3000,1.0,3.1,0.07209302325581396
tymond,3200,1.0,9.5,0.22093023255813954
ub33,800,0.9909638554216867,1.144578313253012,0.035654244886522836
ub33,1000,0.9808917197452229,1.21656050955414,0.04740038512812916
ub33,1200,0.9673202614379085,1.34640522875817,0.06399148806809546
ub33,1400,0.9418604651162791,1.6511627906976745,0.09653866955110871
ub33,1600,0.9411764705882353,1.6823529411764706,0.09794801641586869
ub33,1800,0.9325842696629213,1.797752808988764,0.10922393519728252
ub33,2000,0.9387755102040817,2.068027210884354,0.10931814586299632
ub33,2200,0.8916666666666667,2.158333333333333,0.1585271317829457
ub33,2400,0.9219858156028369,2.0851063829787235,0.1265050305129474
ub33,2600,0.8275862068965517,2.4482758620689653,0.2293504410585405
ub33,2800,0.8461538461538461,2.3076923076923075,0.2075134168157424
ub33,3000,0.7368421052631579,4.473684210526316,0.36719706242350064
ub33,3200,1.0,2.0,0.046511627906976744
ub33,3400,0.7142857142857143,4.142857142857143,0.38205980066445183
ukbwyx,800,0.9931506849315068,1.2465753424657535,0.0358394393118828
ukbwyx,1000,0.9705882352941176,1.4852941176470589,0.06395348837209303
ukbwyx,1200,0.9642857142857143,1.4642857142857142,0.0697674418604651
ukbwyx,1400,0.96,1.6,0.07720930232558143
ukbwyx,1600,0.981651376146789,1.8623853211009174,0.06165991039044165
ukbwyx,1800,0.9416058394160584,2.3138686131386863,0.1122050585639111
ukbwyx,2000,0.9216867469879518,2.6867469879518073,0.14079574110395066
ukbwyx,2200,0.905982905982906,3.034188034188034,0.16457960644007155
ukbwyx,2400,0.8409090909090909,3.3636363636363638,0.2373150105708245
ukbwyx,2600,0.7857142857142857,4.261904761904762,0.3133997785160576
ukbwyx,2800,0.71875,4.59375,0.38808139534883723
ukbwyx,3000,0.75,5.166666666666667,0.3701550387596899
ukbwyx,3200,1.0,2.6666666666666665,0.06201550387596899
ukbwyx,3400,1.0,5.0,0.11627906976744186
umbrella-leaf,800,1.0,1.6407766990291262,0.038157597651840146
umbrella-leaf,1000,0.98,1.62,0.05767441860465118
umbrella-leaf,1200,1.0,2.1777777777777776,0.05064599483204134
umbrella-leaf,1400,1.0,2.04,0.04744186046511628
umbrella-leaf,1600,1.0,1.9636363636363636,0.04566596194503171
umbrella-leaf,1800,0.9692307692307692,2.2153846153846155,0.08228980322003579
umbrella-leaf,2000,1.0,2.0123456790123457,0.04679873672121734
umbrella-leaf,2200,0.9887640449438202,2.202247191011236,0.06245100600992948
umbrella-leaf,2400,0.96,2.36,0.09488372093023259
umbrella-leaf,2600,1.0,2.689814814814815,0.06255383290267011
umbrella-leaf,2800,0.9935064935064936,2.675324675324675,0.06871035940803377
umbrella-leaf,3000,0.9615384615384616,2.4711538461538463,0.09593023255813951
umbrella-leaf,3200,0.9459459459459459,3.1621621621621623,0.12759270898805783
umbrella-leaf,3400,0.9473684210526315,2.8157894736842106,0.11811505507955943
umnov.max55,800,0.9859154929577465,1.5352112676056338,0.04978709466098917
umnov.max55,1000,0.8333333333333334,1.9666666666666666,0.21240310077519375
umnov.max55,1200,0.9444444444444444,1.8333333333333333,0.09819121447028425
umnov.max55,1400,0.9090909090909091,2.272727272727273,0.1437632135306554
umnov.max55,1600,1.0,2.0,0.046511627906976744
umnov.max55,1800,1.0,1.3333333333333333,0.031007751937984496
umnov.max55,2000,0.8,2.0,0.2465116279069767
umnov.max55,2200,0.4,2.8,0.6651162790697674
umnov.max55,2400,0.0,1.6666666666666667,1.0387596899224807
umnov.max55,3000,1.0,4.0,0.09302325581395349
under1oop,800,1.0,1.1290322580645162,0.026256564141035263
under1oop,1000,1.0,1.2,0.027906976744186046
under1oop,1200,0.9523809523809523,1.1904761904761905,0.07530454042081955
under1oop,1400,1.0,2.0714285714285716,0.04817275747508306
under1oop,1600,1.0,2.875,0.06686046511627906
under1oop,1800,1.0,2.5,0.05813953488372093
under1oop,2000,0.8888888888888888,2.611111111111111,0.17183462532299748
under1oop,2200,0.6923076923076923,2.4615384615384617,0.36493738819320215
under1oop,2400,0.6,2.0,0.44651162790697674
under1oop,2800,0.0,1.0,1.0232558139534884
urosk,800,0.9728506787330317,1.6153846153846154,0.06471640534568032
urosk,1000,0.9611650485436893,2.6310679611650487,0.100022578460149
urosk,1200,0.9903846153846154,2.625,0.07066189624329156
urosk,1400,0.9262295081967213,3.2868852459016393,0.15020968356843306
urosk,1600,0.9292929292929293,3.2323232323232323,0.14587737843551798
urosk,1800,0.8484848484848485,3.3636363636363638,0.22973925299506692
urosk,2000,0.8641975308641975,3.6049382716049383,0.2196382428940569
urosk,2200,0.696969696969697,5.393939393939394,0.42847075405214935
urosk,2400,0.8979591836734694,5.336734693877551,0.22615092548647364
urosk,2600,0.6666666666666666,4.611111111111111,0.4405684754521964
urosk,2800,1.0,13.88888888888889,0.32299741602067183
urosk,3000,1.0,15.5,0.36046511627906974
urosk,3200,1.0,2.0,0.046511627906976744
urosk,3400,1.0,7.5,0.1744186046511628
va1bh3v,800,0.967741935483871,1.032258064516129,0.0562640660165041
va1bh3v,1000,0.9523809523809523,1.1904761904761905,0.07530454042081955
va1bh3v,1200,0.9615384615384616,1.0769230769230769,0.06350626118067976
va1bh3v,1400,1.0,1.0952380952380953,0.025470653377630124
va1bh3v,1600,0.9,1.2666666666666666,0.12945736434108523
va1bh3v,1800,0.9736842105263158,1.368421052631579,0.0581395348837209
va1bh3v,2000,0.9333333333333333,1.4,0.09922480620155037
va1bh3v,2200,0.8461538461538461,1.7692307692307692,0.19499105545617174
va1bh3v,2400,0.85,1.7,0.18953488372093025
va1bh3v,2600,0.5384615384615384,1.6923076923076923,0.5008944543828265
va1bh3v,2800,0.6,2.9,0.46744186046511627
va1bh3v,3000,0.6666666666666666,3.3333333333333335,0.41085271317829464
va1bh3v,3200,0.3333333333333333,3.3333333333333335,0.744186046511628
va1bh3v,3400,0.5,2.0,0.5465116279069767
vako_P,800,1.0,1.2367491166077738,0.028761607362971484
vako_P,1000,1.0,1.4453781512605042,0.03361344537815126
vako_P,1200,1.0,1.953125,0.045421511627906974
vako_P,1400,1.0,2.0683760683760686,0.04810176903200159
vako_P,1600,0.9758064516129032,2.096774193548387,0.07295573893473366
vako_P,1800,0.990990990990991,2.234234234234234,0.06096794468887494
vako_P,2000,0.9733333333333334,2.36,0.08155038759689917
vako_P,2200,0.9425287356321839,2.9655172413793105,0.12643678160919544
vako_P,2400,0.8461538461538461,3.2115384615384617,0.2285330948121646
vako_P,2600,0.8571428571428571,4.892857142857143,0.2566445182724253
vako_P,2800,1.0,2.6,0.06046511627906977
vako_P,3000,1.0,2.5,0.05813953488372093
vako_P,3200,0.0,1.0,1.0232558139534884
valavshonok,800,1.0,1.514346439957492,0.03521735906877888
valavshonok,1000,0.9959100204498977,1.5685071574642127,0.04056689018880488
valavshonok,1200,0.9928571428571429,1.7833333333333334,0.048615725359911384
valavshonok,1400,0.9863636363636363,2.043181818181818,0.061152219873150136
valavshonok,1600,0.9897330595482546,1.9938398357289528,0.05663530872451171
valavshonok,1800,0.9754601226993865,2.331288343558282,0.07875588529034096
valavshonok,2000,0.9962264150943396,2.550943396226415,0.06309784993418166
valavshonok,2200,0.9661016949152542,2.3220338983050848,0.08789909341742216
valavshonok,2400,0.9133858267716536,2.905511811023622,0.15418421534517485
valavshonok,2600,0.9302325581395349,3.6744186046511627,0.15521903731746892
valavshonok,2800,0.875,2.5833333333333335,0.18507751937984496
valavshonok,3000,0.75,5.375,0.375
valavshonok,3200,1.0,3.0,0.06976744186046512
valavshonok,3400,1.0,10.0,0.23255813953488372
variance,800,1.0,1.1323529411764706,0.026333789329685362
variance,1000,0.9903846153846154,1.3269230769230769,0.04047406082289799
variance,1200,0.9565217391304348,1.3804347826086956,0.07558139534883718
variance,1400,0.9545454545454546,1.7727272727272727,0.0866807610993657
variance,1600,0.9333333333333333,1.6666666666666667,0.10542635658914727
variance,1800,0.8867924528301887,1.830188679245283,0.1557700745941202
variance,2000,0.9111111111111111,2.1555555555555554,0.13901808785529718
variance,2200,0.8823529411764706,2.4411764705882355,0.17441860465116282
variance,2400,0.868421052631579,2.789473684210526,0.19645042839657278
variance,2600,0.8,1.8,0.241860465116279
variance,2800,0.8333333333333334,1.1666666666666667,0.19379844961240306
variance,3000,1.0,5.0,0.11627906976744186
vegemite,800,0.9924812030075187,1.3834586466165413,0.03969225389054036
vegemite,1000,0.95,1.8,0.09186046511627911
vegemite,1200,0.9,1.5666666666666667,0.13643410852713175
vegemite,1400,0.9310344827586207,1.6551724137931034,0.10745789895749802
vegemite,1600,0.9428571428571428,2.1714285714285713,0.10764119601328906
vegemite,1800,0.9230769230769231,2.0256410256410255,0.12403100775193793
vegemite,2000,0.8918918918918919,1.9189189189189189,0.15273412947831552
vegemite,2200,0.8461538461538461,2.076923076923077,0.20214669051878356
vegemite,2400,0.8928571428571429,3.107142857142857,0.17940199335548168
vegemite,2600,1.0,1.5714285714285714,0.03654485049833887
vegemite,2800,1.0,1.5,0.03488372093023256
vid,800,1.0,1.224,0.028465116279069766
vid,1000,0.971830985915493,1.4225352112676057,0.06125122830003272
vid,1200,0.9711538461538461,1.7115384615384615,0.06864937388193203
vid,1400,0.972972972972973,1.8738738738738738,0.07060548921014032
vid,1600,0.9908256880733946,2.110091743119266,0.05824621292937907
vid,1800,0.9705882352941176,2.1176470588235294,0.0786593707250342
vid,2000,0.9873417721518988,2.3797468354430378,0.06800117750956722
vid,2200,0.8947368421052632,2.289473684210526,0.15850673194614442
vid,2400,0.8461538461538461,2.230769230769231,0.20572450805008946
vid,2600,1.0,2.0,0.046511627906976744
vid,3000,1.0,4.0,0.09302325581395349
wabca,800,1.0,1.2077922077922079,0.028088190878888555
wabca,1000,1.0,1.65625,0.038517441860465115
wabca,1200,1.0,1.5294117647058822,0.03556771545827633
wabca,1400,1.0,1.5714285714285714,0.03654485049833887
wabca,1600,1.0,2.0625,0.04796511627906977
wabca,1800,1.0,1.9090909090909092,0.04439746300211417
wabca,2000,1.0,2.1515151515151514,0.05003523608174771
wabca,2200,0.9814814814814815,2.037037037037037,0.06589147286821703
wabca,2400,1.0,2.019607843137255,0.04696762425900593
wabca,2600,1.0,1.8333333333333333,0.04263565891472868
wabca,2800,0.9473684210526315,2.9473684210526314,0.12117503059975525
wabca,3000,1.0,3.066666666666667,0.07131782945736434
wabca,3200,1.0,1.375,0.03197674418604651
wabca,3400,1.0,2.5,0.05813953488372093
wamachine_,800,0.7777777777777778,1.0,0.24547803617571057
wamachine_,1000,1.0,1.0,0.023255813953488372
wamachine_,1200,0.6666666666666666,1.0,0.35658914728682173
wamachine_,1400,1.0,2.0,0.046511627906976744
wamachine_,1600,1.0,1.0,0.023255813953488372
wamachine_,1800,1.0,1.0,0.023255813953488372
wamachine_,2000,0.0,1.5,1.0348837209302326
wamachine_,2200,0.25,1.5,0.7848837209302325
wamachine_,2400,1.0,2.0,0.046511627906976744
wamachine_,2600,0.0,1.0,1.0232558139534884
wangzeyu2013,800,0.9152542372881356,1.728813559322034,0.12495072920772565
wangzeyu2013,1000,0.8666666666666667,2.066666666666667,0.18139534883720929
wangzeyu2013,1200,0.8,2.64,0.2613953488372093
wangzeyu2013,1400,0.7241379310344828,3.2758620689655173,0.3520449077786688
wangzeyu2013,1600,0.7619047619047619,2.0,0.28460686600221485
wangzeyu2013,1800,0.6875,1.9375,0.3575581395348837
wangzeyu2013,2000,0.5555555555555556,2.111111111111111,0.49354005167958653
wangzeyu2013,2200,0.75,3.125,0.3226744186046512
wangzeyu2013,2400,0.6666666666666666,3.3333333333333335,0.41085271317829464
wangzeyu2013,2600,0.0,2.0,1.0465116279069768
waste_f,800,1.0,1.25,0.029069767441860465
waste_f,1000,1.0,2.033333333333333,0.047286821705426356
waste_f,1200,0.9655172413793104,2.310344827586207,0.08821170809943861
waste_f,1400,1.0,2.2222222222222223,0.0516795865633075
waste_f,1600,1.0,1.9130434782608696,0.04448938321536906
waste_f,1800,0.9655172413793104,3.6551724137931036,0.11948676824378504
waste_f,2000,1.0,3.2083333333333335,0.0746124031007752
waste_f,2200,0.9545454545454546,3.090909090909091,0.1173361522198731
waste_f,2400,0.9375,3.9375,0.15406976744186046
waste_f,2600,0.7142857142857143,5.714285714285714,0.41860465116279066
waste_f,2800,0.8,4.6,0.3069767441860465
waste_f,3000,1.0,6.0,0.13953488372093023
waste_f,3200,1.0,2.0,0.046511627906976744
weirdflexbutok,800,0.9859437751004017,1.3694779116465863,0.045904548426263146
weirdflexbutok,1000,0.9745762711864406,1.7076271186440677,0.06513598738667722
weirdflexbutok,1200,0.946360153256705,2.0153256704980844,0.10050788559208769
weirdflexbutok,1400,0.9728813559322034,2.0338983050847457,0.0744186046511628
weirdflexbutok,1600,0.9405940594059405,2.541254125412541,0.11850487374318833
weirdflexbutok,1800,0.9265734265734266,3.2797202797202796,0.14969913807123109
weirdflexbutok,2000,0.8947368421052632,3.6608187134502925,0.1903984768121855
weirdflexbutok,2200,0.9014084507042254,4.056338028169014,0.1929249918113331
weirdflexbutok,2400,0.8915094339622641,4.033018867924528,0.202281702501097
weirdflexbutok,2600,0.8631578947368421,3.557894736842105,0.21958384332925335
weirdflexbutok,2800,0.5263157894736842,3.8421052631578947,0.5630354957160343
weirdflexbutok,3000,0.5789473684210527,6.473684210526316,0.5716034271725826
weirdflexbutok,3200,0.3333333333333333,3.6666666666666665,0.7519379844961241
weirdflexbutok,3400,0.5,7.0,0.6627906976744187
wenqizhi,800,1.0,1.1079545454545454,0.025766384778012685
wenqizhi,1000,1.0,1.1791044776119404,0.02742103436306838
wenqizhi,1200,1.0,1.5,0.03488372093023256
wenqizhi,1400,1.0,1.55,0.03604651162790698
wenqizhi,1600,1.0,1.8644067796610169,0.043358297201419
wenqizhi,1800,0.9904761904761905,1.8285714285714285,0.05204872646733108
wenqizhi,2000,0.991304347826087,2.0956521739130434,0.05743174924165819
wenqizhi,2200,0.9769230769230769,2.6846153846153844,0.08550983899821112
wenqizhi,2400,0.9779411764705882,2.1691176470588234,0.07250341997264025
wenqizhi,2600,1.0,2.8076923076923075,0.06529516994633273
wenqizhi,2800,0.9821428571428571,2.732142857142857,0.08139534883720935
wenqizhi,3000,0.9615384615384616,4.538461538461538,0.14400715563506258
wenqizhi,3200,1.0,2.5,0.05813953488372093
wenqizhi,3400,1.0,1.8333333333333333,0.04263565891472868
wind_cross,800,0.9866666666666667,1.6266666666666667,0.0511627906976744
wind_cross,1000,0.9655172413793104,1.9310344827586208,0.07939053728949474
wind_cross,1200,1.0,2.0,0.046511627906976744
wind_cross,1400,0.9841269841269841,2.365079365079365,0.07087486157253604
wind_cross,1600,0.9382716049382716,2.308641975308642,0.11541774332472013
wind_cross,1800,0.9259259259259259,3.691358024691358,0.15991960953201262
wind_cross,2000,0.921875,3.234375,0.15334302325581395
wind_cross,2200,0.9285714285714286,3.8214285714285716,0.1602990033222591
wind_cross,2400,0.890625,3.875,0.19949127906976744
wind_cross,2600,0.9,3.1333333333333333,0.17286821705426353
wind_cross,2800,0.6923076923076923,5.884615384615385,0.4445438282647585
wind_cross,3000,0.8333333333333334,2.6666666666666665,0.22868217054263562
wind_cross,3200,0.6,4.8,0.5116279069767442
wind_cross,3400,0.9090909090909091,3.909090909090909,0.18181818181818185
wjyhz,800,0.9888888888888889,1.1666666666666667,0.03824289405684751
wjyhz,1000,0.9714285714285714,1.5142857142857142,0.0637873754152824
wjyhz,1200,0.8181818181818182,1.5454545454545454,0.2177589852008456
wjyhz,1400,0.6875,2.4375,0.3691860465116279
wjyhz,1600,0.9615384615384616,1.5,0.073345259391771
wjyhz,1800,0.7894736842105263,1.9473684210526316,0.2558139534883721
wjyhz,2000,0.8181818181818182,2.0,0.2283298097251585
wjyhz,2200,0.875,1.875,0.1686046511627907
wjyhz,2400,1.0,2.0,0.046511627906976744
wjyhz,2600,0.0,1.0,1.0232558139534884
wjyhz,3400,0.0,1.0,1.0232558139534884
wuyuetong,800,0.9668874172185431,1.8013245033112584,0.07500385030032337
wuyuetong,1000,0.8983050847457628,2.135593220338983,0.15135987386677174
wuyuetong,1200,0.8363636363636363,2.418181818181818,0.2198731501057083
wuyuetong,1400,0.9047619047619048,2.357142857142857,0.15005537098560354
wuyuetong,1600,0.9032258064516129,2.4516129032258065,0.15378844711177797
wuyuetong,1800,0.7804878048780488,1.8048780487804879,0.2614861032331253
wuyuetong,2000,0.9354838709677419,2.096774193548387,0.11327831957989502
wuyuetong,2200,0.6956521739130435,2.217391304347826,0.3559150657229525
wuyuetong,2400,0.6666666666666666,2.111111111111111,0.3824289405684755
wuyuetong,2600,0.75,2.25,0.3023255813953488
wuyuetong,2800,0.5,1.5,0.5348837209302325
wuyuetong,3000,0.5,1.0,0.5232558139534884
www.com,800,1.0,1.411764705882353,0.03283173734610123
www.com,1000,0.9886363636363636,1.6022727272727273,0.04862579281183931
www.com,1200,1.0,2.074468085106383,0.04824344383968332
www.com,1400,1.0,2.8181818181818183,0.06553911205073996
www.com,1600,0.9238095238095239,3.466666666666667,0.15681063122923583
www.com,1800,0.9292035398230089,4.725663716814159,0.1806956163819716
www.com,2000,0.9565217391304348,4.939130434782609,0.15834175935288167
www.com,2200,0.8507462686567164,5.432835820895522,0.2755987504338771
www.com,2400,0.9454545454545454,7.745454545454545,0.23467230443974632
www.com,2600,0.9166666666666666,6.222222222222222,0.22803617571059434
www.com,2800,0.9333333333333333,8.066666666666666,0.2542635658914728
www.com,3000,0.6666666666666666,17.0,0.7286821705426356
www.com,3200,1.0,8.0,0.18604651162790697
www.com,3400,0.5,7.5,0.6744186046511628
www_bilibili_com,800,1.0,1.3392857142857142,0.031146179401993355
www_bilibili_com,1000,1.0,1.375,0.03197674418604651
www_bilibili_com,1200,0.9743589743589743,1.564102564102564,0.06201550387596901
www_bilibili_com,1400,1.0,1.7241379310344827,0.040096230954290296
www_bilibili_com,1600,1.0,1.8928571428571428,0.04401993355481727
www_bilibili_com,1800,0.9482758620689655,2.9310344827586206,0.11988773055332798
www_bilibili_com,2000,0.9743589743589743,3.0,0.09540846750149078
www_bilibili_com,2200,0.925,2.35,0.12965116279069763
www_bilibili_com,2400,0.9787234042553191,2.872340425531915,0.08807521029193471
www_bilibili_com,2600,1.0,3.3461538461538463,0.0778175313059034
www_bilibili_com,2800,0.6666666666666666,5.888888888888889,0.47028423772609823
www_bilibili_com,3000,0.75,4.125,0.34593023255813954
www_bilibili_com,3200,1.0,3.5,0.08139534883720931
www_bilibili_com,3400,0.6666666666666666,3.6666666666666665,0.4186046511627907
x3x3,800,1.0,1.1596638655462186,0.026968927105726015
x3x3,1000,1.0,1.4545454545454546,0.03382663847780127
x3x3,1200,0.9926470588235294,1.588235294117647,0.04428864569083445
x3x3,1400,0.9901960784313726,2.0686274509803924,0.05791153670770631
x3x3,1600,0.9834710743801653,2.446280991735537,0.07341918124159133
x3x3,1800,0.9483870967741935,2.5806451612903225,0.11162790697674421
x3x3,2000,0.9292035398230089,2.7964601769911503,0.1358304177814365
x3x3,2200,0.975609756097561,2.203252032520325,0.07562866326337683
x3x3,2400,0.9607843137254902,2.7908496732026142,0.10411916704666359
x3x3,2600,0.9894736842105263,2.8,0.07564259485924116
x3x3,2800,0.921875,3.046875,0.14898255813953487
x3x3,3000,0.8888888888888888,4.666666666666667,0.21963824289405692
xiaoxiaobaozi,800,1.0,1.2167832167832169,0.0282972841112376
xiaoxiaobaozi,1000,0.9878048780487805,1.475609756097561,0.04651162790697676
xiaoxiaobaozi,1200,0.9538461538461539,1.6307692307692307,0.08407871198568867
xiaoxiaobaozi,1400,0.9714285714285714,1.6714285714285715,0.0674418604651163
xiaoxiaobaozi,1600,0.9438202247191011,1.853932584269663,0.09929448654298409
xiaoxiaobaozi,1800,0.9682539682539683,2.0952380952380953,0.08047249907715023
xiaoxiaobaozi,2000,0.9666666666666667,2.3666666666666667,0.0883720930232558
xiaoxiaobaozi,2200,0.9827586206896551,2.310344827586207,0.07097032878909386
xiaoxiaobaozi,2400,0.9130434782608695,2.5869565217391304,0.1471183013144591
xiaoxiaobaozi,2600,1.0,2.6153846153846154,0.06082289803220036
xiaoxiaobaozi,2800,0.875,4.375,0.22674418604651164
xiaoxiaobaozi,3000,0.75,5.5,0.37790697674418605
xiaoxiaobaozi,3200,1.0,3.5,0.08139534883720931
xiaoxiaobaozi,3400,1.0,4.0,0.09302325581395349
xiaoyezi2007,800,1.0,1.2076923076923076,0.02808586762075134
xiaoyezi2007,1000,0.9622641509433962,1.4150943396226414,0.07064501974550241
xiaoyezi2007,1200,0.9583333333333334,1.5416666666666667,0.07751937984496121
xiaoyezi2007,1400,1.0,1.5151515151515151,0.035236081747709654
xiaoyezi2007,1600,0.9024390243902439,1.975609756097561,0.1435053885422575
xiaoyezi2007,1800,0.9629629629629629,2.259259259259259,0.08957795004306637
xiaoyezi2007,2000,0.8888888888888888,2.111111111111111,0.16020671834625327
xiaoyezi2007,2200,0.8888888888888888,2.7777777777777777,0.17571059431524552
xiaoyezi2007,2400,1.0,1.7272727272727273,0.04016913319238901
xiaoyezi2007,2600,1.0,1.25,0.029069767441860465
xiaoyezi2007,2800,0.75,2.5,0.3081395348837209
xiaoyezi2007,3000,1.0,1.5,0.03488372093023256
xiaoyezi2007,3400,1.0,2.0,0.046511627906976744
xly_tyty,800,0.984251968503937,1.1732283464566928,0.04303241164621861
xly_tyty,1000,1.0,1.2698412698412698,0.029531192321889995
xly_tyty,1200,0.9682539682539683,1.4761904761904763,0.06607604282022886
xly_tyty,1400,0.9473684210526315,1.543859649122807,0.0885352917176663
xly_tyty,1600,0.9558823529411765,1.7352941176470589,0.08447332421340625
xly_tyty,1800,0.970873786407767,2.2815533980582523,0.08218559494242492
xly_tyty,2000,0.9375,2.1875,0.11337209302325582
xly_tyty,2200,0.9771428571428571,2.3657142857142857,0.07787375415282397
xly_tyty,2400,0.9707602339181286,2.3859649122807016,0.08472732218142259
xly_tyty,2600,0.9777777777777777,2.8666666666666667,0.08888888888888892
xly_tyty,2800,1.0,2.234042553191489,0.05195447798119742
xly_tyty,3000,0.9230769230769231,2.076923076923077,0.12522361359570658
xly_tyty,3200,1.0,4.8,0.11162790697674418
xyyjy,800,1.0,1.5454545454545454,0.035940803382663845
xyyjy,1000,1.0,1.0,0.023255813953488372
xyyjy,1200,1.0,1.3333333333333333,0.031007751937984496
xyyjy,1400,0.25,2.0,0.7965116279069767
xyyjy,1800,1.0,2.0,0.046511627906976744
xyyjy,2000,0.75,1.25,0.27906976744186046
xyyjy,2200,1.0,1.0,0.023255813953488372
xyyjy,2400,0.0,1.0,1.0232558139534884
xyyjy,2600,0.3333333333333333,2.3333333333333335,0.7209302325581396
ya_ssh,800,0.9642857142857143,1.1785714285714286,0.06312292358803985
ya_ssh,1000,0.9473684210526315,1.5263157894736843,0.08812729498164021
ya_ssh,1200,0.972972972972973,1.2972972972972974,0.05719673161533621
ya_ssh,1400,1.0,1.2380952380952381,0.028792912513842746
ya_ssh,1600,0.9655172413793104,1.1724137931034482,0.061748195669607014
ya_ssh,1800,1.0,1.2857142857142858,0.029900332225913623
ya_ssh,2000,0.9166666666666666,1.5416666666666667,0.11918604651162795
ya_ssh,2200,0.9375,2.125,0.1119186046511628
ya_ssh,2400,1.0,1.6428571428571428,0.03820598006644518
ya_ssh,2600,0.8,1.6,0.23720930232558135
ya_ssh,2800,1.0,2.3333333333333335,0.054263565891472874
ya_ssh,3000,1.0,7.333333333333333,0.17054263565891473
yanb0,800,1.0,1.0909090909090908,0.02536997885835095
yanb0,1000,0.8,1.1333333333333333,0.2263565891472868
yanb0,1200,1.0,1.4583333333333333,0.03391472868217054
yanb0,1400,0.8888888888888888,1.3333333333333333,0.14211886304909566
yanb0,1600,0.7142857142857143,1.7857142857142858,0.3272425249169435
yanb0,1800,0.8888888888888888,2.4444444444444446,0.1679586563307494
yanb0,2000,0.8666666666666667,1.6666666666666667,0.17209302325581394
yanb0,2200,0.7,2.1,0.34883720930232565
yanb0,2400,0.8,1.6,0.23720930232558135
yanb0,2600,0.5,6.0,0.6395348837209303
yanchengzhi,800,0.9705882352941176,1.6470588235294117,0.0677154582763338
yanchengzhi,1000,0.972972972972973,2.3513513513513513,0.08170961659333748
yanchengzhi,1200,0.9705882352941176,1.7941176470588236,0.07113543091655267
yanchengzhi,1400,1.0,1.9230769230769231,0.044722719141323794
yanchengzhi,1600,1.0,2.0517241379310347,0.04771451483560546
yanchengzhi,1800,1.0,2.5396825396825395,0.05906238464377999
yanchengzhi,2000,1.0,2.2698412698412698,0.05278700627537836
yanchengzhi,2200,0.9836065573770492,2.5901639344262297,0.07662981319100269
yanchengzhi,2400,1.0,2.7204301075268815,0.06326581645411353
yanchengzhi,2600,1.0,2.8289473684210527,0.06578947368421052
yanchengzhi,2800,1.0,3.0416666666666665,0.07073643410852713
yanchengzhi,3000,0.9882352941176471,4.517647058823529,0.11682626538987684
yanchengzhi,3200,1.0,4.296296296296297,0.09991386735572783
yanchengzhi,3400,1.0,5.3076923076923075,0.12343470483005366
yang114514,800,1.0,1.423728813559322,0.03310997240835633
yang114514,1000,1.0,1.608695652173913,0.03741152679474216
yang114514,1200,1.0,1.7037037037037037,0.03962101636520241
yang114514,1400,1.0,1.96,0.045581395348837206
yang114514,1600,0.9666666666666667,2.3,0.08682170542635659
yang114514,1800,1.0,2.7,0.06279069767441861
yang114514,2000,0.8620689655172413,2.689655172413793,0.20048115477145154
yang114514,2200,0.9090909090909091,1.9393939393939394,0.1360112755461593
yang114514,2400,1.0,3.0952380952380953,0.07198228128460687
yang114514,2600,0.8333333333333334,4.666666666666667,0.2751937984496124
yang114514,2800,1.0,3.6,0.08372093023255814
yang114514,3000,0.6666666666666666,6.0,0.47286821705426363
yang114514,3200,1.0,1.0,0.023255813953488372
yangchang,800,0.9629629629629629,1.1481481481481481,0.06373815676141263
yangchang,1000,1.0,1.2,0.027906976744186046
yangchang,1200,1.0,1.2142857142857142,0.028239202657807307
yangchang,1400,1.0,1.3636363636363635,0.03171247357293869
yangchang,1600,0.9411764705882353,2.1176470588235294,0.10807113543091657
yangchang,1800,1.0,2.0,0.046511627906976744
yangchang,2000,0.9090909090909091,3.090909090909091,0.16279069767441862
yangchang,2200,0.9538461538461539,2.8,0.11127012522361354
yangchang,2400,0.9583333333333334,3.8472222222222223,0.13113695090439273
yangchang,2600,0.9411764705882353,3.588235294117647,0.14227086183310533
yangchang,2800,0.9111111111111111,4.555555555555555,0.19483204134366927
yangchang,3000,0.9210526315789473,4.368421052631579,0.18053855569155447
yangchang,3200,0.9111111111111111,4.066666666666666,0.18346253229974163
yangchang,3400,0.8823529411764706,5.0588235294117645,0.23529411764705885
yarolox,800,1.0,1.25,0.029069767441860465
yarolox,1000,1.0,1.0,0.023255813953488372
yarolox,1200,1.0,1.5,0.03488372093023256
yarolox,1400,0.6666666666666666,1.6666666666666667,0.372093023255814
yarolox,1800,1.0,1.3333333333333333,0.031007751937984496
yarolox,2000,1.0,1.3333333333333333,0.031007751937984496
yarolox,2200,1.0,2.0,0.046511627906976744
yarolox,2400,0.0,1.0,1.0232558139534884
yarolox,2600,1.0,1.0,0.023255813953488372
yjx120921,800,1.0,1.2307692307692308,0.028622540250447227
yjx120921,1000,0.9565217391304348,1.4782608695652173,0.07785642062689582
yjx120921,1200,1.0,1.3783783783783783,0.03205531112507856
yjx120921,1400,1.0,1.8,0.04186046511627907
yjx120921,1600,0.9714285714285714,1.8857142857142857,0.07242524916943523
yjx120921,1800,0.9574468085106383,2.425531914893617,0.098960910440376
yjx120921,2000,1.0,2.5526315789473686,0.05936352509179927
yjx120921,2200,0.9782608695652174,2.0869565217391304,0.07027300303336703
yjx120921,2400,0.9264705882352942,2.7058823529411766,0.1364569083447332
yjx120921,2600,0.9615384615384616,3.2115384615384617,0.11314847942754917
yjx120921,2800,0.9523809523809523,2.4761904761904763,0.10520487264673317
yjx120921,3000,0.9743589743589743,3.051282051282051,0.09660107334525941
yjx120921,3200,1.0,3.1904761904761907,0.07419712070874862
yjx120921,3400,0.9090909090909091,4.090909090909091,0.186046511627907
ym_fan,800,1.0,1.0769230769230769,0.02504472271914132
ym_fan,1000,1.0,1.0,0.023255813953488372
ym_fan,1200,1.0,1.0,0.023255813953488372
ym_fan,1400,1.0,1.0,0.023255813953488372
ym_fan,1600,1.0,1.0,0.023255813953488372
ym_fan,1800,1.0,1.2,0.027906976744186046
ym_fan,2000,1.0,1.0,0.023255813953488372
ym_fan,2200,0.8333333333333334,1.6666666666666667,0.20542635658914726
ym_fan,2400,1.0,1.0,0.023255813953488372
ym_fan,2800,1.0,1.0,0.023255813953488372
yuki_neko,800,1.0,1.125,0.02616279069767442
yuki_neko,1000,1.0,1.0,0.023255813953488372
yuki_neko,1200,1.0,2.0,0.046511627906976744
yuki_neko,1400,1.0,2.0,0.046511627906976744
yuki_neko,1600,1.0,1.0,0.023255813953488372
yuki_neko,1800,1.0,4.0,0.09302325581395349
yuki_neko,2000,1.0,2.5,0.05813953488372093
yuki_neko,2200,1.0,1.0,0.023255813953488372
yunz_qiao,800,0.9507042253521126,1.5422535211267605,0.08516213560432366
yunz_qiao,1000,0.9310344827586207,2.103448275862069,0.1178829190056135
yunz_qiao,1200,0.9772727272727273,3.034090909090909,0.0932875264270613
yunz_qiao,1400,1.0,2.7023809523809526,0.06284606866002215
yunz_qiao,1600,0.9819819819819819,4.621621621621622,0.12549759061386973
yunz_qiao,1800,0.9846153846153847,4.338461538461538,0.1162790697674418
yunz_qiao,2000,0.896551724137931,4.551724137931035,0.20930232558139533
yunz_qiao,2200,0.75,3.5,0.33139534883720934
yunz_qiao,2400,0.625,4.0,0.4680232558139535
yunz_qiao,2600,1.0,2.0,0.046511627906976744
yunz_qiao,2800,1.0,1.0,0.023255813953488372
yutabi,800,0.990909090909091,1.3454545454545455,0.04038054968287521
yutabi,1000,1.0,1.2291666666666667,0.02858527131782946
yutabi,1200,1.0,1.471698113207547,0.03422553751645458
yutabi,1400,0.9782608695652174,1.565217391304348,0.058139534883720916
yutabi,1600,0.9444444444444444,1.7037037037037037,0.09517657192075799
yutabi,1800,0.9148936170212766,1.7234042553191489,0.1251855517070757
yutabi,2000,0.8780487804878049,2.073170731707317,0.17016449234259784
yutabi,2200,0.8518518518518519,1.5925925925925926,0.18518518518518517
yutabi,2400,0.7916666666666666,2.5833333333333335,0.2684108527131783
yutabi,2600,0.875,2.5,0.18313953488372092
yutabi,2800,0.6666666666666666,4.0,0.42635658914728686
yutabi,3000,1.0,1.0,0.023255813953488372
yutabi,3400,1.0,1.5,0.03488372093023256
yuto1115,800,1.0,1.1495327102803738,0.026733318843729623
yuto1115,1000,1.0,1.2586206896551724,0.029270248596631916
yuto1115,1200,1.0,1.2823529411764707,0.02982216142270862
yuto1115,1400,0.9777777777777777,1.2666666666666666,0.051679586563307525
yuto1115,1600,0.9904761904761905,1.3142857142857143,0.040088593576965634
yuto1115,1800,0.9811320754716981,1.490566037735849,0.05353225098727511
yuto1115,2000,0.978494623655914,1.6236559139784945,0.05926481620405099
yuto1115,2200,0.9772727272727273,1.6818181818181819,0.06183932346723042
yuto1115,2400,0.9294117647058824,2.1058823529411765,0.11956224350205195
yuto1115,2600,0.9848484848484849,1.7424242424242424,0.055673009161381244
yuto1115,2800,0.8666666666666667,1.45,0.16705426356589143
yuto1115,3000,0.8604651162790697,3.186046511627907,0.21362898864250948
yuto1115,3200,0.7,2.45,0.3569767441860466
yuto1115,3400,0.6153846153846154,3.0,0.4543828264758497
zabiyakaubivaka,800,0.975609756097561,1.3414634146341464,0.055587067498581985
zabiyakaubivaka,1000,0.9841269841269841,1.619047619047619,0.053525286083425674
zabiyakaubivaka,1200,0.9827586206896551,1.5,0.05212510024057742
zabiyakaubivaka,1400,0.9411764705882353,1.9019607843137254,0.10305517555859554
zabiyakaubivaka,1600,0.9411764705882353,1.8431372549019607,0.10168718650250799
zabiyakaubivaka,1800,0.8461538461538461,2.7435897435897436,0.2176505664877758
zabiyakaubivaka,2000,0.875,3.7083333333333335,0.21124031007751937
zabiyakaubivaka,2200,0.7647058823529411,2.1176470588235294,0.2845417236662107
zabiyakaubivaka,2400,0.3333333333333333,4.222222222222222,0.764857881136951
zabiyakaubivaka,2600,0.3333333333333333,3.3333333333333335,0.744186046511628
zabiyakaubivaka,2800,0.5,1.5,0.5348837209302325
zabiyakaubivaka,3000,0.0,5.0,1.1162790697674418
zacharychao,800,0.9664804469273743,1.2886405959031657,0.06348793902386207
zacharychao,1000,0.9491525423728814,1.7932203389830508,0.0925502562081198
zacharychao,1200,0.9254237288135593,1.694915254237288,0.11399290500591254
zacharychao,1400,0.9017857142857143,1.7857142857142858,0.1397425249169435
zacharychao,1600,0.9378238341968912,1.8082901554404145,0.10422942523195566
zacharychao,1800,0.9393939393939394,1.8333333333333333,0.10324171952078923
zacharychao,2000,0.8951612903225806,2.153225806451613,0.15491372843210804
zacharychao,2200,0.9142857142857143,2.4571428571428573,0.1428571428571429
zacharychao,2400,0.8504672897196262,2.8878504672897196,0.21669202347315802
zacharychao,2600,0.8461538461538461,2.1538461538461537,0.2039355992844365
zacharychao,2800,0.8421052631578947,2.526315789473684,0.2166462668298654
zacharychao,3000,0.8571428571428571,8.142857142857142,0.3322259136212625
zacharychao,3200,1.0,1.3333333333333333,0.031007751937984496
zacharychao,3400,1.0,3.0,0.06976744186046512
zakI98,800,0.9323308270676691,2.1353383458646618,0.11732820423150905
zakI98,1000,0.8775510204081632,2.163265306122449,0.1727574750830565
zakI98,1200,0.8904109589041096,3.095890410958904,0.18158649251353934
zakI98,1400,0.9180327868852459,3.721311475409836,0.16850934044986654
zakI98,1600,0.9573170731707317,3.6036585365853657,0.12648893930799776
zakI98,1800,0.9551282051282052,3.698717948717949,0.13088849135360758
zakI98,2000,0.9328859060402684,3.2885906040268456,0.14359294521616983
zakI98,2200,0.9560439560439561,2.791208791208791,0.10886787630973672
zakI98,2400,0.9166666666666666,3.9166666666666665,0.17441860465116282
zakI98,2600,0.8333333333333334,2.1666666666666665,0.21705426356589144
zakI98,2800,0.5,19.0,0.9418604651162791
zakI98,3000,0.0,1.5,1.0348837209302326
zakI98,3200,0.0,1.0,1.0232558139534884
zcz0263,800,1.0,1.2833333333333334,0.02984496124031008
zcz0263,1000,0.9523809523809523,1.5714285714285714,0.08416389811738653
zcz0263,1200,1.0,1.5,0.03488372093023256
zcz0263,1400,1.0,1.9230769230769231,0.044722719141323794
zcz0263,1600,0.9565217391304348,1.826086956521739,0.08594539939332657
zcz0263,1800,0.96,3.2,0.11441860465116283
zcz0263,2000,1.0,2.4705882352941178,0.057455540355677154
zcz0263,2200,0.9642857142857143,2.5714285714285716,0.09551495016611294
zcz0263,2400,1.0,3.76,0.08744186046511628
zcz0263,2600,0.8571428571428571,4.0,0.2358803986710964
zcz0263,2800,1.0,6.166666666666667,0.1434108527131783
zcz0263,3000,1.0,10.529411764705882,0.2448700410396717
zcz0263,3200,1.0,5.142857142857143,0.11960132890365449
zdc123456,800,0.9765625,1.26171875,0.05277979651162791
zdc123456,1000,0.9897959183673469,1.3877551020408163,0.042477456098718565
zdc123456,1200,0.9482758620689655,1.4396551724137931,0.08520449077786688
zdc123456,1400,0.9056603773584906,1.990566037735849,0.14063185607722684
zdc123456,1600,0.957983193277311,1.7394957983193278,0.08247019738127806
zdc123456,1800,0.9152542372881356,2.2033898305084745,0.13598738667717775
zdc123456,2000,0.9097222222222222,2.951388888888889,0.15891472868217055
zdc123456,2200,0.9473684210526315,2.5460526315789473,0.11184210526315794
zdc123456,2400,0.9105691056910569,2.5365853658536586,0.14842125165437706
zdc123456,2600,0.9224137931034483,2.706896551724138,0.1405372894947875
zdc123456,2800,0.9347826086956522,3.119565217391304,0.13776541961577346
zdc123456,3000,0.9615384615384616,3.141025641025641,0.1115086463923673
zdc123456,3200,0.9846153846153847,3.4461538461538463,0.09552772808586757
zdc123456,3400,0.9649122807017544,4.035087719298246,0.12892696858425134
zhangtianhan,800,1.0,1.2602739726027397,0.029308697037273016
zhangtianhan,1000,1.0,1.3478260869565217,0.03134479271991911
zhangtianhan,1200,1.0,1.527027027027027,0.035512256442489
zhangtianhan,1400,1.0,1.6808510638297873,0.03908955962394854
zhangtianhan,1600,0.9636363636363636,1.7818181818181817,0.07780126849894292
zhangtianhan,1800,0.9836065573770492,2.4262295081967213,0.07281738467403738
zhangtianhan,2000,0.8823529411764706,2.9705882352941178,0.18673050615595077
zhangtianhan,2200,0.8484848484848485,2.696969696969697,0.21423537702607467
zhangtianhan,2400,0.84,4.36,0.26139534883720933
zhangtianhan,2600,0.6666666666666666,1.6666666666666667,0.372093023255814
zhangtianhan,2800,0.25,4.25,0.8488372093023255
zhenghanyun2,800,1.0,1.1818181818181819,0.027484143763213533
zhenghanyun2,1000,0.9473684210526315,1.3157894736842106,0.08323133414932686
zhenghanyun2,1200,1.0,1.2105263157894737,0.028151774785801713
zhenghanyun2,1400,1.0,1.4375,0.03343023255813953
zhenghanyun2,1600,1.0,1.411764705882353,0.03283173734610123
zhenghanyun2,1800,1.0,1.5625,0.036337209302325583
zhenghanyun2,2000,0.9411764705882353,1.5294117647058822,0.09439124487004105
zhenghanyun2,2200,0.9473684210526315,2.026315789473684,0.09975520195838439
zhenghanyun2,2400,0.9724770642201835,2.165137614678899,0.07787497333048854
zhenghanyun2,2600,0.956989247311828,2.913978494623656,0.11077769442360587
zhenghanyun2,2800,0.9722222222222222,2.638888888888889,0.08914728682170545
zhenghanyun2,3000,1.0,2.5,0.05813953488372093
zhenghanyun2,3200,0.6666666666666666,2.0,0.3798449612403101
zhenghanyun2,3400,1.0,2.2857142857142856,0.05315614617940199
zhuchenyao,800,1.0,1.4482758620689655,0.03368083400160385
zhuchenyao,1000,1.0,1.3333333333333333,0.031007751937984496
zhuchenyao,1200,1.0,1.84,0.04279069767441861
zhuchenyao,1400,0.9743589743589743,2.8205128205128207,0.09123434704830057
zhuchenyao,1600,0.9285714285714286,2.380952380952381,0.12679955703211515
zhuchenyao,1800,0.9230769230769231,2.730769230769231,0.14042933810375666
zhuchenyao,2000,0.9180327868852459,2.9836065573770494,0.15135341212352266
zhuchenyao,2200,0.9411764705882353,4.294117647058823,0.15868673050615595
zhuchenyao,2400,0.9354838709677419,4.032258064516129,0.15828957239309832
zhuchenyao,2600,0.9318181818181818,5.295454545454546,0.19133192389006348
zhuchenyao,2800,0.9696969696969697,5.333333333333333,0.15433403805496826
zhuchenyao,3000,0.875,2.875,0.19186046511627908
zhuchenyao,3200,0.9,4.7,0.20930232558139533
zhuchenyao,3400,0.7777777777777778,4.0,0.3152454780361757
zhuzeyu,800,0.9636363636363636,1.309090909090909,0.06680761099365752
zhuzeyu,1000,0.9666666666666667,1.5333333333333334,0.0689922480620155
zhuzeyu,1200,0.9473684210526315,2.736842105263158,0.11627906976744191
zhuzeyu,1400,0.9411764705882353,2.0,0.10533515731874146
zhuzeyu,1600,0.875,2.5,0.18313953488372092
zhuzeyu,1800,0.9285714285714286,4.714285714285714,0.181063122923588
zhuzeyu,2000,0.75,3.75,0.3372093023255814
zhuzeyu,2200,0.9090909090909091,3.8181818181818183,0.17970401691331928
zhuzeyu,2400,0.4,5.4,0.7255813953488373
zhuzeyu,2600,1.0,1.3333333333333333,0.031007751937984496
zhuzeyu,3000,1.0,2.0,0.046511627906976744
zhy1206,800,0.9855072463768116,1.6594202898550725,0.05308392315470167
zhy1206,1000,0.96875,2.15625,0.08139534883720931
zhy1206,1200,1.0,2.2222222222222223,0.0516795865633075
zhy1206,1400,1.0,2.803921568627451,0.06520747834017328
zhy1206,1600,0.922077922077922,2.7012987012987013,0.1407429779522803
zhy1206,1800,0.9401709401709402,4.256410256410256,0.1588153448618565
zhy1206,2000,0.9754601226993865,5.049079754601227,0.14196033670994432
zhy1206,2200,0.972972972972973,5.102702702702703,0.14569453174104333
zhy1206,2400,0.9491525423728814,6.3559322033898304,0.19865983445013793
zhy1206,2600,0.8571428571428571,5.666666666666667,0.274640088593577
zhy1206,2800,1.0,7.277777777777778,0.16925064599483203
zhy1206,3000,0.9,6.1,0.24186046511627904
zhy1206,3200,0.8333333333333334,10.666666666666666,0.4147286821705426
zhy1206,3400,0.75,3.0,0.31976744186046513
zjwwjhy,800,1.0,1.1328125,0.026344476744186048
zjwwjhy,1000,0.9508196721311475,1.3278688524590163,0.08006099885627149
zjwwjhy,1200,1.0,1.4492753623188406,0.03370407819346141
zjwwjhy,1400,0.984375,1.8125,0.05777616279069767
zjwwjhy,1600,1.0,2.142857142857143,0.04983388704318937
zjwwjhy,1800,1.0,2.475609756097561,0.057572319909245606
zjwwjhy,2000,0.978021978021978,2.758241758241758,0.086123179146435
zjwwjhy,2200,0.9771428571428571,2.9085714285714284,0.09049833887043195
zjwwjhy,2400,0.9931972789115646,3.0884353741496597,0.07862679955703213
zjwwjhy,2600,0.8913043478260869,4.173913043478261,0.20576339737108196
zjwwjhy,2800,0.9411764705882353,3.411764705882353,0.1381668946648427
zjwwjhy,3000,0.5,4.0,0.5930232558139534
zltzlt,800,1.0,1.7766749379652604,0.04131802181314559
zltzlt,1000,0.9918478260869565,1.934782608695652,0.05314711830131444
zltzlt,1200,1.0,1.8933002481389578,0.04403023832881297
zltzlt,1400,1.0,2.1515151515151514,0.05003523608174771
zltzlt,1600,1.0,2.1666666666666665,0.050387596899224806
zltzlt,1800,0.9980988593155894,2.2661596958174903,0.054602528959235966
zltzlt,2000,1.0,2.4789356984478936,0.057649667405764965
zltzlt,2200,1.0,2.3680851063829786,0.05507174666006927
zltzlt,2400,0.9980694980694981,3.1216216216216215,0.07452635359612103
zltzlt,2600,1.0,3.1045197740112993,0.07219813427933254
zltzlt,2800,1.0,2.7941176470588234,0.06497948016415868
zltzlt,3000,1.0,3.4597701149425286,0.08045977011494253
zltzlt,3200,1.0,3.3120567375886525,0.07702457529275936
zltzlt,3400,1.0,3.6097560975609757,0.08394781622234827
zlxFTH,800,1.0,1.7259259259259259,0.040137812230835485
zlxFTH,1000,0.96875,1.796875,0.07303779069767441
zlxFTH,1200,1.0,2.017543859649123,0.04691962464300286
zlxFTH,1400,0.9848484848484849,2.242424242424242,0.06730091613812542
zlxFTH,1600,0.9879518072289156,2.0602409638554215,0.059960773325861624
zlxFTH,1800,0.9880952380952381,2.380952380952381,0.0672757475083056
zlxFTH,2000,0.975,2.225,0.07674418604651165
zlxFTH,2200,0.9710144927536232,2.6666666666666665,0.09100101112234582
zlxFTH,2400,0.9722222222222222,2.5694444444444446,0.0875322997416021
zlxFTH,2600,0.978494623655914,2.182795698924731,0.07226806701675417
zlxFTH,2800,0.9696969696969697,2.1363636363636362,0.0799859055673009
zlxFTH,3000,1.0,2.611111111111111,0.060723514211886306
zlxFTH,3200,0.9655172413793104,4.310344827586207,0.13472333600641537
zlxFTH,3400,0.9545454545454546,5.090909090909091,0.16384778012684986
zoutong,800,1.0,1.183673469387755,0.027527289985761746
zoutong,1000,1.0,1.4736842105263157,0.03427172582619339
zoutong,1200,1.0,1.84,0.04279069767441861
zoutong,1400,1.0,1.6666666666666667,0.03875968992248062
zoutong,1600,1.0,2.261904761904762,0.05260243632336656
zoutong,1800,0.9607843137254902,2.1372549019607843,0.0889192886456908
zoutong,2000,0.9714285714285714,2.2857142857142856,0.08172757475083056
zoutong,2200,1.0,2.8461538461538463,0.06618962432915922
zoutong,2400,0.8333333333333334,3.4166666666666665,0.2461240310077519
zoutong,2600,1.0,3.5,0.08139534883720931
zoutong,2800,0.8888888888888888,7.666666666666667,0.289405684754522
zoutong,3000,1.0,3.9166666666666665,0.09108527131782945
zoutong,3200,1.0,1.5,0.03488372093023256
zoutong,3400,1.0,2.0,0.046511627906976744
zsmihaly,800,0.9464285714285714,1.3035714285714286,0.0838870431893688
zsmihaly,1000,1.0,2.0,0.046511627906976744
zsmihaly,1200,0.9714285714285714,2.342857142857143,0.08305647840531563
zsmihaly,1400,0.9130434782608695,2.4347826086956523,0.14357937310414565
zsmihaly,1600,0.9210526315789473,2.6315789473684212,0.14014687882496943
zsmihaly,1800,0.8888888888888888,2.3703703703703702,0.1662360034453058
zsmihaly,2000,0.8888888888888888,2.925925925925926,0.1791559000861327
zsmihaly,2200,0.85,3.15,0.2232558139534884
zsmihaly,2400,0.8095238095238095,2.7142857142857144,0.2535991140642303
zsmihaly,2600,1.0,2.0,0.046511627906976744
zsmihaly,2800,0.875,3.25,0.2005813953488372
zsmihaly,3200,1.0,3.0,0.06976744186046512
zyadhany,800,1.0,1.381125226860254,0.03211919132233149
zyadhany,1000,1.0,1.5606694560669456,0.03629463851318478
zyadhany,1200,0.9952830188679245,1.669811320754717,0.04354980254497592
zyadhany,1400,0.9629629629629629,1.9894179894179893,0.08330257167466475
zyadhany,1600,0.9696969696969697,1.9646464646464648,0.07599248296922713
zyadhany,1800,0.9602272727272727,2.778409090909091,0.10438689217758987
zyadhany,2000,0.9507042253521126,2.3028169014084505,0.10284965607599086
zyadhany,2200,0.9405940594059405,3.4356435643564356,0.13930462813723238
zyadhany,2400,0.927710843373494,3.674698795180723,0.1577472681423368
zyadhany,2600,0.8846153846153846,3.1923076923076925,0.1896243291592129
zyadhany,2800,0.6666666666666666,3.111111111111111,0.40568475452196384
zyadhany,3000,0.8,6.0,0.3395348837209302
zyadhany,3200,0.0,1.0,1.0232558139534884
zyc2745518585,800,0.8571428571428571,1.5714285714285714,0.17940199335548176
zyc2745518585,1000,0.5,2.5,0.5581395348837209
zyc2745518585,1200,1.0,1.0,0.023255813953488372
zyc2745518585,1400,0.0,1.0,1.0232558139534884
zyc2745518585,1600,0.5,1.8333333333333333,0.5426356589147286
zyc2745518585,1800,0.42857142857142855,1.7142857142857142,0.6112956810631229
zyc2745518585,2000,0.3333333333333333,1.7777777777777777,0.7080103359173128
zyc2745518585,2200,0.6666666666666666,1.0,0.35658914728682173
zyc2745518585,2400,1.0,4.5,0.10465116279069768
zyc2745518585,2600,0.0,1.0,1.0232558139534884
zzuqy,800,1.0,1.2629310344827587,0.029370489174017644
zzuqy,1000,1.0,1.3703703703703705,0.03186907838070629
zzuqy,1200,1.0,1.456,0.03386046511627907
zzuqy,1400,0.9787234042553191,1.5319148936170213,0.05690252350321626
zzuqy,1600,1.0,1.7819148936170213,0.04143988124690747
zzuqy,1800,1.0,2.103896103896104,0.04892781636967684
zzuqy,2000,0.9786324786324786,2.5982905982905984,0.08179288411846555
zzuqy,2200,0.8518518518518519,2.574074074074074,0.20801033591731266
zzuqy,2400,0.9673202614379085,3.084967320261438,0.10442316461468308
zzuqy,2600,0.8461538461538461,3.3846153846153846,0.23255813953488375
zzuqy,2800,1.0,4.25,0.09883720930232558
zzuqy,3000,0.6666666666666666,2.0,0.3798449612403101
zzuqy,3200,0.3333333333333333,2.0,0.7131782945736435
zzz13579zzz,800,0.974025974025974,1.4155844155844155,0.05889459377831471
zzz13579zzz,1000,0.9,2.4,0.15581395348837207
zzz13579zzz,1200,0.918918918918919,2.1621621621621623,0.13136392206159642
zzz13579zzz,1400,0.9629629629629629,2.2962962962962963,0.09043927648578817
zzz13579zzz,1600,0.9032258064516129,3.903225806451613,0.18754688672168046
zzz13579zzz,1800,0.7857142857142857,3.5714285714285716,0.2973421926910299
zzz13579zzz,2000,0.8518518518518519,4.0,0.24117140396210163
zzz13579zzz,2200,0.92,2.04,0.12744186046511624
zzz13579zzz,2400,0.75,2.75,0.313953488372093
zzz13579zzz,2600,0.8,5.0,0.3162790697674418
zzz13579zzz,2800,0.9,5.2,0.2209302325581395
zzz13579zzz,3000,0.7142857142857143,1.7142857142857142,0.3255813953488372
zzz13579zzz,3200,1.0,3.75,0.0872093023255814
zzz13579zzz,3400,1.0,2.0,0.046511627906976744
