user,rating_bucket,attempts,solved,solve_rate,expected_rate,performance_ratio,avg_rating,mastery,skill_score,weakness_score,is_weak
-1e11,1400,1210,792,0.6545,0.7,0.9351,1449.37,6.6758,6.3332,0.042,0
-1e11,1200,832,622,0.7476,0.78,0.9585,1253.22,6.4345,6.0285,0.0293,0
-1e11,1000,644,530,0.823,0.85,0.9682,1054.91,6.2748,5.4475,0.024,0
-1e11,800,1129,989,0.876,0.9,0.9733,820.22,6.8977,4.9561,0.0214,0
-1e11,2200,1600,529,0.3306,0.35,0.9446,2238.19,6.2729,4.6419,0.0197,0
-1e11,1600,1357,789,0.5814,0.6,0.969,1654.25,6.672,6.4173,0.0175,0
-1e11,2600,426,90,0.2113,0.22,0.9603,2635.56,4.5109,2.5117,0.0096,0
-1e11,1800,1531,838,0.5474,0.5,1.0947,1853.22,6.7322,6.829,0.0,0
-1e11,2000,1444,641,0.4439,0.42,1.0569,2044.46,6.4646,5.8669,0.0,0
-1e11,2400,1410,415,0.2943,0.28,1.0512,2440.72,6.0307,4.3323,0.0,0
-1e11,2800,195,44,0.2256,0.16,1.4103,2847.73,3.8067,2.446,0.0,0
-1e11,3000,66,8,0.1212,0.11,1.1019,3075.0,2.1972,0.819,0.0,0
-1e11,3200,17,11,0.6471,0.07,2.0,3263.64,2.4849,5.2475,0.0,0
-1e11,3400,15,3,0.2,0.04,2.0,3400.0,1.3863,0.9427,0.0,0
-Armageddon-,1000,64,36,0.5625,0.85,0.6618,1050.0,3.6109,2.1327,0.2603,1
-Armageddon-,1400,61,29,0.4754,0.7,0.6792,1413.79,3.4012,2.2861,0.2106,1
-Armageddon-,3200,18,0,0.0,0.07,0.0,3200.0,0.0,0.0,0.2061,0
-Armageddon-,2200,171,33,0.193,0.35,0.5514,2239.39,3.5264,1.524,0.1786,1
-Armageddon-,1800,110,36,0.3273,0.5,0.6545,1855.56,3.6109,2.1928,0.1764,1
-Armageddon-,2400,178,29,0.1629,0.28,0.5819,2400.0,3.4012,1.3299,0.138,1
-Armageddon-,2000,83,25,0.3012,0.42,0.7172,2028.0,3.2581,1.9902,0.1236,1
-Armageddon-,1200,53,35,0.6604,0.78,0.8466,1260.0,3.5835,2.9818,0.1041,0
-Armageddon-,2600,35,5,0.1429,0.22,0.6494,2600.0,1.7918,0.6655,0.099,1
-Armageddon-,3400,4,0,0.0,0.04,0.0,3400.0,0.0,0.0,0.0644,0
-Armageddon-,800,65,55,0.8462,0.9,0.9402,829.09,4.0254,2.8239,0.0449,0
-Armageddon-,1600,74,46,0.6216,0.6,1.036,1636.96,3.8501,3.9178,0.0,0
-Armageddon-,2800,25,10,0.4,0.16,2.0,2800.0,2.3979,2.6856,0.0,0
-Shu-,1400,159,85,0.5346,0.7,0.7637,1442.35,4.4543,3.4346,0.1539,0
-Shu-,1200,177,112,0.6328,0.78,0.8112,1261.61,4.7274,3.7739,0.1332,0
-Shu-,1000,81,58,0.716,0.85,0.8424,1065.52,4.0775,3.111,0.1163,0
-Shu-,1600,219,108,0.4932,0.6,0.8219,1669.44,4.6913,3.8623,0.1013,0
-Shu-,800,133,114,0.8571,0.9,0.9524,818.42,4.7449,3.3286,0.0365,0
-Shu-,1800,190,115,0.6053,0.5,1.2105,1869.57,4.7536,5.3791,0.0,0
-Shu-,2000,124,66,0.5323,0.42,1.2673,2051.52,4.2047,4.5913,0.0,0
-Shu-,2200,314,128,0.4076,0.35,1.1647,2236.72,4.8598,4.4311,0.0,0
-Shu-,2400,226,72,0.3186,0.28,1.1378,2468.06,4.2905,3.3735,0.0,0
-Shu-,2600,60,19,0.3167,0.22,1.4394,2647.37,2.9957,2.5114,0.0,0
-Shu-,2800,57,26,0.4561,0.16,2.0,2830.77,3.2958,4.2557,0.0,0
-Shu-,3000,18,12,0.6667,0.11,2.0,3000.0,2.5649,5.1299,0.0,0
-Shu-,3200,6,6,1.0,0.07,2.0,3266.67,1.9459,6.3566,0.0,0
-firefly-,1400,687,362,0.5269,0.7,0.7528,1451.66,5.8944,4.5087,0.164,0
-firefly-,1200,474,337,0.711,0.78,0.9115,1253.71,5.823,5.1904,0.0624,0
-firefly-,2000,992,355,0.3579,0.42,0.8521,2059.44,5.8749,4.3298,0.0624,0
-firefly-,1600,811,436,0.5376,0.6,0.896,1652.29,6.0799,5.4007,0.059,0
-firefly-,800,660,562,0.8515,0.9,0.9461,818.86,6.3333,4.416,0.0429,0
-firefly-,1800,1139,526,0.4618,0.5,0.9236,1856.08,6.2672,5.372,0.037,0
-firefly-,1000,361,297,0.8227,0.85,0.9679,1061.95,5.6971,4.9775,0.024,0
-firefly-,2200,1061,389,0.3666,0.35,1.0475,2234.19,5.9661,4.8871,0.0,0
-firefly-,2400,442,132,0.2986,0.28,1.0666,2441.67,4.8903,3.566,0.0,0
-firefly-,2600,72,28,0.3889,0.22,1.7677,2621.43,3.3673,3.4328,0.0,0
-firefly-,2800,82,16,0.1951,0.16,1.2195,2837.5,2.8332,1.5686,0.0,0
-firefly-,3000,30,6,0.2,0.11,1.8182,3000.0,1.9459,1.1675,0.0,0
-firefly-,3200,3,3,1.0,0.07,2.0,3200.0,1.3863,4.4361,0.0,0
0.1w33hw3,800,395,246,0.6228,0.9,0.692,817.07,5.5094,2.8035,0.2547,1
0.1w33hw3,1200,231,151,0.6537,0.78,0.8381,1238.41,5.0239,4.067,0.1142,0
0.1w33hw3,1000,152,112,0.7368,0.85,0.8669,1056.25,4.7274,3.6793,0.0994,0
0.1w33hw3,1400,323,199,0.6161,0.7,0.8801,1435.18,5.2983,4.6848,0.077,0
0.1w33hw3,1800,574,245,0.4268,0.5,0.8537,1863.67,5.5053,4.3793,0.0715,0
0.1w33hw3,1600,387,215,0.5556,0.6,0.9259,1672.56,5.3753,4.9947,0.0416,0
0.1w33hw3,2000,400,236,0.59,0.42,1.4048,2058.47,5.4681,6.641,0.0,0
0.1w33hw3,2200,575,277,0.4817,0.35,1.3764,2258.12,5.6276,6.1219,0.0,0
0.1w33hw3,2400,624,283,0.4535,0.28,1.6197,2443.82,5.649,6.2609,0.0,0
0.1w33hw3,2600,386,190,0.4922,0.22,2.0,2647.37,5.2523,6.8443,0.0,0
0.1w33hw3,2800,311,130,0.418,0.16,2.0,2866.92,4.8752,5.8424,0.0,0
0.1w33hw3,3000,223,76,0.3408,0.11,2.0,3059.21,4.3438,4.5289,0.0,0
0.1w33hw3,3200,48,20,0.4167,0.07,2.0,3255.0,3.0445,4.1291,0.0,0
0.1w33hw3,3400,57,13,0.2281,0.04,2.0,3453.85,2.6391,2.0788,0.0,0
08kevin,1400,165,67,0.4061,0.7,0.5801,1431.34,4.2195,2.4524,0.2879,1
08kevin,1000,141,85,0.6028,0.85,0.7092,1054.12,4.4543,2.8306,0.2246,1
08kevin,2000,347,76,0.219,0.42,0.5215,2026.32,4.3438,1.9278,0.2201,1
08kevin,800,229,166,0.7249,0.9,0.8054,815.66,5.118,3.0261,0.1556,0
08kevin,2400,425,67,0.1576,0.28,0.563,2438.81,4.2195,1.6223,0.1419,1
08kevin,1600,190,93,0.4895,0.6,0.8158,1666.67,4.5433,3.7064,0.1047,0
08kevin,1800,256,102,0.3984,0.5,0.7969,1841.18,4.6347,3.4,0.1,0
08kevin,1200,105,75,0.7143,0.78,0.9158,1262.67,4.3307,3.9059,0.0575,0
08kevin,2200,140,63,0.45,0.35,1.2857,2261.9,4.1589,4.2331,0.0,0
08kevin,2600,91,38,0.4176,0.22,1.8981,2647.37,3.6636,4.05,0.0,0
08kevin,2800,133,30,0.2256,0.16,1.4098,2826.67,3.434,2.1895,0.0,0
08kevin,3000,101,20,0.198,0.11,1.8002,3025.0,3.0445,1.8237,0.0,0
08kevin,3200,34,9,0.2647,0.07,2.0,3244.44,2.3026,1.9775,0.0,0
08kevin,3400,30,19,0.6333,0.04,2.0,3468.42,2.9957,6.5806,0.0,0
0htoAi,1800,598,165,0.2759,0.5,0.5518,1849.7,5.112,2.609,0.2345,1
0htoAi,2000,402,92,0.2289,0.42,0.5449,2063.04,4.5326,2.14,0.2073,1
0htoAi,1400,168,88,0.5238,0.7,0.7483,1436.36,4.4886,3.3772,0.1647,1
0htoAi,1200,164,101,0.6159,0.78,0.7896,1251.49,4.625,3.5646,0.149,0
0htoAi,1600,233,111,0.4764,0.6,0.794,1657.66,4.7185,3.7262,0.1179,0
0htoAi,1000,115,86,0.7478,0.85,0.8798,1047.67,4.4659,3.4989,0.0889,0
0htoAi,2600,101,15,0.1485,0.22,0.6751,2626.67,2.7726,1.0816,0.0876,1
0htoAi,800,237,195,0.8228,0.9,0.9142,814.36,5.2781,3.5366,0.0673,0
0htoAi,2400,210,46,0.219,0.28,0.7823,2443.48,3.8501,2.0607,0.0673,0
0htoAi,2200,174,62,0.3563,0.35,1.0181,2240.32,4.1431,3.3074,0.0,0
0htoAi,2800,105,18,0.1714,0.16,1.0714,2866.67,2.9444,1.447,0.0,0
0htoAi,3000,6,3,0.5,0.11,2.0,3100.0,1.3863,2.1488,0.0,0
0wuming0,800,728,675,0.9272,0.9,1.0302,825.19,6.5162,4.9856,0.0,0
0wuming0,1000,531,453,0.8531,0.85,1.0037,1049.89,6.1181,5.4798,0.0,0
0wuming0,1200,570,496,0.8702,0.78,1.1156,1247.58,6.2086,6.7401,0.0,0
0wuming0,1400,739,591,0.7997,0.7,1.1425,1452.12,6.3835,7.4132,0.0,0
0wuming0,1600,1017,699,0.6873,0.6,1.1455,1659.23,6.5511,7.4709,0.0,0
0wuming0,1800,1137,799,0.7027,0.5,1.4055,1858.95,6.6846,8.7323,0.0,0
0wuming0,2000,1674,874,0.5221,0.42,1.2431,2051.37,6.7742,7.2554,0.0,0
0wuming0,2200,1617,861,0.5325,0.35,1.5213,2249.59,6.7593,8.0965,0.0,0
0wuming0,2400,1650,779,0.4721,0.28,1.6861,2453.92,6.6593,7.7151,0.0,0
0wuming0,2600,1022,437,0.4276,0.22,1.9436,2643.25,6.0822,6.8743,0.0,0
0wuming0,2800,589,247,0.4194,0.16,2.0,2840.49,5.5134,6.5674,0.0,0
0wuming0,3000,444,158,0.3559,0.11,2.0,3037.34,5.0689,5.4788,0.0,0
0wuming0,3200,239,68,0.2845,0.07,2.0,3250.0,4.2341,3.9152,0.0,0
0wuming0,3400,95,21,0.2211,0.04,2.0,3480.95,3.091,2.3785,0.0,0
0x0c5cbae8,1400,210,130,0.619,0.7,0.8844,1465.38,4.8752,4.4225,0.0737,0
0x0c5cbae8,1000,143,112,0.7832,0.85,0.9214,1056.25,4.7274,3.9108,0.0579,0
0x0c5cbae8,1200,126,95,0.754,0.78,0.9666,1254.74,4.5643,4.318,0.0227,0
0x0c5cbae8,800,150,133,0.8867,0.9,0.9852,813.53,4.8978,3.533,0.0113,0
0x0c5cbae8,1600,279,199,0.7133,0.6,1.1888,1654.27,5.2983,6.2516,0.0,0
0x0c5cbae8,1800,280,170,0.6071,0.5,1.2143,1848.82,5.1417,5.7715,0.0,0
0x0c5cbae8,2000,276,160,0.5797,0.42,1.3803,2045.62,5.0814,6.0259,0.0,0
0x0c5cbae8,2200,386,164,0.4249,0.35,1.2139,2242.68,5.1059,4.8652,0.0,0
0x0c5cbae8,2400,179,94,0.5251,0.28,1.8755,2429.79,4.5539,5.8106,0.0,0
0x0c5cbae8,2600,102,42,0.4118,0.22,1.8717,2642.86,3.7612,4.0931,0.0,0
0x0c5cbae8,2800,18,9,0.5,0.16,2.0,2855.56,2.3026,3.2876,0.0,0
111445,1400,103,55,0.534,0.7,0.7628,1458.18,4.0254,3.1343,0.1534,0
111445,800,84,61,0.7262,0.9,0.8069,814.75,4.1271,2.4419,0.1506,0
111445,2000,201,72,0.3582,0.42,0.8529,2069.44,4.2905,3.1805,0.062,0
111445,2200,156,46,0.2949,0.35,0.8425,2243.48,3.8501,2.547,0.0575,0
111445,2600,217,37,0.1705,0.22,0.775,2662.16,3.6376,1.6512,0.0575,0
111445,1000,35,35,1.0,0.85,1.1765,1068.57,3.5835,3.8292,0.0,0
111445,1200,72,61,0.8472,0.78,1.0862,1268.85,4.1271,4.4367,0.0,0
111445,1600,39,33,0.8462,0.6,1.4103,1666.67,3.5264,4.9731,0.0,0
111445,1800,88,57,0.6477,0.5,1.2955,1836.84,4.0604,4.831,0.0,0
111445,2400,185,72,0.3892,0.28,1.39,2463.89,4.2905,4.1142,0.0,0
111445,2800,189,39,0.2063,0.16,1.2897,2856.41,3.6889,2.1743,0.0,0
111445,3000,38,7,0.1842,0.11,1.6746,3014.29,2.0794,1.1546,0.0,0
111445,3200,18,5,0.2778,0.07,2.0,3300.0,1.7918,1.6424,0.0,0
1225Xia,1000,72,28,0.3889,0.85,0.4575,1060.71,3.3673,1.389,0.453,1
1225Xia,800,135,74,0.5481,0.9,0.6091,813.51,4.3175,1.9253,0.3251,1
1225Xia,1200,72,38,0.5278,0.78,0.6766,1250.0,3.6636,2.4169,0.232,1
1225Xia,1800,58,17,0.2931,0.5,0.5862,1852.94,2.8904,1.5698,0.2169,1
1225Xia,1600,108,48,0.4444,0.6,0.7407,1666.67,3.8918,2.8828,0.1492,1
1225Xia,1400,64,36,0.5625,0.7,0.8036,1455.56,3.6109,2.9564,0.1245,0
1225Xia,2600,315,47,0.1492,0.22,0.6782,2636.17,3.8712,1.5227,0.0836,1
1225Xia,2200,88,25,0.2841,0.35,0.8117,2256.0,3.2581,2.0881,0.0695,0
1225Xia,2000,150,57,0.38,0.42,0.9048,2045.61,4.0604,3.1563,0.0397,0
1225Xia,2800,227,32,0.141,0.16,0.8811,2856.25,3.4965,1.4078,0.023,0
1225Xia,2400,114,48,0.4211,0.28,1.5038,2487.5,3.8918,4.0762,0.0,0
1225Xia,3000,142,21,0.1479,0.11,1.3444,3066.67,3.091,1.4019,0.0,0
1225Xia,3200,79,25,0.3165,0.07,2.0,3256.0,3.2581,3.3571,0.0,0
1225Xia,3400,323,27,0.0836,0.04,2.0,3474.07,3.3322,0.9677,0.0,0
1459007298,1600,1202,509,0.4235,0.6,0.7058,1651.28,6.2344,4.3594,0.1731,1
1459007298,1200,675,406,0.6015,0.78,0.7711,1249.01,6.0088,4.5142,0.166,0
1459007298,1000,563,380,0.675,0.85,0.7941,1056.32,5.9428,4.237,0.1597,0
1459007298,1400,856,456,0.5327,0.7,0.761,1449.56,6.1247,4.7295,0.1586,0
1459007298,2000,1563,434,0.2777,0.42,0.6611,2041.47,6.0753,3.4439,0.148,1
1459007298,1800,1296,481,0.3711,0.5,0.7423,1858.84,6.1779,4.2621,0.1287,1
1459007298,800,925,701,0.7578,0.9,0.842,820.97,6.5539,4.0776,0.1286,0
1459007298,3400,9,0,0.0,0.04,0.0,3400.0,0.0,0.0,0.0921,0
1459007298,2200,1516,406,0.2678,0.35,0.7652,2243.35,6.0088,3.61,0.0859,0
1459007298,2400,1643,384,0.2337,0.28,0.8347,2441.67,5.9532,3.3973,0.0493,0
1459007298,2600,608,161,0.2648,0.22,1.2036,2639.75,5.0876,3.5563,0.0,0
1459007298,2800,291,62,0.2131,0.16,1.3316,2866.13,4.1431,2.53,0.0,0
1459007298,3000,144,21,0.1458,0.11,1.3258,3009.52,3.091,1.3566,0.0,0
1459007298,3200,24,12,0.5,0.07,2.0,3291.67,2.5649,4.2215,0.0,0
2026_revenger,2000,78,25,0.3205,0.42,0.7631,2052.0,3.2581,2.1428,0.1021,0
2026_revenger,2200,155,43,0.2774,0.35,0.7926,2220.93,3.7842,2.3315,0.0766,0
2026_revenger,1600,40,21,0.525,0.6,0.875,1666.67,3.091,2.7047,0.0681,0
2026_revenger,800,47,41,0.8723,0.9,0.9693,809.76,3.7377,2.6402,0.0226,0
2026_revenger,1400,26,18,0.6923,0.7,0.989,1455.56,2.9444,2.9671,0.0064,0
2026_revenger,1000,33,29,0.8788,0.85,1.0339,1065.52,3.4012,3.1848,0.0,0
2026_revenger,1200,29,29,1.0,0.78,1.2821,1268.97,3.4012,4.316,0.0,0
2026_revenger,1800,44,38,0.8636,0.5,1.7273,1834.21,3.6636,5.8034,0.0,0
2026_revenger,2400,56,36,0.6429,0.28,2.0,2444.44,3.6109,5.6743,0.0,0
2026_revenger,2600,16,7,0.4375,0.22,1.9886,2628.57,2.0794,2.3914,0.0,0
24Records,2600,6,0,0.0,0.22,0.0,2600.0,0.0,0.0,0.4281,0
24Records,2800,6,0,0.0,0.16,0.0,2800.0,0.0,0.0,0.3113,0
24Records,1200,68,31,0.4559,0.78,0.5845,1245.16,3.4657,1.9673,0.3073,1
24Records,1000,63,34,0.5397,0.85,0.6349,1064.71,3.5553,2.0429,0.2833,1
24Records,1600,73,26,0.3562,0.6,0.5936,1623.08,3.2958,1.9053,0.2443,1
24Records,2000,72,18,0.25,0.42,0.5952,2050.0,2.9444,1.509,0.1849,1
24Records,3200,3,0,0.0,0.07,0.0,3200.0,0.0,0.0,0.097,0
24Records,800,71,65,0.9155,0.9,1.0172,812.31,4.1897,3.1157,0.0,0
24Records,1400,57,41,0.7193,0.7,1.0276,1463.41,3.7377,3.9344,0.0,0
24Records,1800,21,19,0.9048,0.5,1.8095,1873.68,2.9957,5.0785,0.0,0
24Records,2200,22,22,1.0,0.35,2.0,2263.64,3.1355,7.0976,0.0,0
2730883287,1400,679,328,0.4831,0.7,0.6901,1449.7,5.7961,4.0589,0.2082,1
2730883287,1200,498,318,0.6386,0.78,0.8187,1253.14,5.7652,4.6133,0.1299,0
2730883287,1600,850,396,0.4659,0.6,0.7765,1653.54,5.9839,4.6097,0.1296,0
2730883287,1000,431,311,0.7216,0.85,0.8489,1064.63,5.743,4.4119,0.1156,0
2730883287,1800,1001,428,0.4276,0.5,0.8551,1856.54,6.0615,4.8116,0.0709,0
2730883287,2000,1838,646,0.3515,0.42,0.8368,2034.67,6.4723,4.6285,0.0689,0
2730883287,800,656,549,0.8369,0.9,0.9299,818.94,6.3099,4.3246,0.056,0
2730883287,2200,1690,609,0.3604,0.35,1.0296,2242.86,6.4135,5.1835,0.0,0
2730883287,2400,1230,484,0.3935,0.28,1.4053,2435.74,6.1841,5.9272,0.0,0
2730883287,2600,356,164,0.4607,0.22,2.0,2625.0,5.1059,6.1745,0.0,0
2730883287,2800,154,39,0.2532,0.16,1.5828,2830.77,3.6889,2.6445,0.0,0
2730883287,3000,21,9,0.4286,0.11,2.0,3000.0,2.3026,2.9605,0.0,0
2730883287,3200,4,4,1.0,0.07,2.0,3200.0,1.6094,5.1502,0.0,0
2sqrt3,2800,5,0,0.0,0.16,0.0,2800.0,0.0,0.0,0.2867,0
2sqrt3,1600,20,8,0.4,0.6,0.6667,1650.0,2.1972,1.4502,0.1904,1
2sqrt3,2600,20,4,0.2,0.22,0.9091,2600.0,1.6094,0.8369,0.0233,0
2sqrt3,800,10,9,0.9,0.9,1.0,800.0,2.3026,1.6579,0.0,0
2sqrt3,1000,7,7,1.0,0.85,1.1765,1000.0,2.0794,2.0794,0.0,0
2sqrt3,1200,12,12,1.0,0.78,1.2821,1250.0,2.5649,3.2062,0.0,0
2sqrt3,1400,4,4,1.0,0.7,1.4286,1500.0,1.6094,2.4142,0.0,0
2sqrt3,1800,22,13,0.5909,0.5,1.1818,1861.54,2.6391,2.903,0.0,0
2sqrt3,2000,6,6,1.0,0.42,2.0,2000.0,1.9459,3.8918,0.0,0
2sqrt3,2200,23,18,0.7826,0.35,2.0,2272.22,2.9444,5.236,0.0,0
300iq,1000,806,338,0.4194,0.85,0.4934,1052.37,5.826,2.5711,0.4223,1
300iq,1200,834,358,0.4293,0.78,0.5503,1253.35,5.8833,3.1653,0.3428,1
300iq,800,817,475,0.5814,0.9,0.646,822.74,6.1654,2.9491,0.2982,1
300iq,1600,1276,454,0.3558,0.6,0.593,1642.07,6.1203,3.5758,0.2453,1
300iq,1400,861,393,0.4564,0.7,0.6521,1449.87,5.9764,3.9551,0.236,1
300iq,1800,1443,452,0.3132,0.5,0.6265,1846.24,6.1159,3.5369,0.1909,1
300iq,2400,2021,338,0.1672,0.28,0.5973,2447.34,5.826,2.3846,0.1257,1
300iq,2200,1382,327,0.2366,0.35,0.676,2232.11,5.793,3.0596,0.1207,1
300iq,2000,1474,464,0.3148,0.42,0.7495,2053.23,6.142,3.9698,0.1075,1
300iq,2600,942,177,0.1879,0.22,0.8541,2637.85,5.1818,2.5683,0.0356,0
300iq,3400,373,11,0.0295,0.04,0.7373,3481.82,2.4849,0.2552,0.0179,1
300iq,2800,709,132,0.1862,0.16,1.1636,2837.88,4.8903,2.5838,0.0,0
300iq,3000,500,57,0.114,0.11,1.0364,3042.11,4.0604,1.4082,0.0,0
300iq,3200,404,40,0.099,0.07,1.4144,3272.5,3.7136,1.2032,0.0,0
36champ,1400,1610,901,0.5596,0.7,0.7995,1447.06,6.8046,5.5105,0.1328,0
36champ,1000,882,644,0.7302,0.85,0.859,1059.78,6.4693,5.006,0.1088,0
36champ,3400,13,0,0.0,0.04,0.0,3400.0,0.0,0.0,0.1056,0
36champ,800,1584,1308,0.8258,0.9,0.9175,813.76,7.177,4.8227,0.0669,0
36champ,1200,1186,843,0.7108,0.78,0.9113,1255.52,6.7382,6.0132,0.0633,0
36champ,1800,2065,940,0.4552,0.5,0.9104,1849.89,6.8469,5.7657,0.0436,0
36champ,1600,1597,886,0.5548,0.6,0.9247,1648.98,6.7878,6.2098,0.0428,0
36champ,2000,1932,736,0.381,0.42,0.907,2043.89,6.6026,5.1409,0.0389,0
36champ,2200,1449,557,0.3844,0.35,1.0983,2249.73,6.3244,5.4693,0.0,0
36champ,2400,1019,375,0.368,0.28,1.3143,2438.67,5.9296,5.3215,0.0,0
36champ,2600,368,81,0.2201,0.22,1.0005,2632.1,4.4067,2.553,0.0,0
36champ,2800,133,30,0.2256,0.16,1.4098,2816.67,3.434,2.1817,0.0,0
36champ,3000,50,6,0.12,0.11,1.0909,3000.0,1.9459,0.7005,0.0,0
36champ,3200,67,11,0.1642,0.07,2.0,3218.18,2.4849,1.3129,0.0,0
79brue,3000,20,0,0.0,0.11,0.0,3000.0,0.0,0.0,0.3349,1
79brue,1200,260,141,0.5423,0.78,0.6953,1258.16,4.9558,3.3814,0.2221,1
79brue,2000,548,141,0.2573,0.42,0.6126,2047.52,4.9558,2.6109,0.1723,1
79brue,1800,634,228,0.3596,0.5,0.7192,1853.95,5.4337,3.6228,0.1408,1
79brue,800,236,181,0.7669,0.9,0.8522,827.62,5.204,3.3032,0.1173,0
79brue,1000,112,83,0.7411,0.85,0.8718,1057.83,4.4308,3.4734,0.0948,0
79brue,1400,279,171,0.6129,0.7,0.8756,1457.89,5.1475,4.5995,0.0798,0
79brue,3200,93,3,0.0323,0.07,0.4608,3200.0,1.3863,0.1431,0.0719,1
79brue,2200,514,151,0.2938,0.35,0.8394,2246.36,5.0239,3.3154,0.0583,0
79brue,2600,318,60,0.1887,0.22,0.8576,2640.0,4.1109,2.0477,0.0353,0
79brue,2400,482,127,0.2635,0.28,0.941,2452.76,4.852,3.1357,0.0174,0
79brue,1600,310,202,0.6516,0.6,1.086,1657.43,5.3132,5.7383,0.0,0
79brue,2800,147,24,0.1633,0.16,1.0204,2825.0,3.2189,1.4846,0.0,0
8Conan8,1000,91,70,0.7692,0.85,0.905,1054.29,4.2627,3.457,0.0694,0
8Conan8,800,203,188,0.9261,0.9,1.029,813.3,5.2417,3.9481,0.0,0
8Conan8,1200,126,106,0.8413,0.78,1.0786,1247.17,4.6728,4.9028,0.0,0
8Conan8,1400,81,65,0.8025,0.7,1.1464,1424.62,4.1897,4.7897,0.0,0
8Conan8,1600,220,135,0.6136,0.6,1.0227,1657.78,4.9127,4.9975,0.0,0
8Conan8,1800,297,182,0.6128,0.5,1.2256,1859.89,5.2095,5.9374,0.0,0
8Conan8,2000,233,136,0.5837,0.42,1.3897,2044.12,4.92,5.8702,0.0,0
8Conan8,2200,320,171,0.5344,0.35,1.5268,2263.74,5.1475,6.2269,0.0,0
8Conan8,2400,512,191,0.373,0.28,1.3323,2454.45,5.2575,4.8139,0.0,0
8Conan8,2600,145,47,0.3241,0.22,1.4734,2625.53,3.8712,3.2945,0.0,0
8Conan8,2800,152,61,0.4013,0.16,2.0,2824.59,4.1271,4.6783,0.0,0
8Conan8,3000,50,23,0.46,0.11,2.0,3021.74,3.1781,4.4175,0.0,0
8Conan8,3200,33,15,0.4545,0.07,2.0,3253.33,2.7726,4.1001,0.0,0
8Conan8,3400,20,4,0.2,0.04,2.0,3400.0,1.6094,1.0944,0.0,0
A.D.,1200,1054,489,0.4639,0.78,0.5948,1254.4,6.1944,3.605,0.3058,1
A.D.,1000,733,415,0.5662,0.85,0.6661,1052.29,6.0307,3.5929,0.2664,1
A.D.,1600,1624,586,0.3608,0.6,0.6014,1652.22,6.375,3.8007,0.2398,1
A.D.,1400,1294,588,0.4544,0.7,0.6491,1447.28,6.3784,4.1948,0.2385,1
A.D.,800,944,649,0.6875,0.9,0.7639,821.11,6.477,3.6563,0.1947,0
A.D.,2000,1914,458,0.2393,0.42,0.5697,2044.98,6.1291,2.9992,0.1916,1
A.D.,1800,1654,531,0.321,0.5,0.6421,1851.98,6.2766,3.7318,0.1823,1
A.D.,3200,4,0,0.0,0.07,0.0,3200.0,0.0,0.0,0.1127,0
A.D.,3400,8,0,0.0,0.04,0.0,3400.0,0.0,0.0,0.0879,0
A.D.,2600,713,109,0.1529,0.22,0.6949,2632.11,4.7005,1.8914,0.0774,1
A.D.,2200,1378,403,0.2925,0.35,0.8356,2253.85,6.0014,3.9558,0.0594,0
A.D.,2400,1288,333,0.2585,0.28,0.9234,2432.43,5.8111,3.6545,0.0226,0
A.D.,2800,203,41,0.202,0.16,1.2623,2824.39,3.7377,2.1321,0.0,0
A.D.,3000,12,3,0.25,0.11,2.0,3100.0,1.3863,1.0744,0.0,0
A10ne,1600,6,3,0.5,0.6,0.8333,1600.0,1.3863,1.109,0.0815,0
A10ne,800,15,15,1.0,0.9,1.1111,820.0,2.7726,2.2735,0.0,0
A10ne,1000,10,10,1.0,0.85,1.1765,1100.0,2.3979,2.6377,0.0,0
A10ne,1200,12,12,1.0,0.78,1.2821,1258.33,2.5649,3.2276,0.0,0
A10ne,1400,2,2,1.0,0.7,1.4286,1400.0,1.0986,1.5381,0.0,0
A10ne,1800,19,19,1.0,0.5,2.0,1836.84,2.9957,5.5027,0.0,0
A10ne,2000,10,10,1.0,0.42,2.0,2070.0,2.3979,4.9636,0.0,0
A10ne,2200,23,11,0.4783,0.35,1.3665,2200.0,2.4849,2.6146,0.0,0
A10ne,2400,42,14,0.3333,0.28,1.1905,2450.0,2.7081,2.2116,0.0,0
A10ne,2600,32,18,0.5625,0.22,2.0,2700.0,2.9444,4.4719,0.0,0
AA-2007,800,126,106,0.8413,0.9,0.9347,816.98,4.6728,3.2116,0.0502,0
AA-2007,1000,55,52,0.9455,0.85,1.1123,1067.31,3.9703,4.0064,0.0,0
AA-2007,1200,75,74,0.9867,0.78,1.265,1262.16,4.3175,5.3767,0.0,0
AA-2007,1400,82,59,0.7195,0.7,1.0279,1464.41,4.0943,4.314,0.0,0
AA-2007,1600,74,68,0.9189,0.6,1.5315,1667.65,4.2341,6.4885,0.0,0
AA-2007,1800,141,107,0.7589,0.5,1.5177,1855.14,4.6821,6.5915,0.0,0
AA-2007,2000,131,94,0.7176,0.42,1.7085,2060.64,4.5539,6.7335,0.0,0
AA-2007,2200,137,107,0.781,0.35,2.0,2260.75,4.6821,8.2672,0.0,0
AA-2007,2400,204,110,0.5392,0.28,1.9258,2455.45,4.7095,6.2355,0.0,0
AA-2007,2600,224,83,0.3705,0.22,1.6843,2636.14,4.4308,4.328,0.0,0
AA-2007,2800,261,106,0.4061,0.16,2.0,2838.68,4.6728,5.3872,0.0,0
AA-2007,3000,105,23,0.219,0.11,1.9913,3034.78,3.1781,2.1126,0.0,0
AA-2007,3200,15,15,1.0,0.07,2.0,3260.0,2.7726,9.0386,0.0,0
AA-2007,3400,7,7,1.0,0.04,2.0,3442.86,2.0794,7.1592,0.0,0
AAhaoxuan,1000,134,74,0.5522,0.85,0.6497,1070.27,4.3175,2.5518,0.2747,1
AAhaoxuan,1200,146,77,0.5274,0.78,0.6762,1270.13,4.3567,2.9184,0.2353,1
AAhaoxuan,1800,207,60,0.2899,0.5,0.5797,1860.0,4.1109,2.2163,0.2195,1
AAhaoxuan,800,188,141,0.75,0.9,0.8333,818.44,4.9558,3.042,0.132,0
AAhaoxuan,2200,262,70,0.2672,0.35,0.7634,2261.43,4.2627,2.5755,0.0877,0
AAhaoxuan,2400,457,98,0.2144,0.28,0.7659,2434.69,4.5951,2.3991,0.0718,0
AAhaoxuan,1600,163,89,0.546,0.6,0.91,1651.69,4.4998,4.0581,0.0501,0
AAhaoxuan,3000,394,35,0.0888,0.11,0.8076,3025.71,3.5835,0.9632,0.0276,0
AAhaoxuan,2000,247,99,0.4008,0.42,0.9543,2054.55,4.6052,3.7923,0.0189,0
AAhaoxuan,1400,114,78,0.6842,0.7,0.9774,1461.54,4.3694,4.3694,0.014,0
AAhaoxuan,2600,227,55,0.2423,0.22,1.1013,2643.64,4.0254,2.5784,0.0,0
AAhaoxuan,2800,120,29,0.2417,0.16,1.5104,2810.34,3.4012,2.31,0.0,0
AAhaoxuan,3400,14,1,0.0714,0.04,1.7857,3500.0,0.6931,0.1733,0.0,0
AIGAL30H7WM97CI,800,305,209,0.6852,0.9,0.7614,814.35,5.3471,2.9839,0.1937,0
AIGAL30H7WM97CI,1000,165,106,0.6424,0.85,0.7558,1051.89,4.6728,3.1577,0.1871,0
AIGAL30H7WM97CI,1400,238,134,0.563,0.7,0.8043,1447.01,4.9053,3.9964,0.127,0
AIGAL30H7WM97CI,2000,919,277,0.3014,0.42,0.7177,2043.32,5.6276,3.466,0.1221,1
AIGAL30H7WM97CI,1200,206,133,0.6456,0.78,0.8277,1255.64,4.8978,3.9706,0.1215,0
AIGAL30H7WM97CI,2200,848,217,0.2559,0.35,0.7311,2238.71,5.3845,3.0847,0.0994,1
AIGAL30H7WM97CI,1600,326,166,0.5092,0.6,0.8487,1649.4,5.118,4.2985,0.0859,0
AIGAL30H7WM97CI,2400,512,106,0.207,0.28,0.7394,2453.77,4.6728,2.3738,0.0803,1
AIGAL30H7WM97CI,3000,74,6,0.0811,0.11,0.7371,3066.67,1.9459,0.4838,0.0424,1
AIGAL30H7WM97CI,1800,447,219,0.4899,0.5,0.9799,1854.79,5.3936,4.9013,0.0096,0
AIGAL30H7WM97CI,2600,82,31,0.378,0.22,1.7184,2651.61,3.4657,3.4742,0.0,0
AIGAL30H7WM97CI,2800,14,3,0.2143,0.16,1.3393,2800.0,1.3863,0.8318,0.0,0
AKSLEGION,1200,542,274,0.5055,0.78,0.6481,1258.39,5.6168,3.5732,0.2612,1
AKSLEGION,3000,9,0,0.0,0.11,0.0,3000.0,0.0,0.0,0.2533,0
AKSLEGION,1400,779,363,0.466,0.7,0.6657,1446.28,5.8972,3.9743,0.2259,1
AKSLEGION,2600,26,2,0.0769,0.22,0.3497,2700.0,1.0986,0.2282,0.2247,1
AKSLEGION,1000,453,280,0.6181,0.85,0.7272,1061.43,5.6384,3.6992,0.2137,1
AKSLEGION,800,695,471,0.6777,0.9,0.753,821.02,6.157,3.4258,0.2033,0
AKSLEGION,1600,752,308,0.4096,0.6,0.6826,1662.66,5.7333,3.9043,0.1873,1
AKSLEGION,2200,496,91,0.1835,0.35,0.5242,2237.36,4.5218,1.8561,0.1872,1
AKSLEGION,1800,884,292,0.3303,0.5,0.6606,1857.19,5.6802,3.4846,0.1724,1
AKSLEGION,3200,10,0,0.0,0.07,0.0,3200.0,0.0,0.0,0.1679,0
AKSLEGION,2000,516,137,0.2655,0.42,0.6322,2039.42,4.9273,2.668,0.1629,1
AKSLEGION,2400,260,51,0.1962,0.28,0.7005,2443.14,3.9512,1.8936,0.0942,1
ALAov,1400,454,236,0.5198,0.7,0.7426,1444.07,5.4681,4.1047,0.1705,1
ALAov,1000,277,194,0.7004,0.85,0.824,1061.86,5.273,3.9214,0.1342,0
ALAov,1200,383,254,0.6632,0.78,0.8502,1251.97,5.5413,4.6008,0.1063,0
ALAov,1600,413,208,0.5036,0.6,0.8394,1650.0,5.3423,4.4394,0.0916,0
ALAov,1800,764,320,0.4188,0.5,0.8377,1862.19,5.7714,4.5016,0.0796,0
ALAov,2600,338,54,0.1598,0.22,0.7262,2635.19,4.0073,1.6871,0.0701,1
ALAov,800,501,416,0.8303,0.9,0.9226,819.95,6.0331,4.1076,0.0616,0
ALAov,2000,561,241,0.4296,0.42,1.0228,2047.3,5.4889,4.8275,0.0,0
ALAov,2200,574,209,0.3641,0.35,1.0403,2243.06,5.3471,4.3671,0.0,0
ALAov,2400,623,187,0.3002,0.28,1.072,2451.34,5.2364,3.8529,0.0,0
ALAov,2800,226,58,0.2566,0.16,1.604,2843.1,4.0775,2.9752,0.0,0
ALAov,3000,40,13,0.325,0.11,2.0,3007.69,2.6391,2.5797,0.0,0
ALAov,3200,40,10,0.25,0.07,2.0,3300.0,2.3979,1.9783,0.0,0
ALPHAwule,1000,133,47,0.3534,0.85,0.4157,1038.3,3.8712,1.4204,0.4993,1
ALPHAwule,1800,225,34,0.1511,0.5,0.3022,1844.12,3.5553,0.9908,0.4152,1
ALPHAwule,2400,215,9,0.0419,0.28,0.1495,2422.22,2.3026,0.2335,0.3876,1
ALPHAwule,1400,87,30,0.3448,0.7,0.4926,1423.33,3.434,1.6854,0.3586,1
ALPHAwule,1200,123,53,0.4309,0.78,0.5524,1245.28,3.989,2.1404,0.3373,1
ALPHAwule,2200,91,15,0.1648,0.35,0.471,2266.67,2.7726,1.0359,0.2219,1
ALPHAwule,1600,68,32,0.4706,0.6,0.7843,1615.62,3.4965,2.6584,0.1219,0
ALPHAwule,800,125,95,0.76,0.9,0.8444,810.53,4.5643,2.8116,0.1217,0
ALPHAwule,2800,33,3,0.0909,0.16,0.5682,2900.0,1.3863,0.3655,0.1021,1
ALPHAwule,2000,81,36,0.4444,0.42,1.0582,2069.44,3.6109,3.3212,0.0,0
ALPHAwule,2600,35,9,0.2571,0.22,1.1688,2600.0,2.3026,1.5394,0.0,0
ALPHAwule,3000,12,2,0.1667,0.11,1.5152,3100.0,1.0986,0.5676,0.0,0
A_G,800,1636,1378,0.8423,0.9,0.9359,819.38,7.2291,4.9892,0.0519,0
A_G,1000,897,736,0.8205,0.85,0.9653,1060.05,6.6026,5.7429,0.0264,0
A_G,1600,1699,993,0.5845,0.6,0.9741,1657.7,6.9017,6.6868,0.0146,0
A_G,1200,1010,823,0.8149,0.78,1.0447,1254.07,6.7142,6.8611,0.0,0
A_G,1400,1104,818,0.7409,0.7,1.0585,1445.6,6.7081,7.1851,0.0,0
A_G,1800,1729,1068,0.6177,0.5,1.2354,1851.97,6.9745,7.9785,0.0,0
A_G,2000,1909,950,0.4976,0.42,1.1849,2048.63,6.8575,6.9911,0.0,0
A_G,2200,2196,969,0.4413,0.35,1.2607,2247.78,6.8773,6.8212,0.0,0
A_G,2400,3128,1199,0.3833,0.28,1.369,2448.46,7.0901,6.6542,0.0,0
A_G,2600,2367,833,0.3519,0.22,1.5996,2651.38,6.7262,6.2761,0.0,0
A_G,2800,1829,630,0.3445,0.16,2.0,2842.06,6.4473,6.3116,0.0,0
A_G,3000,1325,408,0.3079,0.11,2.0,3035.05,6.0137,5.6202,0.0,0
A_G,3200,1045,373,0.3569,0.07,2.0,3250.67,5.9243,6.8738,0.0,0
A_G,3400,987,332,0.3364,0.04,2.0,3461.45,5.8081,6.7626,0.0,0
Acheronlt,1800,12,0,0.0,0.5,0.0,1800.0,0.0,0.0,1.2825,0
Acheronlt,1200,21,12,0.5714,0.78,0.7326,1275.0,2.5649,1.8687,0.1808,1
Acheronlt,1000,25,16,0.64,0.85,0.7529,1037.5,2.8332,1.8813,0.1785,0
Acheronlt,2400,51,13,0.2549,0.28,0.9104,2446.15,2.6391,1.6455,0.0273,0
Acheronlt,800,24,21,0.875,0.9,0.9722,809.52,3.091,2.1895,0.0197,0
Acheronlt,1400,11,9,0.8182,0.7,1.1688,1500.0,2.3026,2.8259,0.0,0
Acheronlt,1600,24,24,1.0,0.6,1.6667,1658.33,3.2189,5.338,0.0,0
Acheronlt,2000,36,29,0.8056,0.42,1.918,2051.72,3.4012,5.6214,0.0,0
Acheronlt,2200,60,24,0.4,0.35,1.1429,2254.17,3.2189,2.9024,0.0,0
Acheronlt,2600,34,20,0.5882,0.22,2.0,2645.0,3.0445,4.7369,0.0,0
Acheronlt,2800,46,32,0.6957,0.16,2.0,2887.5,3.4965,7.0234,0.0,0
Acheronlt,3000,81,40,0.4938,0.11,2.0,3017.5,3.7136,5.5337,0.0,0
Acheronlt,3200,28,11,0.3929,0.07,2.0,3272.73,2.4849,3.1949,0.0,0
Acheronlt,3400,25,8,0.32,0.04,2.0,3475.0,2.1972,2.4433,0.0,0
AdamAlt,1600,150,27,0.18,0.6,0.3,1681.48,3.3322,1.0085,0.4864,1
AdamAlt,1200,103,34,0.3301,0.78,0.4232,1264.71,3.5553,1.4843,0.4587,1
AdamAlt,2200,67,5,0.0746,0.35,0.2132,2200.0,1.7918,0.2942,0.4162,1
AdamAlt,2400,69,5,0.0725,0.28,0.2588,2400.0,1.7918,0.3116,0.3158,1
AdamAlt,800,61,36,0.5902,0.9,0.6557,822.22,3.6109,1.7522,0.2773,1
AdamAlt,2000,113,26,0.2301,0.42,0.5478,2030.77,3.2958,1.54,0.2094,1
AdamAlt,3200,11,0,0.0,0.07,0.0,3200.0,0.0,0.0,0.1739,0
AdamAlt,1000,17,12,0.7059,0.85,0.8304,1091.67,2.5649,1.9765,0.1168,0
AdamAlt,3000,58,3,0.0517,0.11,0.4702,3000.0,1.3863,0.2151,0.0996,1
AdamAlt,3400,6,0,0.0,0.04,0.0,3400.0,0.0,0.0,0.0778,0
AdamAlt,1400,23,23,1.0,0.7,1.4286,1426.09,3.1781,4.5322,0.0,0
AdamAlt,1800,30,17,0.5667,0.5,1.1333,1847.06,2.8904,3.0253,0.0,0
AdamAlt,2600,5,5,1.0,0.22,2.0,2600.0,1.7918,4.6586,0.0,0
Adam_GS,800,1630,1182,0.7252,0.9,0.8057,814.89,7.0758,4.1812,0.1601,0
Adam_GS,1000,639,479,0.7496,0.85,0.8819,1051.77,6.1738,4.8675,0.0904,0
Adam_GS,1400,799,522,0.6533,0.7,0.9333,1448.28,6.2596,5.9227,0.043,0
Adam_GS,1200,637,490,0.7692,0.78,0.9862,1253.06,6.1964,5.9727,0.0097,0
Adam_GS,1600,774,461,0.5956,0.6,0.9927,1659.65,6.1356,6.065,0.0041,0
Adam_GS,1800,1017,540,0.531,0.5,1.0619,1851.85,6.2934,6.1882,0.0,0
Adam_GS,2000,962,498,0.5177,0.42,1.2326,2050.0,6.2126,6.593,0.0,0
Adam_GS,2200,1011,440,0.4352,0.35,1.2435,2252.05,6.089,5.968,0.0,0
Adam_GS,2400,809,331,0.4091,0.28,1.4612,2438.97,5.8051,5.7929,0.0,0
Adam_GS,2600,755,273,0.3616,0.22,1.6436,2642.86,5.6131,5.3641,0.0,0
Adam_GS,2800,465,151,0.3247,0.16,2.0,2837.09,5.0239,4.6285,0.0,0
Adam_GS,3000,252,77,0.3056,0.11,2.0,3032.47,4.3567,4.0369,0.0,0
Adam_GS,3200,175,39,0.2229,0.07,2.0,3238.46,3.6889,2.6623,0.0,0
Adam_GS,3400,72,3,0.0417,0.04,1.0417,3433.33,1.3863,0.1983,0.0,0
Adrian_B,2800,31,0,0.0,0.16,0.0,2800.0,0.0,0.0,0.5545,1
Adrian_B,1200,105,49,0.4667,0.78,0.5983,1248.98,3.912,2.2802,0.2975,1
Adrian_B,1800,252,77,0.3056,0.5,0.6111,1863.64,4.3567,2.4809,0.2009,1
Adrian_B,2600,45,5,0.1111,0.22,0.5051,2600.0,1.7918,0.5176,0.1493,1
Adrian_B,2400,284,52,0.1831,0.28,0.6539,2426.92,3.9703,1.7643,0.1102,1
Adrian_B,800,87,68,0.7816,0.9,0.8685,811.76,4.2341,2.6865,0.1013,0
Adrian_B,1000,49,40,0.8163,0.85,0.9604,1065.0,3.7136,3.2285,0.0279,0
Adrian_B,2000,186,73,0.3925,0.42,0.9345,2042.47,4.3041,3.4502,0.0271,0
Adrian_B,1400,76,52,0.6842,0.7,0.9774,1442.31,3.9703,3.9181,0.0138,0
Adrian_B,1600,101,67,0.6634,0.6,1.1056,1623.88,4.2195,4.5454,0.0,0
Adrian_B,2200,125,45,0.36,0.35,1.0286,2253.33,3.8286,3.1058,0.0,0
Aegleseekers,2800,20,0,0.0,0.16,0.0,2800.0,0.0,0.0,0.4871,1
Aegleseekers,1000,78,53,0.6795,0.85,0.7994,1069.81,3.989,2.8997,0.1493,0
Aegleseekers,1400,145,84,0.5793,0.7,0.8276,1440.48,4.4427,3.7073,0.1105,0
Aegleseekers,2600,49,9,0.1837,0.22,0.8349,2600.0,2.3026,1.0996,0.043,0
Aegleseekers,800,107,98,0.9159,0.9,1.0177,819.39,4.5951,3.4485,0.0,0
Aegleseekers,1200,82,66,0.8049,0.78,1.0319,1269.7,4.2047,4.297,0.0,0
Aegleseekers,1600,38,38,1.0,0.6,1.6667,1657.89,3.6636,6.0738,0.0,0
Aegleseekers,1800,124,77,0.621,0.5,1.2419,1837.66,4.3567,4.9716,0.0,0
Aegleseekers,2000,61,27,0.4426,0.42,1.0539,2040.74,3.3322,3.0099,0.0,0
Aegleseekers,2200,30,24,0.8,0.35,2.0,2216.67,3.2189,5.7081,0.0,0
Aegleseekers,2400,25,16,0.64,0.28,2.0,2456.25,2.8332,4.4538,0.0,0
Aestivate,1400,1646,609,0.37,0.7,0.5286,1444.33,6.4135,3.4273,0.3297,1
Aestivate,1000,1030,549,0.533,0.85,0.6271,1060.66,6.3099,3.5672,0.3009,1
Aestivate,1200,1174,589,0.5017,0.78,0.6432,1253.31,6.3801,4.0118,0.2666,1
Aestivate,1600,1952,708,0.3627,0.6,0.6045,1659.04,6.5639,3.9497,0.2377,1
Aestivate,800,1669,1089,0.6525,0.9,0.725,816.53,6.9939,3.7262,0.2298,1
Aestivate,1800,2278,785,0.3446,0.5,0.6892,1853.25,6.667,4.2577,0.1567,1
Aestivate,3200,4,0,0.0,0.07,0.0,3200.0,0.0,0.0,0.1127,0
Aestivate,3000,217,17,0.0783,0.11,0.7122,3035.29,2.8904,0.6873,0.0438,1
Aestivate,2800,417,52,0.1247,0.16,0.7794,2867.31,3.9703,1.4196,0.0429,0
Aestivate,2000,1591,638,0.401,0.42,0.9548,2047.65,6.4599,5.3043,0.0188,0
Aestivate,2600,460,94,0.2043,0.22,0.9289,2658.51,4.5539,2.4739,0.0173,0
Aestivate,2200,1695,568,0.3351,0.35,0.9574,2244.01,6.3439,4.7704,0.0151,0
Aestivate,2400,1515,404,0.2667,0.28,0.9524,2438.86,6.0039,3.9047,0.0139,0
Aink,2600,13,0,0.0,0.22,0.0,2600.0,0.0,0.0,0.5806,0
Aink,2800,20,0,0.0,0.16,0.0,2800.0,0.0,0.0,0.4871,1
Aink,2400,103,5,0.0485,0.28,0.1734,2400.0,1.7918,0.2087,0.3851,1
Aink,2000,249,37,0.1486,0.42,0.3538,2048.65,3.6376,1.1073,0.3231,1
Aink,1200,193,101,0.5233,0.78,0.6709,1253.47,4.625,3.0338,0.2404,1
Aink,1800,322,99,0.3075,0.5,0.6149,1851.52,4.6052,2.6215,0.1985,1
Aink,1400,132,68,0.5152,0.7,0.7359,1432.35,4.2341,3.1243,0.1727,1
Aink,1000,122,83,0.6803,0.85,0.8004,1074.7,4.4308,3.2396,0.1503,0
Aink,800,190,143,0.7526,0.9,0.8363,811.89,4.9698,3.0368,0.1297,0
Aink,1600,206,96,0.466,0.6,0.7767,1655.21,4.5747,3.5287,0.1282,0
Aink,2200,96,38,0.3958,0.35,1.131,2255.26,3.6636,3.2705,0.0,0
Aink,3000,32,4,0.125,0.11,1.1364,3000.0,1.6094,0.6035,0.0,0
AkramElOmrani,1000,1060,483,0.4557,0.85,0.5361,1054.24,6.1821,2.9697,0.3825,1
AkramElOmrani,1200,770,399,0.5182,0.78,0.6643,1248.62,5.9915,3.8766,0.2489,1
AkramElOmrani,1400,1009,455,0.4509,0.7,0.6442,1447.25,6.1225,3.9957,0.2419,1
AkramElOmrani,800,1263,832,0.6587,0.9,0.7319,819.95,6.725,3.6325,0.223,1
AkramElOmrani,1600,1418,613,0.4323,0.6,0.7205,1650.9,6.42,4.5818,0.164,1
AkramElOmrani,1800,1971,703,0.3567,0.5,0.7133,1858.32,6.5568,4.3459,0.1439,1
AkramElOmrani,2400,733,148,0.2019,0.28,0.7211,2445.27,5.0039,2.4706,0.0858,1
AkramElOmrani,2000,1324,498,0.3761,0.42,0.8956,2049.0,6.2126,4.788,0.0437,0
AkramElOmrani,2800,49,7,0.1429,0.16,0.8929,2900.0,2.0794,0.8615,0.0218,0
AkramElOmrani,2200,823,298,0.3621,0.35,1.0345,2233.22,5.7004,4.6095,0.0,0
AkramElOmrani,2600,209,49,0.2344,0.22,1.0657,2626.53,3.912,2.409,0.0,0
AkramElOmrani,3000,19,4,0.2105,0.11,1.9139,3100.0,1.6094,1.0504,0.0,0
Akulyat,1000,989,554,0.5602,0.85,0.659,1052.35,6.319,3.7249,0.2732,1
Akulyat,800,1252,883,0.7053,0.9,0.7836,826.16,6.7845,3.9531,0.1784,0
Akulyat,1200,1247,762,0.6111,0.78,0.7834,1249.48,6.6373,5.0676,0.1577,0
Akulyat,1600,2208,1023,0.4633,0.6,0.7722,1654.15,6.9315,5.3122,0.1327,0
Akulyat,2400,4494,780,0.1736,0.28,0.6199,2441.41,6.6606,2.8224,0.1169,1
Akulyat,1400,1479,855,0.5781,0.7,0.8258,1454.74,6.7523,5.6785,0.1148,0
Akulyat,2600,3015,376,0.1247,0.22,0.5669,2639.36,5.9322,1.9526,0.1101,1
Akulyat,2200,3134,837,0.2671,0.35,0.7631,2246.12,6.731,4.0378,0.0864,0
Akulyat,2800,1529,146,0.0955,0.16,0.5968,2834.25,4.9904,1.3506,0.079,1
Akulyat,1800,2540,1075,0.4232,0.5,0.8465,1852.09,6.981,5.4721,0.0754,0
Akulyat,2000,2913,1047,0.3594,0.42,0.8558,2048.71,6.9546,5.1211,0.0607,0
Akulyat,3000,570,44,0.0772,0.11,0.7018,3045.45,3.8067,0.8949,0.0433,1
Akulyat,3200,89,9,0.1011,0.07,1.4446,3300.0,2.3026,0.7684,0.0,0
Akulyat,3400,58,4,0.069,0.04,1.7241,3500.0,1.6094,0.3885,0.0,0
Aldk,1200,1292,791,0.6122,0.78,0.7849,1256.26,6.6746,5.1335,0.1566,0
Aldk,1000,712,502,0.7051,0.85,0.8295,1059.16,6.2206,4.6453,0.1319,0
Aldk,800,1464,1135,0.7753,0.9,0.8614,816.56,7.0353,4.4537,0.1132,0
Aldk,3000,366,16,0.0437,0.11,0.3974,3025.0,2.8332,0.3747,0.1021,1
Aldk,1400,973,580,0.5961,0.7,0.8516,1452.76,6.3648,5.5118,0.0971,0
Aldk,2000,2297,835,0.3635,0.42,0.8655,2044.31,6.7286,5.0003,0.0566,0
Aldk,1600,1134,617,0.5441,0.6,0.9068,1653.48,6.4265,5.7816,0.053,0
Aldk,1800,1534,686,0.4472,0.5,0.8944,1860.79,6.5323,5.4358,0.0514,0
Aldk,2200,1633,541,0.3313,0.35,0.9465,2248.43,6.2953,4.6893,0.019,0
Aldk,2600,547,115,0.2102,0.22,0.9556,2635.65,4.7536,2.634,0.0107,0
Aldk,2400,1265,365,0.2885,0.28,1.0305,2430.96,5.9026,4.1402,0.0,0
Aldk,2800,226,41,0.1814,0.16,1.1338,2848.78,3.7377,1.9317,0.0,0
Aldk,3200,9,3,0.3333,0.07,2.0,3200.0,1.3863,1.4787,0.0,0
Aldk,3400,4,4,1.0,0.04,2.0,3500.0,1.6094,5.633,0.0,0
AlesL0,2800,71,0,0.0,0.16,0.0,2800.0,0.0,0.0,0.6843,1
AlesL0,1000,263,115,0.4373,0.85,0.5144,1054.78,4.7536,2.1924,0.4,1
AlesL0,2000,625,127,0.2032,0.42,0.4838,2029.92,4.852,2.0014,0.2386,1
AlesL0,2400,289,28,0.0969,0.28,0.346,2417.86,3.3673,0.7888,0.2377,1
AlesL0,1200,242,131,0.5413,0.78,0.694,1251.15,4.8828,3.307,0.2229,1
AlesL0,800,395,269,0.681,0.9,0.7567,820.82,5.5984,3.1294,0.1985,0
AlesL0,1600,381,152,0.399,0.6,0.6649,1658.55,5.0304,3.3285,0.1982,1
AlesL0,1800,443,140,0.316,0.5,0.6321,1866.43,4.9488,2.919,0.1885,1
AlesL0,1400,336,173,0.5149,0.7,0.7355,1445.66,5.1591,3.8401,0.1749,1
AlesL0,2200,429,86,0.2005,0.35,0.5728,2248.84,4.4659,2.0133,0.1659,1
AlesL0,2600,80,19,0.2375,0.22,1.0795,2621.05,2.9957,1.8648,0.0,0
AlexSkv,2400,13,0,0.0,0.28,0.0,2400.0,0.0,0.0,0.7389,0
AlexSkv,1400,136,21,0.1544,0.7,0.2206,1438.1,3.091,0.6864,0.6561,1
AlexSkv,2000,78,9,0.1154,0.42,0.2747,2000.0,2.3026,0.5314,0.403,1
AlexSkv,2600,4,0,0.0,0.22,0.0,2600.0,0.0,0.0,0.3541,0
AlexSkv,1800,124,34,0.2742,0.5,0.5484,1823.53,3.5553,1.7777,0.2393,1
AlexSkv,1000,65,40,0.6154,0.85,0.724,1080.0,3.7136,2.4681,0.2085,1
AlexSkv,1200,95,55,0.5789,0.78,0.7422,1256.36,4.0254,2.9279,0.1826,1
AlexSkv,800,110,78,0.7091,0.9,0.7879,806.41,4.3694,2.4985,0.1674,0
AlexSkv,2200,75,17,0.2267,0.35,0.6476,2247.06,2.8904,1.4722,0.1373,1
AlexSkv,1600,66,31,0.4697,0.6,0.7828,1648.39,3.4657,2.6833,0.1227,0
AlexSkv,3400,2,0,0.0,0.04,0.0,3400.0,0.0,0.0,0.0439,0
Alexanderter10,1000,408,167,0.4093,0.85,0.4815,1053.29,5.124,2.2091,0.4328,1
Alexanderter10,1200,638,230,0.3605,0.78,0.4622,1262.61,5.4424,2.4772,0.4206,1
Alexanderter10,2800,11,0,0.0,0.16,0.0,2800.0,0.0,0.0,0.3976,0
Alexanderter10,1400,352,136,0.3864,0.7,0.5519,1448.53,4.92,2.7535,0.3108,1
Alexanderter10,1800,453,102,0.2252,0.5,0.4503,1841.18,4.6347,1.9214,0.2984,1
Alexanderter10,1600,507,169,0.3333,0.6,0.5556,1657.4,5.1358,2.8374,0.2708,1
Alexanderter10,2000,333,61,0.1832,0.42,0.4362,2050.82,4.1271,1.5505,0.2684,1
Alexanderter10,800,639,402,0.6291,0.9,0.699,817.41,5.9989,3.0849,0.2501,1
Alexanderter10,2200,392,79,0.2015,0.35,0.5758,2220.25,4.382,1.9607,0.1648,1
Alexanderter10,2400,124,38,0.3065,0.28,1.0945,2439.47,3.6636,2.7388,0.0,0
Alexanderter10,2600,22,10,0.4545,0.22,2.0,2660.0,2.3979,2.8993,0.0,0
Alexanderter10,3200,10,3,0.3,0.07,2.0,3200.0,1.3863,1.3308,0.0,0
Alexanderter10,3400,3,3,1.0,0.04,2.0,3500.0,1.3863,4.852,0.0,0
Alwoosh,1000,811,404,0.4982,0.85,0.5861,1050.99,6.0039,3.1433,0.3366,1
Alwoosh,1400,988,383,0.3877,0.7,0.5538,1451.7,5.9506,3.3487,0.3099,1
Alwoosh,800,1427,847,0.5936,0.9,0.6595,817.47,6.7429,3.2717,0.2875,1
Alwoosh,1600,1343,452,0.3366,0.6,0.5609,1651.33,6.1159,3.399,0.2667,1
Alwoosh,1200,829,432,0.5211,0.78,0.6681,1249.77,6.0707,3.9537,0.2461,1
Alwoosh,1800,1754,562,0.3204,0.5,0.6408,1849.47,6.3333,3.753,0.1829,1
Alwoosh,3200,7,0,0.0,0.07,0.0,3200.0,0.0,0.0,0.1456,0
Alwoosh,2200,1118,293,0.2621,0.35,0.7488,2226.62,5.6836,3.3166,0.0924,1
Alwoosh,2400,954,192,0.2013,0.28,0.7188,2423.96,5.2627,2.5674,0.0863,1
Alwoosh,2800,175,20,0.1143,0.16,0.7143,2840.0,3.0445,0.9882,0.0584,1
Alwoosh,2600,193,33,0.171,0.22,0.7772,2615.15,3.5264,1.5768,0.057,0
Alwoosh,2000,1454,567,0.39,0.42,0.9285,2040.39,6.3421,5.0462,0.0298,0
Alwoosh,3000,67,10,0.1493,0.11,1.3569,3000.0,2.3979,1.0737,0.0,0
Alwoosh,3400,16,5,0.3125,0.04,2.0,3500.0,1.7918,1.9597,0.0,0
AmShZ,1400,873,380,0.4353,0.7,0.6218,1449.74,5.9428,3.7502,0.2582,1
AmShZ,1000,355,210,0.5915,0.85,0.6959,1047.62,5.3519,3.3166,0.239,1
AmShZ,1600,921,358,0.3887,0.6,0.6478,1655.87,5.8833,3.7868,0.2095,1
AmShZ,1200,556,317,0.5701,0.78,0.731,1253.63,5.7621,4.1184,0.1962,1
AmShZ,800,495,348,0.703,0.9,0.7811,825.0,5.8551,3.3959,0.1783,0
AmShZ,2000,1983,585,0.295,0.42,0.7024,2048.03,6.3733,3.8507,0.1287,1
AmShZ,1800,1283,517,0.403,0.5,0.8059,1851.64,6.25,4.6634,0.0958,0
AmShZ,2200,1780,571,0.3208,0.35,0.9165,2252.54,6.3491,4.5878,0.0298,0
AmShZ,2400,1994,531,0.2663,0.28,0.9511,2443.88,6.2766,4.0849,0.0143,0
AmShZ,2600,1217,362,0.2975,0.22,1.3521,2632.87,5.8944,4.6162,0.0,0
AmShZ,2800,686,208,0.3032,0.16,1.895,2827.4,5.3423,4.5799,0.0,0
AmShZ,3000,500,96,0.192,0.11,1.7455,3036.46,4.5747,2.6671,0.0,0
AmShZ,3200,197,32,0.1624,0.07,2.0,3243.75,3.4965,1.8423,0.0,0
AmShZ,3400,102,24,0.2353,0.04,2.0,3450.0,3.2189,2.613,0.0,0
Amit-S-Sahu,2200,5,0,0.0,0.35,0.0,2200.0,0.0,0.0,0.6271,0
Amit-S-Sahu,1200,45,30,0.6667,0.78,0.8547,1263.33,3.434,2.8922,0.0979,0
Amit-S-Sahu,800,159,128,0.805,0.9,0.8945,814.84,4.8598,3.1879,0.0823,0
Amit-S-Sahu,1000,74,56,0.7568,0.85,0.8903,1053.57,4.0431,3.2235,0.0798,0
Amit-S-Sahu,1600,39,21,0.5385,0.6,0.8974,1638.1,3.091,2.7265,0.0555,0
Amit-S-Sahu,1400,3,3,1.0,0.7,1.4286,1500.0,1.3863,2.0794,0.0,0
Amit-S-Sahu,1800,25,19,0.76,0.5,1.52,1863.16,2.9957,4.242,0.0,0
Amit-S-Sahu,2000,10,10,1.0,0.42,2.0,2060.0,2.3979,4.9397,0.0,0
Amit-S-Sahu,2400,5,5,1.0,0.28,2.0,2420.0,1.7918,4.3361,0.0,0
Amit-S-Sahu,2600,4,4,1.0,0.22,2.0,2600.0,1.6094,4.1845,0.0,0
Amit-S-Sahu,2800,45,11,0.2444,0.16,1.5278,2900.0,2.4849,1.7615,0.0,0
Amit-S-Sahu,3200,3,3,1.0,0.07,2.0,3300.0,1.3863,4.5748,0.0,0
Andimeo,1600,1560,506,0.3244,0.6,0.5406,1656.13,6.2285,3.3458,0.2804,1
Andimeo,1800,2117,587,0.2773,0.5,0.5546,1853.15,6.3767,3.2766,0.2312,1
Andimeo,2000,1611,373,0.2315,0.42,0.5513,2044.24,5.9243,2.804,0.201,1
Andimeo,1000,507,323,0.6371,0.85,0.7495,1060.99,5.7807,3.9074,0.1956,1
Andimeo,1400,752,412,0.5479,0.7,0.7827,1453.4,6.0234,4.7963,0.1435,0
Andimeo,1200,567,356,0.6279,0.78,0.805,1255.9,5.8777,4.6348,0.1403,0
Andimeo,2600,233,27,0.1159,0.22,0.5267,2648.15,3.3322,1.0225,0.1311,1
Andimeo,2800,82,7,0.0854,0.16,0.5335,2800.0,2.0794,0.497,0.1071,1
Andimeo,2200,1084,274,0.2528,0.35,0.7222,2236.86,5.6168,3.1758,0.1027,1
Andimeo,2400,474,97,0.2046,0.28,0.7309,2438.14,4.585,2.2876,0.0832,1
Andimeo,800,610,537,0.8803,0.9,0.9781,818.99,6.2879,4.5334,0.0173,0
Andreasyan,1000,788,594,0.7538,0.85,0.8868,1052.53,6.3886,5.0687,0.0868,0
Andreasyan,1200,1149,828,0.7206,0.78,0.9239,1247.22,6.7202,6.04,0.0542,0
Andreasyan,800,1309,1100,0.8403,0.9,0.9337,823.91,7.004,4.8493,0.0535,0
Andreasyan,1600,2187,1237,0.5656,0.6,0.9427,1656.67,7.1213,6.6729,0.0326,0
Andreasyan,1400,1502,1007,0.6704,0.7,0.9578,1448.96,6.9157,6.7182,0.0273,0
Andreasyan,1800,3597,1716,0.4771,0.5,0.9541,1856.7,7.4483,6.5975,0.0222,0
Andreasyan,2000,3464,1672,0.4827,0.42,1.1492,2051.2,7.4224,7.3487,0.0,0
Andreasyan,2200,5090,2091,0.4108,0.35,1.1737,2253.23,7.6459,7.0773,0.0,0
Andreasyan,2400,6208,2059,0.3317,0.28,1.1845,2444.34,7.6305,6.1861,0.0,0
Andreasyan,2600,3762,1041,0.2767,0.22,1.2578,2643.52,6.9489,5.0831,0.0,0
Andreasyan,2800,2309,537,0.2326,0.16,1.4536,2828.31,6.2879,4.136,0.0,0
Andreasyan,3000,730,157,0.2151,0.11,1.9552,3036.31,5.0626,3.3059,0.0,0
Andreasyan,3200,362,30,0.0829,0.07,1.1839,3243.33,3.434,0.923,0.0,0
Andreasyan,3400,77,11,0.1429,0.04,2.0,3436.36,2.4849,1.2199,0.0,0
Andrew-13,1400,462,223,0.4827,0.7,0.6895,1440.81,5.4116,3.7636,0.208,1
Andrew-13,2000,1047,314,0.2999,0.42,0.7141,2048.09,5.7526,3.5334,0.1237,1
Andrew-13,2200,982,238,0.2424,0.35,0.6925,2254.62,5.4765,2.9925,0.1145,1
Andrew-13,1000,226,166,0.7345,0.85,0.8641,1064.46,5.118,4.0015,0.1024,0
Andrew-13,1800,874,363,0.4153,0.5,0.8307,1860.61,5.8972,4.5571,0.0832,0
Andrew-13,1200,295,203,0.6881,0.78,0.8822,1249.26,5.3181,4.5718,0.0827,0
Andrew-13,2400,980,231,0.2357,0.28,0.8418,2434.2,5.4467,3.1252,0.0473,0
Andrew-13,800,349,299,0.8567,0.9,0.9519,816.39,5.7038,3.9894,0.0378,0
Andrew-13,3000,97,10,0.1031,0.11,0.9372,3070.0,2.3979,0.7589,0.0093,0
Andrew-13,2800,97,15,0.1546,0.16,0.9665,2800.0,2.7726,1.2005,0.0065,0
Andrew-13,1600,391,248,0.6343,0.6,1.0571,1662.1,5.5175,5.8166,0.0,0
Andrew-13,2600,160,60,0.375,0.22,1.7045,2625.0,4.1109,4.0466,0.0,0
Andrew-13,3200,48,4,0.0833,0.07,1.1905,3300.0,1.6094,0.4426,0.0,0
Andwerp,1400,1278,580,0.4538,0.7,0.6483,1457.41,6.3648,4.2098,0.2391,1
Andwerp,1600,2471,969,0.3921,0.6,0.6536,1655.83,6.8773,4.4657,0.2061,1
Andwerp,1200,902,522,0.5787,0.78,0.7419,1246.36,6.2596,4.5149,0.1887,1
Andwerp,1000,448,319,0.7121,0.85,0.8377,1056.43,5.7683,4.3391,0.1245,0
Andwerp,1800,1799,685,0.3808,0.5,0.7615,1842.92,6.5309,4.5829,0.1187,0
Andwerp,800,854,693,0.8115,0.9,0.9016,817.75,6.5425,4.3415,0.0792,0
Andwerp,2200,1919,579,0.3017,0.35,0.8621,2246.8,6.363,4.3135,0.0496,0
Andwerp,2000,1177,509,0.4325,0.42,1.0297,2056.97,6.2344,5.5458,0.0,0
Andwerp,2400,1744,522,0.2993,0.28,1.069,2435.44,6.2596,4.563,0.0,0
Andwerp,2600,383,136,0.3551,0.22,1.6141,2642.65,4.92,4.6168,0.0,0
Andwerp,2800,37,10,0.2703,0.16,1.6892,2860.0,2.3979,1.8535,0.0,0
Andwerp,3000,33,4,0.1212,0.11,1.1019,3100.0,1.6094,0.6048,0.0,0
Anemone_,1600,1365,739,0.5414,0.6,0.9023,1653.86,6.6067,5.9155,0.0556,0
Anemone_,1400,1013,649,0.6407,0.7,0.9152,1448.54,6.477,6.0109,0.0549,0
Anemone_,1000,843,666,0.79,0.85,0.9295,1062.76,6.5028,5.4599,0.0539,0
Anemone_,1200,925,697,0.7535,0.78,0.966,1252.65,6.5482,6.1808,0.024,0
Anemone_,800,1357,1225,0.9027,0.9,1.003,817.63,7.1115,5.249,0.0,0
Anemone_,1800,1527,849,0.556,0.5,1.112,1859.13,6.7452,6.9723,0.0,0
Anemone_,2000,1467,693,0.4724,0.42,1.1247,2047.91,6.5425,6.3293,0.0,0
Anemone_,2200,1671,668,0.3998,0.35,1.1422,2244.31,6.5058,5.8369,0.0,0
Anemone_,2400,1949,637,0.3268,0.28,1.1673,2450.39,6.4583,5.1723,0.0,0
Anemone_,2600,793,332,0.4187,0.22,1.903,2642.77,5.8081,6.4263,0.0,0
Anemone_,2800,490,137,0.2796,0.16,1.7474,2849.64,4.9273,3.9257,0.0,0
Anemone_,3000,99,41,0.4141,0.11,2.0,3007.32,3.7377,4.6551,0.0,0
Anemone_,3200,96,11,0.1146,0.07,1.6369,3263.64,2.4849,0.9293,0.0,0
Anemone_,3400,77,7,0.0909,0.04,2.0,3500.0,2.0794,0.6616,0.0,0
AngelOlan,1000,484,286,0.5909,0.85,0.6952,1062.24,5.6595,3.5524,0.2406,1
AngelOlan,1400,554,251,0.4531,0.7,0.6472,1448.61,5.5294,3.6291,0.239,1
AngelOlan,1200,508,287,0.565,0.78,0.7243,1247.04,5.663,3.9897,0.2011,1
AngelOlan,800,761,532,0.6991,0.9,0.7768,817.11,6.2785,3.5864,0.1832,0
AngelOlan,1600,754,375,0.4973,0.6,0.8289,1643.47,5.9296,4.8467,0.0982,0
AngelOlan,2000,1145,472,0.4122,0.42,0.9815,2053.81,6.1591,5.2145,0.0076,0
AngelOlan,1800,1332,725,0.5443,0.5,1.0886,1848.69,6.5876,6.6286,0.0,0
AngelOlan,2200,411,177,0.4307,0.35,1.2304,2236.72,5.1818,4.9914,0.0,0
AngelOlan,2400,238,98,0.4118,0.28,1.4706,2442.86,4.5951,4.6221,0.0,0
AngelOlan,2600,42,20,0.4762,0.22,2.0,2670.0,3.0445,3.8709,0.0,0
AngelOlan,2800,32,15,0.4688,0.16,2.0,2826.67,2.7726,3.6737,0.0,0
AngryKid,1000,75,30,0.4,0.85,0.4706,1066.67,3.434,1.4652,0.4395,1
AngryKid,1400,76,28,0.3684,0.7,0.5263,1432.14,3.3673,1.7767,0.3298,1
AngryKid,1200,98,44,0.449,0.78,0.5756,1263.64,3.8067,2.1597,0.3165,1
AngryKid,1800,94,22,0.234,0.5,0.4681,1881.82,3.1355,1.381,0.2929,1
AngryKid,800,151,88,0.5828,0.9,0.6475,810.23,4.4886,2.1195,0.2904,1
AngryKid,1600,64,36,0.5625,0.6,0.9375,1647.22,3.6109,3.3457,0.0339,0
AngryKid,2000,38,19,0.5,0.42,1.1905,2036.84,2.9957,3.0509,0.0,0
AngryKid,2200,11,11,1.0,0.35,2.0,2245.45,2.4849,5.5797,0.0,0
Anhdung147,1400,256,110,0.4297,0.7,0.6138,1427.27,4.7095,2.8883,0.2627,1
Anhdung147,1000,209,123,0.5885,0.85,0.6924,1056.91,4.8203,2.9983,0.2402,1
Anhdung147,1800,459,143,0.3115,0.5,0.6231,1830.77,4.9698,2.8346,0.1935,1
Anhdung147,1600,149,63,0.4228,0.6,0.7047,1673.02,4.1589,2.9419,0.1721,1
Anhdung147,1200,200,121,0.605,0.78,0.7756,1241.32,4.804,3.6078,0.1599,0
Anhdung147,800,294,215,0.7313,0.9,0.8125,817.21,5.3753,3.2124,0.1505,0
Anhdung147,3400,16,0,0.0,0.04,0.0,3400.0,0.0,0.0,0.1133,0
Anhdung147,3000,135,10,0.0741,0.11,0.6734,3010.0,2.3979,0.5346,0.0519,1
Anhdung147,2000,451,174,0.3858,0.42,0.9186,2047.13,5.1648,4.0792,0.0339,0
Anhdung147,2200,184,68,0.3696,0.35,1.0559,2258.82,4.2341,3.5346,0.0,0
Anhdung147,2400,357,114,0.3193,0.28,1.1405,2442.98,4.7449,3.7016,0.0,0
Anhdung147,2600,140,41,0.2929,0.22,1.3312,2660.98,3.7377,2.9127,0.0,0
Anhdung147,2800,53,16,0.3019,0.16,1.8868,2818.75,2.8332,2.4109,0.0,0
Anhdung147,3200,6,6,1.0,0.07,2.0,3200.0,1.9459,6.2269,0.0,0
Anoth3r,2800,22,0,0.0,0.16,0.0,2800.0,0.0,0.0,0.5017,1
Anoth3r,3000,54,0,0.0,0.11,0.0,3000.0,0.0,0.0,0.4408,1
Anoth3r,1400,278,82,0.295,0.7,0.4214,1467.07,4.4188,1.9122,0.4209,1
Anoth3r,1600,249,82,0.3293,0.6,0.5489,1657.32,4.4188,2.4117,0.2758,1
Anoth3r,1000,166,92,0.5542,0.85,0.652,1072.83,4.5326,2.695,0.2736,1
Anoth3r,1200,164,85,0.5183,0.78,0.6645,1264.71,4.4543,2.9198,0.245,1
Anoth3r,1800,344,93,0.2703,0.5,0.5407,1858.06,4.5433,2.2822,0.2421,1
Anoth3r,2200,307,60,0.1954,0.35,0.5584,2240.0,4.1109,1.7997,0.1733,1
Anoth3r,2400,106,16,0.1509,0.28,0.5391,2437.5,2.8332,1.0424,0.1573,1
Anoth3r,3200,4,0,0.0,0.07,0.0,3200.0,0.0,0.0,0.1127,0
Anoth3r,800,179,139,0.7765,0.9,0.8628,823.02,4.9416,3.1582,0.1079,0
Anoth3r,3400,7,0,0.0,0.04,0.0,3400.0,0.0,0.0,0.0832,0
Anoth3r,2000,104,55,0.5288,0.42,1.2592,2036.36,4.0254,4.335,0.0,0
Anoth3r,2600,144,34,0.2361,0.22,1.0732,2614.71,3.5553,2.1949,0.0,0
AntiBsayer,1000,1344,805,0.599,0.85,0.7047,1053.54,6.6921,4.2229,0.2351,1
AntiBsayer,1200,1612,869,0.5391,0.78,0.6911,1253.39,6.7685,4.5734,0.2291,1
AntiBsayer,1400,2084,1083,0.5197,0.7,0.7424,1449.95,6.9884,5.2658,0.1725,1
AntiBsayer,800,1690,1251,0.7402,0.9,0.8225,823.98,7.1325,4.3504,0.146,0
AntiBsayer,1600,2227,1202,0.5397,0.6,0.8996,1653.58,7.0926,6.3301,0.0574,0
AntiBsayer,2000,3196,1243,0.3889,0.42,0.926,2048.19,7.1261,5.6766,0.0309,0
AntiBsayer,1800,2817,1331,0.4725,0.5,0.945,1855.6,7.1944,6.3077,0.0267,0
AntiBsayer,2200,3492,1181,0.3382,0.35,0.9663,2247.08,7.075,5.3767,0.0119,0
AntiBsayer,2400,4000,1173,0.2932,0.28,1.0473,2442.97,7.0682,5.0636,0.0,0
AntiBsayer,2600,2681,727,0.2712,0.22,1.2326,2644.7,6.5903,4.7263,0.0,0
AntiBsayer,2800,2067,401,0.194,0.16,1.2125,2842.14,5.9965,3.3063,0.0,0
AntiBsayer,3000,731,171,0.2339,0.11,2.0,3029.24,5.1475,3.6476,0.0,0
AntiBsayer,3200,370,68,0.1838,0.07,2.0,3230.88,4.2341,2.5141,0.0,0
AntiBsayer,3400,197,28,0.1421,0.04,2.0,3453.57,3.3673,1.6529,0.0,0
Antiamuny,1000,77,42,0.5455,0.85,0.6417,1066.67,3.7612,2.1883,0.2787,1
Antiamuny,2400,373,34,0.0912,0.28,0.3255,2435.29,3.5553,0.7892,0.2456,1
Antiamuny,2600,91,9,0.0989,0.22,0.4496,2600.0,2.3026,0.5921,0.1658,1
Antiamuny,1400,103,56,0.5437,0.7,0.7767,1421.43,4.0431,3.1245,0.144,0
Antiamuny,800,146,108,0.7397,0.9,0.8219,816.67,4.6913,2.8341,0.1405,0
Antiamuny,1800,237,93,0.3924,0.5,0.7848,1864.52,4.5433,3.3241,0.1062,0
Antiamuny,1600,148,73,0.4932,0.6,0.8221,1645.21,4.3041,3.4927,0.1007,0
Antiamuny,1200,101,68,0.6733,0.78,0.8632,1257.35,4.2341,3.5843,0.0943,0
Antiamuny,2000,220,77,0.35,0.42,0.8333,2031.17,4.3567,3.0972,0.0705,0
Antiamuny,2800,14,2,0.1429,0.16,0.8929,2800.0,1.0986,0.4394,0.0221,0
Antiamuny,2200,75,26,0.3467,0.35,0.9905,2280.77,3.2958,2.6059,0.0034,0
Aotsuki,1200,171,117,0.6842,0.78,0.8772,1252.99,4.7707,4.09,0.0854,0
Aotsuki,1000,82,63,0.7683,0.85,0.9039,1057.14,4.1589,3.3778,0.07,0
Aotsuki,1600,285,150,0.5263,0.6,0.8772,1660.0,5.0173,4.3835,0.0693,0
Aotsuki,800,151,126,0.8344,0.9,0.9272,814.29,4.8442,3.2915,0.0564,0
Aotsuki,3400,2,0,0.0,0.04,0.0,3400.0,0.0,0.0,0.0439,0
Aotsuki,2400,586,159,0.2713,0.28,0.969,2435.85,5.0752,3.3543,0.0091,0
Aotsuki,1400,139,109,0.7842,0.7,1.1202,1448.62,4.7005,5.3396,0.0,0
Aotsuki,1800,368,197,0.5353,0.5,1.0707,1867.01,5.2883,5.2854,0.0,0
Aotsuki,2000,299,139,0.4649,0.42,1.1069,2043.88,4.9416,4.6954,0.0,0
Aotsuki,2200,379,134,0.3536,0.35,1.0102,2260.45,4.9053,3.9203,0.0,0
Aotsuki,2600,191,58,0.3037,0.22,1.3803,2643.1,4.0775,3.2727,0.0,0
Aotsuki,2800,177,36,0.2034,0.16,1.2712,2855.56,3.6109,2.0972,0.0,0
Aotsuki,3000,3,3,1.0,0.11,2.0,3100.0,1.3863,4.2975,0.0,0
Aotsuki,3200,17,6,0.3529,0.07,2.0,3300.0,1.9459,2.2664,0.0,0
AphelIO,1400,238,106,0.4454,0.7,0.6363,1451.89,4.6728,3.0216,0.2458,1
AphelIO,1000,218,139,0.6376,0.85,0.7501,1059.71,4.9416,3.339,0.1926,0
AphelIO,3000,3,0,0.0,0.11,0.0,3000.0,0.0,0.0,0.1525,0
AphelIO,1600,526,268,0.5095,0.6,0.8492,1660.45,5.5947,4.7332,0.086,0
AphelIO,1200,195,135,0.6923,0.78,0.8876,1256.3,4.9127,4.2728,0.0783,0
AphelIO,1800,878,415,0.4727,0.5,0.9453,1858.8,6.0307,5.2985,0.0264,0
AphelIO,800,513,451,0.8791,0.9,0.9768,810.64,6.1137,4.357,0.0183,0
AphelIO,2000,1203,483,0.4015,0.42,0.9559,2051.76,6.1821,5.0926,0.0183,0
AphelIO,2200,663,327,0.4932,0.35,1.4092,2213.15,5.793,6.3234,0.0,0
AphelIO,2400,97,33,0.3402,0.28,1.215,2436.36,3.5264,2.9229,0.0,0
AphelIO,2600,26,9,0.3462,0.22,1.5734,2633.33,2.3026,2.0989,0.0,0
ApraCadabra,1200,1291,701,0.543,0.78,0.6961,1253.21,6.5539,4.4598,0.2248,1
ApraCadabra,3200,212,1,0.0047,0.07,0.0674,3200.0,0.6931,0.0105,0.2067,1
ApraCadabra,1000,775,543,0.7006,0.85,0.8243,1061.14,6.2989,4.6832,0.1362,0
ApraCadabra,800,1373,1044,0.7604,0.9,0.8449,821.46,6.9518,4.3422,0.1269,0
ApraCadabra,1600,2000,985,0.4925,0.6,0.8208,1654.62,6.8937,5.6176,0.1035,0
ApraCadabra,1400,1269,757,0.5965,0.7,0.8522,1451.92,6.6307,5.7429,0.0969,0
ApraCadabra,1800,2766,1149,0.4154,0.5,0.8308,1855.61,7.0475,5.4324,0.0833,0
ApraCadabra,2000,3009,1194,0.3968,0.42,0.9448,2055.19,7.0859,5.7787,0.023,0
ApraCadabra,2200,3045,1197,0.3931,0.35,1.1232,2255.97,7.0884,6.2862,0.0,0
ApraCadabra,2400,2962,999,0.3373,0.28,1.2045,2444.34,6.9078,5.6948,0.0,0
ApraCadabra,2600,1122,327,0.2914,0.22,1.3247,2641.28,5.793,4.4594,0.0,0
ApraCadabra,2800,278,100,0.3597,0.16,2.0,2828.0,4.6151,4.6948,0.0,0
ApraCadabra,3000,313,53,0.1693,0.11,1.5394,3035.85,3.989,2.0506,0.0,0
ApraCadabra,3400,5,1,0.2,0.04,2.0,3400.0,0.6931,0.4713,0.0,0
Arnav_Singhal1,1200,1055,543,0.5147,0.78,0.6599,1247.7,6.2989,4.0451,0.2531,1
Arnav_Singhal1,1400,1034,521,0.5039,0.7,0.7198,1445.11,6.2577,4.5565,0.1876,1
Arnav_Singhal1,1000,575,377,0.6557,0.85,0.7714,1057.29,5.9349,4.1142,0.1781,0
Arnav_Singhal1,1600,1404,647,0.4608,0.6,0.768,1656.57,6.4739,4.9421,0.135,0
Arnav_Singhal1,800,1072,818,0.7631,0.9,0.8478,818.7,6.7081,4.1907,0.124,0
Arnav_Singhal1,1800,2226,839,0.3769,0.5,0.7538,1853.16,6.7334,4.7031,0.1227,0
Arnav_Singhal1,2000,2457,842,0.3427,0.42,0.8159,2049.52,6.737,4.7318,0.078,0
Arnav_Singhal1,2200,2614,930,0.3558,0.35,1.0165,2248.39,6.8363,5.4685,0.0,0
Arnav_Singhal1,2400,2111,630,0.2984,0.28,1.0658,2443.02,6.4473,4.7006,0.0,0
Arnav_Singhal1,2600,642,184,0.2866,0.22,1.3027,2636.41,5.2204,3.9445,0.0,0
Arnav_Singhal1,2800,188,77,0.4096,0.16,2.0,2825.97,4.3567,5.0427,0.0,0
Arnav_Singhal1,3000,96,22,0.2292,0.11,2.0,3018.18,3.1355,2.1687,0.0,0
Arnav_Singhal1,3200,1,1,1.0,0.07,2.0,3200.0,0.6931,2.2181,0.0,0
ArsenGotov,1200,734,361,0.4918,0.78,0.6305,1244.6,5.8916,3.6064,0.276,1
ArsenGotov,1600,997,343,0.344,0.6,0.5734,1664.72,5.8406,3.345,0.2584,1
ArsenGotov,1000,518,307,0.5927,0.85,0.6973,1053.09,5.7301,3.5763,0.2391,1
ArsenGotov,1400,736,341,0.4633,0.7,0.6619,1432.26,5.8348,3.8719,0.2286,1
ArsenGotov,1800,1183,424,0.3584,0.5,0.7168,1851.18,6.0521,4.0155,0.1421,1
ArsenGotov,2200,1395,321,0.2301,0.35,0.6575,2250.16,5.7746,2.9899,0.1282,1
ArsenGotov,2400,1269,245,0.1931,0.28,0.6895,2445.31,5.5053,2.5991,0.0955,1
ArsenGotov,2000,1294,428,0.3308,0.42,0.7875,2055.14,6.0615,4.1203,0.0906,0
ArsenGotov,800,626,509,0.8131,0.9,0.9034,819.45,6.2344,4.154,0.0774,0
ArsenGotov,2600,305,53,0.1738,0.22,0.7899,2622.64,3.989,1.8179,0.053,0
ArsenGotov,2800,321,60,0.1869,0.16,1.1682,2831.67,4.1109,2.1758,0.0,0
ArsenGotov,3000,140,23,0.1643,0.11,1.4935,3034.78,3.1781,1.5845,0.0,0
ArsenGotov,3200,113,12,0.1062,0.07,1.5171,3275.0,2.5649,0.8921,0.0,0
ArsenGotov,3400,30,10,0.3333,0.04,2.0,3400.0,2.3979,2.7176,0.0,0
Art.ogo,1000,413,219,0.5303,0.85,0.6238,1064.38,5.3936,3.0442,0.3013,1
Art.ogo,1200,451,222,0.4922,0.78,0.6311,1248.2,5.4072,3.3222,0.2746,1
Art.ogo,1400,573,248,0.4328,0.7,0.6183,1452.02,5.5175,3.4674,0.2604,1
Art.ogo,800,675,464,0.6874,0.9,0.7638,818.53,6.142,3.4559,0.194,0
Art.ogo,2000,1130,276,0.2442,0.42,0.5815,2051.09,5.624,2.8175,0.1865,1
Art.ogo,1800,859,323,0.376,0.5,0.752,1854.49,5.7807,4.031,0.1235,0
Art.ogo,1600,671,320,0.4769,0.6,0.7948,1659.38,5.7714,4.5673,0.1184,0
Art.ogo,2200,702,175,0.2493,0.35,0.7123,2243.43,5.1705,2.8916,0.107,1
Art.ogo,2400,412,88,0.2136,0.28,0.7628,2429.55,4.4886,2.3293,0.0729,0
Art.ogo,2800,59,7,0.1186,0.16,0.7415,2800.0,2.0794,0.6908,0.055,1
Art.ogo,3000,52,4,0.0769,0.11,0.6993,3000.0,1.6094,0.3714,0.0503,1
Art.ogo,2600,150,34,0.2267,0.22,1.0303,2658.82,3.5553,2.1427,0.0,0
Arterm,1400,323,218,0.6749,0.7,0.9642,1450.46,5.3891,5.2756,0.0227,0
Arterm,1600,699,409,0.5851,0.6,0.9752,1645.23,6.0162,5.7915,0.0139,0
Arterm,1000,130,109,0.8385,0.85,0.9864,1052.29,4.7005,4.1473,0.0099,0
Arterm,800,137,124,0.9051,0.9,1.0057,822.58,4.8283,3.5948,0.0,0
Arterm,1200,208,177,0.851,0.78,1.091,1241.81,5.1818,5.4758,0.0,0
Arterm,1800,780,448,0.5744,0.5,1.1487,1860.94,6.107,6.5275,0.0,0
Arterm,2000,765,353,0.4614,0.42,1.0987,2046.46,5.8693,5.5425,0.0,0
Arterm,2200,558,265,0.4749,0.35,1.3569,2251.32,5.5835,5.9697,0.0,0
Arterm,2400,637,238,0.3736,0.28,1.3344,2449.58,5.4765,5.0122,0.0,0
Arterm,2600,654,181,0.2768,0.22,1.258,2633.7,5.204,3.7932,0.0,0
Arterm,2800,292,48,0.1644,0.16,1.0274,2841.67,3.8918,1.818,0.0,0
Arterm,3000,80,15,0.1875,0.11,1.7045,3080.0,2.7726,1.6012,0.0,0
Arterm,3200,65,7,0.1077,0.07,1.5385,3200.0,2.0794,0.7166,0.0,0
Arterm,3400,39,5,0.1282,0.04,2.0,3500.0,1.7918,0.804,0.0,0
Arxyj,2000,190,38,0.2,0.42,0.4762,2039.47,3.6636,1.4943,0.2478,1
Arxyj,1400,110,60,0.5455,0.7,0.7792,1428.33,4.1109,3.2027,0.1424,0
Arxyj,1200,68,44,0.6471,0.78,0.8296,1247.73,3.8067,3.0733,0.1171,0
Arxyj,1000,73,56,0.7671,0.85,0.9025,1051.79,4.0431,3.2621,0.0707,0
Arxyj,2400,40,9,0.225,0.28,0.8036,2466.67,2.3026,1.2779,0.0618,0
Arxyj,2200,101,32,0.3168,0.35,0.9052,2259.38,3.4965,2.5029,0.0341,0
Arxyj,800,105,93,0.8857,0.9,0.9841,815.05,4.5433,3.2798,0.012,0
Arxyj,1600,74,52,0.7027,0.6,1.1712,1634.62,3.9703,4.5605,0.0,0
Arxyj,1800,75,43,0.5733,0.5,1.1467,1853.49,3.7842,4.0213,0.0,0
Arxyj,2600,8,4,0.5,0.22,2.0,2600.0,1.6094,2.0923,0.0,0
AshenWitch,1600,125,31,0.248,0.6,0.4133,1674.19,3.4657,1.439,0.3812,1
AshenWitch,1000,112,52,0.4643,0.85,0.5462,1057.69,3.9703,1.9497,0.3669,1
AshenWitch,1200,117,51,0.4359,0.78,0.5588,1247.06,3.9512,2.1479,0.3316,1
AshenWitch,800,141,96,0.6809,0.9,0.7565,818.75,4.5747,2.5502,0.1948,0
AshenWitch,2000,129,41,0.3178,0.42,0.7567,2039.02,3.7377,2.4222,0.105,0
AshenWitch,1800,171,72,0.4211,0.5,0.8421,1872.22,4.2905,3.3822,0.0768,0
AshenWitch,2200,176,61,0.3466,0.35,0.9903,2249.18,4.1271,3.2173,0.0034,0
AshenWitch,1400,56,40,0.7143,0.7,1.0204,1442.5,3.7136,3.8263,0.0,0
AshenWitch,2400,56,38,0.6786,0.28,2.0,2444.74,3.6636,6.0776,0.0,0
AshenWitch,2600,32,16,0.5,0.22,2.0,2656.25,2.8332,3.7629,0.0,0
AshenWitch,2800,21,6,0.2857,0.16,1.7857,2800.0,1.9459,1.5567,0.0,0
AshenWitch,3000,12,6,0.5,0.11,2.0,3000.0,1.9459,2.9189,0.0,0
AshenWitch,3200,2,2,1.0,0.07,2.0,3300.0,1.0986,3.6254,0.0,0
AshenWitch,3400,10,7,0.7,0.04,2.0,3442.86,2.0794,5.0115,0.0,0
Auchenai01,1200,679,347,0.511,0.78,0.6552,1255.04,5.8522,3.7535,0.256,1
Auchenai01,1000,367,257,0.7003,0.85,0.8238,1059.14,5.553,4.1186,0.135,0
Auchenai01,1400,730,418,0.5726,0.7,0.818,1449.76,6.0379,5.0123,0.1194,0
Auchenai01,1600,972,469,0.4825,0.6,0.8042,1656.93,6.1527,4.919,0.113,0
Auchenai01,800,567,439,0.7743,0.9,0.8603,815.03,6.0868,3.841,0.1125,0
Auchenai01,1800,1192,505,0.4237,0.5,0.8473,1860.2,6.2265,4.9071,0.0748,0
Auchenai01,2200,1654,513,0.3102,0.35,0.8862,2246.78,6.2422,4.3499,0.0408,0
Auchenai01,2000,1327,511,0.3851,0.42,0.9169,2043.84,6.2383,4.9098,0.0347,0
Auchenai01,2400,1450,512,0.3531,0.28,1.2611,2442.58,6.2403,5.3821,0.0,0
Auchenai01,2600,1321,313,0.2369,0.22,1.077,2624.6,5.7494,3.5754,0.0,0
Auchenai01,2800,500,105,0.21,0.16,1.3125,2849.52,4.6634,2.7906,0.0,0
Auchenai01,3000,54,9,0.1667,0.11,1.5152,3077.78,2.3026,1.1811,0.0,0
Auchenai01,3200,90,16,0.1778,0.07,2.0,3262.5,2.8332,1.6433,0.0,0
Auchenai01,3400,30,5,0.1667,0.04,2.0,3500.0,1.7918,1.0452,0.0,0
Autocrat2005,3000,28,0,0.0,0.11,0.0,3000.0,0.0,0.0,0.3704,1
Autocrat2005,1400,244,109,0.4467,0.7,0.6382,1451.38,4.7005,3.0476,0.2444,1
Autocrat2005,2000,185,42,0.227,0.42,0.5405,2054.76,3.7612,1.7545,0.2118,1
Autocrat2005,1200,109,62,0.5688,0.78,0.7292,1262.9,4.1431,2.9762,0.193,1
Autocrat2005,2200,245,46,0.1878,0.35,0.5364,2230.43,3.8501,1.6123,0.1842,1
Autocrat2005,3200,12,0,0.0,0.07,0.0,3200.0,0.0,0.0,0.1795,0
Autocrat2005,1800,261,86,0.3295,0.5,0.659,1833.72,4.4659,2.6984,0.1737,1
Autocrat2005,1000,117,78,0.6667,0.85,0.7843,1051.28,4.3694,3.0623,0.1629,0
Autocrat2005,800,127,94,0.7402,0.9,0.8224,813.83,4.5539,2.7431,0.1396,0
Autocrat2005,2600,102,13,0.1275,0.22,0.5793,2653.85,2.6391,0.8926,0.1179,1
Autocrat2005,1600,253,127,0.502,0.6,0.8366,1637.01,4.852,3.9871,0.0928,0
Autocrat2005,2400,134,45,0.3358,0.28,1.1994,2464.44,3.8286,3.1686,0.0,0
Autocrat2005,2800,68,16,0.2353,0.16,1.4706,2837.5,2.8332,1.8916,0.0,0
Autocrat2005,3400,20,4,0.2,0.04,2.0,3500.0,1.6094,1.1266,0.0,0
Ayush79,2400,27,3,0.1111,0.28,0.3968,2400.0,1.3863,0.3697,0.2358,1
Ayush79,1600,20,8,0.4,0.6,0.6667,1612.5,2.1972,1.4172,0.1904,1
Ayush79,800,44,37,0.8409,0.9,0.9343,805.41,3.6376,2.4636,0.0485,0
Ayush79,1000,18,18,1.0,0.85,1.1765,1077.78,2.9444,3.1735,0.0,0
Ayush79,1200,31,28,0.9032,0.78,1.158,1235.71,3.3673,3.7583,0.0,0
Ayush79,1400,45,38,0.8444,0.7,1.2063,1484.21,3.6636,4.5917,0.0,0
Ayush79,1800,63,48,0.7619,0.5,1.5238,1812.5,3.8918,5.3744,0.0,0
Ayush79,2000,27,17,0.6296,0.42,1.4991,2000.0,2.8904,3.6397,0.0,0
Ayush79,2200,10,5,0.5,0.35,1.4286,2200.0,1.7918,1.9709,0.0,0
Ayush79,2600,22,13,0.5909,0.22,2.0,2700.0,2.6391,4.2105,0.0,0
BakaC1rn0,1200,17,9,0.5294,0.78,0.6787,1222.22,2.3026,1.4899,0.2193,0
BakaC1rn0,2000,42,14,0.3333,0.42,0.7937,2050.0,2.7081,1.8505,0.0879,0
BakaC1rn0,1400,30,20,0.6667,0.7,0.9524,1430.0,3.0445,2.9024,0.0283,0
BakaC1rn0,1600,14,8,0.5714,0.6,0.9524,1675.0,2.1972,2.1031,0.0242,0
BakaC1rn0,800,22,22,1.0,0.9,1.1111,813.64,3.1355,2.5512,0.0,0
BakaC1rn0,1000,4,4,1.0,0.85,1.1765,1000.0,1.6094,1.6094,0.0,0
BakaC1rn0,1800,28,23,0.8214,0.5,1.6429,1843.48,3.1781,4.8125,0.0,0
BakaC1rn0,2200,31,19,0.6129,0.35,1.7512,2231.58,2.9957,4.0974,0.0,0
Baraa-Ahmed,1000,1547,655,0.4234,0.85,0.4981,1058.78,6.4862,2.9077,0.4185,1
Baraa-Ahmed,1200,1425,602,0.4225,0.78,0.5416,1251.66,6.4019,3.3852,0.3508,1
Baraa-Ahmed,1400,1308,498,0.3807,0.7,0.5439,1457.23,6.2126,3.4469,0.3177,1
Baraa-Ahmed,800,1730,985,0.5694,0.9,0.6326,823.55,6.8937,3.2324,0.3123,1
Baraa-Ahmed,1600,2248,838,0.3728,0.6,0.6213,1666.23,6.7322,4.1816,0.2268,1
Baraa-Ahmed,2000,2167,506,0.2335,0.42,0.556,2044.86,6.2285,2.974,0.1982,1
Baraa-Ahmed,1800,2118,725,0.3423,0.5,0.6846,1846.21,6.5876,4.1631,0.1592,1
Baraa-Ahmed,2400,654,98,0.1498,0.28,0.5352,2429.59,4.5951,1.6729,0.1508,1
Baraa-Ahmed,2800,111,8,0.0721,0.16,0.4505,2837.5,2.1972,0.4493,0.1298,1
Baraa-Ahmed,2200,1094,268,0.245,0.35,0.6999,2246.27,5.5947,3.0786,0.1115,1
Baraa-Ahmed,2600,242,39,0.1612,0.22,0.7325,2661.54,3.6889,1.5823,0.0689,1
Baraa-Ahmed,3400,3,0,0.0,0.04,0.0,3400.0,0.0,0.0,0.0555,0
Baraa-Ahmed,3000,170,17,0.1,0.11,0.9091,3000.0,2.8904,0.8671,0.0132,0
Baraa-Ahmed,3200,6,1,0.1667,0.07,2.0,3200.0,0.6931,0.3697,0.0,0
BasicTH,2400,15,0,0.0,0.28,0.0,2400.0,0.0,0.0,0.7763,0
BasicTH,2800,14,0,0.0,0.16,0.0,2800.0,0.0,0.0,0.4333,0
BasicTH,1600,366,112,0.306,0.6,0.51,1654.46,4.7274,2.3934,0.3031,1
BasicTH,2000,228,52,0.2281,0.42,0.543,2046.15,3.9703,1.8528,0.2098,1
BasicTH,1800,230,69,0.3,0.5,0.6,1844.93,4.2485,2.3514,0.2074,1
BasicTH,1000,204,130,0.6373,0.85,0.7497,1056.15,4.8752,3.2812,0.1927,1
BasicTH,1200,193,112,0.5803,0.78,0.744,1246.43,4.7274,3.4194,0.1837,1
BasicTH,800,459,340,0.7407,0.9,0.823,817.35,5.8319,3.5309,0.1429,0
BasicTH,2200,77,18,0.2338,0.35,0.6679,2216.67,2.9444,1.5258,0.1284,1
BasicTH,1400,160,101,0.6312,0.7,0.9018,1437.62,4.625,4.1972,0.0621,0
Baskot,3000,24,0,0.0,0.11,0.0,3000.0,0.0,0.0,0.3541,1
Baskot,1000,466,235,0.5043,0.85,0.5933,1064.26,5.4638,2.9324,0.3287,1
Baskot,1400,801,310,0.387,0.7,0.5529,1445.16,5.7398,3.2103,0.3105,1
Baskot,1600,811,306,0.3773,0.6,0.6289,1653.59,5.7268,3.5731,0.2218,1
Baskot,1200,514,282,0.5486,0.78,0.7034,1256.38,5.6454,3.8914,0.2174,1
Baskot,1800,1353,430,0.3178,0.5,0.6356,1861.63,6.0661,3.589,0.1859,1
Baskot,800,611,458,0.7496,0.9,0.8329,818.78,6.1291,3.7617,0.1354,0
Baskot,2000,1278,371,0.2903,0.42,0.6912,2047.44,5.9189,3.518,0.1341,1
Baskot,2200,1745,411,0.2355,0.35,0.6729,2254.26,6.021,3.1968,0.1217,1
Baskot,2400,1346,270,0.2006,0.28,0.7164,2447.04,5.6021,2.7499,0.0867,1
Baskot,2600,851,145,0.1704,0.22,0.7745,2642.76,4.9836,2.2441,0.0559,0
Baskot,2800,467,60,0.1285,0.16,0.803,2821.67,4.1109,1.4903,0.0379,0
BennyLaw,2800,34,0,0.0,0.16,0.0,2800.0,0.0,0.0,0.5689,1
BennyLaw,1400,127,26,0.2047,0.7,0.2925,1438.46,3.2958,0.9706,0.5594,1
BennyLaw,1800,148,24,0.1622,0.5,0.3243,1845.83,3.2189,0.9635,0.4007,1
BennyLaw,2400,142,8,0.0563,0.28,0.2012,2500.0,2.1972,0.3095,0.3472,1
BennyLaw,800,367,216,0.5886,0.9,0.654,823.61,5.3799,2.6079,0.2884,1
BennyLaw,2000,122,22,0.1803,0.42,0.4294,2027.27,3.1355,1.1463,0.2789,1
BennyLaw,1000,241,144,0.5975,0.85,0.703,1050.0,4.9767,3.1223,0.2319,1
BennyLaw,1600,79,34,0.4304,0.6,0.7173,1617.65,3.5553,2.4752,0.1632,1
BennyLaw,1200,130,84,0.6462,0.78,0.8284,1242.86,4.4427,3.5678,0.1199,0
BennyLaw,2600,28,5,0.1786,0.22,0.8117,2600.0,1.7918,0.8319,0.05,0
BennyLaw,2200,28,21,0.75,0.35,2.0,2266.67,3.091,5.2548,0.0,0
BennyLaw,3000,12,6,0.5,0.11,2.0,3000.0,1.9459,2.9189,0.0,0
BestCrazyNoob,1400,85,38,0.4471,0.7,0.6387,1447.37,3.6636,2.3705,0.2416,1
BestCrazyNoob,1800,142,45,0.3169,0.5,0.6338,1848.89,3.8286,2.2433,0.1882,1
BestCrazyNoob,2000,166,50,0.3012,0.42,0.7172,2048.0,3.9318,2.4254,0.1233,1
BestCrazyNoob,2800,45,5,0.1111,0.16,0.6944,2840.0,1.7918,0.5654,0.067,1
BestCrazyNoob,2600,91,15,0.1648,0.22,0.7493,2626.67,2.7726,1.2004,0.0661,1
BestCrazyNoob,800,68,56,0.8235,0.9,0.915,814.29,4.0431,2.7112,0.0642,0
BestCrazyNoob,2200,122,37,0.3033,0.35,0.8665,2237.84,3.6376,2.4688,0.0485,0
BestCrazyNoob,1600,93,54,0.5806,0.6,0.9677,1650.0,4.0073,3.8393,0.0176,0
BestCrazyNoob,1000,44,37,0.8409,0.85,0.9893,1048.65,3.6376,3.2077,0.0075,0
BestCrazyNoob,1200,45,36,0.8,0.78,1.0256,1255.56,3.6109,3.627,0.0,0
BestCrazyNoob,2400,6,6,1.0,0.28,2.0,2500.0,1.9459,4.8648,0.0,0
Betwixt,1000,20,8,0.4,0.85,0.4706,1075.0,2.1972,0.9448,0.4285,1
Betwixt,800,40,22,0.55,0.9,0.6111,813.64,3.1355,1.4031,0.3143,1
Betwixt,2400,55,5,0.0909,0.28,0.3247,2400.0,1.7918,0.3909,0.2726,1
Betwixt,1400,5,2,0.4,0.7,0.5714,1400.0,1.0986,0.6152,0.2561,0
Betwixt,3200,12,0,0.0,0.07,0.0,3200.0,0.0,0.0,0.1795,0
Betwixt,2600,36,4,0.1111,0.22,0.5051,2600.0,1.6094,0.4649,0.1507,1
Betwixt,1600,27,12,0.4444,0.6,0.7407,1625.0,2.5649,1.8525,0.1454,1
Betwixt,2800,27,3,0.1111,0.16,0.6944,2800.0,1.3863,0.4313,0.0683,1
Betwixt,2000,35,13,0.3714,0.42,0.8844,2038.46,2.6391,1.9981,0.0478,0
Betwixt,2200,67,21,0.3134,0.35,0.8955,2238.1,3.091,2.1683,0.0377,0
Betwixt,3400,68,2,0.0294,0.04,0.7353,3500.0,1.0986,0.1131,0.0214,1
Betwixt,1200,19,15,0.7895,0.78,1.0121,1273.33,2.7726,2.7872,0.0,0
Betwixt,1800,29,15,0.5172,0.5,1.0345,1820.0,2.7726,2.6101,0.0,0
BiggestOtaku,1000,289,214,0.7405,0.85,0.8712,1059.81,5.3706,4.2147,0.0975,0
BiggestOtaku,3000,35,2,0.0571,0.11,0.5195,3100.0,1.0986,0.1946,0.0903,1
BiggestOtaku,1400,535,334,0.6243,0.7,0.8919,1438.62,5.8141,5.2218,0.0698,0
BiggestOtaku,1200,425,305,0.7176,0.78,0.9201,1254.1,5.7236,5.1512,0.0561,0
BiggestOtaku,800,387,339,0.876,0.9,0.9733,821.53,5.8289,4.1947,0.021,0
BiggestOtaku,2800,244,36,0.1475,0.16,0.9221,2827.78,3.6109,1.5065,0.0149,0
BiggestOtaku,1600,666,422,0.6336,0.6,1.0561,1658.53,6.0474,6.3552,0.0,0
BiggestOtaku,1800,1139,611,0.5364,0.5,1.0729,1857.61,6.4167,6.3942,0.0,0
BiggestOtaku,2000,1147,521,0.4542,0.42,1.0815,2049.33,6.2577,5.825,0.0,0
BiggestOtaku,2200,1339,602,0.4496,0.35,1.2845,2245.18,6.4019,6.4622,0.0,0
BiggestOtaku,2400,1217,449,0.3689,0.28,1.3176,2440.31,6.1092,5.5003,0.0,0
BiggestOtaku,2600,309,99,0.3204,0.22,1.4563,2654.55,4.6052,3.9166,0.0,0
Billlly,1000,161,69,0.4286,0.85,0.5042,1062.32,4.2485,1.9343,0.4085,1
Billlly,1200,181,101,0.558,0.78,0.7154,1251.49,4.625,3.2298,0.2054,1
Billlly,2200,454,98,0.2159,0.35,0.6167,2253.06,4.5951,2.2348,0.1467,1
Billlly,1400,224,124,0.5536,0.7,0.7908,1452.42,4.8283,3.8821,0.1361,0
Billlly,1800,275,106,0.3855,0.5,0.7709,1851.89,4.6728,3.3356,0.1135,0
Billlly,800,201,161,0.801,0.9,0.89,815.53,5.0876,3.3234,0.0863,0
Billlly,2000,275,98,0.3564,0.42,0.8485,2039.8,4.5951,3.3402,0.0639,0
Billlly,1600,207,114,0.5507,0.6,0.9179,1659.65,4.7449,4.3369,0.0458,0
Billlly,2400,156,39,0.25,0.28,0.8929,2438.46,3.6889,2.2488,0.0324,0
Billlly,2600,53,18,0.3396,0.22,1.5437,2627.78,2.9444,2.6278,0.0,0
Billlly,2800,9,4,0.4444,0.16,2.0,2800.0,1.6094,2.0029,0.0,0
Billlly,3000,16,2,0.125,0.11,1.1364,3100.0,1.0986,0.4257,0.0,0
Billlly,3400,2,2,1.0,0.04,2.0,3500.0,1.0986,3.8451,0.0,0
Binary-grid-colouring,1200,253,123,0.4862,0.78,0.6233,1260.16,4.8203,2.9531,0.2795,1
Binary-grid-colouring,1000,214,128,0.5981,0.85,0.7037,1054.69,4.8598,3.0658,0.2308,1
Binary-grid-colouring,1400,328,159,0.4848,0.7,0.6925,1459.12,5.0752,3.5898,0.2054,1
Binary-grid-colouring,1600,333,145,0.4354,0.6,0.7257,1649.66,4.9836,3.5798,0.1598,1
Binary-grid-colouring,800,180,135,0.75,0.9,0.8333,838.52,4.9127,3.0895,0.1319,0
Binary-grid-colouring,2600,138,24,0.1739,0.22,0.7905,2616.67,3.2189,1.4648,0.0539,0
Binary-grid-colouring,3200,1,0,0.0,0.07,0.0,3200.0,0.0,0.0,0.0485,0
Binary-grid-colouring,1800,352,164,0.4659,0.5,0.9318,1851.22,5.1059,4.4039,0.0328,0
Binary-grid-colouring,2000,367,143,0.3896,0.42,0.9277,2041.26,4.9698,3.9528,0.03,0
Binary-grid-colouring,2200,343,113,0.3294,0.35,0.9413,2238.94,4.7362,3.4935,0.0209,0
Binary-grid-colouring,2400,166,68,0.4096,0.28,1.463,2441.18,4.2341,4.2341,0.0,0
Binary-grid-colouring,2800,21,21,1.0,0.16,2.0,2823.81,3.091,8.7285,0.0,0
BlackAnt,2400,412,80,0.1942,0.28,0.6935,2440.0,4.3944,2.082,0.0958,1
BlackAnt,800,386,308,0.7979,0.9,0.8866,818.83,5.7333,3.746,0.0903,0
BlackAnt,1200,325,234,0.72,0.78,0.9231,1250.0,5.4596,4.9136,0.0538,0
BlackAnt,2000,601,223,0.371,0.42,0.8834,2060.09,5.4116,4.1366,0.0489,0
BlackAnt,1400,395,260,0.6582,0.7,0.9403,1445.77,5.5645,5.2955,0.0381,0
BlackAnt,2200,473,148,0.3129,0.35,0.894,2247.3,5.0039,3.5186,0.0381,0
BlackAnt,1000,210,173,0.8238,0.85,0.9692,1049.13,5.1591,4.4589,0.0228,0
BlackAnt,1600,501,289,0.5768,0.6,0.9614,1655.02,5.6699,5.413,0.0216,0
BlackAnt,2600,114,24,0.2105,0.22,0.9569,2600.0,3.2189,1.7619,0.0107,0
BlackAnt,1800,422,232,0.5498,0.5,1.0995,1851.72,5.451,5.5492,0.0,0
BlackAnt,2800,9,3,0.3333,0.16,2.0,2800.0,1.3863,1.2939,0.0,0
BlackAnt,3000,8,4,0.5,0.11,2.0,3000.0,1.6094,2.4142,0.0,0
BlackAnt,3200,70,7,0.1,0.07,1.4286,3200.0,2.0794,0.6654,0.0,0
BluoCaroot,1000,1111,516,0.4644,0.85,0.5464,1059.3,6.248,3.074,0.3731,1
BluoCaroot,1200,1294,610,0.4714,0.78,0.6044,1256.39,6.4151,3.7995,0.2982,1
BluoCaroot,1600,1839,673,0.366,0.6,0.6099,1654.68,6.5132,3.9441,0.2342,1
BluoCaroot,1400,1346,623,0.4629,0.7,0.6612,1446.71,6.4362,4.3097,0.2298,1
BluoCaroot,800,1619,1060,0.6547,0.9,0.7275,817.17,6.967,3.7275,0.2275,1
BluoCaroot,1800,2137,684,0.3201,0.5,0.6401,1859.36,6.5294,3.8859,0.1832,1
BluoCaroot,2000,1250,404,0.3232,0.42,0.7695,2044.55,6.0039,3.9674,0.0986,0
BluoCaroot,3400,7,0,0.0,0.04,0.0,3400.0,0.0,0.0,0.0832,0
BluoCaroot,2200,767,248,0.3233,0.35,0.9238,2237.5,5.5175,3.9917,0.0272,0
BluoCaroot,2400,627,169,0.2695,0.28,0.9626,2449.7,5.1358,3.3911,0.011,0
BluoCaroot,2600,183,67,0.3661,0.22,1.6642,2638.81,4.2195,4.0766,0.0,0
BluoCaroot,2800,74,12,0.1622,0.16,1.0135,2816.67,2.5649,1.1716,0.0,0
BluoCaroot,3000,7,7,1.0,0.11,2.0,3000.0,2.0794,6.2383,0.0,0
Boa_Hancock,2800,20,0,0.0,0.16,0.0,2800.0,0.0,0.0,0.4871,1
Boa_Hancock,1600,150,54,0.36,0.6,0.6,1644.44,4.0073,2.3723,0.2405,1
Boa_Hancock,1400,142,75,0.5282,0.7,0.7545,1450.67,4.3307,3.3182,0.16,0
Boa_Hancock,1000,81,55,0.679,0.85,0.7988,1065.45,4.0254,2.9122,0.1499,0
Boa_Hancock,2400,112,18,0.1607,0.28,0.574,2427.78,2.9444,1.1489,0.143,1
Boa_Hancock,2000,204,62,0.3039,0.42,0.7236,2043.55,4.1431,2.5732,0.1201,1
Boa_Hancock,1200,106,69,0.6509,0.78,0.8345,1253.62,4.2485,3.4669,0.1149,0
Boa_Hancock,1800,213,85,0.3991,0.5,0.7981,1861.18,4.4543,3.3083,0.0993,0
Boa_Hancock,800,126,99,0.7857,0.9,0.873,808.08,4.6052,2.9239,0.0988,0
Boa_Hancock,2200,112,30,0.2679,0.35,0.7653,2263.33,3.434,2.0819,0.0876,0
Boboge,1000,1208,901,0.7459,0.85,0.8775,1058.49,6.8046,5.3722,0.0947,0
Boboge,1600,2435,1227,0.5039,0.6,0.8398,1655.83,7.1131,5.935,0.0924,0
Boboge,800,2099,1730,0.8242,0.9,0.9158,819.31,7.4565,5.0351,0.0686,0
Boboge,1400,1728,1107,0.6406,0.7,0.9152,1447.43,7.0103,6.5004,0.0553,0
Boboge,2000,2959,1153,0.3897,0.42,0.9278,2049.61,7.051,5.6313,0.0301,0
Boboge,1200,1313,987,0.7517,0.78,0.9637,1252.89,6.8957,6.4944,0.0257,0
Boboge,1800,2515,1247,0.4958,0.5,0.9917,1855.73,7.1293,6.5598,0.004,0
Boboge,2200,3324,1164,0.3502,0.35,1.0005,2249.48,7.0605,5.5617,0.0,0
Boboge,2400,3698,1253,0.3388,0.28,1.2101,2450.36,7.1341,5.9231,0.0,0
Boboge,2600,2148,623,0.29,0.22,1.3184,2639.65,6.4362,4.9275,0.0,0
Boboge,2800,959,350,0.365,0.16,2.0,2829.14,5.8608,6.0515,0.0,0
Boboge,3000,364,121,0.3324,0.11,2.0,3028.93,4.804,4.837,0.0,0
Boboge,3200,203,29,0.1429,0.07,2.0,3258.62,3.4012,1.5833,0.0,0
Boboge,3400,86,14,0.1628,0.04,2.0,3450.0,2.7081,1.5209,0.0,0
BullyPrime,1200,22,11,0.5,0.78,0.641,1300.0,2.4849,1.6152,0.2519,1
BullyPrime,1000,19,11,0.5789,0.85,0.6811,1054.55,2.4849,1.5171,0.233,0
BullyPrime,1400,4,2,0.5,0.7,0.7143,1400.0,1.0986,0.769,0.1534,0
BullyPrime,2200,63,14,0.2222,0.35,0.6349,2264.29,2.7081,1.3626,0.1433,1
BullyPrime,3200,3,0,0.0,0.07,0.0,3200.0,0.0,0.0,0.097,0
BullyPrime,1800,26,12,0.4615,0.5,0.9231,1800.0,2.5649,2.1309,0.0356,0
BullyPrime,800,14,14,1.0,0.9,1.1111,807.14,2.7081,2.1858,0.0,0
BullyPrime,1600,10,10,1.0,0.6,1.6667,1600.0,2.3979,3.8366,0.0,0
BullyPrime,2000,16,12,0.75,0.42,1.7857,2066.67,2.5649,3.9757,0.0,0
BullyPrime,2400,13,13,1.0,0.28,2.0,2500.0,2.6391,6.5976,0.0,0
BullyPrime,2600,190,53,0.2789,0.22,1.2679,2607.55,3.989,2.9015,0.0,0
BullyPrime,2800,10,5,0.5,0.16,2.0,2800.0,1.7918,2.5085,0.0,0
CCCCOrz,1000,168,105,0.625,0.85,0.7353,1044.76,4.6634,3.0451,0.2038,1
CCCCOrz,1800,512,171,0.334,0.5,0.668,1842.11,5.1475,3.1669,0.1685,1
CCCCOrz,800,214,156,0.729,0.9,0.81,812.82,5.0562,2.9959,0.1517,0
CCCCOrz,1400,187,102,0.5455,0.7,0.7792,1459.8,4.6347,3.6904,0.1436,0
CCCCOrz,2400,340,64,0.1882,0.28,0.6723,2462.5,4.1744,1.935,0.1034,1
CCCCOrz,1200,186,128,0.6882,0.78,0.8823,1246.09,4.8598,4.1674,0.082,0
CCCCOrz,3000,285,23,0.0807,0.11,0.7337,3017.39,3.1781,0.7739,0.0397,1
CCCCOrz,2000,305,118,0.3869,0.42,0.9212,2039.83,4.7791,3.7716,0.0328,0
CCCCOrz,2600,261,55,0.2107,0.22,0.9579,2634.55,4.0254,2.2348,0.0103,0
CCCCOrz,1600,209,129,0.6172,0.6,1.0287,1659.69,4.8675,4.9863,0.0,0
CCCCOrz,2200,354,137,0.387,0.35,1.1057,2245.99,4.9273,4.2828,0.0,0
CCCCOrz,2800,127,38,0.2992,0.16,1.8701,2842.11,3.6636,3.1155,0.0,0
CCCCOrz,3200,8,8,1.0,0.07,2.0,3300.0,2.1972,7.2508,0.0,0
CCCCOrz,3400,1,1,1.0,0.04,2.0,3500.0,0.6931,2.426,0.0,0
Caelith,1000,189,148,0.7831,0.85,0.9213,1062.16,5.0039,4.162,0.0585,0
Caelith,1800,908,407,0.4482,0.5,0.8965,1848.16,6.0113,4.9798,0.0503,0
Caelith,1200,244,180,0.7377,0.78,0.9458,1266.67,5.1985,4.8576,0.0375,0
Caelith,2200,709,227,0.3202,0.35,0.9148,2225.55,5.4293,3.8687,0.0305,0
Caelith,800,249,221,0.8876,0.9,0.9862,814.48,5.4027,3.9055,0.0107,0
Caelith,1400,191,142,0.7435,0.7,1.0621,1455.63,4.9628,5.3708,0.0,0
Caelith,1600,235,144,0.6128,0.6,1.0213,1658.33,4.9767,5.0572,0.0,0
Caelith,2000,558,283,0.5072,0.42,1.2075,2055.83,5.649,5.8899,0.0,0
Caelith,2400,145,69,0.4759,0.28,1.6995,2434.78,4.2485,4.9224,0.0,0
Calculatelove,1000,241,159,0.6598,0.85,0.7762,1071.07,5.0752,3.5863,0.1719,0
Calculatelove,1400,469,260,0.5544,0.7,0.792,1450.77,5.5645,4.4753,0.1365,0
Calculatelove,1200,256,177,0.6914,0.78,0.8864,1249.15,5.1818,4.4754,0.0795,0
Calculatelove,800,321,261,0.8131,0.9,0.9034,818.39,5.5683,3.7053,0.0764,0
Calculatelove,1600,482,278,0.5768,0.6,0.9613,1653.6,5.6312,5.3707,0.0217,0
Calculatelove,1800,500,281,0.562,0.5,1.124,1858.72,5.6419,5.8935,0.0,0
Calculatelove,2000,560,300,0.5357,0.42,1.2755,2049.33,5.7071,6.2656,0.0,0
Calculatelove,2200,574,273,0.4756,0.35,1.3589,2239.93,5.6131,5.9798,0.0,0
Calculatelove,2400,1311,654,0.4989,0.28,1.7816,2443.58,6.4846,7.9047,0.0,0
Calculatelove,2600,738,287,0.3889,0.22,1.7677,2623.0,5.663,5.7765,0.0,0
Calculatelove,2800,296,98,0.3311,0.16,2.0,2855.1,4.5951,4.3436,0.0,0
Calculatelove,3000,203,57,0.2808,0.11,2.0,3031.58,4.0604,3.4564,0.0,0
Calculatelove,3200,70,27,0.3857,0.07,2.0,3244.44,3.3322,4.17,0.0,0
Calculatelove,3400,74,20,0.2703,0.04,2.0,3435.0,3.0445,2.8265,0.0,0
CareCare,2200,462,131,0.2835,0.35,0.8101,2241.22,4.8828,3.103,0.0693,0
CareCare,1000,186,145,0.7796,0.85,0.9171,1064.14,4.9836,4.1343,0.0616,0
CareCare,800,417,351,0.8417,0.9,0.9353,819.37,5.8636,4.0441,0.0512,0
CareCare,2000,489,181,0.3701,0.42,0.8813,2053.59,5.204,3.9557,0.0498,0
CareCare,1600,353,201,0.5694,0.6,0.949,1650.25,5.3083,4.988,0.0285,0
CareCare,1800,524,250,0.4771,0.5,0.9542,1860.4,5.5255,4.9044,0.022,0
CareCare,1200,277,210,0.7581,0.78,0.972,1256.19,5.3519,5.0968,0.0194,0
CareCare,1400,249,185,0.743,0.7,1.0614,1431.89,5.2257,5.5594,0.0,0
CareCare,2400,96,46,0.4792,0.28,1.7113,2445.65,3.8501,4.5119,0.0,0
CareCare,2600,60,38,0.6333,0.22,2.0,2639.47,3.6636,6.1243,0.0,0
CareCare,2800,51,27,0.5294,0.16,2.0,2837.04,3.3322,5.0048,0.0,0
CareCare,3000,11,3,0.2727,0.11,2.0,3066.67,1.3863,1.1594,0.0,0
CareCare,3200,2,2,1.0,0.07,2.0,3300.0,1.0986,3.6254,0.0,0
ChatGPT4.0,1400,36,10,0.2778,0.7,0.3968,1470.0,2.3979,0.9791,0.4487,1
ChatGPT4.0,800,48,29,0.6042,0.9,0.6713,813.79,3.4012,1.6723,0.2616,1
ChatGPT4.0,1000,32,19,0.5938,0.85,0.6985,1078.95,2.9957,1.9191,0.2242,1
ChatGPT4.0,1200,18,18,1.0,0.78,1.2821,1288.89,2.9444,3.7951,0.0,0
ChatGPT4.0,1600,23,17,0.7391,0.6,1.2319,1652.94,2.8904,3.5313,0.0,0
ChatGPT4.0,1800,29,20,0.6897,0.5,1.3793,1830.0,3.0445,3.8424,0.0,0
ChatGPT4.0,2000,22,22,1.0,0.42,2.0,2072.73,3.1355,6.499,0.0,0
ChatGPT4.0,2200,57,24,0.4211,0.35,1.203,2233.33,3.2189,3.0269,0.0,0
ChatGPT4.0,2400,11,11,1.0,0.28,2.0,2400.0,2.4849,5.9638,0.0,0
ChatGPT4.0,2600,23,11,0.4783,0.22,2.0,2663.64,2.4849,3.1656,0.0,0
ChatGPT4.0,2800,8,8,1.0,0.16,2.0,2900.0,2.1972,6.372,0.0,0
ChatGPT4.0,3200,3,3,1.0,0.07,2.0,3300.0,1.3863,4.5748,0.0,0
CirnoNine,1000,457,312,0.6827,0.85,0.8032,1065.71,5.7462,4.1808,0.1519,0
CirnoNine,800,698,535,0.7665,0.9,0.8516,817.76,6.2841,3.9388,0.1201,0
CirnoNine,1400,560,334,0.5964,0.7,0.852,1456.29,5.8141,5.05,0.0962,0
CirnoNine,2600,311,45,0.1447,0.22,0.6577,2653.33,3.8286,1.4699,0.0896,1
CirnoNine,1600,651,346,0.5315,0.6,0.8858,1651.73,5.8493,5.135,0.0648,0
CirnoNine,1200,447,323,0.7226,0.78,0.9264,1254.8,5.7807,5.2415,0.0517,0
CirnoNine,1800,962,451,0.4688,0.5,0.9376,1860.98,6.1137,5.3339,0.0301,0
CirnoNine,2000,784,435,0.5548,0.42,1.3211,2051.95,6.0776,6.9195,0.0,0
CirnoNine,2200,733,344,0.4693,0.35,1.3409,2251.45,5.8435,6.1744,0.0,0
CirnoNine,2400,534,233,0.4363,0.28,1.5583,2448.5,5.4553,5.8282,0.0,0
CirnoNine,2800,49,23,0.4694,0.16,2.0,2830.43,3.1781,4.2223,0.0,0
CirnoNine,3200,14,10,0.7143,0.07,2.0,3240.0,2.3979,5.5494,0.0,0
CodigoL,1200,896,517,0.577,0.78,0.7398,1250.68,6.25,4.5103,0.1904,1
CodigoL,1800,2727,876,0.3212,0.5,0.6425,1854.68,6.7765,4.0373,0.1819,1
CodigoL,1600,1704,748,0.439,0.6,0.7316,1658.82,6.6187,4.8196,0.1573,1
CodigoL,800,857,634,0.7398,0.9,0.822,820.03,6.4536,3.9151,0.1452,0
CodigoL,2000,2221,655,0.2949,0.42,0.7022,2051.3,6.4862,3.9238,0.1288,1
CodigoL,1000,547,390,0.713,0.85,0.8388,1051.03,5.9687,4.4727,0.124,0
CodigoL,1400,1246,722,0.5795,0.7,0.8278,1453.88,6.5834,5.5462,0.1133,0
CodigoL,2400,1845,343,0.1859,0.28,0.664,2448.4,5.8406,2.6585,0.1034,1
CodigoL,2800,904,78,0.0863,0.16,0.5393,2833.33,4.3694,1.0682,0.0935,1
CodigoL,3000,212,11,0.0519,0.11,0.4717,3045.45,2.4849,0.3927,0.0894,1
CodigoL,2600,1185,171,0.1443,0.22,0.6559,2646.2,5.1475,1.9656,0.0872,1
CodigoL,2200,2056,592,0.2879,0.35,0.8227,2244.76,6.3852,4.1271,0.0641,0
CodigoL,3400,2,0,0.0,0.04,0.0,3400.0,0.0,0.0,0.0439,0
CodigoL,3200,52,7,0.1346,0.07,1.9231,3285.71,2.0794,0.9198,0.0,0
Cody473,1400,100,33,0.33,0.7,0.4714,1445.45,3.5264,1.6821,0.3773,1
Cody473,1200,93,48,0.5161,0.78,0.6617,1256.25,3.8918,2.5234,0.2451,1
Cody473,2000,75,19,0.2533,0.42,0.6032,2021.05,2.9957,1.5338,0.1806,1
Cody473,1800,90,30,0.3333,0.5,0.6667,1823.33,3.434,2.0871,0.1696,1
Cody473,3000,3,0,0.0,0.11,0.0,3000.0,0.0,0.0,0.1525,0
Cody473,1000,87,60,0.6897,0.85,0.8114,1075.0,4.1109,3.0477,0.1405,0
Cody473,800,116,86,0.7414,0.9,0.8238,817.44,4.4659,2.7065,0.1382,0
Cody473,1600,77,37,0.4805,0.6,0.8009,1662.16,3.6376,2.9053,0.1122,0
Cody473,2200,73,19,0.2603,0.35,0.7436,2200.0,2.9957,1.7154,0.0966,1
Cody473,2400,43,16,0.3721,0.28,1.3289,2400.0,2.8332,2.5301,0.0,0
Cody473,2600,24,15,0.625,0.22,2.0,2626.67,2.7726,4.5517,0.0,0
Cody473,2800,12,6,0.5,0.16,2.0,2900.0,1.9459,2.8216,0.0,0
Coffee_zzz,800,253,158,0.6245,0.9,0.6939,824.05,5.0689,2.6086,0.2514,1
Coffee_zzz,1400,180,89,0.4944,0.7,0.7063,1434.83,4.4998,3.1924,0.1943,1
Coffee_zzz,1200,139,82,0.5899,0.78,0.7563,1237.8,4.4188,3.2267,0.1733,0
Coffee_zzz,1000,138,91,0.6594,0.85,0.7758,1054.95,4.5218,3.1456,0.1703,0
Coffee_zzz,2000,140,39,0.2786,0.42,0.6633,2035.9,3.6889,2.0921,0.1493,1
Coffee_zzz,1800,255,93,0.3647,0.5,0.7294,1851.61,4.5433,3.0681,0.1353,1
Coffee_zzz,1600,178,85,0.4775,0.6,0.7959,1668.24,4.4543,3.5485,0.1165,0
Coffee_zzz,2400,105,25,0.2381,0.28,0.8503,2404.0,3.2581,1.8649,0.0459,0
Coffee_zzz,2200,217,74,0.341,0.35,0.9743,2244.59,4.3175,3.3048,0.0091,0
Coffee_zzz,2600,63,35,0.5556,0.22,2.0,2634.29,3.5835,5.2445,0.0,0
Coffee_zzz,2800,48,8,0.1667,0.16,1.0417,2800.0,2.1972,1.0254,0.0,0
Coffee_zzz,3000,46,8,0.1739,0.11,1.581,3037.5,2.1972,1.1607,0.0,0
Coffee_zzz,3200,27,3,0.1111,0.07,1.5873,3200.0,1.3863,0.4929,0.0,0
ConstructibleNumber,1000,24,12,0.5,0.85,0.5882,1066.67,2.5649,1.368,0.316,1
ConstructibleNumber,800,26,22,0.8462,0.9,0.9402,818.18,3.1355,2.1707,0.0429,0
ConstructibleNumber,1800,79,37,0.4684,0.5,0.9367,1824.32,3.6376,3.1081,0.0299,0
ConstructibleNumber,1600,12,7,0.5833,0.6,0.9722,1685.71,2.0794,2.0448,0.0139,0
ConstructibleNumber,2000,39,16,0.4103,0.42,0.9768,2062.5,2.8332,2.3973,0.0094,0
ConstructibleNumber,1200,26,24,0.9231,0.78,1.1834,1262.5,3.2189,3.7512,0.0,0
ConstructibleNumber,1400,8,8,1.0,0.7,1.4286,1500.0,2.1972,3.2958,0.0,0
ConstructibleNumber,2200,29,15,0.5172,0.35,1.4778,2200.0,2.7726,3.155,0.0,0
ConstructibleNumber,2400,76,28,0.3684,0.28,1.3158,2453.57,3.3673,3.0439,0.0,0
ConstructibleNumber,2600,3,3,1.0,0.22,2.0,2700.0,1.3863,3.743,0.0,0
ConstructibleNumber,3000,6,3,0.5,0.11,2.0,3100.0,1.3863,2.1488,0.0,0
ConstructibleNumber,3200,7,4,0.5714,0.07,2.0,3300.0,1.6094,3.0349,0.0,0
Cubber,1200,283,161,0.5689,0.78,0.7294,1255.9,5.0876,3.635,0.1959,1
Cubber,1600,448,196,0.4375,0.6,0.7292,1651.53,5.2832,3.8174,0.1579,1
Cubber,1400,350,195,0.5571,0.7,0.7959,1456.41,5.2781,4.2828,0.1334,0
Cubber,1000,258,185,0.7171,0.85,0.8436,1063.78,5.2257,3.9862,0.1187,0
Cubber,1800,448,171,0.3817,0.5,0.7634,1857.89,5.1475,3.6504,0.1175,0
Cubber,800,388,307,0.7912,0.9,0.8792,815.96,5.7301,3.6995,0.0964,0
Cubber,2200,650,188,0.2892,0.35,0.8264,2260.64,5.2417,3.4273,0.0631,0
Cubber,2000,481,176,0.3659,0.42,0.8712,2047.73,5.1761,3.8783,0.0541,0
Cubber,2400,644,193,0.2997,0.28,1.0703,2433.16,5.2679,3.8413,0.0,0
Cubber,2600,311,71,0.2283,0.22,1.0377,2633.8,4.2767,2.5715,0.0,0
Cubber,2800,199,96,0.4824,0.16,2.0,2821.88,4.5747,6.2276,0.0,0
Cubber,3000,105,14,0.1333,0.11,1.2121,3042.86,2.7081,1.0987,0.0,0
Cubber,3200,83,26,0.3133,0.07,2.0,3215.38,3.2958,3.3197,0.0,0
Cubber,3400,5,1,0.2,0.04,2.0,3400.0,0.6931,0.4713,0.0,0
CutSandstone,1200,564,312,0.5532,0.78,0.7092,1257.05,5.7462,3.9959,0.213,1
CutSandstone,1000,420,281,0.669,0.85,0.7871,1061.21,5.6419,4.0058,0.1646,0
CutSandstone,1400,594,332,0.5589,0.7,0.7985,1442.77,5.8081,4.6837,0.1324,0
CutSandstone,1600,807,418,0.518,0.6,0.8633,1656.22,6.0379,5.1797,0.078,0
CutSandstone,1800,1323,560,0.4233,0.5,0.8466,1858.57,6.3297,4.9796,0.0752,0
CutSandstone,800,541,449,0.8299,0.9,0.9222,820.71,6.1092,4.1613,0.062,0
CutSandstone,3400,3,0,0.0,0.04,0.0,3400.0,0.0,0.0,0.0555,0
CutSandstone,2200,1220,369,0.3025,0.35,0.8642,2238.21,5.9135,4.0032,0.0489,0
CutSandstone,2800,115,16,0.1391,0.16,0.8696,2881.25,2.8332,1.1357,0.0259,0
CutSandstone,2000,1363,537,0.394,0.42,0.9381,2056.61,6.2879,5.0949,0.0258,0
CutSandstone,2400,1268,328,0.2587,0.28,0.9238,2432.32,5.7961,3.6468,0.0224,0
CutSandstone,2600,335,93,0.2776,0.22,1.2619,2662.37,4.5433,3.358,0.0,0
CutSandstone,3000,101,23,0.2277,0.11,2.0,3017.39,3.1781,2.1837,0.0,0
CutSandstone,3200,18,6,0.3333,0.07,2.0,3200.0,1.9459,2.0756,0.0,0
CutieSmileHaruka,1000,320,156,0.4875,0.85,0.5735,1061.54,5.0562,2.6166,0.3455,1
CutieSmileHaruka,800,609,353,0.5796,0.9,0.644,817.28,5.8693,2.7804,0.2991,1
CutieSmileHaruka,1400,537,227,0.4227,0.7,0.6039,1444.05,5.4293,3.3142,0.2712,1
CutieSmileHaruka,1200,449,239,0.5323,0.78,0.6824,1249.37,5.4806,3.6448,0.2335,1
CutieSmileHaruka,1600,702,333,0.4744,0.6,0.7906,1660.36,5.8111,4.5769,0.1209,0
CutieSmileHaruka,1800,833,363,0.4358,0.5,0.8715,1862.26,5.8972,4.7857,0.0626,0
CutieSmileHaruka,2000,1001,369,0.3686,0.42,0.8777,2045.8,5.9135,4.4596,0.0513,0
CutieSmileHaruka,2200,1054,445,0.4222,0.35,1.2063,2255.73,6.1003,5.8098,0.0,0
CutieSmileHaruka,2400,1297,446,0.3439,0.28,1.2281,2449.33,6.1026,5.1399,0.0,0
CutieSmileHaruka,2600,688,280,0.407,0.22,1.8499,2639.29,5.6384,6.0563,0.0,0
CutieSmileHaruka,2800,382,169,0.4424,0.16,2.0,2844.97,5.1358,6.4641,0.0,0
CutieSmileHaruka,3000,594,182,0.3064,0.11,2.0,3035.71,5.2095,4.8455,0.0,0
CutieSmileHaruka,3200,495,120,0.2424,0.07,2.0,3247.5,4.7958,3.7756,0.0,0
CutieSmileHaruka,3400,250,73,0.292,0.04,2.0,3461.64,4.3041,4.3505,0.0,0
Cwulaek,2800,12,0,0.0,0.16,0.0,2800.0,0.0,0.0,0.4104,0
Cwulaek,1400,182,78,0.4286,0.7,0.6122,1450.0,4.3694,2.7153,0.2633,1
Cwulaek,1600,211,73,0.346,0.6,0.5766,1645.21,4.3041,2.4498,0.2565,1
Cwulaek,2000,363,70,0.1928,0.42,0.4591,2047.14,4.2627,1.6828,0.2545,1
Cwulaek,2600,139,11,0.0791,0.22,0.3597,2627.27,2.4849,0.5166,0.1997,1
Cwulaek,3000,5,0,0.0,0.11,0.0,3000.0,0.0,0.0,0.1971,0
Cwulaek,1200,127,74,0.5827,0.78,0.747,1259.46,4.3175,3.1684,0.1801,1
Cwulaek,2200,311,61,0.1961,0.35,0.5604,2216.39,4.1271,1.7942,0.1723,1
Cwulaek,1800,241,82,0.3402,0.5,0.6805,1847.56,4.4188,2.7778,0.1618,1
Cwulaek,2400,191,28,0.1466,0.28,0.5236,2439.29,3.3673,1.2041,0.1606,1
Cwulaek,1000,149,101,0.6779,0.85,0.7975,1055.45,4.625,3.3089,0.1533,0
Cwulaek,800,152,132,0.8684,0.9,0.9649,815.15,4.8903,3.4619,0.027,0
DAleksa,1400,1106,457,0.4132,0.7,0.5903,1444.2,6.1269,3.6562,0.2821,1
DAleksa,1200,920,496,0.5391,0.78,0.6912,1250.2,6.2086,4.1847,0.2281,1
DAleksa,1800,1217,390,0.3205,0.5,0.6409,1860.0,5.9687,3.5577,0.1831,1
DAleksa,1600,1055,437,0.4142,0.6,0.6904,1659.5,6.0822,4.1809,0.1826,1
DAleksa,2000,1695,425,0.2507,0.42,0.597,2045.65,6.0544,3.1054,0.1784,1
DAleksa,1000,603,402,0.6667,0.85,0.7843,1058.21,5.9989,4.2321,0.1677,0
DAleksa,800,1113,823,0.7394,0.9,0.8216,821.39,6.7142,4.078,0.146,0
DAleksa,2200,1089,252,0.2314,0.35,0.6612,2257.14,5.5334,2.8902,0.127,1
DAleksa,2600,678,79,0.1165,0.22,0.5296,2649.37,4.382,1.3527,0.1254,1
DAleksa,2400,1298,221,0.1703,0.28,0.6081,2440.72,5.4027,2.2451,0.1229,1
DAleksa,3000,204,10,0.049,0.11,0.4456,3040.0,2.3979,0.3573,0.0955,1
DAleksa,2800,48,13,0.2708,0.16,1.6927,2823.08,2.6391,2.0178,0.0,0
DAleksa,3200,38,4,0.1053,0.07,1.5038,3225.0,1.6094,0.5464,0.0,0
DAleksa,3400,27,5,0.1852,0.04,2.0,3440.0,1.7918,1.1414,0.0,0
DJeniUp,3000,30,0,0.0,0.11,0.0,3000.0,0.0,0.0,0.3777,1
DJeniUp,1400,948,423,0.4462,0.7,0.6374,1445.15,6.0497,3.9011,0.2468,1
DJeniUp,1600,1055,400,0.3791,0.6,0.6319,1655.5,5.994,3.7623,0.2199,1
DJeniUp,1800,1385,404,0.2917,0.5,0.5834,1850.99,6.0039,3.2417,0.2152,1
DJeniUp,1000,534,330,0.618,0.85,0.727,1055.45,5.8021,3.7844,0.2143,1
DJeniUp,1200,762,426,0.5591,0.78,0.7167,1253.76,6.0568,4.2453,0.2078,1
DJeniUp,2600,155,15,0.0968,0.22,0.4399,2646.67,2.7726,0.7101,0.1649,1
DJeniUp,2200,1593,326,0.2046,0.35,0.5847,2239.57,5.79,2.6536,0.1579,1
DJeniUp,2000,1360,400,0.2941,0.42,0.7003,2057.25,5.994,3.6268,0.1299,1
DJeniUp,2400,1214,200,0.1647,0.28,0.5884,2414.5,5.3033,2.1095,0.1299,1
DJeniUp,800,800,624,0.78,0.9,0.8667,821.79,6.4378,4.1266,0.1079,0
DJeniUp,2800,87,14,0.1609,0.16,1.0057,2828.57,2.7081,1.2326,0.0,0
DaddySoulMyKing667,2800,112,0,0.0,0.16,0.0,2800.0,0.0,0.0,0.7564,1
DaddySoulMyKing667,2600,28,0,0.0,0.22,0.0,2600.0,0.0,0.0,0.7408,1
DaddySoulMyKing667,1200,294,110,0.3741,0.78,0.4797,1246.36,4.7095,2.1962,0.4042,1
DaddySoulMyKing667,1800,470,76,0.1617,0.5,0.3234,1852.63,4.3438,1.3013,0.3896,1
DaddySoulMyKing667,1400,208,74,0.3558,0.7,0.5082,1428.38,4.3175,2.194,0.3458,1
DaddySoulMyKing667,1000,136,71,0.5221,0.85,0.6142,1054.93,4.2767,2.3553,0.3058,1
DaddySoulMyKing667,2400,436,29,0.0665,0.28,0.2375,2475.86,3.4012,0.5601,0.2949,1
DaddySoulMyKing667,1600,263,100,0.3802,0.6,0.6337,1664.0,4.6151,2.92,0.2182,1
DaddySoulMyKing667,800,285,195,0.6842,0.9,0.7602,816.92,5.2781,2.9502,0.1944,0
DaddySoulMyKing667,3000,106,3,0.0283,0.11,0.2573,3000.0,1.3863,0.1177,0.16,1
DaddySoulMyKing667,2200,268,63,0.2351,0.35,0.6716,2252.38,4.1589,2.202,0.1246,1
DaddySoulMyKing667,3400,3,0,0.0,0.04,0.0,3400.0,0.0,0.0,0.0555,0
DaddySoulMyKing667,2000,152,58,0.3816,0.42,0.9085,2055.17,4.0775,3.1976,0.0381,0
Dalek_of_Rivia,1800,669,307,0.4589,0.5,0.9178,1845.6,5.7301,4.853,0.0397,0
Dalek_of_Rivia,1600,370,216,0.5838,0.6,0.973,1665.74,5.3799,5.2316,0.015,0
Dalek_of_Rivia,800,309,287,0.9288,0.9,1.032,811.5,5.663,4.2683,0.0,0
Dalek_of_Rivia,1000,193,176,0.9119,0.85,1.0728,1065.34,5.1761,5.0286,0.0,0
Dalek_of_Rivia,1200,258,220,0.8527,0.78,1.0932,1254.55,5.3982,5.7748,0.0,0
Dalek_of_Rivia,1400,310,229,0.7387,0.7,1.0553,1440.17,5.4381,5.7854,0.0,0
Dalek_of_Rivia,2000,358,178,0.4972,0.42,1.1838,2061.8,5.1874,5.3178,0.0,0
Dalek_of_Rivia,2200,406,162,0.399,0.35,1.14,2241.98,5.0938,4.5568,0.0,0
Dalek_of_Rivia,2400,545,171,0.3138,0.28,1.1206,2449.12,5.1475,3.9555,0.0,0
Dalek_of_Rivia,2600,334,76,0.2275,0.22,1.0343,2628.95,4.3438,2.5985,0.0,0
Dalek_of_Rivia,2800,115,21,0.1826,0.16,1.1413,2842.86,3.091,1.6047,0.0,0
Dalek_of_Rivia,3000,54,12,0.2222,0.11,2.0,3033.33,2.5649,1.729,0.0,0
Dalek_of_Rivia,3200,53,24,0.4528,0.07,2.0,3254.17,3.2189,4.7433,0.0,0
Dalek_of_Rivia,3400,18,6,0.3333,0.04,2.0,3416.67,1.9459,2.2162,0.0,0
DanielAnker,1000,166,139,0.8373,0.85,0.9851,1062.59,4.9416,4.3969,0.0109,0
DanielAnker,800,285,255,0.8947,0.9,0.9942,813.33,5.5452,4.0353,0.0045,0
DanielAnker,1400,269,187,0.6952,0.7,0.9931,1444.92,5.2364,5.2598,0.0043,0
DanielAnker,1200,188,153,0.8138,0.78,1.0434,1246.41,5.037,5.1093,0.0,0
DanielAnker,1600,284,172,0.6056,0.6,1.0094,1647.67,5.1533,5.1424,0.0,0
DanielAnker,1800,288,210,0.7292,0.5,1.4583,1858.1,5.3519,7.251,0.0,0
DanielAnker,2000,320,198,0.6188,0.42,1.4732,2051.52,5.2933,6.7192,0.0,0
DanielAnker,2200,434,185,0.4263,0.35,1.2179,2252.97,5.2257,5.0186,0.0,0
DanielAnker,2400,282,142,0.5035,0.28,1.7984,2457.04,4.9628,6.1402,0.0,0
DanielAnker,2600,169,41,0.2426,0.22,1.1027,2626.83,3.7377,2.3819,0.0,0
DanielAnker,2800,152,46,0.3026,0.16,1.8914,2854.35,3.8501,3.3258,0.0,0
DanielAnker,3000,184,39,0.212,0.11,1.9269,3041.03,3.6889,2.3777,0.0,0
DanielAnker,3400,14,2,0.1429,0.04,2.0,3500.0,1.0986,0.5493,0.0,0
DanielChang,1600,1649,737,0.4469,0.6,0.7449,1665.54,6.6039,4.9159,0.1491,1
DanielChang,3200,6,0,0.0,0.07,0.0,3200.0,0.0,0.0,0.1362,0
DanielChang,3400,20,0,0.0,0.04,0.0,3400.0,0.0,0.0,0.1218,1
DanielChang,1400,991,606,0.6115,0.7,0.8736,1444.39,6.4085,5.6603,0.0824,0
DanielChang,2000,2423,828,0.3417,0.42,0.8136,2045.17,6.7202,4.6967,0.079,0
DanielChang,1000,524,406,0.7748,0.85,0.9115,1059.85,6.0088,4.9343,0.0672,0
DanielChang,1200,745,528,0.7087,0.78,0.9086,1255.87,6.271,5.5816,0.0648,0
DanielChang,1800,2513,1106,0.4401,0.5,0.8802,1854.52,7.0094,5.7211,0.0585,0
DanielChang,800,920,782,0.85,0.9,0.9444,816.62,6.6631,4.6251,0.0445,0
DanielChang,2200,2623,927,0.3534,0.35,1.0097,2246.82,6.833,5.4258,0.0,0
DanielChang,2400,4598,1498,0.3258,0.28,1.1635,2436.85,7.3126,5.8055,0.0,0
DanielChang,2600,1236,364,0.2945,0.22,1.3386,2633.52,5.8999,4.5758,0.0,0
DanielChang,2800,182,42,0.2308,0.16,1.4423,2828.57,3.7612,2.4551,0.0,0
DanielChang,3000,100,13,0.13,0.11,1.1818,3000.0,2.6391,1.0292,0.0,0
Darius1414,1200,357,153,0.4286,0.78,0.5495,1254.25,5.037,2.7075,0.3423,1
Darius1414,1600,221,70,0.3167,0.6,0.5279,1648.57,4.2627,2.2259,0.2908,1
Darius1414,1400,276,113,0.4094,0.7,0.5849,1452.21,4.7362,2.816,0.2849,1
Darius1414,1000,171,100,0.5848,0.85,0.688,1054.0,4.6151,2.8446,0.2431,1
Darius1414,1800,398,137,0.3442,0.5,0.6884,1849.64,4.9273,3.1371,0.1574,1
Darius1414,800,264,193,0.7311,0.9,0.8123,817.1,5.2679,3.1467,0.1504,0
Darius1414,2200,317,110,0.347,0.35,0.9914,2245.45,4.7095,3.6696,0.003,0
Darius1414,2000,365,168,0.4603,0.42,1.0959,2055.36,5.1299,4.853,0.0,0
Darius1414,2400,228,67,0.2939,0.28,1.0495,2435.82,4.2195,3.0203,0.0,0
Darius1414,2600,37,13,0.3514,0.22,1.5971,2661.54,2.6391,2.4679,0.0,0
Dark__Seith,800,1076,718,0.6673,0.9,0.7414,816.16,6.5779,3.5824,0.2144,1
Dark__Seith,1000,499,340,0.6814,0.85,0.8016,1063.24,5.8319,4.2249,0.1534,0
Dark__Seith,1200,541,345,0.6377,0.78,0.8176,1246.67,5.8464,4.648,0.1308,0
Dark__Seith,1400,485,280,0.5773,0.7,0.8247,1450.36,5.6384,4.7211,0.1143,0
Dark__Seith,1600,396,230,0.5808,0.6,0.968,1649.13,5.4424,5.2129,0.0178,0
Dark__Seith,1800,501,264,0.5269,0.5,1.0539,1853.03,5.5797,5.4483,0.0,0
Dark__Seith,2000,287,143,0.4983,0.42,1.1863,2039.16,4.9698,5.0495,0.0,0
Dark__Seith,2200,277,120,0.4332,0.35,1.2378,2246.67,4.7958,4.6677,0.0,0
Dark__Seith,2400,129,73,0.5659,0.28,2.0,2446.58,4.3041,5.959,0.0,0
Dark__Seith,2600,41,25,0.6098,0.22,2.0,2620.0,3.2581,5.205,0.0,0
Dark__Seith,2800,26,11,0.4231,0.16,2.0,2836.36,2.4849,2.9819,0.0,0
Dark__Seith,3000,27,3,0.1111,0.11,1.0101,3000.0,1.3863,0.4621,0.0,0
Darknef,3000,44,4,0.0909,0.11,0.8264,3100.0,1.6094,0.4536,0.0278,0
Darknef,800,8,8,1.0,0.9,1.1111,800.0,2.1972,1.7578,0.0,0
Darknef,1000,2,2,1.0,0.85,1.1765,1100.0,1.0986,1.2085,0.0,0
Darknef,1200,10,9,0.9,0.78,1.1538,1233.33,2.3026,2.5559,0.0,0
Darknef,1400,20,14,0.7,0.7,1.0,1457.14,2.7081,2.7622,0.0,0
Darknef,1600,17,14,0.8235,0.6,1.3725,1621.43,2.7081,3.616,0.0,0
Darknef,1800,13,13,1.0,0.5,2.0,1830.77,2.6391,4.8315,0.0,0
Darknef,2000,15,15,1.0,0.42,2.0,2080.0,2.7726,5.767,0.0,0
Darknef,2200,22,17,0.7727,0.35,2.0,2270.59,2.8904,5.0713,0.0,0
Darknef,2400,16,16,1.0,0.28,2.0,2481.25,2.8332,7.0299,0.0,0
Darknef,2600,3,3,1.0,0.22,2.0,2600.0,1.3863,3.6044,0.0,0
Darknef,2800,51,19,0.3725,0.16,2.0,2873.68,2.9957,3.2072,0.0,0
Darknef,3200,25,2,0.08,0.07,1.1429,3300.0,1.0986,0.29,0.0,0
Darknef,3400,18,1,0.0556,0.04,1.3889,3500.0,0.6931,0.1348,0.0,0
Darko2026,1000,76,50,0.6579,0.85,0.774,1062.0,3.9318,2.7471,0.1692,0
Darko2026,2600,113,11,0.0973,0.22,0.4425,2600.0,2.4849,0.6289,0.1667,1
Darko2026,1400,46,26,0.5652,0.7,0.8075,1476.92,3.2958,2.7513,0.1208,0
Darko2026,2000,120,45,0.375,0.42,0.8929,2037.78,3.8286,2.9257,0.0447,0
Darko2026,800,57,56,0.9825,0.9,1.0916,814.29,4.0431,3.2344,0.0,0
Darko2026,1200,43,37,0.8605,0.78,1.1032,1278.38,3.6376,4.0013,0.0,0
Darko2026,1600,42,38,0.9048,0.6,1.5079,1652.63,3.6636,5.4779,0.0,0
Darko2026,1800,74,58,0.7838,0.5,1.5676,1837.93,4.0775,5.8739,0.0,0
Darko2026,2200,80,58,0.725,0.35,2.0,2229.31,4.0775,6.5903,0.0,0
Darko2026,2400,49,19,0.3878,0.28,1.3848,2426.32,2.9957,2.8184,0.0,0
Darren0725,1000,51,24,0.4706,0.85,0.5536,1062.5,3.2189,1.6094,0.3553,1
Darren0725,2200,86,12,0.1395,0.35,0.3987,2250.0,2.5649,0.8053,0.2637,1
Darren0725,800,78,57,0.7308,0.9,0.812,829.82,4.0604,2.4623,0.1461,0
Darren0725,1600,72,33,0.4583,0.6,0.7639,1690.91,3.5264,2.7329,0.1343,0
Darren0725,1400,57,32,0.5614,0.7,0.802,1446.88,3.4965,2.8401,0.1252,0
Darren0725,2400,146,31,0.2123,0.28,0.7583,2432.26,3.4657,1.7898,0.0756,0
Darren0725,1800,62,28,0.4516,0.5,0.9032,1825.0,3.3673,2.7753,0.0459,0
Darren0725,2000,114,44,0.386,0.42,0.919,2029.55,3.8067,2.9819,0.0336,0
Darren0725,1200,35,26,0.7429,0.78,0.9524,1269.23,3.2958,3.1075,0.031,0
Darren0725,2600,23,6,0.2609,0.22,1.1858,2600.0,1.9459,1.3198,0.0,0
Darren0725,3400,7,1,0.1429,0.04,2.0,3500.0,0.6931,0.3466,0.0,0
Dart-Xeyter,1200,616,305,0.4951,0.78,0.6348,1256.72,5.7236,3.5614,0.2722,1
Dart-Xeyter,1000,446,256,0.574,0.85,0.6753,1053.91,5.5491,3.3568,0.2572,1
Dart-Xeyter,2400,2727,325,0.1192,0.28,0.4256,2448.31,5.7869,1.6885,0.1875,1
Dart-Xeyter,1600,1093,474,0.4337,0.6,0.7228,1655.49,6.1633,4.4248,0.1625,1
Dart-Xeyter,2600,1036,136,0.1313,0.22,0.5967,2636.76,4.92,1.703,0.1041,1
Dart-Xeyter,800,551,436,0.7913,0.9,0.8792,822.94,6.0799,3.9591,0.0969,0
Dart-Xeyter,2800,780,73,0.0936,0.16,0.5849,2843.84,4.3041,1.1455,0.0834,1
Dart-Xeyter,1400,697,427,0.6126,0.7,0.8752,1453.63,6.0591,5.3958,0.0811,0
Dart-Xeyter,1800,1040,460,0.4423,0.5,0.8846,1849.78,6.1334,5.0182,0.0562,0
Dart-Xeyter,2200,1201,357,0.2973,0.35,0.8493,2249.02,5.8805,3.9313,0.0544,0
Dart-Xeyter,2000,1181,433,0.3666,0.42,0.8729,2048.04,6.073,4.5602,0.0534,0
Dart-Xeyter,3200,313,14,0.0447,0.07,0.639,3207.14,2.7081,0.3885,0.0392,1
Dart-Xeyter,3000,419,47,0.1122,0.11,1.0197,3036.17,3.8712,1.3184,0.0,0
Dart-Xeyter,3400,132,7,0.053,0.04,1.3258,3457.14,2.0794,0.3812,0.0,0
David-M,1400,1103,368,0.3336,0.7,0.4766,1449.18,5.9108,2.8579,0.3714,1
David-M,1000,608,318,0.523,0.85,0.6153,1041.19,5.7652,3.1396,0.3099,1
David-M,1800,1250,276,0.2208,0.5,0.4416,1848.19,5.624,2.295,0.3006,1
David-M,1600,1192,371,0.3112,0.6,0.5187,1654.45,5.9189,3.0478,0.2957,1
David-M,2000,1384,236,0.1705,0.42,0.406,2048.73,5.4681,1.9103,0.279,1
David-M,800,799,480,0.6008,0.9,0.6675,821.04,6.1759,3.0462,0.2788,1
David-M,1200,806,405,0.5025,0.78,0.6442,1242.96,6.0064,3.7514,0.2651,1
David-M,2400,991,120,0.1211,0.28,0.4325,2438.33,4.7958,1.416,0.1892,1
David-M,2600,326,35,0.1074,0.22,0.488,2662.86,3.5835,1.0245,0.1423,1
David-M,2200,576,133,0.2309,0.35,0.6597,2258.65,4.8978,2.5544,0.1284,1
David-M,2800,210,22,0.1048,0.16,0.6548,2827.27,3.1355,0.9287,0.0715,1
David-M,3200,22,1,0.0455,0.07,0.6494,3200.0,0.6931,0.1008,0.0455,1
David-M,3000,52,8,0.1538,0.11,1.3986,3000.0,2.1972,1.0141,0.0,0
David-M,3400,88,6,0.0682,0.04,1.7045,3466.67,1.9459,0.4599,0.0,0
DavidGeo,1000,242,136,0.562,0.85,0.6612,1060.29,4.92,2.9317,0.2672,1
DavidGeo,1200,318,175,0.5503,0.78,0.7055,1247.43,5.1705,3.5494,0.2146,1
DavidGeo,2400,119,20,0.1681,0.28,0.6002,2430.0,3.0445,1.2434,0.1325,1
DavidGeo,1600,246,128,0.5203,0.6,0.8672,1665.62,4.8598,4.2118,0.0749,0
DavidGeo,2000,254,89,0.3504,0.42,0.8343,2043.82,4.4998,3.2225,0.0701,0
DavidGeo,800,337,277,0.822,0.9,0.9133,815.16,5.6276,3.7707,0.0686,0
DavidGeo,1400,163,103,0.6319,0.7,0.9027,1441.75,4.6444,4.2312,0.0615,0
DavidGeo,2600,14,3,0.2143,0.22,0.974,2700.0,1.3863,0.8021,0.0065,0
DavidGeo,1800,301,167,0.5548,0.5,1.1096,1826.95,5.124,5.1938,0.0,0
DavidGeo,2200,104,59,0.5673,0.35,1.6209,2240.68,4.0943,5.2045,0.0,0
Dby2dian,1000,250,124,0.496,0.85,0.5835,1065.32,4.8283,2.5513,0.3356,1
Dby2dian,1400,587,244,0.4157,0.7,0.5938,1438.52,5.5013,3.2895,0.2789,1
Dby2dian,1200,373,182,0.4879,0.78,0.6256,1269.78,5.2095,3.2276,0.2786,1
Dby2dian,1600,650,271,0.4169,0.6,0.6949,1651.66,5.6058,3.8602,0.1795,1
Dby2dian,800,281,206,0.7331,0.9,0.8146,816.99,5.3327,3.1939,0.1487,0
Dby2dian,1800,767,302,0.3937,0.5,0.7875,1850.33,5.7137,4.1628,0.1052,0
Dby2dian,2000,307,146,0.4756,0.42,1.1323,2038.36,4.9904,4.8376,0.0,0
Dby2dian,2200,419,166,0.3962,0.35,1.1319,2240.96,5.118,4.5439,0.0,0
Dby2dian,2400,380,119,0.3132,0.28,1.1184,2441.18,4.7875,3.6599,0.0,0
Dby2dian,2600,49,18,0.3673,0.22,1.6698,2650.0,2.9444,2.8663,0.0,0
Dby2dian,2800,12,6,0.5,0.16,2.0,2850.0,1.9459,2.7729,0.0,0
Dck,3000,73,0,0.0,0.11,0.0,3000.0,0.0,0.0,0.4734,1
Dck,1200,521,176,0.3378,0.78,0.4331,1251.7,5.1761,2.1887,0.448,1
Dck,1600,431,106,0.2459,0.6,0.4099,1657.55,4.6728,1.9049,0.3788,1
Dck,1400,438,150,0.3425,0.7,0.4892,1442.0,5.0173,2.4777,0.3615,1
Dck,800,641,340,0.5304,0.9,0.5894,817.94,5.8319,2.5302,0.3497,1
Dck,1000,299,150,0.5017,0.85,0.5902,1057.33,5.0173,2.6613,0.3302,1
Dck,1800,759,164,0.2161,0.5,0.4321,1864.02,5.1059,2.0565,0.3084,1
Dck,2200,771,89,0.1154,0.35,0.3298,2262.92,4.4998,1.1754,0.2836,1
Dck,2600,160,9,0.0562,0.22,0.2557,2633.33,2.3026,0.3411,0.2519,1
Dck,2000,590,116,0.1966,0.42,0.4681,2059.48,4.7622,1.9283,0.2474,1
Dck,2400,121,27,0.2231,0.28,0.7969,2414.81,3.3322,1.7955,0.0631,0
Dck,3400,3,0,0.0,0.04,0.0,3400.0,0.0,0.0,0.0555,0
Dck,2800,75,13,0.1733,0.16,1.0833,2800.0,2.6391,1.2808,0.0,0
Deflect.,2600,7,0,0.0,0.22,0.0,2600.0,0.0,0.0,0.4575,0
Deflect.,2000,60,11,0.1833,0.42,0.4365,2000.0,2.4849,0.9111,0.2792,1
Deflect.,800,86,63,0.7326,0.9,0.814,830.16,4.1589,2.5292,0.1449,0
Deflect.,1800,159,60,0.3774,0.5,0.7547,1838.33,4.1109,2.8518,0.1218,0
Deflect.,1600,43,22,0.5116,0.6,0.8527,1672.73,3.1355,2.6834,0.0809,0
Deflect.,2200,98,29,0.2959,0.35,0.8455,2286.21,3.4012,2.301,0.0565,0
Deflect.,1200,30,22,0.7333,0.78,0.9402,1254.55,3.1355,2.8847,0.0388,0
Deflect.,1000,17,17,1.0,0.85,1.1765,1064.71,2.8904,3.0774,0.0,0
Deflect.,1400,38,30,0.7895,0.7,1.1278,1400.0,3.434,3.7955,0.0,0
Deflect.,2400,71,24,0.338,0.28,1.2072,2445.83,3.2189,2.6612,0.0,0
Denislav_Manev,1200,655,351,0.5359,0.78,0.687,1249.57,5.8636,3.9264,0.2307,1
Denislav_Manev,1600,816,325,0.3983,0.6,0.6638,1664.31,5.7869,3.8359,0.1993,1
Denislav_Manev,800,1016,727,0.7156,0.9,0.7951,815.82,6.5903,3.8472,0.1683,0
Denislav_Manev,1800,1308,475,0.3631,0.5,0.7263,1850.53,6.1654,4.1433,0.1371,1
Denislav_Manev,1000,407,293,0.7199,0.85,0.8469,1064.16,5.6836,4.3542,0.117,0
Denislav_Manev,2400,518,102,0.1969,0.28,0.7033,2448.04,4.6347,2.2342,0.0922,1
Denislav_Manev,2000,768,266,0.3464,0.42,0.8247,2043.23,5.5872,3.954,0.0743,0
Denislav_Manev,1400,490,307,0.6265,0.7,0.895,1440.39,5.7301,5.1711,0.0676,0
Denislav_Manev,2800,96,11,0.1146,0.16,0.7161,2854.55,2.4849,0.8128,0.0596,1
Denislav_Manev,2600,210,44,0.2095,0.22,0.9524,2645.45,3.8067,2.11,0.0117,0
Denislav_Manev,2200,395,153,0.3873,0.35,1.1067,2243.79,5.037,4.3777,0.0,0
Denislav_Manev,3200,13,1,0.0769,0.07,1.0989,3200.0,0.6931,0.1706,0.0,0
Denisov,2000,1729,525,0.3036,0.42,0.723,2048.95,6.2653,3.898,0.1194,1
Denisov,1200,619,421,0.6801,0.78,0.872,1253.21,6.045,5.1524,0.0911,0
Denisov,1600,854,442,0.5176,0.6,0.8626,1659.73,6.0936,5.2345,0.0785,0
Denisov,1000,390,298,0.7641,0.85,0.8989,1046.31,5.7004,4.5574,0.0765,0
Denisov,2200,1185,353,0.2979,0.35,0.8511,2256.09,5.8693,3.9446,0.0537,0
Denisov,1400,618,398,0.644,0.7,0.92,1447.74,5.989,5.5839,0.0515,0
Denisov,800,615,519,0.8439,0.9,0.9377,823.89,6.2538,4.3482,0.0497,0
Denisov,2600,946,167,0.1765,0.22,0.8024,2661.68,5.124,2.4076,0.0486,0
Denisov,2400,1687,450,0.2667,0.28,0.9527,2442.89,6.1115,3.9824,0.0139,0
Denisov,2800,858,129,0.1503,0.16,0.9397,2841.09,4.8675,2.0792,0.0111,0
Denisov,1800,926,464,0.5011,0.5,1.0022,1851.29,6.142,5.6976,0.0,0
Denisov,3000,679,82,0.1208,0.11,1.0979,3042.68,4.4188,1.6237,0.0,0
Denisov,3200,329,46,0.1398,0.07,1.9974,3256.52,3.8501,1.753,0.0,0
Denisov,3400,81,8,0.0988,0.04,2.0,3450.0,2.1972,0.7487,0.0,0
DeoMuonCodeNuaDau,1000,82,40,0.4878,0.85,0.5739,1055.0,3.7136,1.9111,0.3395,1
DeoMuonCodeNuaDau,1200,141,72,0.5106,0.78,0.6547,1266.67,4.2905,2.7751,0.2523,1
DeoMuonCodeNuaDau,1400,118,56,0.4746,0.7,0.678,1467.86,4.0431,2.8164,0.2136,1
DeoMuonCodeNuaDau,800,195,146,0.7487,0.9,0.8319,826.03,4.9904,3.0864,0.1333,0
DeoMuonCodeNuaDau,3200,4,0,0.0,0.07,0.0,3200.0,0.0,0.0,0.1127,0
DeoMuonCodeNuaDau,1800,189,73,0.3862,0.5,0.7725,1849.32,4.3041,3.0743,0.1125,0
DeoMuonCodeNuaDau,1600,94,48,0.5106,0.6,0.8511,1650.0,3.8918,3.2791,0.0832,0
DeoMuonCodeNuaDau,2000,96,43,0.4479,0.42,1.0665,2069.77,3.7842,3.5083,0.0,0
DeoMuonCodeNuaDau,2200,108,41,0.3796,0.35,1.0847,2263.41,3.7377,3.2116,0.0,0
DeoMuonCodeNuaDau,2400,67,31,0.4627,0.28,1.6525,2467.74,3.4657,3.9571,0.0,0
DeoMuonCodeNuaDau,2800,16,6,0.375,0.16,2.0,2833.33,1.9459,2.0675,0.0,0
DeoMuonCodeNuaDau,3000,6,6,1.0,0.11,2.0,3000.0,1.9459,5.8377,0.0,0
Dhakshith1189,1000,238,130,0.5462,0.85,0.6426,1061.54,4.8752,2.8268,0.2832,1
Dhakshith1189,1800,699,225,0.3219,0.5,0.6438,1855.11,5.4205,3.2368,0.1817,1
Dhakshith1189,1200,246,145,0.5894,0.78,0.7557,1253.1,4.9836,3.681,0.1755,0
Dhakshith1189,1600,347,165,0.4755,0.6,0.7925,1630.91,5.112,3.9644,0.1192,0
Dhakshith1189,800,265,205,0.7736,0.9,0.8595,812.2,5.3279,3.3475,0.1115,0
Dhakshith1189,2000,426,134,0.3146,0.42,0.7489,2033.58,4.9053,3.1378,0.1082,1
Dhakshith1189,2800,589,55,0.0934,0.16,0.5836,2821.82,4.0254,1.0607,0.0846,1
Dhakshith1189,1400,273,172,0.63,0.7,0.9001,1436.63,5.1533,4.6644,0.0638,0
Dhakshith1189,3000,165,11,0.0667,0.11,0.6061,3000.0,2.4849,0.497,0.0636,1
Dhakshith1189,2400,199,46,0.2312,0.28,0.8256,2460.87,3.8501,2.1901,0.0534,0
Dhakshith1189,2600,199,36,0.1809,0.22,0.8223,2611.11,3.6109,1.7057,0.0449,0
Dhakshith1189,2200,240,94,0.3917,0.35,1.119,2234.04,4.5539,3.9846,0.0,0
DigitalVest,1200,478,273,0.5711,0.78,0.7322,1260.44,5.6131,4.0407,0.1949,1
DigitalVest,1600,718,299,0.4164,0.6,0.6941,1650.5,5.7038,3.9204,0.1801,1
DigitalVest,1400,425,250,0.5882,0.7,0.8403,1448.8,5.5255,4.709,0.1037,0
DigitalVest,1000,270,202,0.7481,0.85,0.8802,1062.87,5.3132,4.225,0.0904,0
DigitalVest,800,489,398,0.8139,0.9,0.9043,820.6,5.989,4.0,0.0763,0
DigitalVest,2000,1054,396,0.3757,0.42,0.8946,2060.86,5.9839,4.6333,0.0441,0
DigitalVest,2200,742,238,0.3208,0.35,0.9164,2244.12,5.4765,3.942,0.0299,0
DigitalVest,1800,750,357,0.476,0.5,0.952,1850.42,5.8805,5.1796,0.0231,0
DigitalVest,2400,1085,302,0.2783,0.28,0.9941,2435.1,5.7137,3.8727,0.0017,0
DigitalVest,2600,325,84,0.2585,0.22,1.1748,2635.71,4.4427,3.0265,0.0,0
DigitalVest,2800,310,50,0.1613,0.16,1.0081,2840.0,3.9318,1.801,0.0,0
DigitalVest,3000,262,31,0.1183,0.11,1.0756,3022.58,3.4657,1.2395,0.0,0
DigitalVest,3200,33,6,0.1818,0.07,2.0,3233.33,1.9459,1.144,0.0,0
DigitalVest,3400,19,4,0.2105,0.04,2.0,3475.0,1.6094,1.1774,0.0,0
DimaTomsk,3000,44,0,0.0,0.11,0.0,3000.0,0.0,0.0,0.4187,1
DimaTomsk,2200,416,47,0.113,0.35,0.3228,2234.04,3.8712,0.9771,0.2936,1
DimaTomsk,1200,266,129,0.485,0.78,0.6217,1252.71,4.8675,2.9571,0.2809,1
DimaTomsk,1000,229,126,0.5502,0.85,0.6473,1052.38,4.8442,2.805,0.279,1
DimaTomsk,2800,179,4,0.0223,0.16,0.1397,2800.0,1.6094,0.1007,0.2739,1
DimaTomsk,1400,403,177,0.4392,0.7,0.6274,1444.07,5.1818,3.2865,0.2532,1
DimaTomsk,2400,764,64,0.0838,0.28,0.2992,2442.19,4.1744,0.854,0.2518,1
DimaTomsk,2000,666,141,0.2117,0.42,0.5041,2043.97,4.9558,2.1445,0.2274,1
DimaTomsk,1800,613,175,0.2855,0.5,0.571,1852.57,5.1705,2.7345,0.2232,1
DimaTomsk,1600,352,139,0.3949,0.6,0.6581,1647.48,4.9416,3.2149,0.2025,1
DimaTomsk,2600,294,23,0.0782,0.22,0.3556,2652.17,3.1781,0.6594,0.193,1
DimaTomsk,800,344,243,0.7064,0.9,0.7849,820.58,5.4972,3.1864,0.1741,0
DimaTomsk,3200,47,2,0.0426,0.07,0.6079,3300.0,1.0986,0.1543,0.0506,1
DinnerHunt,1200,632,279,0.4415,0.78,0.566,1251.25,5.6348,3.1125,0.3291,1
DinnerHunt,1400,758,326,0.4301,0.7,0.6144,1455.52,5.79,3.6245,0.2636,1
DinnerHunt,1000,391,223,0.5703,0.85,0.671,1045.74,5.4116,3.2276,0.2605,1
DinnerHunt,1600,790,320,0.4051,0.6,0.6751,1650.94,5.7714,3.8596,0.1921,1
DinnerHunt,1800,1213,383,0.3157,0.5,0.6315,1855.09,5.9506,3.4855,0.1883,1
DinnerHunt,800,543,383,0.7053,0.9,0.7837,828.2,5.9506,3.4761,0.1764,0
DinnerHunt,2000,829,308,0.3715,0.42,0.8846,2055.19,5.7333,4.3778,0.0484,0
DinnerHunt,2200,483,183,0.3789,0.35,1.0825,2237.16,5.2149,4.4203,0.0,0
DinnerHunt,2400,413,146,0.3535,0.28,1.2625,2445.89,4.9904,4.315,0.0,0
DinnerHunt,2600,152,59,0.3882,0.22,1.7644,2620.34,4.0943,4.1644,0.0,0
DinnerHunt,2800,33,13,0.3939,0.16,2.0,2838.46,2.6391,2.9509,0.0,0
DinnerHunt,3200,10,2,0.2,0.07,2.0,3200.0,1.0986,0.7031,0.0,0
Dinprosperity,1000,184,115,0.625,0.85,0.7353,1066.96,4.7536,3.1699,0.2041,1
Dinprosperity,1200,269,160,0.5948,0.78,0.7626,1253.75,5.0814,3.7893,0.1705,0
Dinprosperity,1400,275,156,0.5673,0.7,0.8104,1453.85,5.0562,4.17,0.1232,0
Dinprosperity,800,274,212,0.7737,0.9,0.8597,820.28,5.3613,3.4027,0.1115,0
Dinprosperity,1600,490,241,0.4918,0.6,0.8197,1662.24,5.4889,4.4875,0.1033,0
Dinprosperity,2000,711,251,0.353,0.42,0.8405,2045.02,5.5294,3.9919,0.0674,0
Dinprosperity,1800,701,303,0.4322,0.5,0.8645,1853.14,5.717,4.5793,0.0661,0
Dinprosperity,2200,727,314,0.4319,0.35,1.234,2258.28,5.7526,5.6109,0.0,0
Dinprosperity,2400,948,392,0.4135,0.28,1.4768,2449.49,5.9738,6.0507,0.0,0
Dinprosperity,2600,774,298,0.385,0.22,1.7501,2646.98,5.7004,5.8094,0.0,0
Dinprosperity,2800,853,283,0.3318,0.16,2.0,2842.05,5.649,5.3265,0.0,0
Dinprosperity,3000,598,232,0.388,0.11,2.0,3033.19,5.451,6.4145,0.0,0
Dinprosperity,3200,190,104,0.5474,0.07,2.0,3236.54,4.654,8.2449,0.0,0
Dinprosperity,3400,205,75,0.3659,0.04,2.0,3470.67,4.3307,5.499,0.0,0
Dispensable,1000,366,264,0.7213,0.85,0.8486,1067.8,5.5797,4.2976,0.1155,0
Dispensable,1200,419,284,0.6778,0.78,0.869,1259.86,5.6525,4.8269,0.0928,0
Dispensable,800,693,558,0.8052,0.9,0.8947,817.03,6.3261,4.1617,0.0847,0
Dispensable,1400,454,291,0.641,0.7,0.9157,1439.86,5.6768,5.2391,0.0541,0
Dispensable,1600,484,283,0.5847,0.6,0.9745,1653.0,5.649,5.4599,0.0142,0
Dispensable,1800,710,348,0.4901,0.5,0.9803,1853.16,5.8551,5.3182,0.0094,0
Dispensable,2000,462,217,0.4697,0.42,1.1183,2046.08,5.3845,5.1747,0.0,0
Dispensable,2200,709,310,0.4372,0.35,1.2492,2248.06,5.7398,5.6418,0.0,0
Dispensable,2400,810,285,0.3519,0.28,1.2566,2447.72,5.656,4.8711,0.0,0
Dispensable,2600,520,170,0.3269,0.22,1.486,2641.18,5.1417,4.4396,0.0,0
Dispensable,2800,370,90,0.2432,0.16,1.5203,2831.11,4.5109,3.1064,0.0,0
Dispensable,3000,57,27,0.4737,0.11,2.0,3048.15,3.3322,4.8112,0.0,0
Dispensable,3200,101,27,0.2673,0.07,2.0,3248.15,3.3322,2.8934,0.0,0
Dispensable,3400,34,16,0.4706,0.04,2.0,3481.25,2.8332,4.6415,0.0,0
Djangle,1600,399,89,0.2231,0.6,0.3718,1673.03,4.4998,1.6793,0.4106,1
Djangle,1000,147,65,0.4422,0.85,0.5202,1069.23,4.1897,1.9808,0.3927,1
Djangle,800,276,160,0.5797,0.9,0.6441,825.0,5.0814,2.4302,0.2962,1
Djangle,1800,317,86,0.2713,0.5,0.5426,1838.37,4.4659,2.2273,0.2411,1
Djangle,1400,166,77,0.4639,0.7,0.6627,1441.56,4.3567,2.9132,0.2256,1
Djangle,1200,179,103,0.5754,0.78,0.7377,1265.05,4.6444,3.3808,0.1882,1
Djangle,2000,247,61,0.247,0.42,0.588,2060.66,4.1271,2.1003,0.1861,1
Djangle,2600,112,10,0.0893,0.22,0.4058,2660.0,2.3979,0.5695,0.1819,1
Djangle,2400,194,36,0.1856,0.28,0.6627,2430.56,3.6109,1.6286,0.108,1
Djangle,2200,88,26,0.2955,0.35,0.8442,2238.46,3.2958,2.1797,0.057,0
Djangle,2800,36,6,0.1667,0.16,1.0417,2800.0,1.9459,0.9081,0.0,0
Djangle,3000,6,3,0.5,0.11,2.0,3100.0,1.3863,2.1488,0.0,0
DmitryLzr,1200,653,356,0.5452,0.78,0.6989,1248.88,5.8777,4.0019,0.2214,1
DmitryLzr,1000,461,319,0.692,0.85,0.8141,1054.86,5.7683,4.2105,0.1433,0
DmitryLzr,800,798,608,0.7619,0.9,0.8466,822.53,6.4118,4.0182,0.1245,0
DmitryLzr,1400,627,384,0.6124,0.7,0.8749,1448.18,5.9532,5.2801,0.0811,0
DmitryLzr,2000,1470,554,0.3769,0.42,0.8973,2044.77,6.319,4.8695,0.043,0
DmitryLzr,1600,722,409,0.5665,0.6,0.9441,1652.81,6.0162,5.6329,0.0315,0
DmitryLzr,1800,1087,511,0.4701,0.5,0.9402,1854.79,6.2383,5.4395,0.0289,0
DmitryLzr,2200,1326,649,0.4894,0.35,1.3984,2247.92,6.477,7.1261,0.0,0
DmitryLzr,2400,1542,511,0.3314,0.28,1.1835,2433.27,6.2383,5.0303,0.0,0
DmitryLzr,2600,547,206,0.3766,0.22,1.7118,2644.66,5.3327,5.3113,0.0,0
DmitryLzr,2800,305,117,0.3836,0.16,2.0,2833.33,4.7707,5.1852,0.0,0
DmitryLzr,3000,111,38,0.3423,0.11,2.0,3007.89,3.6636,3.7725,0.0,0
DmitryLzr,3200,25,13,0.52,0.07,2.0,3215.38,2.6391,4.4125,0.0,0
Dog_King,800,219,135,0.6164,0.9,0.6849,813.33,4.9127,2.4631,0.2587,1
Dog_King,1000,84,49,0.5833,0.85,0.6863,1042.86,3.912,2.3798,0.2412,1
Dog_King,2800,234,13,0.0556,0.16,0.3472,2861.54,2.6391,0.4195,0.1567,1
Dog_King,2000,254,73,0.2874,0.42,0.6843,2071.23,4.3041,2.5621,0.1385,1
Dog_King,1400,123,68,0.5528,0.7,0.7898,1416.18,4.2341,3.315,0.1355,0
Dog_King,1800,189,74,0.3915,0.5,0.7831,1877.03,4.3175,3.173,0.107,0
Dog_King,1600,98,51,0.5204,0.6,0.8673,1656.86,3.9512,3.4069,0.0739,0
Dog_King,2200,170,54,0.3176,0.35,0.9076,2279.63,4.0073,2.9018,0.0332,0
Dog_King,2400,261,65,0.249,0.28,0.8894,2435.38,4.1897,2.5411,0.0332,0
Dog_King,1200,107,87,0.8131,0.78,1.0424,1255.17,4.4773,4.5694,0.0,0
Dog_King,2600,88,20,0.2273,0.22,1.0331,2675.0,3.0445,1.8509,0.0,0
Dog_King,3000,96,17,0.1771,0.11,1.6098,3000.0,2.8904,1.5355,0.0,0
Dog_King,3200,4,2,0.5,0.07,2.0,3200.0,1.0986,1.7578,0.0,0
Dog_King,3400,49,10,0.2041,0.04,2.0,3460.0,2.3979,1.6932,0.0,0
Donaldqian0712,1400,295,114,0.3864,0.7,0.5521,1451.75,4.7449,2.662,0.3106,1
Donaldqian0712,1200,141,84,0.5957,0.78,0.7638,1247.62,4.4427,3.3021,0.1678,0
Donaldqian0712,1800,568,197,0.3468,0.5,0.6937,1856.35,5.2883,3.4048,0.1545,1
Donaldqian0712,1600,272,137,0.5037,0.6,0.8395,1654.01,4.9273,4.1048,0.0912,0
Donaldqian0712,800,209,170,0.8134,0.9,0.9038,816.47,5.1417,3.4147,0.0754,0
Donaldqian0712,2200,986,325,0.3296,0.35,0.9418,2251.69,5.7869,4.295,0.0207,0
Donaldqian0712,1000,86,72,0.8372,0.85,0.985,1063.89,4.2905,3.8215,0.0108,0
Donaldqian0712,2000,433,202,0.4665,0.42,1.1107,2054.46,5.3132,5.0923,0.0,0
Donaldqian0712,2400,555,198,0.3568,0.28,1.2741,2448.99,5.2933,4.6247,0.0,0
Donaldqian0712,2600,450,159,0.3533,0.22,1.6061,2646.54,5.0752,4.7459,0.0,0
Donaldqian0712,2800,288,104,0.3611,0.16,2.0,2840.38,4.654,4.7735,0.0,0
Donaldqian0712,3000,49,20,0.4082,0.11,2.0,3020.0,3.0445,3.7528,0.0,0
Donaldqian0712,3200,46,31,0.6739,0.07,2.0,3261.29,3.4657,7.6171,0.0,0
Donaldqian0712,3400,65,22,0.3385,0.04,2.0,3463.64,3.1355,3.6758,0.0,0
DownRat,1400,50,25,0.5,0.7,0.7143,1424.0,3.2581,2.3198,0.1847,1
DownRat,1200,88,54,0.6136,0.78,0.7867,1262.96,4.0073,3.1057,0.1491,0
DownRat,1000,26,18,0.6923,0.85,0.8145,1100.0,2.9444,2.2423,0.1318,0
DownRat,2200,622,150,0.2412,0.35,0.689,2252.0,5.0173,2.7248,0.1164,1
DownRat,1600,152,73,0.4803,0.6,0.8004,1654.79,4.3041,3.4206,0.1136,0
DownRat,2000,355,111,0.3127,0.42,0.7445,2049.55,4.7185,3.0238,0.1103,1
DownRat,1800,259,105,0.4054,0.5,0.8108,1860.0,4.6634,3.5165,0.0929,0
DownRat,800,59,48,0.8136,0.9,0.904,827.08,3.8918,2.6187,0.0723,0
DownRat,2400,368,125,0.3397,0.28,1.2131,2435.2,4.8363,4.0004,0.0,0
DownRat,2600,261,116,0.4444,0.22,2.0,2635.34,4.7622,5.5778,0.0,0
DownRat,2800,186,77,0.414,0.16,2.0,2827.27,4.3567,5.0992,0.0,0
DownRat,3000,216,60,0.2778,0.11,2.0,3026.67,4.1109,3.4562,0.0,0
DownRat,3200,92,29,0.3152,0.07,2.0,3248.28,3.4012,3.4825,0.0,0
DownRat,3400,70,23,0.3286,0.04,2.0,3473.91,3.1781,3.6275,0.0,0
Dragokj03,2800,21,0,0.0,0.16,0.0,2800.0,0.0,0.0,0.4946,1
Dragokj03,1400,789,365,0.4626,0.7,0.6609,1442.74,5.9026,3.9396,0.2295,1
Dragokj03,1000,505,313,0.6198,0.85,0.7292,1060.06,5.7494,3.7775,0.2124,1
Dragokj03,1200,606,341,0.5627,0.78,0.7214,1244.57,5.8348,4.0863,0.2037,1
Dragokj03,2000,1238,295,0.2383,0.42,0.5674,2048.14,5.6904,2.7772,0.1934,1
Dragokj03,1800,1432,493,0.3443,0.5,0.6885,1858.01,6.2025,3.9675,0.1571,1
Dragokj03,1600,880,389,0.442,0.6,0.7367,1659.38,5.9661,4.3763,0.1538,1
Dragokj03,800,867,640,0.7382,0.9,0.8202,819.06,6.463,3.9076,0.1467,0
Dragokj03,3000,2,0,0.0,0.11,0.0,3000.0,0.0,0.0,0.1208,0
Dragokj03,2200,963,285,0.296,0.35,0.8456,2247.37,5.656,3.7619,0.0558,0
Dragokj03,2400,545,133,0.244,0.28,0.8716,2445.86,4.8978,2.9234,0.0384,0
Dragokj03,3400,1,0,0.0,0.04,0.0,3400.0,0.0,0.0,0.0277,0
Dragokj03,2600,85,36,0.4235,0.22,1.9251,2663.89,3.6109,4.074,0.0,0
DylanSmith,1200,779,546,0.7009,0.78,0.8986,1249.08,6.3044,5.5194,0.0721,0
DylanSmith,2000,1801,677,0.3759,0.42,0.895,2048.01,6.5191,5.0188,0.044,0
DylanSmith,1000,654,524,0.8012,0.85,0.9426,1061.26,6.2634,5.3258,0.0435,0
DylanSmith,1800,1574,724,0.46,0.5,0.9199,1852.76,6.5862,5.6129,0.0388,0
DylanSmith,2600,1828,342,0.1871,0.22,0.8504,2654.68,5.8377,2.8994,0.0362,0
DylanSmith,1600,1261,710,0.563,0.6,0.9384,1656.06,6.5667,6.123,0.0349,0
DylanSmith,2400,2340,603,0.2577,0.28,0.9203,2445.27,6.4036,4.0351,0.0234,0
DylanSmith,800,1143,1021,0.8933,0.9,0.9925,818.9,6.9295,5.0689,0.006,0
DylanSmith,1400,852,592,0.6948,0.7,0.9926,1443.41,6.3852,6.4039,0.0047,0
DylanSmith,2200,1886,677,0.359,0.35,1.0256,2259.82,6.5191,5.2883,0.0,0
DylanSmith,2800,537,170,0.3166,0.16,1.9786,2840.59,5.1417,4.6237,0.0,0
DylanSmith,3000,520,92,0.1769,0.11,1.6084,3052.17,4.5326,2.4476,0.0,0
DylanSmith,3200,183,35,0.1913,0.07,2.0,3245.71,3.5835,2.2245,0.0,0
DylanSmith,3400,120,15,0.125,0.04,2.0,3480.0,2.7726,1.2061,0.0,0
ETO_leader,1200,232,152,0.6552,0.78,0.84,1239.47,5.0304,4.0851,0.1128,0
ETO_leader,1000,144,105,0.7292,0.85,0.8578,1041.9,4.6634,3.5429,0.1062,0
ETO_leader,1400,206,123,0.5971,0.7,0.853,1431.71,4.8203,4.1206,0.0943,0
ETO_leader,800,228,181,0.7939,0.9,0.8821,823.2,5.204,3.4009,0.093,0
ETO_leader,1600,380,199,0.5237,0.6,0.8728,1662.31,5.2983,4.6123,0.072,0
ETO_leader,2200,882,269,0.305,0.35,0.8714,2252.42,5.5984,3.8459,0.0463,0
ETO_leader,1800,449,219,0.4878,0.5,0.9755,1850.68,5.3936,4.8687,0.0117,0
ETO_leader,2400,1069,299,0.2797,0.28,0.9989,2444.82,5.7038,3.9003,0.0003,0
ETO_leader,2000,417,185,0.4436,0.42,1.0563,2047.03,5.2257,4.7458,0.0,0
ETO_leader,2600,1198,348,0.2905,0.22,1.3204,2641.38,5.8551,4.4925,0.0,0
ETO_leader,2800,573,209,0.3647,0.16,2.0,2835.89,5.3471,5.5309,0.0,0
ETO_leader,3000,398,143,0.3593,0.11,2.0,3052.45,4.9698,5.4506,0.0,0
ETO_leader,3200,293,105,0.3584,0.07,2.0,3236.19,4.6634,5.4083,0.0,0
ETO_leader,3400,293,68,0.2321,0.04,2.0,3477.94,4.2341,3.4176,0.0,0
EasonTAO,1000,380,238,0.6263,0.85,0.7368,1055.46,5.4765,3.6202,0.2053,1
EasonTAO,1200,556,328,0.5899,0.78,0.7563,1252.74,5.7961,4.2835,0.1768,0
EasonTAO,1400,750,387,0.516,0.7,0.7371,1444.96,5.961,4.4445,0.175,1
EasonTAO,1600,1077,454,0.4215,0.6,0.7026,1657.93,6.1203,4.2774,0.175,1
EasonTAO,1800,1135,443,0.3903,0.5,0.7806,1851.69,6.0958,4.4056,0.1088,0
EasonTAO,800,491,400,0.8147,0.9,0.9052,821.75,5.994,4.0127,0.0756,0
EasonTAO,2000,1287,451,0.3504,0.42,0.8344,2052.33,6.1137,4.3969,0.07,0
EasonTAO,2200,946,372,0.3932,0.35,1.1235,2253.23,5.9216,5.2468,0.0,0
EasonTAO,2400,1407,430,0.3056,0.28,1.0915,2436.28,6.0661,4.5166,0.0,0
EasonTAO,2600,901,222,0.2464,0.22,1.12,2638.29,5.4072,3.515,0.0,0
EasonTAO,2800,517,142,0.2747,0.16,1.7166,2842.96,4.9628,3.8752,0.0,0
EasonTAO,3000,240,58,0.2417,0.11,2.0,3039.66,4.0775,2.9953,0.0,0
EasonTAO,3200,140,20,0.1429,0.07,2.0,3255.0,3.0445,1.4157,0.0,0
EasonTAO,3400,96,9,0.0938,0.04,2.0,3444.44,2.3026,0.7435,0.0,0
Edu175,1400,773,451,0.5834,0.7,0.8335,1447.67,6.1137,5.1638,0.109,0
Edu175,1600,1007,516,0.5124,0.6,0.854,1660.27,6.248,5.3155,0.0836,0
Edu175,800,1018,840,0.8251,0.9,0.9168,815.0,6.7346,4.529,0.067,0
Edu175,2200,1449,431,0.2974,0.35,0.8498,2251.97,6.0684,4.0649,0.0541,0
Edu175,1200,646,467,0.7229,0.78,0.9268,1252.89,6.1485,5.5688,0.0517,0
Edu175,2000,1222,468,0.383,0.42,0.9119,2051.5,6.1506,4.8324,0.0368,0
Edu175,2400,1417,364,0.2569,0.28,0.9174,2452.47,5.8999,3.7169,0.0243,0
Edu175,1000,496,409,0.8246,0.85,0.9701,1057.7,6.0162,5.2472,0.0225,0
Edu175,1800,1236,619,0.5008,0.5,1.0016,1851.53,6.4297,5.9621,0.0,0
Edu175,2600,506,199,0.3933,0.22,1.7876,2638.69,5.2983,5.4983,0.0,0
Edu175,2800,653,113,0.173,0.16,1.0815,2837.17,4.7362,2.3253,0.0,0
Edu175,3000,138,36,0.2609,0.11,2.0,3052.78,3.6109,2.8757,0.0,0
Edu175,3200,75,22,0.2933,0.07,2.0,3240.91,3.1355,2.9808,0.0,0
Edu175,3400,18,4,0.2222,0.04,2.0,3400.0,1.6094,1.216,0.0,0
Egor,800,842,748,0.8884,0.9,0.9871,819.12,6.6187,4.8163,0.0103,0
Egor,1000,523,452,0.8642,0.85,1.0168,1055.75,6.1159,5.5803,0.0,0
Egor,1200,843,673,0.7983,0.78,1.0235,1251.26,6.5132,6.5063,0.0,0
Egor,1400,916,742,0.81,0.7,1.1572,1448.25,6.6107,7.7553,0.0,0
Egor,1600,1294,895,0.6917,0.6,1.1528,1652.07,6.7979,7.7677,0.0,0
Egor,1800,1485,1043,0.7024,0.5,1.4047,1850.43,6.9508,9.0337,0.0,0
Egor,2000,1424,870,0.611,0.42,1.4547,2045.86,6.7696,8.4616,0.0,0
Egor,2200,1474,856,0.5807,0.35,1.6592,2246.03,6.7534,8.8088,0.0,0
Egor,2400,1330,675,0.5075,0.28,1.8126,2444.3,6.5162,8.0835,0.0,0
Egor,2600,1096,447,0.4078,0.22,1.8538,2648.77,6.1048,6.595,0.0,0
Egor,2800,701,252,0.3595,0.16,2.0,2832.94,5.5334,5.6352,0.0,0
Egor,3000,399,107,0.2682,0.11,2.0,3039.25,4.6821,3.8161,0.0,0
Egor,3200,339,63,0.1858,0.07,2.0,3236.51,4.1589,2.5015,0.0,0
Egor,3400,160,22,0.1375,0.04,2.0,3463.64,3.1355,1.4933,0.0,0
El_Medonho,1000,483,256,0.53,0.85,0.6236,1060.55,5.5491,3.1192,0.302,1
El_Medonho,2200,841,123,0.1463,0.35,0.4179,2247.97,4.8203,1.5848,0.2358,1
El_Medonho,1400,496,232,0.4677,0.7,0.6682,1445.26,5.451,3.6849,0.2235,1
El_Medonho,2600,316,26,0.0823,0.22,0.374,2688.46,3.2958,0.729,0.1846,1
El_Medonho,1600,652,273,0.4187,0.6,0.6979,1650.92,5.6131,3.8801,0.1777,1
El_Medonho,1800,850,297,0.3494,0.5,0.6988,1858.59,5.6971,3.6998,0.1517,1
El_Medonho,1200,440,271,0.6159,0.78,0.7896,1252.4,5.6058,4.3241,0.1513,0
El_Medonho,2000,464,134,0.2888,0.42,0.6876,2055.97,4.9053,2.9125,0.1365,1
El_Medonho,800,602,466,0.7741,0.9,0.8601,818.24,6.1463,3.893,0.1128,0
El_Medonho,2800,76,10,0.1316,0.16,0.8224,2880.0,2.3979,0.9087,0.0363,0
El_Medonho,2400,116,29,0.25,0.28,0.8929,2451.72,3.4012,2.0847,0.0325,0
Eldar_H1,3200,14,0,0.0,0.07,0.0,3200.0,0.0,0.0,0.1896,0
Eldar_H1,1600,258,116,0.4496,0.6,0.7494,1662.93,4.7622,3.5606,0.145,1
Eldar_H1,2600,186,22,0.1183,0.22,0.5376,2654.55,3.1355,0.9845,0.1287,1
Eldar_H1,1200,155,100,0.6452,0.78,0.8271,1256.0,4.6151,3.7397,0.1213,0
Eldar_H1,2000,366,124,0.3388,0.42,0.8067,2051.61,4.8283,3.3561,0.0823,0
Eldar_H1,1000,114,87,0.7632,0.85,0.8978,1066.67,4.4773,3.6447,0.0752,0
Eldar_H1,800,182,153,0.8407,0.9,0.9341,814.38,5.037,3.4484,0.0512,0
Eldar_H1,2800,74,9,0.1216,0.16,0.7601,2833.33,2.3026,0.7935,0.0502,0
Eldar_H1,1400,130,99,0.7615,0.7,1.0879,1439.39,4.6052,5.048,0.0,0
Eldar_H1,1800,311,158,0.508,0.5,1.0161,1864.56,5.0689,4.8016,0.0,0
Eldar_H1,2200,121,62,0.5124,0.35,1.464,2243.55,4.1431,4.7629,0.0,0
Eldar_H1,2400,220,82,0.3727,0.28,1.3312,2440.24,4.4188,4.0191,0.0,0
Eldar_H1,3000,22,10,0.4545,0.11,2.0,3030.0,2.3979,3.3026,0.0,0
ElderlyPassionFruit,2600,33,3,0.0909,0.22,0.4132,2700.0,1.3863,0.3403,0.1908,1
ElderlyPassionFruit,1400,12,6,0.5,0.7,0.7143,1400.0,1.9459,1.3621,0.1741,0
ElderlyPassionFruit,800,34,24,0.7059,0.9,0.7843,825.0,3.2189,1.8745,0.1636,0
ElderlyPassionFruit,1000,13,13,1.0,0.85,1.1765,1076.92,2.6391,2.8421,0.0,0
ElderlyPassionFruit,1200,9,9,1.0,0.78,1.2821,1277.78,2.3026,2.9422,0.0,0
ElderlyPassionFruit,1800,21,15,0.7143,0.5,1.4286,1800.0,2.7726,3.5648,0.0,0
ElderlyPassionFruit,2000,10,7,0.7,0.42,1.6667,2100.0,2.0794,3.0568,0.0,0
ElderlyPassionFruit,2200,19,19,1.0,0.35,2.0,2200.0,2.9957,6.5906,0.0,0
Emikooh,1200,288,126,0.4375,0.78,0.5609,1252.38,4.8442,2.6542,0.3321,1
Emikooh,1000,287,169,0.5889,0.85,0.6928,1048.52,5.1358,3.171,0.241,1
Emikooh,800,353,247,0.6997,0.9,0.7775,819.84,5.5134,3.1628,0.1805,0
Emikooh,1400,200,124,0.62,0.7,0.8857,1437.1,4.8283,4.302,0.0728,0
Emikooh,1600,179,111,0.6201,0.6,1.0335,1643.24,4.7185,4.8081,0.0,0
Emikooh,1800,201,142,0.7065,0.5,1.4129,1847.18,4.9628,6.4764,0.0,0
Emikooh,2000,271,127,0.4686,0.42,1.1158,2051.97,4.852,4.6658,0.0,0
Emikooh,2200,226,86,0.3805,0.35,1.0872,2245.35,4.4659,3.8158,0.0,0
Emikooh,2400,245,127,0.5184,0.28,1.8513,2452.76,4.852,6.169,0.0,0
Emikooh,2600,128,45,0.3516,0.22,1.598,2631.11,3.8286,3.5415,0.0,0
Emikooh,2800,166,76,0.4578,0.16,2.0,2860.53,4.3438,5.6888,0.0,0
Emikooh,3000,64,32,0.5,0.11,2.0,3065.62,3.4965,5.3595,0.0,0
Emikooh,3200,55,29,0.5273,0.07,2.0,3241.38,3.4012,5.813,0.0,0
Emikooh,3400,109,24,0.2202,0.04,2.0,3500.0,3.2189,2.4806,0.0,0
Empty_Dust,1000,450,255,0.5667,0.85,0.6667,1063.14,5.5452,3.3407,0.2646,1
Empty_Dust,1200,548,300,0.5474,0.78,0.7019,1249.33,5.7071,3.9033,0.2187,1
Empty_Dust,800,688,456,0.6628,0.9,0.7364,817.11,6.1247,3.3169,0.2176,1
Empty_Dust,1400,580,299,0.5155,0.7,0.7365,1441.47,5.7038,4.2385,0.1752,1
Empty_Dust,1800,1380,458,0.3319,0.5,0.6638,1861.79,6.1291,3.7871,0.1705,1
Empty_Dust,1600,931,407,0.4372,0.6,0.7286,1657.99,6.0113,4.357,0.1588,1
Empty_Dust,2200,898,247,0.2751,0.35,0.7859,2243.32,5.5134,3.402,0.0783,0
Empty_Dust,2000,910,325,0.3571,0.42,0.8503,2046.15,5.7869,4.2289,0.0631,0
Empty_Dust,2800,183,29,0.1585,0.16,0.9904,2837.93,3.4012,1.5296,0.0018,0
Empty_Dust,2400,677,201,0.2969,0.28,1.0604,2453.23,5.3083,3.8663,0.0,0
Empty_Dust,2600,342,104,0.3041,0.22,1.3822,2632.69,4.654,3.7259,0.0,0
Empty_Dust,3000,6,6,1.0,0.11,2.0,3050.0,1.9459,5.935,0.0,0
Empty_Dust,3200,3,3,1.0,0.07,2.0,3200.0,1.3863,4.4361,0.0,0
Enigma27,1000,806,444,0.5509,0.85,0.6481,1055.63,6.0981,3.5461,0.2821,1
Enigma27,1600,1724,608,0.3527,0.6,0.5878,1639.97,6.4118,3.7084,0.2487,1
Enigma27,1400,1324,601,0.4539,0.7,0.6485,1452.75,6.4003,4.2206,0.2391,1
Enigma27,800,831,540,0.6498,0.9,0.722,832.59,6.2934,3.405,0.2306,1
Enigma27,1800,1494,439,0.2938,0.5,0.5877,1848.52,6.0868,3.3062,0.2126,1
Enigma27,1200,967,540,0.5584,0.78,0.7159,1252.04,6.2934,4.4002,0.2089,1
Enigma27,2000,1051,239,0.2274,0.42,0.5414,2047.28,5.4806,2.5515,0.2068,1
Enigma27,2200,384,84,0.2188,0.35,0.625,2236.9,4.4427,2.1739,0.1436,1
Enigma27,2400,227,46,0.2026,0.28,0.7237,2430.43,3.8501,1.8962,0.0866,1
Enigma27,2600,18,6,0.3333,0.22,1.5152,2650.0,1.9459,1.7189,0.0,0
Enigma27,2800,10,5,0.5,0.16,2.0,2800.0,1.7918,2.5085,0.0,0
Enoch006,1400,494,127,0.2571,0.7,0.3673,1459.06,4.852,1.82,0.4696,1
Enoch006,800,398,219,0.5503,0.9,0.6114,818.72,5.3936,2.4298,0.3276,1
Enoch006,1000,167,95,0.5689,0.85,0.6692,1064.21,4.5643,2.7632,0.2589,1
Enoch006,2000,1200,231,0.1925,0.42,0.4583,2045.02,5.4467,2.1442,0.2502,1
Enoch006,1200,218,117,0.5367,0.78,0.6881,1235.04,4.7707,3.1622,0.2272,1
Enoch006,1800,813,233,0.2866,0.5,0.5732,1866.52,5.4553,2.9182,0.2216,1
Enoch006,1600,467,193,0.4133,0.6,0.6888,1649.74,5.2679,3.5916,0.1832,1
Enoch006,2200,1051,258,0.2455,0.35,0.7014,2253.49,5.5568,3.074,0.1109,1
Enoch006,2600,1486,219,0.1474,0.22,0.6699,2652.97,5.3936,2.1088,0.083,1
Enoch006,2800,1595,157,0.0984,0.16,0.6152,2831.85,5.0626,1.4112,0.0749,1
Enoch006,2400,1131,251,0.2219,0.28,0.7926,2450.2,5.5294,3.0067,0.0625,0
Enoch006,3000,806,98,0.1216,0.11,1.1053,3047.96,4.5951,1.7029,0.0,0
Enoch006,3200,286,27,0.0944,0.07,1.3487,3233.33,3.3322,1.0171,0.0,0
Enoch006,3400,390,40,0.1026,0.04,2.0,3460.0,3.7136,1.3178,0.0,0
Ergodic137,3000,6,0,0.0,0.11,0.0,3000.0,0.0,0.0,0.2141,0
Ergodic137,1200,359,216,0.6017,0.78,0.7714,1252.78,5.3799,4.0552,0.1645,0
Ergodic137,800,378,295,0.7804,0.9,0.8671,819.66,5.6904,3.64,0.1061,0
Ergodic137,2600,122,19,0.1557,0.22,0.7079,2600.0,2.9957,1.213,0.0774,1
Ergodic137,2800,92,10,0.1087,0.16,0.6793,2800.0,2.3979,0.7298,0.0684,1
Ergodic137,1000,177,138,0.7797,0.85,0.9172,1067.39,4.9345,4.1065,0.0614,0
Ergodic137,1400,319,222,0.6959,0.7,0.9942,1449.1,5.4072,5.4529,0.0037,0
Ergodic137,1600,581,391,0.673,0.6,1.1216,1655.5,5.9713,6.6527,0.0,0
Ergodic137,1800,676,359,0.5311,0.5,1.0621,1854.32,5.8861,5.7964,0.0,0
Ergodic137,2000,589,323,0.5484,0.42,1.3057,2040.25,5.7807,6.4678,0.0,0
Ergodic137,2200,564,322,0.5709,0.35,1.6312,2240.99,5.7777,7.3921,0.0,0
Ergodic137,2400,457,233,0.5098,0.28,1.8209,2455.79,5.4553,6.8305,0.0,0
Ericwan_,1800,242,58,0.2397,0.5,0.4793,1851.72,4.0775,1.8096,0.2816,1
Ericwan_,1600,71,26,0.3662,0.6,0.6103,1696.15,3.2958,2.0471,0.2328,1
Ericwan_,800,47,31,0.6596,0.9,0.7329,803.23,3.4657,1.8361,0.2084,1
Ericwan_,1200,35,21,0.6,0.78,0.7692,1271.43,3.091,2.358,0.1577,0
Ericwan_,2000,134,39,0.291,0.42,0.693,2017.95,3.6889,2.1665,0.1349,1
Ericwan_,2200,636,159,0.25,0.35,0.7143,2251.57,5.0752,2.8568,0.1063,1
Ericwan_,2400,468,97,0.2073,0.28,0.7402,2441.24,4.585,2.3199,0.0801,1
Ericwan_,1000,25,20,0.8,0.85,0.9412,1060.0,3.0445,2.5818,0.0403,0
Ericwan_,1400,14,12,0.8571,0.7,1.2245,1400.0,2.5649,3.0779,0.0,0
Ericwan_,2600,199,47,0.2362,0.22,1.0735,2638.3,3.8712,2.4122,0.0,0
Ericwan_,2800,93,39,0.4194,0.16,2.0,2848.72,3.6889,4.4068,0.0,0
Ericwan_,3000,71,16,0.2254,0.11,2.0,3025.0,2.8332,1.9314,0.0,0
Ericwan_,3200,52,18,0.3462,0.07,2.0,3261.11,2.9444,3.3238,0.0,0
Ericwan_,3400,14,4,0.2857,0.04,2.0,3500.0,1.6094,1.6094,0.0,0
ErrorAssassin,1200,364,169,0.4643,0.78,0.5952,1245.56,5.1358,2.97,0.3036,1
ErrorAssassin,2200,30,4,0.1333,0.35,0.381,2200.0,1.6094,0.4721,0.2851,1
ErrorAssassin,1400,195,80,0.4103,0.7,0.5861,1433.75,4.3944,2.5848,0.2835,1
ErrorAssassin,1600,432,142,0.3287,0.6,0.5478,1652.82,4.9628,2.6962,0.2762,1
ErrorAssassin,1800,417,108,0.259,0.5,0.518,1852.78,4.6913,2.2512,0.2556,1
ErrorAssassin,1000,400,237,0.5925,0.85,0.6971,1048.95,5.4723,3.401,0.2385,1
ErrorAssassin,800,477,352,0.7379,0.9,0.8199,823.01,5.8665,3.5629,0.1456,0
ErrorAssassin,2400,90,16,0.1778,0.28,0.6349,2400.0,2.8332,1.2088,0.1203,1
ErrorAssassin,2000,199,76,0.3819,0.42,0.9093,2034.21,4.3438,3.3746,0.0378,0
ErrorAssassin,2600,7,4,0.5714,0.22,2.0,2600.0,1.6094,2.3912,0.0,0
Escapisst,1200,214,65,0.3037,0.78,0.3894,1258.46,4.1897,1.6015,0.4929,1
Escapisst,1000,302,114,0.3775,0.85,0.4441,1055.26,4.7449,1.8901,0.47,1
Escapisst,1600,207,47,0.2271,0.6,0.3784,1657.45,3.8712,1.4568,0.4087,1
Escapisst,1400,346,115,0.3324,0.7,0.4748,1462.61,4.7536,2.3108,0.3737,1
Escapisst,2600,56,2,0.0357,0.22,0.1623,2700.0,1.0986,0.1059,0.355,1
Escapisst,800,348,188,0.5402,0.9,0.6003,810.64,5.2417,2.2955,0.3375,1
Escapisst,2000,231,43,0.1861,0.42,0.4432,2018.6,3.7842,1.4219,0.2662,1
Escapisst,2200,335,44,0.1313,0.35,0.3753,2254.55,3.8067,1.1272,0.2646,1
Escapisst,2800,3,0,0.0,0.16,0.0,2800.0,0.0,0.0,0.2218,0
Escapisst,2400,105,14,0.1333,0.28,0.4762,2450.0,2.7081,0.8846,0.1845,1
Escapisst,1800,186,76,0.4086,0.5,0.8172,1835.53,4.3438,3.2579,0.0895,0
Escapisst,3400,3,0,0.0,0.04,0.0,3400.0,0.0,0.0,0.0555,0
EverlastingEternity,1000,69,30,0.4348,0.85,0.5115,1040.0,3.434,1.5528,0.3978,1
EverlastingEternity,800,92,50,0.5435,0.9,0.6039,822.0,3.9318,1.7565,0.3277,1
EverlastingEternity,1600,222,71,0.3198,0.6,0.533,1669.01,4.2767,2.2828,0.2871,1
EverlastingEternity,1200,85,42,0.4941,0.78,0.6335,1254.76,3.7612,2.3319,0.2675,1
EverlastingEternity,1400,126,70,0.5556,0.7,0.7937,1465.71,4.2627,3.471,0.133,0
EverlastingEternity,1800,308,153,0.4968,0.5,0.9935,1862.75,5.037,4.6608,0.0031,0
EverlastingEternity,2000,477,232,0.4864,0.42,1.158,2054.74,5.451,5.4476,0.0,0
EverlastingEternity,2200,777,381,0.4903,0.35,1.401,2244.88,5.9454,6.5446,0.0,0
EverlastingEternity,2400,1148,425,0.3702,0.28,1.3222,2450.12,6.0544,5.4917,0.0,0
EverlastingEternity,2600,1369,443,0.3236,0.22,1.4709,2653.5,6.0958,5.2342,0.0,0
EverlastingEternity,2800,749,275,0.3672,0.16,2.0,2847.27,5.6204,5.8755,0.0,0
EverlastingEternity,3000,959,257,0.268,0.11,2.0,3033.07,5.553,4.5136,0.0,0
EverlastingEternity,3200,666,157,0.2357,0.07,2.0,3245.22,5.0626,3.873,0.0,0
EverlastingEternity,3400,973,127,0.1305,0.04,2.0,3451.97,4.852,2.1862,0.0,0
ExplodingKonjac,1000,96,52,0.5417,0.85,0.6373,1046.15,3.9703,2.2498,0.2838,1
ExplodingKonjac,800,169,108,0.6391,0.9,0.7101,822.22,4.6913,2.465,0.2355,1
ExplodingKonjac,1200,102,54,0.5294,0.78,0.6787,1257.41,4.0073,2.6676,0.2319,1
ExplodingKonjac,1400,93,45,0.4839,0.7,0.6912,1453.33,3.8286,2.6924,0.2034,1
ExplodingKonjac,1800,319,139,0.4357,0.5,0.8715,1847.48,4.9416,3.9781,0.0624,0
ExplodingKonjac,2000,519,190,0.3661,0.42,0.8716,2044.21,5.2523,3.9306,0.0539,0
ExplodingKonjac,2200,569,186,0.3269,0.35,0.934,2249.46,5.2311,3.8466,0.0235,0
ExplodingKonjac,1600,118,82,0.6949,0.6,1.1582,1667.07,4.4188,5.1191,0.0,0
ExplodingKonjac,2400,977,301,0.3081,0.28,1.1003,2453.16,5.7104,4.3158,0.0,0
ExplodingKonjac,2600,706,204,0.289,0.22,1.3134,2651.47,5.323,4.0782,0.0,0
ExplodingKonjac,2800,661,182,0.2753,0.16,1.7209,2830.77,5.2095,4.0604,0.0,0
ExplodingKonjac,3000,741,162,0.2186,0.11,1.9875,3040.12,5.0938,3.3855,0.0,0
ExplodingKonjac,3200,554,129,0.2329,0.07,2.0,3228.68,4.8675,3.6594,0.0,0
ExplodingKonjac,3400,436,98,0.2248,0.04,2.0,3468.37,4.5951,3.5823,0.0,0
ExtraNumber,1000,151,65,0.4305,0.85,0.5064,1067.69,4.1897,1.9256,0.4061,1
ExtraNumber,800,361,186,0.5152,0.9,0.5725,820.97,5.2311,2.2127,0.3638,1
ExtraNumber,1200,182,76,0.4176,0.78,0.5354,1247.37,4.3438,2.2626,0.3533,1
ExtraNumber,1600,372,133,0.3575,0.6,0.5959,1641.35,4.8978,2.8742,0.2434,1
ExtraNumber,1400,197,101,0.5127,0.7,0.7324,1466.34,4.625,3.4769,0.1761,1
ExtraNumber,1800,380,130,0.3421,0.5,0.6842,1835.38,4.8752,3.0611,0.1597,1
ExtraNumber,2000,402,116,0.2886,0.42,0.687,2042.24,4.7622,2.8064,0.1368,1
ExtraNumber,2200,366,103,0.2814,0.35,0.8041,2255.34,4.6444,2.9478,0.0718,0
ExtraNumber,2400,156,48,0.3077,0.28,1.0989,2429.17,3.8918,2.9089,0.0,0
ExtraNumber,2600,65,25,0.3846,0.22,1.7483,2656.0,3.2581,3.3283,0.0,0
ExtraNumber,2800,5,5,1.0,0.16,2.0,2820.0,1.7918,5.0528,0.0,0
ExtraNumber,3000,63,23,0.3651,0.11,2.0,3095.65,3.1781,3.5917,0.0,0
ExtraNumber,3200,51,12,0.2353,0.07,2.0,3208.33,2.5649,1.9363,0.0,0
ExtraNumber,3400,5,3,0.6,0.04,2.0,3466.67,1.3863,2.8835,0.0,0
Eyes_on_me,2800,69,0,0.0,0.16,0.0,2800.0,0.0,0.0,0.6798,1
Eyes_on_me,1000,839,400,0.4768,0.85,0.5609,1065.75,5.994,3.0456,0.3593,1
Eyes_on_me,1200,1057,450,0.4257,0.78,0.5458,1253.11,6.1115,3.2604,0.3469,1
Eyes_on_me,1400,1596,582,0.3647,0.7,0.5209,1450.86,6.3682,3.3692,0.3357,1
Eyes_on_me,1600,1735,576,0.332,0.6,0.5533,1649.13,6.3578,3.4809,0.2717,1
Eyes_on_me,800,996,621,0.6235,0.9,0.6928,818.68,6.4329,3.2836,0.2569,1
Eyes_on_me,1800,1682,548,0.3258,0.5,0.6516,1861.5,6.3081,3.8257,0.1771,1
Eyes_on_me,2000,1245,503,0.404,0.42,0.9619,2050.1,6.2226,5.154,0.0158,0
Eyes_on_me,2200,450,155,0.3444,0.35,0.9841,2229.03,5.0499,3.8772,0.0056,0
Eyes_on_me,2400,177,57,0.322,0.28,1.1501,2436.84,4.0604,3.1864,0.0,0
Eyes_on_me,2600,15,5,0.3333,0.22,1.5152,2600.0,1.7918,1.5529,0.0,0
FLY_lai,1000,291,168,0.5773,0.85,0.6792,1064.29,5.1299,3.152,0.2525,1
FLY_lai,1200,335,176,0.5254,0.78,0.6736,1253.41,5.1761,3.4085,0.2398,1
FLY_lai,1400,375,172,0.4587,0.7,0.6552,1450.58,5.1533,3.4287,0.2326,1
FLY_lai,800,390,287,0.7359,0.9,0.8177,816.03,5.663,3.4007,0.147,0
FLY_lai,1800,713,309,0.4334,0.5,0.8668,1860.19,5.7366,4.6247,0.065,0
FLY_lai,1600,383,229,0.5979,0.6,0.9965,1650.22,5.4381,5.3657,0.0019,0
FLY_lai,2000,825,418,0.5067,0.42,1.2063,2051.2,6.0379,6.275,0.0,0
FLY_lai,2200,981,520,0.5301,0.35,1.5145,2250.19,6.2558,7.4616,0.0,0
FLY_lai,2400,1436,541,0.3767,0.28,1.3455,2454.71,6.2953,5.8218,0.0,0
FLY_lai,2600,624,376,0.6026,0.22,2.0,2643.35,5.9322,9.4488,0.0,0
FLY_lai,2800,487,258,0.5298,0.16,2.0,2831.4,5.5568,8.3352,0.0,0
FLY_lai,3000,428,201,0.4696,0.11,2.0,3035.32,5.3083,7.5668,0.0,0
FLY_lai,3200,346,154,0.4451,0.07,2.0,3247.4,5.0434,7.2896,0.0,0
FLY_lai,3400,167,91,0.5449,0.04,2.0,3464.84,4.5218,8.5372,0.0,0
FableWeaver,1000,17,11,0.6471,0.85,0.7612,1063.64,2.4849,1.7102,0.1683,0
FableWeaver,800,25,21,0.84,0.9,0.9333,809.52,3.091,2.1019,0.0478,0
FableWeaver,2400,37,9,0.2432,0.28,0.8687,2400.0,2.3026,1.3442,0.0405,0
FableWeaver,2600,24,5,0.2083,0.22,0.947,2600.0,1.7918,0.9705,0.0135,0
FableWeaver,1200,16,13,0.8125,0.78,1.0417,1276.92,2.6391,2.738,0.0,0
FableWeaver,1400,25,21,0.84,0.7,1.2,1419.05,3.091,3.6845,0.0,0
FableWeaver,1600,6,6,1.0,0.6,1.6667,1600.0,1.9459,3.1135,0.0,0
FableWeaver,1800,59,31,0.5254,0.5,1.0508,1864.52,3.4657,3.3952,0.0,0
FableWeaver,2200,10,10,1.0,0.35,2.0,2250.0,2.3979,5.3953,0.0,0
FableWeaver,2800,36,13,0.3611,0.16,2.0,2800.0,2.6391,2.6684,0.0,0
Farhod,1000,1513,883,0.5836,0.85,0.6866,1052.77,6.7845,4.1684,0.2506,1
Farhod,1200,2077,1126,0.5421,0.78,0.695,1251.6,7.0273,4.7682,0.2264,1
Farhod,1400,2189,1164,0.5317,0.7,0.7596,1451.2,7.0605,5.4484,0.1606,0
Farhod,800,1422,1071,0.7532,0.9,0.8368,829.6,6.9773,4.3596,0.1336,0
Farhod,1800,2864,1118,0.3904,0.5,0.7807,1854.11,7.0202,5.0811,0.1088,0
Farhod,1600,2530,1276,0.5043,0.6,0.8406,1649.61,7.1523,5.9505,0.0919,0
Farhod,2400,2817,709,0.2517,0.28,0.8989,2438.22,6.5653,4.0289,0.0297,0
Farhod,2000,2649,1086,0.41,0.42,0.9761,2048.62,6.9912,5.8716,0.0099,0
Farhod,3000,678,72,0.1062,0.11,0.9654,3029.17,4.2905,1.3802,0.0047,0
Farhod,2200,2204,812,0.3684,0.35,1.0526,2245.07,6.7007,5.5424,0.0,0
Farhod,2600,1369,314,0.2294,0.22,1.0426,2640.45,5.7526,3.4839,0.0,0
Farhod,2800,886,154,0.1738,0.16,1.0863,2848.7,5.0434,2.4972,0.0,0
Farhod,3200,279,30,0.1075,0.07,1.5361,3243.33,3.434,1.1976,0.0,0
Farhod,3400,185,14,0.0757,0.04,1.8919,3471.43,2.7081,0.7114,0.0,0
FelixMP,1000,320,221,0.6906,0.85,0.8125,1048.87,5.4027,3.9136,0.1437,0
FelixMP,1800,971,364,0.3749,0.5,0.7497,1853.3,5.8999,4.0989,0.1248,1
FelixMP,2800,223,17,0.0762,0.16,0.4765,2852.94,2.8904,0.6286,0.1165,1
FelixMP,1400,540,319,0.5907,0.7,0.8439,1451.41,5.7683,4.9458,0.1016,0
FelixMP,1600,723,366,0.5062,0.6,0.8437,1661.48,5.9054,4.9669,0.0894,0
FelixMP,2600,352,51,0.1449,0.22,0.6586,2650.98,3.9512,1.5176,0.089,1
FelixMP,2200,908,253,0.2786,0.35,0.7961,2253.75,5.5373,3.4773,0.0744,0
FelixMP,2400,757,167,0.2206,0.28,0.7879,2437.72,5.124,2.7556,0.0643,0
FelixMP,2000,945,349,0.3693,0.42,0.8793,2051.86,5.8579,4.439,0.0506,0
FelixMP,1200,447,324,0.7248,0.78,0.9293,1246.91,5.7838,5.2274,0.0496,0
FelixMP,3400,95,2,0.0211,0.04,0.5263,3400.0,1.0986,0.0786,0.0412,1
FelixMP,800,428,379,0.8855,0.9,0.9839,823.75,5.9402,4.333,0.0127,0
FelixMP,3000,69,8,0.1159,0.11,1.054,3000.0,2.1972,0.7643,0.0,0
FelixMP,3200,18,2,0.1111,0.07,1.5873,3200.0,1.0986,0.3906,0.0,0
FinrodF,1600,447,170,0.3803,0.6,0.6339,1655.88,5.1417,3.238,0.2184,1
FinrodF,1200,225,127,0.5644,0.78,0.7236,1251.97,4.852,3.4288,0.1997,1
FinrodF,1400,247,134,0.5425,0.7,0.775,1455.22,4.9053,3.8726,0.147,0
FinrodF,1000,127,87,0.685,0.85,0.8059,1059.77,4.4773,3.2505,0.1461,0
FinrodF,1800,797,284,0.3563,0.5,0.7127,1868.66,5.6525,3.7638,0.1443,1
FinrodF,2600,183,25,0.1366,0.22,0.621,2636.0,3.2581,1.1733,0.1021,1
FinrodF,2000,605,202,0.3339,0.42,0.795,2056.44,5.3132,3.6481,0.0874,0
FinrodF,2200,480,131,0.2729,0.35,0.7798,2244.27,4.8828,2.9907,0.0809,0
FinrodF,800,251,204,0.8127,0.9,0.9031,823.04,5.323,3.5607,0.0763,0
FinrodF,2400,262,82,0.313,0.28,1.1178,2437.8,4.4188,3.3715,0.0,0
FinrodF,3000,15,3,0.2,0.11,1.8182,3000.0,1.3863,0.8318,0.0,0
Fizonel,800,99,97,0.9798,0.9,1.0887,815.46,4.585,3.6633,0.0,0
Fizonel,1000,60,59,0.9833,0.85,1.1569,1059.32,4.0943,4.2649,0.0,0
Fizonel,1200,89,71,0.7978,0.78,1.0228,1261.97,4.2767,4.3055,0.0,0
Fizonel,1400,71,65,0.9155,0.7,1.3078,1438.46,4.1897,5.5174,0.0,0
Fizonel,1600,78,70,0.8974,0.6,1.4957,1652.86,4.2627,6.323,0.0,0
Fizonel,1800,258,231,0.8953,0.5,1.7907,1832.9,5.4467,8.9386,0.0,0
Fizonel,2000,121,92,0.7603,0.42,1.8103,2041.3,4.5326,7.0349,0.0,0
Fizonel,2200,76,61,0.8026,0.35,2.0,2236.07,4.1271,7.4071,0.0,0
Fizonel,2400,115,63,0.5478,0.28,1.9565,2446.03,4.1589,5.5729,0.0,0
Fizonel,2600,24,21,0.875,0.22,2.0,2661.9,3.091,7.1996,0.0,0
Fizonel,2800,22,19,0.8636,0.16,2.0,2900.0,2.9957,7.5029,0.0,0
Fizonel,3000,6,6,1.0,0.11,2.0,3016.67,1.9459,5.8702,0.0,0
Fizonel,3400,5,1,0.2,0.04,2.0,3500.0,0.6931,0.4852,0.0,0
Forested,1000,188,134,0.7128,0.85,0.8385,1065.67,4.9053,3.7259,0.1218,0
Forested,3400,9,0,0.0,0.04,0.0,3400.0,0.0,0.0,0.0921,0
Forested,800,288,251,0.8715,0.9,0.9684,814.74,5.5294,3.9263,0.0247,0
Forested,1200,199,170,0.8543,0.78,1.0952,1244.71,5.1417,5.4672,0.0,0
Forested,1400,223,171,0.7668,0.7,1.0955,1442.69,5.1475,5.6946,0.0,0
Forested,1600,268,208,0.7761,0.6,1.2935,1663.46,5.3423,6.8972,0.0,0
Forested,1800,359,262,0.7298,0.5,1.4596,1857.63,5.5722,7.5542,0.0,0
Forested,2000,371,241,0.6496,0.42,1.5467,2046.89,5.4889,7.2984,0.0,0
Forested,2200,283,172,0.6078,0.35,1.7365,2269.19,5.1533,7.1072,0.0,0
Forested,2400,378,178,0.4709,0.28,1.6818,2451.12,5.1874,5.9875,0.0,0
Forested,2600,242,105,0.4339,0.22,1.9722,2647.62,4.6634,5.3572,0.0,0
Forested,2800,247,83,0.336,0.16,2.0,2834.94,4.4308,4.2209,0.0,0
Forested,3000,111,32,0.2883,0.11,2.0,3075.0,3.4965,3.0996,0.0,0
Forested,3200,34,18,0.5294,0.07,2.0,3227.78,2.9444,5.0315,0.0,0
Fostok,1000,2204,751,0.3407,0.85,0.4009,1059.79,6.6227,2.3916,0.5143,1
Fostok,1200,2298,805,0.3503,0.78,0.4491,1250.56,6.6921,2.9316,0.4324,1
Fostok,800,2928,1367,0.4669,0.9,0.5187,821.14,7.2211,2.7683,0.4206,1
Fostok,1400,2614,793,0.3034,0.7,0.4334,1447.41,6.6771,2.9319,0.4065,1
Fostok,1600,2831,726,0.2564,0.6,0.4274,1651.93,6.5889,2.7913,0.3598,1
Fostok,1800,3731,769,0.2061,0.5,0.4122,1851.11,6.6464,2.5358,0.3161,1
Fostok,2600,222,11,0.0495,0.22,0.2252,2681.82,2.4849,0.3302,0.2645,1
Fostok,2200,1861,280,0.1505,0.35,0.4299,2217.86,5.6384,1.8815,0.2263,1
Fostok,2400,940,94,0.1,0.28,0.3571,2454.26,4.5539,1.1176,0.2219,1
Fostok,2000,2449,539,0.2201,0.42,0.524,2030.98,6.2916,2.8123,0.214,1
Fostok,3000,22,2,0.0909,0.11,0.8264,3100.0,1.0986,0.3096,0.0285,0
Fostok,3400,101,3,0.0297,0.04,0.7426,3500.0,1.3863,0.1441,0.02,1
Fostok,2800,9,3,0.3333,0.16,2.0,2800.0,1.3863,1.2939,0.0,0
Francesco4203,1200,761,279,0.3666,0.78,0.47,1251.25,5.6348,2.5849,0.4134,1
Francesco4203,1000,501,247,0.493,0.85,0.58,1058.7,5.5134,2.8778,0.3408,1
Francesco4203,1600,1011,282,0.2789,0.6,0.4649,1660.64,5.6454,2.615,0.3343,1
Francesco4203,1400,665,254,0.382,0.7,0.5456,1444.88,5.5413,3.0581,0.3161,1
Francesco4203,2200,2043,187,0.0915,0.35,0.2615,2236.9,5.2364,1.0722,0.3159,1
Francesco4203,1800,1540,338,0.2195,0.5,0.439,1858.28,5.826,2.3762,0.3017,1
Francesco4203,800,730,448,0.6137,0.9,0.6819,817.63,6.107,3.0644,0.2657,1
Francesco4203,3200,40,0,0.0,0.07,0.0,3200.0,0.0,0.0,0.26,1
Francesco4203,2000,1383,313,0.2263,0.42,0.5389,2049.52,5.7494,2.6668,0.2076,1
Francesco4203,2400,1536,166,0.1081,0.28,0.386,2448.8,5.118,1.3545,0.2062,1
Francesco4203,2800,240,10,0.0417,0.16,0.2604,2860.0,2.3979,0.2857,0.191,1
Francesco4203,3400,3,0,0.0,0.04,0.0,3400.0,0.0,0.0,0.0555,0
Francesco4203,3000,138,13,0.0942,0.11,0.8564,3076.92,2.6391,0.7649,0.0214,0
Francesco4203,2600,278,56,0.2014,0.22,0.9156,2639.29,4.0431,2.1495,0.0207,0
Franuch,800,430,331,0.7698,0.9,0.8553,816.31,5.8051,3.6478,0.1161,0
Franuch,1000,189,144,0.7619,0.85,0.8964,1070.14,4.9767,4.0577,0.0773,0
Franuch,1200,283,205,0.7244,0.78,0.9287,1246.83,5.3279,4.812,0.0497,0
Franuch,1400,247,178,0.7206,0.7,1.0295,1444.94,5.1874,5.4016,0.0,0
Franuch,1600,327,223,0.682,0.6,1.1366,1655.16,5.4116,6.1084,0.0,0
Franuch,1800,472,273,0.5784,0.5,1.1568,1861.17,5.6131,6.0424,0.0,0
Franuch,2000,442,217,0.491,0.42,1.1689,2047.93,5.3845,5.4137,0.0,0
Franuch,2200,539,242,0.449,0.35,1.2828,2249.17,5.4931,5.5471,0.0,0
Franuch,2400,493,156,0.3164,0.28,1.1301,2428.21,5.0562,3.885,0.0,0
Franuch,2600,123,28,0.2276,0.22,1.0347,2632.14,3.3673,2.0176,0.0,0
Franuch,2800,37,16,0.4324,0.16,2.0,2850.0,2.8332,3.4917,0.0,0
Franuch,3000,45,9,0.2,0.11,1.8182,3000.0,2.3026,1.3816,0.0,0
FugiPig,1600,256,91,0.3555,0.6,0.5924,1658.24,4.5218,2.6654,0.2457,1
FugiPig,1400,140,75,0.5357,0.7,0.7653,1456.0,4.3307,3.378,0.1525,0
FugiPig,1200,99,64,0.6465,0.78,0.8288,1257.81,4.1744,3.3943,0.1188,0
FugiPig,1000,80,59,0.7375,0.85,0.8676,1057.63,4.0943,3.1936,0.097,0
FugiPig,2200,332,89,0.2681,0.35,0.7659,2251.69,4.4998,2.7162,0.0865,0
FugiPig,2000,144,49,0.3403,0.42,0.8102,2065.31,3.912,2.7493,0.0808,0
FugiPig,800,154,132,0.8571,0.9,0.9524,821.21,4.8903,3.4423,0.0367,0
FugiPig,1800,156,90,0.5769,0.5,1.1538,1862.22,4.5109,4.8463,0.0,0
FugiPig,2400,160,54,0.3375,0.28,1.2054,2446.3,4.0073,3.3086,0.0,0
FugiPig,2600,68,35,0.5147,0.22,2.0,2677.14,3.5835,4.9379,0.0,0
FugiPig,2800,131,27,0.2061,0.16,1.2882,2859.26,3.3322,1.9637,0.0,0
FugiPig,3000,40,16,0.4,0.11,2.0,3050.0,2.8332,3.4565,0.0,0
FugiPig,3200,16,5,0.3125,0.07,2.0,3200.0,1.7918,1.7918,0.0,0
FugiPig,3400,84,7,0.0833,0.04,2.0,3428.57,2.0794,0.5941,0.0,0
FurinaHateComma,1600,381,126,0.3307,0.6,0.5512,1661.11,4.8442,2.6611,0.274,1
FurinaHateComma,1000,181,116,0.6409,0.85,0.754,1074.14,4.7622,3.2783,0.1889,0
FurinaHateComma,800,277,195,0.704,0.9,0.7822,813.85,5.2781,3.024,0.1757,0
FurinaHateComma,1400,297,162,0.5455,0.7,0.7792,1452.47,5.0938,4.0356,0.1445,0
FurinaHateComma,1200,220,141,0.6409,0.78,0.8217,1265.96,4.9558,4.021,0.1261,0
FurinaHateComma,1800,328,137,0.4177,0.5,0.8354,1851.09,4.9273,3.8096,0.0805,0
FurinaHateComma,2200,359,111,0.3092,0.35,0.8834,2249.55,4.7185,3.2819,0.042,0
FurinaHateComma,2800,92,12,0.1304,0.16,0.8152,2891.67,2.5649,0.9674,0.0376,0
FurinaHateComma,2400,278,71,0.2554,0.28,0.9121,2440.85,4.2767,2.666,0.0263,0
FurinaHateComma,2000,308,128,0.4156,0.42,0.9895,2047.66,4.8598,4.1356,0.0043,0
FurinaHateComma,2600,161,47,0.2919,0.22,1.3269,2640.43,3.8712,2.984,0.0,0
FurinaHateComma,3000,20,12,0.6,0.11,2.0,3058.33,2.5649,4.7067,0.0,0
Furioso_Slient,1400,181,65,0.3591,0.7,0.513,1452.31,4.1897,2.1851,0.3418,1
Furioso_Slient,1200,69,30,0.4348,0.78,0.5574,1263.33,3.434,1.8862,0.3308,1
Furioso_Slient,1600,151,55,0.3642,0.6,0.6071,1669.09,4.0254,2.4472,0.2357,1
Furioso_Slient,800,83,57,0.6867,0.9,0.7631,821.05,4.0604,2.2895,0.1867,0
Furioso_Slient,1800,236,101,0.428,0.5,0.8559,1849.5,4.625,3.6608,0.07,0
Furioso_Slient,1000,34,30,0.8824,0.85,1.0381,1063.33,3.434,3.2219,0.0,0
Furioso_Slient,2000,211,91,0.4313,0.42,1.0269,2057.14,4.5218,4.0117,0.0,0
Furioso_Slient,2200,214,95,0.4439,0.35,1.2684,2268.42,4.5643,4.5963,0.0,0
Furioso_Slient,2400,271,119,0.4391,0.28,1.5683,2468.91,4.7875,5.1903,0.0,0
Furioso_Slient,2600,226,65,0.2876,0.22,1.3073,2652.31,4.1897,3.196,0.0,0
Furioso_Slient,2800,95,54,0.5684,0.16,2.0,2835.19,4.0073,6.4581,0.0,0
Furioso_Slient,3000,75,32,0.4267,0.11,2.0,3012.5,3.4965,4.4942,0.0,0
Furioso_Slient,3200,91,22,0.2418,0.07,2.0,3259.09,3.1355,2.4705,0.0,0
Furioso_Slient,3400,3,3,1.0,0.04,2.0,3400.0,1.3863,4.7134,0.0,0
GKarthik26,1800,35,11,0.3143,0.5,0.6286,1845.45,2.4849,1.4412,0.191,1
GKarthik26,2000,38,10,0.2632,0.42,0.6266,2060.0,2.3979,1.2999,0.1691,1
GKarthik26,1400,8,4,0.5,0.7,0.7143,1500.0,1.6094,1.2071,0.1684,0
GKarthik26,800,17,15,0.8824,0.9,0.9804,800.0,2.7726,1.9571,0.0135,0
GKarthik26,1200,18,14,0.7778,0.78,0.9972,1278.57,2.7081,2.693,0.0018,0
GKarthik26,1000,21,20,0.9524,0.85,1.1204,1040.0,3.0445,3.0155,0.0,0
GKarthik26,1600,9,9,1.0,0.6,1.6667,1644.44,2.3026,3.7865,0.0,0
GKarthik26,2200,32,15,0.4688,0.35,1.3393,2226.67,2.7726,2.8939,0.0,0
GKarthik26,2400,6,6,1.0,0.28,2.0,2400.0,1.9459,4.6702,0.0,0
GKarthik26,2600,6,6,1.0,0.22,2.0,2600.0,1.9459,5.0594,0.0,0
GKarthik26,2800,23,5,0.2174,0.16,1.3587,2900.0,1.7918,1.1296,0.0,0
GKarthik26,3000,12,6,0.5,0.11,2.0,3000.0,1.9459,2.9189,0.0,0
GOTKAKO,3400,12,0,0.0,0.04,0.0,3400.0,0.0,0.0,0.1026,0
GOTKAKO,1000,646,508,0.7864,0.85,0.9252,1064.57,6.2324,5.2175,0.0569,0
GOTKAKO,1400,883,573,0.6489,0.7,0.927,1443.28,6.3526,5.9497,0.0471,0
GOTKAKO,1200,789,586,0.7427,0.78,0.9522,1252.9,6.375,5.9322,0.0337,0
GOTKAKO,800,1026,902,0.8791,0.9,0.9768,815.96,6.8057,4.8821,0.0185,0
GOTKAKO,2200,1696,579,0.3414,0.35,0.9754,2248.7,6.363,4.8848,0.0087,0
GOTKAKO,1600,993,638,0.6425,0.6,1.0708,1653.92,6.4599,6.8645,0.0,0
GOTKAKO,1800,1397,732,0.524,0.5,1.048,1859.84,6.5971,6.429,0.0,0
GOTKAKO,2000,1324,572,0.432,0.42,1.0286,2049.13,6.3509,5.6223,0.0,0
GOTKAKO,2400,1224,378,0.3088,0.28,1.1029,2448.94,5.9375,4.4905,0.0,0
GOTKAKO,2600,585,178,0.3043,0.22,1.3831,2632.02,5.1874,4.1543,0.0,0
GOTKAKO,2800,503,121,0.2406,0.16,1.5035,2839.67,4.804,3.2816,0.0,0
GOTKAKO,3000,73,18,0.2466,0.11,2.0,3000.0,2.9444,2.1781,0.0,0
GOTKAKO,3200,53,8,0.1509,0.07,2.0,3250.0,2.1972,1.0779,0.0,0
GUAIKATTO,1600,795,417,0.5245,0.6,0.8742,1664.03,6.0355,5.268,0.0717,0
GUAIKATTO,1000,341,263,0.7713,0.85,0.9074,1062.74,5.5759,4.5703,0.0699,0
GUAIKATTO,1400,445,281,0.6315,0.7,0.9021,1454.09,5.6419,5.1804,0.063,0
GUAIKATTO,1200,394,288,0.731,0.78,0.9371,1259.38,5.6664,5.2163,0.044,0
GUAIKATTO,3000,86,8,0.093,0.11,0.8457,3000.0,2.1972,0.6132,0.0237,0
GUAIKATTO,800,484,424,0.876,0.9,0.9734,815.09,6.0521,4.3215,0.021,0
GUAIKATTO,1800,787,392,0.4981,0.5,0.9962,1857.4,5.9738,5.5267,0.0018,0
GUAIKATTO,2000,737,345,0.4681,0.42,1.1146,2051.88,5.8464,5.6156,0.0,0
GUAIKATTO,2200,561,283,0.5045,0.35,1.4413,2243.11,5.649,6.3921,0.0,0
GUAIKATTO,2400,363,161,0.4435,0.28,1.584,2439.75,5.0876,5.5053,0.0,0
GUAIKATTO,2600,137,58,0.4234,0.22,1.9244,2665.52,4.0775,4.6014,0.0,0
GUAIKATTO,2800,121,37,0.3058,0.16,1.9112,2875.68,3.6376,3.1987,0.0,0
GUAIKATTO,3200,4,2,0.5,0.07,2.0,3300.0,1.0986,1.8127,0.0,0
GUAIKATTO,3400,2,2,1.0,0.04,2.0,3500.0,1.0986,3.8451,0.0,0
Galetx,1000,96,66,0.6875,0.85,0.8088,1071.21,4.2047,3.0966,0.1428,0
Galetx,1800,655,247,0.3771,0.5,0.7542,1864.37,5.5134,3.8762,0.1224,0
Galetx,800,235,186,0.7915,0.9,0.8794,816.13,5.2311,3.3791,0.0951,0
Galetx,1400,212,127,0.5991,0.7,0.8558,1428.35,4.852,4.1517,0.0925,0
Galetx,1600,312,159,0.5096,0.6,0.8494,1656.6,5.0752,4.2846,0.0855,0
Galetx,2200,1092,308,0.2821,0.35,0.8059,2261.69,5.7333,3.6574,0.0706,0
Galetx,1200,156,116,0.7436,0.78,0.9533,1250.86,4.7622,4.4294,0.0319,0
Galetx,2000,534,226,0.4232,0.42,1.0077,2043.36,5.425,4.6915,0.0,0
Galetx,2400,1190,351,0.295,0.28,1.0534,2445.01,5.8636,4.2287,0.0,0
Galetx,2600,899,256,0.2848,0.22,1.2944,2646.09,5.5491,4.1813,0.0,0
Galetx,2800,842,300,0.3563,0.16,2.0,2844.33,5.7071,5.7837,0.0,0
Galetx,3000,1076,283,0.263,0.11,2.0,3038.16,5.649,4.5139,0.0,0
Galetx,3200,643,172,0.2675,0.07,2.0,3255.81,5.1533,4.4881,0.0,0
Galetx,3400,860,162,0.1884,0.04,2.0,3466.05,5.0938,3.3257,0.0,0
Gassa,3200,29,0,0.0,0.07,0.0,3200.0,0.0,0.0,0.2381,1
Gassa,2800,660,39,0.0591,0.16,0.3693,2848.72,3.6889,0.621,0.1398,1
Gassa,1000,838,586,0.6993,0.85,0.8227,1059.04,6.375,4.7212,0.1376,0
Gassa,3400,19,0,0.0,0.04,0.0,3400.0,0.0,0.0,0.1198,0
Gassa,1200,1177,786,0.6678,0.78,0.8562,1254.83,6.6682,5.5878,0.1035,0
Gassa,1400,1546,967,0.6255,0.7,0.8936,1448.71,6.8752,6.23,0.0695,0
Gassa,800,1112,933,0.839,0.9,0.9323,821.54,6.8395,4.7144,0.0546,0
Gassa,2400,1553,360,0.2318,0.28,0.8279,2433.33,5.8889,3.3217,0.0514,0
Gassa,2600,575,103,0.1791,0.22,0.8142,2639.81,4.6444,2.1962,0.046,0
Gassa,2200,2242,760,0.339,0.35,0.9685,2242.37,6.6346,5.0431,0.0111,0
Gassa,1600,1765,1157,0.6555,0.6,1.0925,1652.03,7.0544,7.6396,0.0,0
Gassa,1800,2184,1241,0.5682,0.5,1.1364,1853.83,7.1245,7.5048,0.0,0
Gassa,2000,2160,950,0.4398,0.42,1.0472,2042.84,6.8575,6.1613,0.0,0
Gassa,3000,159,21,0.1321,0.11,1.2007,3057.14,3.091,1.2481,0.0,0
Gazza,2000,31,6,0.1935,0.42,0.4608,2100.0,1.9459,0.7909,0.2664,1
Gazza,1400,19,12,0.6316,0.7,0.9023,1458.33,2.5649,2.3625,0.0575,0
Gazza,800,40,34,0.85,0.9,0.9444,808.82,3.5553,2.4443,0.0408,0
Gazza,1000,15,12,0.8,0.85,0.9412,1058.33,2.5649,2.1717,0.0389,0
Gazza,1200,20,20,1.0,0.78,1.2821,1255.0,3.0445,3.8209,0.0,0
Gazza,1600,10,7,0.7,0.6,1.1667,1600.0,2.0794,2.329,0.0,0
Gazza,1800,38,26,0.6842,0.5,1.3684,1861.54,3.2958,4.1979,0.0,0
Gazza,2200,33,14,0.4242,0.35,1.2121,2235.71,2.7081,2.5685,0.0,0
Gazza,2400,24,10,0.4167,0.28,1.4881,2470.0,2.3979,2.4678,0.0,0
Gazza,2600,8,4,0.5,0.22,2.0,2600.0,1.6094,2.0923,0.0,0
GdxMilk,800,121,81,0.6694,0.9,0.7438,804.94,4.4067,2.3745,0.2049,1
GdxMilk,2200,1050,238,0.2267,0.35,0.6476,2243.28,5.4765,2.7847,0.1325,1
GdxMilk,2000,319,102,0.3197,0.42,0.7613,2070.59,4.6347,3.0685,0.1026,0
GdxMilk,1000,29,24,0.8276,0.85,0.9736,1050.0,3.2189,2.7971,0.0181,0
GdxMilk,1800,98,48,0.4898,0.5,0.9796,1845.83,3.8918,3.5185,0.0096,0
GdxMilk,1200,15,15,1.0,0.78,1.2821,1260.0,2.7726,3.4935,0.0,0
GdxMilk,1400,27,21,0.7778,0.7,1.1111,1466.67,3.091,3.5261,0.0,0
GdxMilk,1600,70,45,0.6429,0.6,1.0714,1688.89,3.8286,4.1568,0.0,0
GdxMilk,2400,558,233,0.4176,0.28,1.4913,2450.21,5.4553,5.5814,0.0,0
GdxMilk,2600,413,163,0.3947,0.22,1.794,2658.9,5.0999,5.3518,0.0,0
GdxMilk,2800,216,67,0.3102,0.16,1.9387,2825.37,4.2195,3.6979,0.0,0
GdxMilk,3000,51,11,0.2157,0.11,1.9608,3009.09,2.4849,1.6128,0.0,0
GdxMilk,3200,47,7,0.1489,0.07,2.0,3242.86,2.0794,1.0043,0.0,0
GdxMilk,3400,12,8,0.6667,0.04,2.0,3475.0,2.1972,5.0902,0.0,0
Geforgs,1000,339,201,0.5929,0.85,0.6976,1063.18,5.3083,3.3462,0.2375,1
Geforgs,3000,6,0,0.0,0.11,0.0,3000.0,0.0,0.0,0.2141,0
Geforgs,2000,1112,255,0.2293,0.42,0.546,2054.9,5.5452,2.613,0.2044,1
Geforgs,1200,478,277,0.5795,0.78,0.7429,1253.07,5.6276,4.0865,0.1867,1
Geforgs,800,740,527,0.7122,0.9,0.7913,818.22,6.2691,3.653,0.1708,0
Geforgs,1400,461,249,0.5401,0.7,0.7716,1442.57,5.5215,4.3022,0.1504,0
Geforgs,1600,508,243,0.4783,0.6,0.7972,1662.14,5.4972,4.3707,0.1167,0
Geforgs,2200,805,212,0.2634,0.35,0.7524,2255.19,5.3613,3.1841,0.0912,0
Geforgs,2400,593,125,0.2108,0.28,0.7528,2444.8,4.8363,2.4924,0.0757,0
Geforgs,1800,671,290,0.4322,0.5,0.8644,1863.1,5.6733,4.5683,0.0662,0
Geforgs,2800,250,38,0.152,0.16,0.95,2842.11,3.6636,1.5827,0.0095,0
Geforgs,2600,293,84,0.2867,0.22,1.3031,2638.1,4.4427,3.36,0.0,0
Geforgs,3200,40,6,0.15,0.07,2.0,3266.67,1.9459,0.9535,0.0,0
Gheal,1400,1176,537,0.4566,0.7,0.6523,1449.72,6.2879,4.1625,0.2361,1
Gheal,1600,1608,633,0.3937,0.6,0.6561,1653.08,6.452,4.1986,0.2044,1
Gheal,1000,619,394,0.6365,0.85,0.7488,1050.51,5.9789,3.9978,0.1967,1
Gheal,1200,857,489,0.5706,0.78,0.7315,1247.85,6.1944,4.4105,0.1966,1
Gheal,1800,1707,596,0.3492,0.5,0.6983,1851.85,6.3919,4.1328,0.1519,1
Gheal,2000,1863,561,0.3011,0.42,0.717,2047.42,6.3315,3.9036,0.1221,1
Gheal,800,967,745,0.7704,0.9,0.856,822.68,6.6147,4.1925,0.117,0
Gheal,2600,386,49,0.1269,0.22,0.577,2614.29,3.912,1.2983,0.1129,1
Gheal,2800,586,56,0.0956,0.16,0.5973,2830.36,4.0431,1.0936,0.0815,1
Gheal,2200,1193,330,0.2766,0.35,0.7903,2259.7,5.8021,3.6267,0.0764,0
Gheal,3200,179,6,0.0335,0.07,0.4789,3200.0,1.9459,0.2087,0.0643,1
Gheal,2400,1118,252,0.2254,0.28,0.805,2434.13,5.5334,3.0359,0.0587,0
Gheal,3000,70,9,0.1286,0.11,1.1688,3077.78,2.3026,0.9112,0.0,0
Glac1er,2200,245,35,0.1429,0.35,0.4082,2211.43,3.5835,1.1321,0.2488,1
Glac1er,2000,224,49,0.2188,0.42,0.5208,2038.78,3.912,1.7447,0.2219,1
Glac1er,1400,192,97,0.5052,0.7,0.7217,1447.42,4.585,3.3528,0.1836,1
Glac1er,1200,156,102,0.6538,0.78,0.8383,1259.8,4.6347,3.8177,0.1132,0
Glac1er,1000,136,104,0.7647,0.85,0.8997,1064.42,4.654,3.7882,0.0742,0
Glac1er,1800,257,119,0.463,0.5,0.9261,1855.46,4.7875,4.1131,0.0355,0
Glac1er,1600,162,93,0.5741,0.6,0.9568,1656.99,4.5433,4.3217,0.0238,0
Glac1er,800,160,142,0.8875,0.9,0.9861,816.2,4.9628,3.595,0.0107,0
Glac1er,2400,28,22,0.7857,0.28,2.0,2400.0,3.1355,5.9126,0.0,0
Glac1er,2600,15,5,0.3333,0.22,1.5152,2600.0,1.7918,1.5529,0.0,0
Gmt.FFF,1000,189,77,0.4074,0.85,0.4793,1062.34,4.3567,1.8856,0.4335,1
Gmt.FFF,1200,224,88,0.3929,0.78,0.5037,1250.0,4.4886,2.2042,0.382,1
Gmt.FFF,800,258,135,0.5233,0.9,0.5814,820.0,4.9127,2.1079,0.3541,1
Gmt.FFF,2000,638,98,0.1536,0.42,0.3657,2055.1,4.5951,1.4506,0.3076,1
Gmt.FFF,1600,278,88,0.3165,0.6,0.5276,1654.55,4.4886,2.3509,0.2908,1
Gmt.FFF,1400,268,112,0.4179,0.7,0.597,1438.39,4.7274,2.8417,0.2756,1
Gmt.FFF,1800,377,126,0.3342,0.5,0.6684,1857.94,4.8442,3.008,0.1684,1
Gmt.FFF,2400,671,101,0.1505,0.28,0.5376,2447.52,4.625,1.7039,0.1499,1
Gmt.FFF,2600,464,62,0.1336,0.22,0.6074,2650.0,4.1431,1.4671,0.1032,1
Gmt.FFF,2200,428,115,0.2687,0.35,0.7677,2259.13,4.7536,2.8855,0.0857,0
Gmt.FFF,2800,355,34,0.0958,0.16,0.5986,2820.59,3.5553,0.9604,0.0828,1
Gmt.FFF,3000,86,10,0.1163,0.11,1.0571,3080.0,2.3979,0.8588,0.0,0
Gmt.FFF,3200,77,13,0.1688,0.07,2.0,3215.38,2.6391,1.4326,0.0,0
Gmt.FFF,3400,29,3,0.1034,0.04,2.0,3466.67,1.3863,0.4972,0.0,0
Godelizer,1600,68,17,0.25,0.6,0.4167,1600.0,2.8904,1.1561,0.3809,1
Godelizer,1800,218,58,0.2661,0.5,0.5321,1848.28,4.0775,2.0051,0.2483,1
Godelizer,2600,2,0,0.0,0.22,0.0,2600.0,0.0,0.0,0.2417,0
Godelizer,2400,59,7,0.1186,0.28,0.4237,2400.0,2.0794,0.5921,0.2145,1
Godelizer,3000,6,0,0.0,0.11,0.0,3000.0,0.0,0.0,0.2141,0
Godelizer,2000,108,28,0.2593,0.42,0.6173,2082.14,3.3673,1.8177,0.1727,1
Godelizer,2200,77,19,0.2468,0.35,0.705,2226.32,2.9957,1.6457,0.1126,1
Godelizer,800,90,71,0.7889,0.9,0.8765,814.08,4.2767,2.7466,0.095,0
Godelizer,1000,55,41,0.7455,0.85,0.877,1060.98,3.7377,2.9562,0.0888,0
Godelizer,1400,89,54,0.6067,0.7,0.8668,1438.89,4.0073,3.4985,0.0838,0
Godelizer,1200,44,33,0.75,0.78,0.9615,1251.52,3.5264,3.31,0.0252,0
Gold_Dino,2000,181,45,0.2486,0.42,0.5919,2057.78,3.8286,1.9587,0.1847,1
Gold_Dino,800,71,54,0.7606,0.9,0.8451,822.22,4.0073,2.506,0.1191,0
Gold_Dino,1200,41,28,0.6829,0.78,0.8755,1264.29,3.3673,2.9074,0.0831,0
Gold_Dino,2200,78,27,0.3462,0.35,0.989,2244.44,3.3322,2.5889,0.0039,0
Gold_Dino,1000,32,29,0.9062,0.85,1.0662,1068.97,3.4012,3.2949,0.0,0
Gold_Dino,1400,41,37,0.9024,0.7,1.2892,1432.43,3.6376,4.7022,0.0,0
Gold_Dino,1600,69,46,0.6667,0.6,1.1111,1654.35,3.8501,4.2463,0.0,0
Gold_Dino,1800,45,32,0.7111,0.5,1.4222,1890.62,3.4965,4.7009,0.0,0
Gold_Dino,2400,121,45,0.3719,0.28,1.3282,2440.0,3.8286,3.4743,0.0,0
Gold_Dino,2600,199,61,0.3065,0.22,1.3933,2662.3,4.1271,3.3681,0.0,0
Gold_Dino,2800,175,74,0.4229,0.16,2.0,2852.7,4.3175,5.2081,0.0,0
Gold_Dino,3000,472,61,0.1292,0.11,1.1749,3044.26,4.1271,1.6237,0.0,0
Gold_Dino,3200,341,60,0.176,0.07,2.0,3230.0,4.1109,2.3363,0.0,0
Gold_Dino,3400,467,77,0.1649,0.04,2.0,3468.83,4.3567,2.4918,0.0,0
Golovanov399,1000,756,576,0.7619,0.85,0.8964,1057.12,6.3578,5.1208,0.0794,0
Golovanov399,800,1114,963,0.8645,0.9,0.9605,821.6,6.8711,4.8801,0.0317,0
Golovanov399,1200,1007,811,0.8054,0.78,1.0325,1254.25,6.6995,6.7674,0.0,0
Golovanov399,1400,1122,851,0.7585,0.7,1.0835,1447.12,6.7476,7.4061,0.0,0
Golovanov399,1600,1506,1081,0.7178,0.6,1.1963,1651.62,6.9866,8.2827,0.0,0
Golovanov399,1800,1936,1275,0.6586,0.5,1.3171,1852.78,7.1515,8.7262,0.0,0
Golovanov399,2000,1724,1041,0.6038,0.42,1.4377,2046.49,6.9489,8.587,0.0,0
Golovanov399,2200,1834,959,0.5229,0.35,1.494,2251.3,6.8669,8.0838,0.0,0
Golovanov399,2400,2296,904,0.3937,0.28,1.4062,2446.02,6.8079,6.5565,0.0,0
Golovanov399,2600,1842,551,0.2991,0.22,1.3597,2648.64,6.3135,5.0022,0.0,0
Golovanov399,2800,1170,376,0.3214,0.16,2.0,2838.3,5.9322,5.411,0.0,0
Golovanov399,3000,514,166,0.323,0.11,2.0,3040.96,5.118,5.0264,0.0,0
Golovanov399,3200,464,83,0.1789,0.07,2.0,3240.96,4.4308,2.5687,0.0,0
Golovanov399,3400,242,36,0.1488,0.04,2.0,3472.22,3.6109,1.8651,0.0,0
Greensheep,1600,89,44,0.4944,0.6,0.824,1625.0,3.8067,3.0582,0.0989,0
Greensheep,800,81,66,0.8148,0.9,0.9053,818.18,4.2047,2.8031,0.0721,0
Greensheep,3200,36,2,0.0556,0.07,0.7937,3300.0,1.0986,0.2014,0.0249,0
Greensheep,1400,25,17,0.68,0.7,0.9714,1400.0,2.8904,2.7516,0.0167,0
Greensheep,1000,30,25,0.8333,0.85,0.9804,1092.0,3.2581,2.9649,0.0134,0
Greensheep,1200,55,46,0.8364,0.78,1.0723,1263.04,3.8501,4.0672,0.0,0
Greensheep,1800,134,69,0.5149,0.5,1.0299,1846.38,4.2485,4.0392,0.0,0
Greensheep,2000,105,50,0.4762,0.42,1.1338,2054.0,3.9318,3.8457,0.0,0
Greensheep,2200,214,79,0.3692,0.35,1.0547,2246.84,4.382,3.6346,0.0,0
Greensheep,2400,120,48,0.4,0.28,1.4286,2466.67,3.8918,3.8399,0.0,0
Greensheep,2600,18,14,0.7778,0.22,2.0,2664.29,2.7081,5.6117,0.0,0
Greensheep,2800,80,25,0.3125,0.16,1.9531,2828.0,3.2581,2.8793,0.0,0
Greensheep,3000,25,17,0.68,0.11,2.0,3000.0,2.8904,5.8964,0.0,0
Gypsies,2400,6,0,0.0,0.28,0.0,2400.0,0.0,0.0,0.5449,0
Gypsies,1200,184,95,0.5163,0.78,0.6619,1217.89,4.5643,2.8701,0.2474,1
Gypsies,800,102,64,0.6275,0.9,0.6972,823.44,4.1744,2.1568,0.2441,1
Gypsies,1400,23,15,0.6522,0.7,0.9317,1446.67,2.7726,2.6159,0.0403,0
Gypsies,1000,45,38,0.8444,0.85,0.9935,1063.16,3.6636,3.2891,0.0046,0
Gypsies,1600,16,16,1.0,0.6,1.6667,1650.0,2.8332,4.6748,0.0,0
Gypsies,1800,43,26,0.6047,0.5,1.2093,1830.77,3.2958,3.6484,0.0,0
Gypsies,2000,27,21,0.7778,0.42,1.8519,2028.57,3.091,4.877,0.0,0
Gypsies,2200,10,5,0.5,0.35,1.4286,2200.0,1.7918,1.9709,0.0,0
Gypsies,2600,4,4,1.0,0.22,2.0,2600.0,1.6094,4.1845,0.0,0
HBPlayer,1000,164,90,0.5488,0.85,0.6456,1055.56,4.5109,2.613,0.2791,1
HBPlayer,1600,439,159,0.3622,0.6,0.6036,1653.46,5.0752,3.0393,0.2383,1
HBPlayer,1400,204,122,0.598,0.7,0.8543,1443.44,4.8122,4.154,0.0934,0
HBPlayer,1800,348,159,0.4569,0.5,0.9138,1841.51,5.0752,4.2701,0.0415,0
HBPlayer,1200,192,141,0.7344,0.78,0.9415,1263.83,4.9558,4.5996,0.0403,0
HBPlayer,800,478,422,0.8828,0.9,0.9809,810.19,6.0474,4.3255,0.015,0
HBPlayer,2000,294,125,0.4252,0.42,1.0123,2055.2,4.8363,4.226,0.0,0
HBPlayer,2200,204,113,0.5539,0.35,1.5826,2234.51,4.7362,5.8622,0.0,0
HBPlayer,2400,163,56,0.3436,0.28,1.227,2442.86,4.0431,3.3932,0.0,0
HBPlayer,2600,80,43,0.5375,0.22,2.0,2665.12,3.7842,5.4209,0.0,0
HBPlayer,2800,12,6,0.5,0.16,2.0,2850.0,1.9459,2.7729,0.0,0
HBPlayer,3000,15,15,1.0,0.11,2.0,3040.0,2.7726,8.4287,0.0,0
HBPlayer,3200,7,7,1.0,0.07,2.0,3300.0,2.0794,6.8622,0.0,0
HIR180,1200,573,298,0.5201,0.78,0.6668,1253.02,5.7004,3.7147,0.2464,1
HIR180,1000,244,165,0.6762,0.85,0.7956,1046.67,5.112,3.6182,0.1564,0
HIR180,1400,815,436,0.535,0.7,0.7642,1455.73,6.0799,4.7349,0.1563,0
HIR180,1600,1068,506,0.4738,0.6,0.7896,1653.16,6.2285,4.8784,0.1218,0
HIR180,1800,1264,566,0.4478,0.5,0.8956,1854.06,6.3404,5.2639,0.0508,0
HIR180,800,253,217,0.8577,0.9,0.953,819.35,5.3845,3.784,0.0367,0
HIR180,2000,1215,554,0.456,0.42,1.0856,2056.14,6.319,5.9242,0.0,0
HIR180,2200,1289,495,0.384,0.35,1.0972,2248.69,6.2066,5.3596,0.0,0
HIR180,2400,1654,514,0.3108,0.28,1.1099,2443.39,6.2442,4.7413,0.0,0
HIR180,2600,1318,390,0.2959,0.22,1.345,2643.85,5.9687,4.6694,0.0,0
HIR180,2800,1442,306,0.2122,0.16,1.3263,2846.73,5.7268,3.4595,0.0,0
HIR180,3000,1111,219,0.1971,0.11,1.792,3046.58,5.3936,3.2391,0.0,0
HIR180,3200,1114,135,0.1212,0.07,1.7312,3256.3,4.9127,1.9386,0.0,0
HIR180,3400,676,63,0.0932,0.04,2.0,3463.49,4.1589,1.3424,0.0,0
Hamed_Ghaffari,1000,851,576,0.6769,0.85,0.7963,1059.55,6.3578,4.5596,0.1588,0
Hamed_Ghaffari,800,1611,1211,0.7517,0.9,0.8352,816.85,7.1,4.3596,0.1352,0
Hamed_Ghaffari,1200,1097,696,0.6345,0.78,0.8134,1251.15,6.5468,5.1968,0.135,0
Hamed_Ghaffari,1400,1097,651,0.5934,0.7,0.8478,1443.01,6.48,5.5491,0.0997,0
Hamed_Ghaffari,1600,1519,810,0.5332,0.6,0.8887,1657.28,6.6983,5.9195,0.0635,0
Hamed_Ghaffari,1800,1882,940,0.4995,0.5,0.9989,1860.74,6.8469,6.3634,0.0005,0
Hamed_Ghaffari,2000,1962,962,0.4903,0.42,1.1674,2056.44,6.8701,6.9271,0.0,0
Hamed_Ghaffari,2200,2409,1049,0.4355,0.35,1.2441,2251.95,6.9565,6.8217,0.0,0
Hamed_Ghaffari,2400,3172,1099,0.3465,0.28,1.2374,2452.41,7.0031,5.9504,0.0,0
Hamed_Ghaffari,2600,2033,693,0.3409,0.22,1.5494,2646.61,6.5425,5.9024,0.0,0
Hamed_Ghaffari,2800,1425,569,0.3993,0.16,2.0,2839.72,6.3456,7.1953,0.0,0
Hamed_Ghaffari,3000,976,291,0.2982,0.11,2.0,3032.99,5.6768,5.1335,0.0,0
Hamed_Ghaffari,3200,367,97,0.2643,0.07,2.0,3245.36,4.585,3.9328,0.0,0
Hamed_Ghaffari,3400,80,20,0.25,0.04,2.0,3455.0,3.0445,2.6297,0.0,0
Handsome2004,800,291,201,0.6907,0.9,0.7675,820.4,5.3083,3.008,0.1883,0
Handsome2004,2800,53,3,0.0566,0.16,0.3538,2900.0,1.3863,0.2276,0.1728,1
Handsome2004,1000,204,137,0.6716,0.85,0.7901,1065.69,4.9273,3.5264,0.1602,0
Handsome2004,1200,276,172,0.6232,0.78,0.799,1250.0,5.1533,4.0143,0.1433,0
Handsome2004,1800,885,322,0.3638,0.5,0.7277,1858.07,5.7777,3.906,0.1363,1
Handsome2004,1600,516,249,0.4826,0.6,0.8043,1657.43,5.5215,4.4161,0.1125,0
Handsome2004,3400,10,0,0.0,0.04,0.0,3400.0,0.0,0.0,0.0959,0
Handsome2004,2400,708,138,0.1949,0.28,0.6961,2457.25,4.9345,2.3634,0.0941,1
Handsome2004,2200,861,234,0.2718,0.35,0.7765,2249.57,5.4596,3.3379,0.0819,0
Handsome2004,1400,373,229,0.6139,0.7,0.8771,1446.29,5.4381,4.8287,0.0792,0
Handsome2004,2000,899,308,0.3426,0.42,0.8157,2046.43,5.7333,4.0197,0.0782,0
Handsome2004,2600,81,17,0.2099,0.22,0.954,2635.29,2.8904,1.5986,0.0115,0
Handsome2004,3000,12,2,0.1667,0.11,1.5152,3100.0,1.0986,0.5676,0.0,0
Handsome2004,3200,57,6,0.1053,0.07,1.5038,3300.0,1.9459,0.6759,0.0,0
Haorayz4,1200,164,87,0.5305,0.78,0.6801,1236.78,4.4773,2.9376,0.2326,1
Haorayz4,2400,679,109,0.1605,0.28,0.5733,2439.45,4.7005,1.8407,0.1367,1
Haorayz4,1800,313,114,0.3642,0.5,0.7284,1862.28,4.7449,3.2184,0.1359,1
Haorayz4,1400,185,105,0.5676,0.7,0.8108,1445.71,4.6634,3.8265,0.1222,0
Haorayz4,2000,363,111,0.3058,0.42,0.7281,2054.05,4.7185,2.9637,0.1178,1
Haorayz4,800,209,167,0.799,0.9,0.8878,817.37,5.124,3.3465,0.0882,0
Haorayz4,2200,371,100,0.2695,0.35,0.7701,2255.0,4.6151,2.8051,0.0848,0
Haorayz4,1600,271,142,0.524,0.6,0.8733,1659.15,4.9628,4.3146,0.0715,0
Haorayz4,1000,97,82,0.8454,0.85,0.9945,1062.2,4.4188,3.9678,0.0039,0
Haorayz4,2600,175,61,0.3486,0.22,1.5844,2652.46,4.1271,3.8158,0.0,0
Haorayz4,2800,109,53,0.4862,0.16,2.0,2835.85,3.989,5.5004,0.0,0
Haorayz4,3000,53,15,0.283,0.11,2.0,3086.67,2.7726,2.4221,0.0,0
Haorayz4,3200,6,3,0.5,0.07,2.0,3200.0,1.3863,2.2181,0.0,0
Haorayz4,3400,22,2,0.0909,0.04,2.0,3500.0,1.0986,0.3496,0.0,0
Harsh_kunwar,1000,750,464,0.6187,0.85,0.7278,1060.13,6.142,4.0284,0.2145,1
Harsh_kunwar,800,1041,758,0.7281,0.9,0.8091,822.56,6.632,3.9722,0.1565,0
Harsh_kunwar,1200,1022,691,0.6761,0.78,0.8668,1260.35,6.5396,5.5727,0.0955,0
Harsh_kunwar,1400,1267,787,0.6212,0.7,0.8874,1444.85,6.6695,5.9857,0.0735,0
Harsh_kunwar,1800,2165,940,0.4342,0.5,0.8684,1853.72,6.8469,5.5108,0.0644,0
Harsh_kunwar,2000,2273,873,0.3841,0.42,0.9145,2045.13,6.7731,5.3201,0.0357,0
Harsh_kunwar,1600,1744,986,0.5654,0.6,0.9423,1649.59,6.8947,6.4301,0.0327,0
Harsh_kunwar,2400,792,202,0.2551,0.28,0.9109,2457.43,5.3132,3.3301,0.0264,0
Harsh_kunwar,2200,1644,542,0.3297,0.35,0.942,2240.77,6.2971,4.652,0.0206,0
Harsh_kunwar,2600,286,96,0.3357,0.22,1.5257,2631.25,4.5747,4.0405,0.0,0
Harsh_kunwar,2800,133,25,0.188,0.16,1.1748,2836.0,3.2581,1.7368,0.0,0
Harsh_kunwar,3000,75,10,0.1333,0.11,1.2121,3030.0,2.3979,0.9687,0.0,0
Harsh_kunwar,3400,45,7,0.1556,0.04,2.0,3500.0,2.0794,1.1321,0.0,0
Hayabusaa,1400,361,173,0.4792,0.7,0.6846,1446.24,5.1591,3.5756,0.2112,1
Hayabusaa,1800,742,230,0.31,0.5,0.6199,1853.48,5.4424,3.1268,0.195,1
Hayabusaa,1000,294,193,0.6565,0.85,0.7723,1054.92,5.2679,3.6481,0.1756,0
Hayabusaa,1200,322,193,0.5994,0.78,0.7684,1259.07,5.2679,3.9754,0.1665,0
Hayabusaa,2200,1550,342,0.2206,0.35,0.6304,2244.74,5.8377,2.8914,0.139,1
Hayabusaa,2000,848,245,0.2889,0.42,0.6879,2053.06,5.5053,3.2655,0.1359,1
Hayabusaa,1600,366,182,0.4973,0.6,0.8288,1650.55,5.2095,4.2758,0.0977,0
Hayabusaa,800,440,356,0.8091,0.9,0.899,813.48,5.8777,3.8686,0.0805,0
Hayabusaa,3000,184,13,0.0707,0.11,0.6423,3030.77,2.6391,0.5651,0.0564,1
Hayabusaa,2400,795,202,0.2541,0.28,0.9075,2450.0,5.3132,3.3076,0.0274,0
Hayabusaa,2600,438,93,0.2123,0.22,0.9651,2627.96,4.5433,2.5351,0.0084,0
Hayabusaa,2800,154,32,0.2078,0.16,1.2987,2809.38,3.4965,2.0411,0.0,0
Hayabusaa,3200,95,10,0.1053,0.07,1.5038,3220.0,2.3979,0.8128,0.0,0
Hayabusaa,3400,45,5,0.1111,0.04,2.0,3500.0,1.7918,0.6968,0.0,0
Hayashi,1000,380,223,0.5868,0.85,0.6904,1060.09,5.4116,3.3666,0.2439,1
Hayashi,1600,619,245,0.3958,0.6,0.6597,1655.92,5.5053,3.6083,0.2018,1
Hayashi,1200,427,258,0.6042,0.78,0.7746,1252.33,5.5568,4.2047,0.1624,0
Hayashi,800,531,431,0.8117,0.9,0.9019,817.87,6.0684,4.0285,0.0784,0
Hayashi,1400,350,217,0.62,0.7,0.8857,1439.63,5.3845,4.806,0.0734,0
Hayashi,1800,930,397,0.4269,0.5,0.8538,1866.75,5.9865,4.7705,0.0715,0
Hayashi,2000,787,389,0.4943,0.42,1.1769,2042.42,5.9661,6.023,0.0,0
Hayashi,2200,588,245,0.4167,0.35,1.1905,2251.02,5.5053,5.1636,0.0,0
Hayashi,2400,624,204,0.3269,0.28,1.1676,2444.61,5.323,4.2541,0.0,0
Hayashi,2600,282,77,0.273,0.22,1.2411,2642.86,4.3567,3.1439,0.0,0
Hayashi,2800,99,38,0.3838,0.16,2.0,2813.16,3.6636,3.9559,0.0,0
Hayashi,3000,65,29,0.4462,0.11,2.0,3037.93,3.4012,4.6099,0.0,0
Hayashi,3200,44,8,0.1818,0.07,2.0,3250.0,2.1972,1.2984,0.0,0
Hayashi,3400,63,5,0.0794,0.04,1.9841,3400.0,1.7918,0.4835,0.0,0
HinamiAoi,1800,67,15,0.2239,0.5,0.4478,1880.0,2.7726,1.167,0.3088,1
HinamiAoi,3000,218,8,0.0367,0.11,0.3336,3025.0,2.1972,0.2439,0.1236,1
HinamiAoi,1600,32,17,0.5312,0.6,0.8854,1623.53,2.8904,2.4929,0.0618,0
HinamiAoi,1000,19,16,0.8421,0.85,0.9907,1037.5,2.8332,2.4753,0.0062,0
HinamiAoi,1200,18,14,0.7778,0.78,0.9972,1285.71,2.7081,2.7081,0.0018,0
HinamiAoi,800,13,13,1.0,0.9,1.1111,800.0,2.6391,2.1112,0.0,0
HinamiAoi,1400,16,12,0.75,0.7,1.0714,1466.67,2.5649,2.8214,0.0,0
HinamiAoi,2000,57,34,0.5965,0.42,1.4202,2088.24,3.5553,4.4286,0.0,0
HinamiAoi,2200,12,8,0.6667,0.35,1.9048,2300.0,2.1972,3.3691,0.0,0
HinamiAoi,2400,59,17,0.2881,0.28,1.0291,2400.0,2.8904,1.9988,0.0,0
HinamiAoi,2800,19,14,0.7368,0.16,2.0,2900.0,2.7081,5.7867,0.0,0
HinamiAoi,3400,3,3,1.0,0.04,2.0,3500.0,1.3863,4.852,0.0,0
Hongruizhao,1200,278,150,0.5396,0.78,0.6918,1268.0,5.0173,3.4327,0.225,1
Hongruizhao,1000,155,100,0.6452,0.85,0.759,1074.0,4.6151,3.1978,0.1842,0
Hongruizhao,1400,338,179,0.5296,0.7,0.7566,1454.19,5.193,3.9992,0.1603,0
Hongruizhao,800,215,166,0.7721,0.9,0.8579,821.08,5.118,3.2446,0.1124,0
Hongruizhao,1600,693,369,0.5325,0.6,0.8874,1650.41,5.9135,5.1967,0.0639,0
Hongruizhao,1800,1213,595,0.4905,0.5,0.981,1862.18,6.3902,5.8371,0.0091,0
Hongruizhao,2000,1209,596,0.493,0.42,1.1737,2057.38,6.3919,6.4829,0.0,0
Hongruizhao,2200,2099,779,0.3711,0.35,1.0604,2250.71,6.6593,5.5625,0.0,0
Hongruizhao,2400,1859,764,0.411,0.28,1.4678,2443.72,6.6399,6.6684,0.0,0
Hongruizhao,2600,1461,554,0.3792,0.22,1.7236,2637.55,6.319,6.3198,0.0,0
Hongruizhao,2800,521,231,0.4434,0.16,2.0,2834.63,5.4467,6.8455,0.0,0
Hongruizhao,3000,325,149,0.4585,0.11,2.0,3026.85,5.0106,6.9532,0.0,0
Hongruizhao,3200,520,108,0.2077,0.07,2.0,3239.81,4.6913,3.1567,0.0,0
Hongruizhao,3400,71,32,0.4507,0.04,2.0,3437.5,3.4965,5.4171,0.0,0
Horka,1000,1604,960,0.5985,0.85,0.7041,1061.15,6.868,4.3618,0.2359,1
Horka,1200,2235,1352,0.6049,0.78,0.7755,1246.67,7.2101,5.4374,0.1645,0
Horka,1400,2321,1235,0.5321,0.7,0.7601,1448.1,7.1196,5.4859,0.1603,0
Horka,1600,2451,1185,0.4835,0.6,0.8058,1663.29,7.0783,5.6921,0.1126,0
Horka,1800,2763,1101,0.3985,0.5,0.797,1853.41,7.0049,5.1734,0.1005,0
Horka,800,1873,1483,0.7918,0.9,0.8798,821.24,7.3025,4.7484,0.0982,0
Horka,2000,2223,783,0.3522,0.42,0.8386,2048.4,6.6644,4.8084,0.0682,0
Horka,2200,1720,538,0.3128,0.35,0.8937,2240.71,6.2897,4.4083,0.038,0
Horka,2400,647,254,0.3926,0.28,1.4021,2448.03,5.5413,5.3254,0.0,0
Horka,2600,241,67,0.278,0.22,1.2637,2626.87,4.2195,3.0815,0.0,0
Horka,2800,4,2,0.5,0.16,2.0,2800.0,1.0986,1.5381,0.0,0
HotoKokoacpp,1400,62,42,0.6774,0.7,0.9677,1452.38,3.7612,3.7005,0.0196,0
HotoKokoacpp,1600,84,49,0.5833,0.6,0.9722,1648.98,3.912,3.763,0.0151,0
HotoKokoacpp,800,80,71,0.8875,0.9,0.9861,812.68,4.2767,3.0845,0.0104,0
HotoKokoacpp,1000,50,44,0.88,0.85,1.0353,1050.0,3.8067,3.5174,0.0,0
HotoKokoacpp,1200,54,44,0.8148,0.78,1.0446,1263.64,3.8067,3.9195,0.0,0
HotoKokoacpp,1800,95,59,0.6211,0.5,1.2421,1847.46,4.0943,4.6977,0.0,0
HotoKokoacpp,2000,122,53,0.4344,0.42,1.0343,2069.81,3.989,3.5868,0.0,0
HotoKokoacpp,2200,181,75,0.4144,0.35,1.1839,2248.0,4.3307,4.034,0.0,0
HotoKokoacpp,2400,78,55,0.7051,0.28,2.0,2467.27,4.0254,7.0031,0.0,0
HotoKokoacpp,2600,94,40,0.4255,0.22,1.9342,2667.5,3.7136,4.2153,0.0,0
HotoKokoacpp,2800,134,53,0.3955,0.16,2.0,2852.83,3.989,4.501,0.0,0
HotoKokoacpp,3000,199,43,0.2161,0.11,1.9644,3044.19,3.7842,2.4892,0.0,0
HotoKokoacpp,3200,44,23,0.5227,0.07,2.0,3234.78,3.1781,5.3738,0.0,0
HotoKokoacpp,3400,54,17,0.3148,0.04,2.0,3458.82,2.8904,3.1473,0.0,0
HoyHoyCharhang,1000,95,59,0.6211,0.85,0.7307,1072.88,4.0943,2.7281,0.2051,1
HoyHoyCharhang,1400,76,43,0.5658,0.7,0.8083,1439.53,3.7842,3.0821,0.1219,0
HoyHoyCharhang,3000,2,0,0.0,0.11,0.0,3000.0,0.0,0.0,0.1208,0
HoyHoyCharhang,1200,128,86,0.6719,0.78,0.8614,1251.16,4.4659,3.7542,0.0961,0
HoyHoyCharhang,2800,51,7,0.1373,0.16,0.8578,2857.14,2.0794,0.8155,0.0292,0
HoyHoyCharhang,800,108,99,0.9167,0.9,1.0185,809.09,4.6052,3.4155,0.0,0
HoyHoyCharhang,1600,66,54,0.8182,0.6,1.3636,1646.3,4.0073,5.3978,0.0,0
HoyHoyCharhang,1800,138,76,0.5507,0.5,1.1014,1847.37,4.3438,4.4193,0.0,0
HoyHoyCharhang,2000,76,38,0.5,0.42,1.1905,2034.21,3.6636,3.7262,0.0,0
HoyHoyCharhang,2200,94,56,0.5957,0.35,1.7021,2235.71,4.0431,5.385,0.0,0
HoyHoyCharhang,2400,68,26,0.3824,0.28,1.3655,2442.31,3.2958,3.0777,0.0,0
HoyHoyCharhang,2600,3,3,1.0,0.22,2.0,2600.0,1.3863,3.6044,0.0,0
HusseinFarhat,800,1032,721,0.6986,0.9,0.7763,813.73,6.582,3.7419,0.1843,0
HusseinFarhat,1000,534,351,0.6573,0.85,0.7733,1063.82,5.8636,4.1001,0.1764,0
HusseinFarhat,1400,665,361,0.5429,0.7,0.7755,1450.97,5.8916,4.6407,0.1482,0
HusseinFarhat,2000,1133,320,0.2824,0.42,0.6725,2053.12,5.7714,3.3467,0.1429,1
HusseinFarhat,1800,1259,457,0.363,0.5,0.726,1844.86,6.1269,4.1029,0.1372,1
HusseinFarhat,1200,597,380,0.6365,0.78,0.816,1250.26,5.9428,4.7294,0.1321,0
HusseinFarhat,1600,1090,521,0.478,0.6,0.7966,1646.26,6.2577,4.924,0.1176,0
HusseinFarhat,2400,806,215,0.2667,0.28,0.9527,2424.65,5.3753,3.4766,0.0139,0
HusseinFarhat,2200,416,200,0.4808,0.35,1.3736,2239.0,5.3033,5.7087,0.0,0
HusseinFarhat,2600,27,17,0.6296,0.22,2.0,2664.71,2.8904,4.8494,0.0,0
HusseinFarhat,2800,17,7,0.4118,0.16,2.0,2800.0,2.0794,2.3975,0.0,0
Hydrotherapy,2000,50,6,0.12,0.42,0.2857,2100.0,1.9459,0.4904,0.4004,1
Hydrotherapy,1600,65,20,0.3077,0.6,0.5128,1660.0,3.0445,1.555,0.3028,1
Hydrotherapy,2400,108,12,0.1111,0.28,0.3968,2400.0,2.5649,0.684,0.2223,1
Hydrotherapy,800,46,38,0.8261,0.9,0.9179,815.79,3.6636,2.4689,0.061,0
Hydrotherapy,1000,38,35,0.9211,0.85,1.0836,1071.43,3.5835,3.5364,0.0,0
Hydrotherapy,1200,28,26,0.9286,0.78,1.1905,1280.77,3.2958,3.9197,0.0,0
Hydrotherapy,1400,31,26,0.8387,0.7,1.1982,1453.85,3.2958,4.0188,0.0,0
Hydrotherapy,1800,37,19,0.5135,0.5,1.027,1847.37,2.9957,2.8419,0.0,0
Hydrotherapy,2200,30,15,0.5,0.35,1.4286,2240.0,2.7726,3.1053,0.0,0
Hyperbolic,2800,745,42,0.0564,0.16,0.3523,2835.71,3.7612,0.6013,0.144,1
Hyperbolic,3400,6,0,0.0,0.04,0.0,3400.0,0.0,0.0,0.0778,0
Hyperbolic,2600,1732,271,0.1565,0.22,0.7112,2631.0,5.6058,2.3077,0.0717,1
Hyperbolic,2400,4228,901,0.2131,0.28,0.7611,2448.5,6.8046,3.5505,0.0716,0
Hyperbolic,3000,265,17,0.0642,0.11,0.5832,3041.18,2.8904,0.5639,0.0658,1
Hyperbolic,1000,1209,945,0.7816,0.85,0.9196,1055.45,6.8522,5.653,0.0618,0
Hyperbolic,800,2005,1679,0.8374,0.9,0.9305,819.59,7.4265,5.0971,0.0565,0
Hyperbolic,2000,3499,1315,0.3758,0.42,0.8948,2046.92,7.1824,5.5252,0.0441,0
Hyperbolic,1200,1532,1135,0.7409,0.78,0.9498,1252.16,7.0353,6.5265,0.0357,0
Hyperbolic,3200,59,3,0.0508,0.07,0.7264,3300.0,1.3863,0.2326,0.0329,1
Hyperbolic,1400,1894,1261,0.6658,0.7,0.9511,1451.63,7.1405,6.9011,0.0317,0
Hyperbolic,1800,3193,1520,0.476,0.5,0.9521,1856.78,7.3271,6.4765,0.0232,0
Hyperbolic,2200,3453,1164,0.3371,0.35,0.9631,2246.56,7.0605,5.347,0.013,0
Hyperbolic,1600,2449,1486,0.6068,0.6,1.0113,1654.44,7.3045,7.3329,0.0,0
I.Gleb,2800,99,3,0.0303,0.16,0.1894,2833.33,1.3863,0.119,0.2503,1
I.Gleb,1200,330,193,0.5848,0.78,0.7498,1254.92,5.2679,3.8663,0.1807,1
I.Gleb,1000,222,150,0.6757,0.85,0.7949,1055.33,5.0173,3.5776,0.1566,0
I.Gleb,1600,646,288,0.4458,0.6,0.743,1660.76,5.6664,4.1954,0.1497,1
I.Gleb,2600,525,56,0.1067,0.22,0.4848,2639.29,4.0431,1.1382,0.1408,1
I.Gleb,800,425,319,0.7506,0.9,0.834,817.24,5.7683,3.5384,0.1337,0
I.Gleb,1400,439,256,0.5831,0.7,0.8331,1454.69,5.5491,4.7072,0.1086,0
I.Gleb,2200,515,144,0.2796,0.35,0.7989,2228.47,4.9767,3.101,0.0736,0
I.Gleb,2400,491,107,0.2179,0.28,0.7783,2437.38,4.6821,2.487,0.0677,0
I.Gleb,2000,673,245,0.364,0.42,0.8668,2054.69,5.5053,4.118,0.056,0
I.Gleb,1800,544,273,0.5018,0.5,1.0037,1855.68,5.6131,5.2272,0.0,0
I.Gleb,3000,7,2,0.2857,0.11,2.0,3100.0,1.0986,0.9731,0.0,0
I.Gleb,3200,7,5,0.7143,0.07,2.0,3300.0,1.7918,4.2234,0.0,0
I_am_Domik,2800,12,0,0.0,0.16,0.0,2800.0,0.0,0.0,0.4104,0
I_am_Domik,1000,505,266,0.5267,0.85,0.6197,1062.78,5.5872,3.1278,0.3056,1
I_am_Domik,1200,641,310,0.4836,0.78,0.62,1246.45,5.7398,3.46,0.2843,1
I_am_Domik,2600,76,4,0.0526,0.22,0.2392,2600.0,1.6094,0.2202,0.2786,1
I_am_Domik,2000,661,134,0.2027,0.42,0.4827,2036.57,4.9053,2.0252,0.239,1
I_am_Domik,1400,562,260,0.4626,0.7,0.6609,1446.92,5.5645,3.7249,0.229,1
I_am_Domik,1800,839,253,0.3015,0.5,0.6031,1851.78,5.5373,3.0921,0.2044,1
I_am_Domik,2400,248,30,0.121,0.28,0.432,2476.67,3.434,1.0288,0.1979,1
I_am_Domik,800,804,553,0.6878,0.9,0.7642,814.83,6.3172,3.5404,0.194,0
I_am_Domik,1600,642,261,0.4065,0.6,0.6776,1655.56,5.5683,3.7478,0.1904,1
I_am_Domik,2200,345,82,0.2377,0.35,0.6791,2245.12,4.4188,2.358,0.1212,1
I_am_the_Lord_Voldemort,2200,276,40,0.1449,0.35,0.4141,2290.0,3.7136,1.2325,0.2447,1
I_am_the_Lord_Voldemort,1000,50,34,0.68,0.85,0.8,1073.53,3.5553,2.5954,0.1467,0
I_am_the_Lord_Voldemort,2000,121,34,0.281,0.42,0.669,2035.29,3.5553,2.0333,0.1466,1
I_am_the_Lord_Voldemort,1200,72,50,0.6944,0.78,0.8903,1258.0,3.9318,3.4349,0.0744,0
I_am_the_Lord_Voldemort,1600,85,49,0.5765,0.6,0.9608,1673.47,3.912,3.774,0.0213,0
I_am_the_Lord_Voldemort,800,59,56,0.9492,0.9,1.0546,812.5,4.0431,3.1179,0.0,0
I_am_the_Lord_Voldemort,1400,73,58,0.7945,0.7,1.135,1448.28,4.0775,4.692,0.0,0
I_am_the_Lord_Voldemort,1800,74,52,0.7027,0.5,1.4054,1846.15,3.9703,5.1506,0.0,0
I_am_the_Lord_Voldemort,2400,47,19,0.4043,0.28,1.4438,2426.32,2.9957,2.9384,0.0,0
I_am_the_Lord_Voldemort,2600,24,9,0.375,0.22,1.7045,2600.0,2.3026,2.245,0.0,0
Ice_man2.0,800,249,146,0.5863,0.9,0.6515,819.18,4.9904,2.397,0.2891,1
Ice_man2.0,2000,329,56,0.1702,0.42,0.4053,2023.21,4.0431,1.3923,0.2872,1
Ice_man2.0,1600,185,62,0.3351,0.6,0.5586,1669.35,4.1431,2.3179,0.2691,1
Ice_man2.0,1000,105,70,0.6667,0.85,0.7843,1055.71,4.2627,3.0001,0.1625,0
Ice_man2.0,1200,81,52,0.642,0.78,0.823,1250.0,3.9703,3.186,0.1224,0
Ice_man2.0,1800,212,82,0.3868,0.5,0.7736,1852.44,4.4188,3.1661,0.112,0
Ice_man2.0,2400,150,35,0.2333,0.28,0.8333,2448.57,3.5835,2.0474,0.0511,0
Ice_man2.0,3000,72,6,0.0833,0.11,0.7576,3000.0,1.9459,0.4865,0.0388,0
Ice_man2.0,2600,178,35,0.1966,0.22,0.8938,2648.57,3.5835,1.8662,0.0264,0
Ice_man2.0,1400,86,69,0.8023,0.7,1.1462,1456.52,4.2485,4.9648,0.0,0
Ice_man2.0,2200,87,44,0.5057,0.35,1.445,2238.64,3.8067,4.3098,0.0,0
Ice_man2.0,2800,2,2,1.0,0.16,2.0,2900.0,1.0986,3.186,0.0,0
Ignut,2800,11,0,0.0,0.16,0.0,2800.0,0.0,0.0,0.3976,0
Ignut,1200,556,254,0.4568,0.78,0.5857,1254.33,5.5413,3.1753,0.3124,1
Ignut,1800,1478,383,0.2591,0.5,0.5183,1858.75,5.9506,2.8662,0.2529,1
Ignut,2000,902,184,0.204,0.42,0.4857,2041.3,5.2204,2.1738,0.2363,1
Ignut,1000,337,201,0.5964,0.85,0.7017,1064.68,5.3083,3.3708,0.2341,1
Ignut,1400,404,203,0.5025,0.7,0.7178,1445.32,5.3181,3.8622,0.1877,1
Ignut,3200,13,0,0.0,0.07,0.0,3200.0,0.0,0.0,0.1847,0
Ignut,1600,780,329,0.4218,0.6,0.703,1658.66,5.7991,4.0571,0.1746,1
Ignut,800,608,432,0.7105,0.9,0.7895,817.59,6.0707,3.5266,0.1718,0
Ignut,2200,548,120,0.219,0.35,0.6257,2248.33,4.7958,2.3611,0.1426,1
Ignut,3400,20,0,0.0,0.04,0.0,3400.0,0.0,0.0,0.1218,1
Ignut,2600,313,40,0.1278,0.22,0.5809,2615.0,3.7136,1.241,0.1125,1
Ignut,2400,311,62,0.1994,0.28,0.712,2443.55,4.1431,2.0183,0.09,1
Include_Z_F_R_,1200,264,122,0.4621,0.78,0.5925,1242.62,4.8122,2.7634,0.3052,1
Include_Z_F_R_,1800,419,111,0.2649,0.5,0.5298,1867.57,4.7185,2.3345,0.2483,1
Include_Z_F_R_,1400,265,126,0.4755,0.7,0.6792,1444.44,4.8442,3.327,0.2145,1
Include_Z_F_R_,800,298,203,0.6812,0.9,0.7569,817.73,5.3181,2.9624,0.1974,0
Include_Z_F_R_,1000,171,110,0.6433,0.85,0.7568,1051.82,4.7095,3.1865,0.1864,0
Include_Z_F_R_,2000,408,117,0.2868,0.42,0.6828,2036.75,4.7707,2.7864,0.1388,1
Include_Z_F_R_,1600,242,125,0.5165,0.6,0.8609,1649.6,4.8363,4.1208,0.0786,0
Include_Z_F_R_,2400,363,95,0.2617,0.28,0.9347,2448.42,4.5643,2.9247,0.0194,0
Include_Z_F_R_,2200,225,89,0.3956,0.35,1.1302,2250.56,4.4998,4.0058,0.0,0
Include_Z_F_R_,2600,186,70,0.3763,0.22,1.7107,2654.29,4.2627,4.2581,0.0,0
Include_Z_F_R_,2800,305,99,0.3246,0.16,2.0,2830.3,4.6052,4.2307,0.0,0
Include_Z_F_R_,3000,271,81,0.2989,0.11,2.0,3034.57,4.4067,3.9969,0.0,0
Include_Z_F_R_,3200,388,84,0.2165,0.07,2.0,3252.38,4.4427,3.1282,0.0,0
Include_Z_F_R_,3400,169,38,0.2249,0.04,2.0,3478.95,3.6636,2.8658,0.0,0
Intellegent,1400,866,362,0.418,0.7,0.5972,1436.74,5.8944,3.54,0.2767,1
Intellegent,1000,489,297,0.6074,0.85,0.7145,1058.25,5.6971,3.6618,0.2244,1
Intellegent,1200,686,383,0.5583,0.78,0.7158,1249.87,5.9506,4.1524,0.2083,1
Intellegent,800,855,595,0.6959,0.9,0.7732,819.16,6.3902,3.6428,0.1865,0
Intellegent,1600,1049,455,0.4337,0.6,0.7229,1667.25,6.1225,4.4276,0.1624,1
Intellegent,1800,1572,541,0.3441,0.5,0.6883,1854.53,6.2953,4.0178,0.1573,1
Intellegent,2000,1513,491,0.3245,0.42,0.7727,2046.44,6.1985,4.1165,0.0971,0
Intellegent,2600,1275,195,0.1529,0.22,0.6952,2636.92,5.2781,2.1286,0.0764,1
Intellegent,2200,1421,405,0.285,0.35,0.8143,2252.59,6.0064,3.8562,0.0673,0
Intellegent,2400,2152,469,0.2179,0.28,0.7783,2449.04,6.1527,3.2839,0.0666,0
Intellegent,2800,457,88,0.1926,0.16,1.2035,2827.27,4.4886,2.4437,0.0,0
Intellegent,3000,206,32,0.1553,0.11,1.4122,3031.25,3.4965,1.6464,0.0,0
Intellegent,3200,128,23,0.1797,0.07,2.0,3252.17,3.1781,1.8572,0.0,0
Intellegent,3400,40,11,0.275,0.04,2.0,3500.0,2.4849,2.3917,0.0,0
InternetPerson10,3200,67,0,0.0,0.07,0.0,3200.0,0.0,0.0,0.2954,1
InternetPerson10,1000,361,211,0.5845,0.85,0.6876,1062.09,5.3566,3.3252,0.2461,1
InternetPerson10,800,693,465,0.671,0.9,0.7456,818.28,6.1442,3.3735,0.2097,1
InternetPerson10,1400,523,255,0.4876,0.7,0.6965,1443.92,5.5452,3.9039,0.2032,1
InternetPerson10,1200,443,256,0.5779,0.78,0.7409,1255.47,5.5491,4.0259,0.1881,1
InternetPerson10,2400,1326,254,0.1916,0.28,0.6841,2437.01,5.5413,2.5868,0.0972,1
InternetPerson10,1600,682,350,0.5132,0.6,0.8553,1654.29,5.8608,4.9757,0.0826,0
InternetPerson10,2200,999,272,0.2723,0.35,0.7779,2246.69,5.6095,3.4314,0.0812,0
InternetPerson10,1800,845,356,0.4213,0.5,0.8426,1855.9,5.8777,4.5958,0.0771,0
InternetPerson10,2000,547,271,0.4954,0.42,1.1796,2036.9,5.6058,5.657,0.0,0
InternetPerson10,2600,308,76,0.2468,0.22,1.1216,2646.05,4.3438,2.8362,0.0,0
InternetPerson10,2800,123,32,0.2602,0.16,1.626,2825.0,3.4965,2.5698,0.0,0
InternetPerson10,3000,40,5,0.125,0.11,1.1364,3100.0,1.7918,0.6943,0.0,0
Irisqwq,1400,26,10,0.3846,0.7,0.5495,1440.0,2.3979,1.3281,0.3059,1
Irisqwq,1600,18,6,0.3333,0.6,0.5556,1700.0,1.9459,1.1027,0.2665,0
Irisqwq,800,32,21,0.6562,0.9,0.7292,819.05,3.091,1.6614,0.2083,1
Irisqwq,2600,28,3,0.1071,0.22,0.487,2700.0,1.3863,0.401,0.1593,1
Irisqwq,2200,100,23,0.23,0.35,0.6571,2200.0,3.1781,1.6081,0.1326,1
Irisqwq,1800,50,23,0.46,0.5,0.92,1834.78,3.1781,2.6823,0.0376,0
Irisqwq,1000,12,12,1.0,0.85,1.1765,1083.33,2.5649,2.7787,0.0,0
Irisqwq,1200,11,9,0.8182,0.78,1.049,1300.0,2.3026,2.4491,0.0,0
Irisqwq,2400,25,11,0.44,0.28,1.5714,2463.64,2.4849,2.6936,0.0,0
Irisqwq,2800,3,3,1.0,0.16,2.0,2900.0,1.3863,4.0203,0.0,0
Irisqwq,3200,3,3,1.0,0.07,2.0,3300.0,1.3863,4.5748,0.0,0
Iroha_3856,2200,160,34,0.2125,0.35,0.6071,2247.06,3.5553,1.6977,0.1534,1
Iroha_3856,1000,158,110,0.6962,0.85,0.8191,1058.18,4.7095,3.4696,0.1365,0
Iroha_3856,1400,189,110,0.582,0.7,0.8314,1463.64,4.7095,4.0118,0.1084,0
Iroha_3856,1800,196,85,0.4337,0.5,0.8673,1860.0,4.4543,3.593,0.0642,0
Iroha_3856,800,244,210,0.8607,0.9,0.9563,819.05,5.3519,3.7726,0.0341,0
Iroha_3856,1200,141,106,0.7518,0.78,0.9638,1241.51,4.6728,4.3613,0.0247,0
Iroha_3856,1600,162,115,0.7099,0.6,1.1831,1644.35,4.7536,5.5488,0.0,0
Iroha_3856,2000,186,86,0.4624,0.42,1.1009,2032.56,4.4659,4.197,0.0,0
Iroha_3856,2400,61,38,0.623,0.28,2.0,2407.89,3.6636,5.4953,0.0,0
Iroha_3856,2600,12,4,0.3333,0.22,1.5152,2700.0,1.6094,1.4485,0.0,0
Is-this-FWHT,2400,55,0,0.0,0.28,0.0,2400.0,0.0,0.0,1.1271,1
Is-this-FWHT,1200,126,30,0.2381,0.78,0.3053,1266.67,3.434,1.0356,0.592,1
Is-this-FWHT,800,93,54,0.5806,0.9,0.6452,812.96,4.0073,1.8916,0.2898,1
Is-this-FWHT,1400,86,35,0.407,0.7,0.5814,1457.14,3.5835,2.1251,0.2855,1
Is-this-FWHT,1000,48,28,0.5833,0.85,0.6863,1046.43,3.3673,2.0555,0.2376,1
Is-this-FWHT,1800,120,37,0.3083,0.5,0.6167,1843.24,3.6376,2.0674,0.1982,1
Is-this-FWHT,1600,72,30,0.4167,0.6,0.6944,1660.0,3.434,2.3752,0.1774,1
Is-this-FWHT,2000,134,46,0.3433,0.42,0.8173,2047.83,3.8501,2.7066,0.0776,0
Is-this-FWHT,2200,92,37,0.4022,0.35,1.1491,2240.54,3.6376,3.2778,0.0,0
Is-this-FWHT,2600,26,12,0.4615,0.22,2.0,2600.0,2.5649,3.0779,0.0,0
ItsJerr,2800,9,0,0.0,0.16,0.0,2800.0,0.0,0.0,0.3684,0
ItsJerr,2200,150,41,0.2733,0.35,0.781,2263.41,3.7377,2.3124,0.0812,0
ItsJerr,1400,148,92,0.6216,0.7,0.888,1450.0,4.5326,4.0855,0.0709,0
ItsJerr,800,161,135,0.8385,0.9,0.9317,807.41,4.9127,3.326,0.0529,0
ItsJerr,2000,245,92,0.3755,0.42,0.8941,2047.83,4.5326,3.4855,0.0443,0
ItsJerr,2400,137,36,0.2628,0.28,0.9385,2427.78,3.6109,2.3036,0.0184,0
ItsJerr,1600,200,119,0.595,0.6,0.9917,1631.93,4.7875,4.6487,0.0046,0
ItsJerr,1000,102,87,0.8529,0.85,1.0035,1059.77,4.4773,4.0472,0.0,0
ItsJerr,1200,83,66,0.7952,0.78,1.0195,1239.39,4.2047,4.1439,0.0,0
ItsJerr,1800,161,109,0.677,0.5,1.354,1857.8,4.7005,5.9121,0.0,0
ItsJerr,2600,29,18,0.6207,0.22,2.0,2605.56,2.9444,4.7619,0.0,0
ItsJerr,3000,27,3,0.1111,0.11,1.0101,3000.0,1.3863,0.4621,0.0,0
ItsMyGo,1000,98,61,0.6224,0.85,0.7323,1067.21,4.1271,2.7416,0.2039,1
ItsMyGo,800,82,69,0.8415,0.9,0.935,817.39,4.2485,2.9221,0.0493,0
ItsMyGo,1200,80,61,0.7625,0.78,0.9776,1242.62,4.1271,3.9105,0.015,0
ItsMyGo,1400,99,69,0.697,0.7,0.9957,1417.39,4.2485,4.197,0.0027,0
ItsMyGo,1600,103,76,0.7379,0.6,1.2298,1673.68,4.3438,5.3644,0.0,0
ItsMyGo,1800,157,95,0.6051,0.5,1.2102,1844.21,4.5643,5.0935,0.0,0
ItsMyGo,2000,275,122,0.4436,0.42,1.0563,2059.02,4.8122,4.3957,0.0,0
ItsMyGo,2200,106,73,0.6887,0.35,1.9677,2275.34,4.3041,6.7444,0.0,0
ItsMyGo,2400,209,103,0.4928,0.28,1.7601,2445.63,4.6444,5.5977,0.0,0
ItsMyGo,2600,347,80,0.2305,0.22,1.0479,2631.25,4.3944,2.6658,0.0,0
ItsMyGo,2800,172,44,0.2558,0.16,1.5988,2852.27,3.8067,2.7775,0.0,0
ItsMyGo,3000,311,59,0.1897,0.11,1.7246,3023.73,4.0943,2.3487,0.0,0
ItsMyGo,3200,321,60,0.1869,0.07,2.0,3226.67,4.1109,2.4793,0.0,0
ItsMyGo,3400,651,107,0.1644,0.04,2.0,3490.65,4.6821,2.6863,0.0,0
ItsNotMeItsYou,1200,1168,615,0.5265,0.78,0.6751,1253.98,6.4232,4.2411,0.2412,1
ItsNotMeItsYou,1000,907,538,0.5932,0.85,0.6978,1060.97,6.2897,3.9583,0.24,1
ItsNotMeItsYou,1400,1615,748,0.4632,0.7,0.6617,1452.01,6.6187,4.4512,0.2297,1
ItsNotMeItsYou,1600,2366,917,0.3876,0.6,0.646,1650.82,6.8222,4.3649,0.211,1
ItsNotMeItsYou,1800,3586,1080,0.3012,0.5,0.6023,1855.28,6.9856,3.9033,0.2038,1
ItsNotMeItsYou,800,1348,962,0.7136,0.9,0.7929,816.74,6.8701,4.0043,0.1707,0
ItsNotMeItsYou,2000,2394,795,0.3321,0.42,0.7907,2050.57,6.6796,4.5485,0.0891,0
ItsNotMeItsYou,2200,3044,946,0.3108,0.35,0.8879,2249.89,6.8533,4.7919,0.0401,0
ItsNotMeItsYou,2400,2193,664,0.3028,0.28,1.0814,2448.34,6.4998,4.8184,0.0,0
ItsNotMeItsYou,2600,1384,411,0.297,0.22,1.3498,2646.47,6.021,4.732,0.0,0
ItsNotMeItsYou,2800,578,219,0.3789,0.16,2.0,2845.66,5.3936,5.8154,0.0,0
ItsNotMeItsYou,3000,354,88,0.2486,0.11,2.0,3019.32,4.4886,3.369,0.0,0
ItsNotMeItsYou,3200,45,24,0.5333,0.07,2.0,3225.0,3.2189,5.5365,0.0,0
Ivan_len,1400,742,329,0.4434,0.7,0.6334,1436.47,5.7991,3.6936,0.2495,1
Ivan_len,1200,568,315,0.5546,0.78,0.711,1246.35,5.7557,3.9784,0.2117,1
Ivan_len,3200,14,0,0.0,0.07,0.0,3200.0,0.0,0.0,0.1896,0
Ivan_len,1600,1048,432,0.4122,0.6,0.687,1658.1,6.0707,4.1493,0.1847,1
Ivan_len,1000,500,346,0.692,0.85,0.8141,1061.85,5.8493,4.2981,0.1434,0
Ivan_len,800,910,701,0.7703,0.9,0.8559,816.26,6.5539,4.1211,0.117,0
Ivan_len,1800,942,384,0.4076,0.5,0.8153,1859.11,5.9532,4.5117,0.091,0
Ivan_len,2400,1317,279,0.2118,0.28,0.7566,2450.54,5.6348,2.9252,0.0738,0
Ivan_len,2000,1204,424,0.3522,0.42,0.8385,2052.12,6.0521,4.3737,0.0682,0
Ivan_len,2200,1078,334,0.3098,0.35,0.8852,2244.01,5.8141,4.0424,0.0412,0
Ivan_len,2600,270,96,0.3556,0.22,1.6162,2633.33,4.5747,4.2833,0.0,0
Ivan_len,2800,162,57,0.3519,0.16,2.0,2824.56,4.0604,4.0354,0.0,0
Ivan_len,3000,90,19,0.2111,0.11,1.9192,3000.0,2.9957,1.8973,0.0,0
JDScript0117,1000,82,60,0.7317,0.85,0.8608,1068.33,4.1109,3.2135,0.1023,0
JDScript0117,1200,144,98,0.6806,0.78,0.8725,1259.18,4.5951,3.9378,0.0885,0
JDScript0117,800,176,142,0.8068,0.9,0.8965,812.68,4.9628,3.254,0.0809,0
JDScript0117,2400,650,146,0.2246,0.28,0.8022,2458.9,4.9904,2.7563,0.0599,0
JDScript0117,1600,235,129,0.5489,0.6,0.9149,1654.26,4.8675,4.4201,0.0476,0
JDScript0117,2000,342,131,0.383,0.42,0.912,2054.2,4.8828,3.842,0.0367,0
JDScript0117,1400,176,129,0.733,0.7,1.0471,1447.29,4.8675,5.1635,0.0,0
JDScript0117,1800,239,139,0.5816,0.5,1.1632,1863.31,4.9416,5.3552,0.0,0
JDScript0117,2200,450,169,0.3756,0.35,1.073,2269.82,5.1358,4.378,0.0,0
JDScript0117,2600,424,113,0.2665,0.22,1.2114,2635.4,4.7362,3.3265,0.0,0
JDScript0117,2800,380,117,0.3079,0.16,1.9243,2848.72,4.7707,4.1844,0.0,0
JDScript0117,3000,237,64,0.27,0.11,2.0,3050.0,4.1744,3.4381,0.0,0
JDScript0117,3200,162,44,0.2716,0.07,2.0,3252.27,3.8067,3.3626,0.0,0
JDScript0117,3400,260,26,0.1,0.04,2.0,3473.08,3.2958,1.1447,0.0,0
JaeminPark,1800,267,106,0.397,0.5,0.794,1866.98,4.6728,3.4635,0.1015,0
JaeminPark,1200,97,65,0.6701,0.78,0.8591,1260.0,4.1897,3.5375,0.0971,0
JaeminPark,2000,267,87,0.3258,0.42,0.7758,2062.07,4.4773,3.0084,0.0961,0
JaeminPark,1600,144,77,0.5347,0.6,0.8912,1672.73,4.3567,3.8968,0.0606,0
JaeminPark,1000,41,32,0.7805,0.85,0.9182,1037.5,3.4965,2.8313,0.0578,0
JaeminPark,2400,267,64,0.2397,0.28,0.8561,2446.88,4.1744,2.4483,0.0435,0
JaeminPark,800,98,87,0.8878,0.9,0.9864,824.14,4.4773,3.2758,0.0103,0
JaeminPark,1400,128,99,0.7734,0.7,1.1049,1454.55,4.6052,5.1808,0.0,0
JaeminPark,2200,122,67,0.5492,0.35,1.5691,2258.21,4.2195,5.2329,0.0,0
JaeminPark,2600,76,28,0.3684,0.22,1.6746,2639.29,3.3673,3.2743,0.0,0
JaeminPark,2800,10,5,0.5,0.16,2.0,2800.0,1.7918,2.5085,0.0,0
JaeminPark,3200,4,4,1.0,0.07,2.0,3300.0,1.6094,5.3111,0.0,0
JagguBandar,1200,878,455,0.5182,0.78,0.6644,1251.65,6.1225,3.9713,0.2491,1
JagguBandar,1600,1661,586,0.3528,0.6,0.588,1658.7,6.375,3.7306,0.2486,1
JagguBandar,800,1281,842,0.6573,0.9,0.7303,816.51,6.737,3.6157,0.2245,1
JagguBandar,2000,1597,361,0.226,0.42,0.5382,2044.04,5.8916,2.7223,0.2076,1
JagguBandar,1400,1000,501,0.501,0.7,0.7157,1450.5,6.2186,4.5191,0.1905,1
JagguBandar,2800,104,5,0.0481,0.16,0.3005,2840.0,1.7918,0.2446,0.1866,1
JagguBandar,1000,621,405,0.6522,0.85,0.7673,1060.74,6.0064,4.1551,0.1816,0
JagguBandar,1800,1587,550,0.3466,0.5,0.6931,1854.91,6.3117,4.0575,0.1547,1
JagguBandar,2400,717,148,0.2064,0.28,0.7372,2425.0,5.0039,2.5048,0.0806,1
JagguBandar,2600,234,36,0.1538,0.22,0.6993,2619.44,3.6109,1.4552,0.0783,1
JagguBandar,2200,1174,328,0.2794,0.35,0.7982,2232.62,5.7961,3.6154,0.0734,0
JagguBandar,3000,26,3,0.1154,0.11,1.049,3100.0,1.3863,0.4959,0.0,0
JahonaliX,1000,2254,940,0.417,0.85,0.4906,1055.53,6.8469,3.014,0.426,1
JahonaliX,1200,2494,1014,0.4066,0.78,0.5213,1249.41,6.9226,3.5166,0.3687,1
JahonaliX,1400,2954,1090,0.369,0.7,0.5271,1449.45,6.9948,3.7411,0.3309,1
JahonaliX,1600,3466,1076,0.3104,0.6,0.5174,1650.09,6.9819,3.5766,0.2957,1
JahonaliX,800,3542,2146,0.6059,0.9,0.6732,817.05,7.6718,3.7978,0.2772,1
JahonaliX,1800,3181,965,0.3034,0.5,0.6067,1851.92,6.8732,3.8614,0.2014,1
JahonaliX,2200,4591,779,0.1697,0.35,0.4848,2243.26,6.6593,2.5348,0.1985,1
JahonaliX,2000,4166,1019,0.2446,0.42,0.5824,2045.24,6.9276,3.4656,0.1844,1
JahonaliX,2400,1270,166,0.1307,0.28,0.4668,2422.89,5.118,1.6208,0.1744,1
JahonaliX,3200,5,0,0.0,0.07,0.0,3200.0,0.0,0.0,0.1254,0
JahonaliX,2800,128,11,0.0859,0.16,0.5371,2800.0,2.4849,0.5979,0.1033,1
JahonaliX,3400,3,0,0.0,0.04,0.0,3400.0,0.0,0.0,0.0555,0
JahonaliX,2600,167,29,0.1737,0.22,0.7893,2631.03,3.4012,1.554,0.054,0
JahonaliX,3000,124,10,0.0806,0.11,0.7331,3080.0,2.3979,0.5956,0.0417,1
JakobZ,1400,685,352,0.5139,0.7,0.7341,1444.03,5.8665,4.3532,0.177,1
JakobZ,3200,10,0,0.0,0.07,0.0,3200.0,0.0,0.0,0.1679,0
JakobZ,1000,391,281,0.7187,0.85,0.8455,1062.28,5.6419,4.3072,0.1181,0
JakobZ,2600,1109,135,0.1217,0.22,0.5533,2640.0,4.9127,1.5788,0.1165,1
JakobZ,1800,1228,479,0.3901,0.5,0.7801,1856.37,6.1738,4.4705,0.109,0
JakobZ,2000,1463,466,0.3185,0.42,0.7584,2053.22,6.1463,4.0197,0.1035,0
JakobZ,2200,1726,454,0.263,0.35,0.7515,2248.02,6.1203,3.619,0.091,0
JakobZ,800,609,489,0.803,0.9,0.8922,816.16,6.1944,4.0594,0.0865,0
JakobZ,2400,1256,270,0.215,0.28,0.7677,2459.26,5.6021,2.9616,0.0703,0
JakobZ,2800,363,40,0.1102,0.16,0.6887,2842.5,3.7136,1.1632,0.0623,1
JakobZ,1200,420,306,0.7286,0.78,0.9341,1252.94,5.7268,5.2278,0.0462,0
JakobZ,1600,724,422,0.5829,0.6,0.9715,1656.16,6.0474,5.8377,0.016,0
JakobZ,3000,100,13,0.13,0.11,1.1818,3030.77,2.6391,1.0398,0.0,0
Jensen123,2800,18,0,0.0,0.16,0.0,2800.0,0.0,0.0,0.4711,0
Jensen123,3000,18,0,0.0,0.11,0.0,3000.0,0.0,0.0,0.3239,0
Jensen123,1200,794,424,0.534,0.78,0.6846,1253.77,6.0521,4.052,0.233,1
Jensen123,1600,2001,768,0.3838,0.6,0.6397,1651.95,6.6451,4.2132,0.215,1
Jensen123,2600,290,24,0.0828,0.22,0.3762,2654.17,3.2189,0.707,0.1846,1
Jensen123,1400,1016,540,0.5315,0.7,0.7593,1452.59,6.2934,4.8588,0.16,0
Jensen123,1000,633,441,0.6967,0.85,0.8196,1061.0,6.0913,4.5026,0.1395,0
Jensen123,1800,2600,960,0.3692,0.5,0.7385,1850.62,6.868,4.6929,0.1307,1
Jensen123,800,973,776,0.7975,0.9,0.8861,817.78,6.6554,4.3407,0.0921,0
Jensen123,2000,2448,871,0.3558,0.42,0.8471,2052.12,6.7708,4.9437,0.0645,0
Jensen123,2200,1462,515,0.3523,0.35,1.0064,2236.7,6.2461,4.9213,0.0,0
Jensen123,2400,427,135,0.3162,0.28,1.1291,2428.15,4.9127,3.7714,0.0,0
JerrySyr,1400,185,108,0.5838,0.7,0.834,1454.63,4.6913,3.9838,0.1067,0
JerrySyr,1200,204,139,0.6814,0.78,0.8736,1266.91,4.9416,4.2658,0.0884,0
JerrySyr,1000,141,106,0.7518,0.85,0.8844,1069.81,4.6728,3.7581,0.0858,0
JerrySyr,1800,396,174,0.4394,0.5,0.8788,1857.47,5.1648,4.2153,0.0588,0
JerrySyr,800,209,175,0.8373,0.9,0.9304,812.0,5.1705,3.5154,0.0543,0
JerrySyr,2000,509,207,0.4067,0.42,0.9683,2063.29,5.3375,4.4787,0.0131,0
JerrySyr,1600,255,162,0.6353,0.6,1.0588,1659.88,5.0938,5.3714,0.0,0
JerrySyr,2200,464,199,0.4289,0.35,1.2254,2242.71,5.2983,5.0962,0.0,0
JerrySyr,2400,436,160,0.367,0.28,1.3106,2450.62,5.0814,4.5698,0.0,0
JerrySyr,2600,58,22,0.3793,0.22,1.7241,2622.73,3.1355,3.1193,0.0,0
JerrySyr,2800,4,4,1.0,0.16,2.0,2900.0,1.6094,4.6674,0.0,0
Joacoini,1000,160,99,0.6188,0.85,0.7279,1061.62,4.6052,3.025,0.2096,1
Joacoini,1400,270,136,0.5037,0.7,0.7196,1450.74,4.92,3.5952,0.1858,1
Joacoini,1200,193,121,0.6269,0.78,0.8038,1254.55,4.804,3.7785,0.1389,0
Joacoini,1600,172,85,0.4942,0.6,0.8236,1647.06,4.4543,3.6256,0.1,0
Joacoini,1800,332,136,0.4096,0.5,0.8193,1847.79,4.92,3.7241,0.0887,0
Joacoini,800,281,237,0.8434,0.9,0.9371,820.68,5.4723,3.7877,0.0493,0
Joacoini,2000,250,95,0.38,0.42,0.9048,2049.47,4.5643,3.5547,0.0397,0
Joacoini,2200,215,67,0.3116,0.35,0.8904,2231.34,4.2195,2.934,0.0395,0
Joacoini,2800,266,38,0.1429,0.16,0.8929,2836.84,3.6636,1.4847,0.0205,0
Joacoini,2400,1348,403,0.299,0.28,1.0677,2495.04,6.0014,4.4766,0.0,0
Joacoini,2600,212,65,0.3066,0.22,1.3937,2656.92,4.1897,3.413,0.0,0
Joacoini,3000,25,7,0.28,0.11,2.0,3100.0,2.0794,1.805,0.0,0
Joacoini,3200,12,2,0.1667,0.07,2.0,3200.0,1.0986,0.5859,0.0,0
JohnNash01,2600,31,0,0.0,0.22,0.0,2600.0,0.0,0.0,0.7625,1
JohnNash01,1400,97,21,0.2165,0.7,0.3093,1490.48,3.091,0.9974,0.5419,1
JohnNash01,1000,70,23,0.3286,0.85,0.3866,1056.52,3.1781,1.1032,0.532,1
JohnNash01,1600,124,25,0.2016,0.6,0.336,1648.0,3.2581,1.0825,0.4517,1
JohnNash01,1800,138,25,0.1812,0.5,0.3623,1884.0,3.2581,1.112,0.3695,1
JohnNash01,2400,69,7,0.1014,0.28,0.3623,2500.0,2.0794,0.5274,0.2463,1
JohnNash01,800,89,68,0.764,0.9,0.8489,823.53,4.2341,2.6642,0.1169,0
JohnNash01,1200,64,46,0.7188,0.78,0.9215,1263.04,3.8501,3.4952,0.0527,0
JohnNash01,2200,43,14,0.3256,0.35,0.9302,2271.43,2.7081,2.0027,0.0249,0
JohnNash01,3000,60,6,0.1,0.11,0.9091,3000.0,1.9459,0.5838,0.014,0
JohnNash01,2000,44,18,0.4091,0.42,0.974,2027.78,2.9444,2.4425,0.0105,0
JohnNash01,2800,6,3,0.5,0.16,2.0,2900.0,1.3863,2.0101,0.0,0
JohnNash01,3400,12,1,0.0833,0.04,2.0,3500.0,0.6931,0.2022,0.0,0
Joler_,1000,981,576,0.5872,0.85,0.6908,1059.38,6.3578,3.9547,0.2461,1
Joler_,1400,1284,576,0.4486,0.7,0.6409,1449.13,6.3578,4.1331,0.2446,1
Joler_,1600,1756,677,0.3855,0.6,0.6426,1655.24,6.5191,4.1602,0.2131,1
Joler_,1200,946,540,0.5708,0.78,0.7318,1255.19,6.2934,4.5092,0.1966,1
Joler_,800,1542,1075,0.6971,0.9,0.7746,818.79,6.981,3.9849,0.1866,0
Joler_,1800,2132,709,0.3326,0.5,0.6651,1857.69,6.5653,4.0559,0.1697,1
Joler_,3200,9,0,0.0,0.07,0.0,3200.0,0.0,0.0,0.1612,0
Joler_,2000,1509,439,0.2909,0.42,0.6927,2043.96,6.0868,3.6194,0.1333,1
Joler_,2200,1561,393,0.2518,0.35,0.7193,2240.97,5.9764,3.3718,0.1036,1
Joler_,3400,3,0,0.0,0.04,0.0,3400.0,0.0,0.0,0.0555,0
Joler_,2800,183,25,0.1366,0.16,0.8538,2836.0,3.2581,1.2623,0.0286,0
Joler_,2400,949,243,0.2561,0.28,0.9145,2446.5,5.4972,3.4437,0.0253,0
Joler_,3000,40,4,0.1,0.11,0.9091,3100.0,1.6094,0.4989,0.0142,0
Joler_,2600,197,48,0.2437,0.22,1.1075,2633.33,3.8918,2.4971,0.0,0
Jrke,1000,547,248,0.4534,0.85,0.5334,1059.68,5.5175,2.6508,0.3838,1
Jrke,1200,644,268,0.4161,0.78,0.5335,1254.48,5.5947,2.9207,0.3569,1
Jrke,1600,1186,375,0.3162,0.6,0.527,1660.0,5.9296,3.1123,0.2899,1
Jrke,1400,752,309,0.4109,0.7,0.587,1439.48,5.7366,3.3931,0.2843,1
Jrke,2800,387,7,0.0181,0.16,0.113,2842.86,2.0794,0.1069,0.2747,1
Jrke,800,636,405,0.6368,0.9,0.7075,818.52,6.0064,3.1307,0.2426,1
Jrke,2000,2602,525,0.2018,0.42,0.4804,2047.05,6.2653,2.5877,0.2362,1
Jrke,1800,1559,455,0.2919,0.5,0.5837,1854.73,6.1225,3.3142,0.2149,1
Jrke,2600,630,41,0.0651,0.22,0.2958,2629.27,3.7377,0.6396,0.2108,1
Jrke,2200,2227,364,0.1634,0.35,0.467,2237.64,5.8999,2.1578,0.2084,1
Jrke,2400,837,96,0.1147,0.28,0.4096,2435.42,4.5747,1.2779,0.1996,1
Jrke,3000,1,0,0.0,0.11,0.0,3000.0,0.0,0.0,0.0762,0
Jrke,3400,197,2,0.0102,0.04,0.2538,3500.0,1.0986,0.039,0.0752,1
JunkieDonkey,1400,1325,637,0.4808,0.7,0.6868,1453.85,6.4583,4.514,0.2114,1
JunkieDonkey,1200,1012,626,0.6186,0.78,0.793,1255.59,6.4409,5.0026,0.1501,0
JunkieDonkey,1000,708,486,0.6864,0.85,0.8076,1054.94,6.1883,4.4812,0.1494,0
JunkieDonkey,1600,1809,838,0.4632,0.6,0.7721,1659.07,6.7322,5.174,0.1327,0
JunkieDonkey,800,1194,936,0.7839,0.9,0.871,818.91,6.8427,4.3927,0.1049,0
JunkieDonkey,1800,2133,909,0.4262,0.5,0.8523,1851.16,6.8134,5.3751,0.0724,0
JunkieDonkey,2000,2359,853,0.3616,0.42,0.8609,2050.64,6.7499,5.0051,0.0585,0
JunkieDonkey,2200,2386,819,0.3433,0.35,0.9807,2246.64,6.7093,5.174,0.0068,0
JunkieDonkey,2400,2368,787,0.3323,0.28,1.187,2443.58,6.6695,5.4164,0.0,0
JunkieDonkey,2600,1319,329,0.2494,0.22,1.1338,2637.99,5.7991,3.8158,0.0,0
JunkieDonkey,2800,794,146,0.1839,0.16,1.1492,2828.08,4.9904,2.5952,0.0,0
JunkieDonkey,3000,73,25,0.3425,0.11,2.0,3032.0,3.2581,3.3831,0.0,0
JunkieDonkey,3200,117,10,0.0855,0.07,1.221,3200.0,2.3979,0.6558,0.0,0
JunkieDonkey,3400,43,7,0.1628,0.04,2.0,3400.0,2.0794,1.1509,0.0,0
K8He,1200,103,47,0.4563,0.78,0.585,1238.3,3.8712,2.1874,0.3086,1
K8He,1000,64,37,0.5781,0.85,0.6801,1051.35,3.6376,2.211,0.2447,1
K8He,800,149,98,0.6577,0.9,0.7308,820.41,4.5951,2.4795,0.217,1
K8He,1400,115,69,0.6,0.7,0.8571,1449.28,4.2485,3.6943,0.0906,0
K8He,2200,452,143,0.3164,0.35,0.9039,2253.85,4.9698,3.5437,0.0345,0
K8He,1800,185,90,0.4865,0.5,0.973,1854.44,4.5109,4.0695,0.0128,0
K8He,1600,103,61,0.5922,0.6,0.9871,1667.21,4.1271,4.075,0.007,0
K8He,2000,122,71,0.582,0.42,1.3856,2066.2,4.2767,5.1425,0.0,0
K8He,2400,620,206,0.3323,0.28,1.1866,2445.15,5.3327,4.3324,0.0,0
K8He,2600,452,126,0.2788,0.22,1.2671,2646.03,4.8442,3.5731,0.0,0
K8He,2800,462,142,0.3074,0.16,1.921,2826.76,4.9628,4.3119,0.0,0
K8He,3000,567,159,0.2804,0.11,2.0,3026.42,5.0752,4.3072,0.0,0
K8He,3200,137,44,0.3212,0.07,2.0,3245.45,3.8067,3.9678,0.0,0
K8He,3400,99,37,0.3737,0.04,2.0,3429.73,3.6376,4.6627,0.0,0
KALARRY,1800,783,185,0.2363,0.5,0.4725,1850.27,5.2257,2.2845,0.2823,1
KALARRY,1000,256,143,0.5586,0.85,0.6572,1062.94,4.9698,2.9508,0.2709,1
KALARRY,1200,448,239,0.5335,0.78,0.684,1250.21,5.4806,3.6554,0.2323,1
KALARRY,1400,319,166,0.5204,0.7,0.7434,1460.24,5.118,3.889,0.1694,1
KALARRY,800,406,293,0.7217,0.9,0.8019,818.09,5.6836,3.3556,0.1603,0
KALARRY,2800,232,13,0.056,0.16,0.3502,2800.0,2.6391,0.4141,0.1557,1
KALARRY,1600,398,178,0.4472,0.6,0.7454,1657.3,5.1874,3.8449,0.1479,1
KALARRY,2400,393,61,0.1552,0.28,0.5543,2449.18,4.1271,1.5689,0.1455,1
KALARRY,2600,357,41,0.1148,0.22,0.522,2663.41,3.7377,1.1433,0.1305,1
KALARRY,3400,10,0,0.0,0.04,0.0,3400.0,0.0,0.0,0.0959,0
KALARRY,2200,569,150,0.2636,0.35,0.7532,2238.67,5.0173,2.961,0.0911,0
KALARRY,2000,471,162,0.3439,0.42,0.8189,2066.05,5.0938,3.6197,0.0768,0
KALARRY,3000,12,3,0.25,0.11,2.0,3000.0,1.3863,1.0397,0.0,0
KIRIJIJI,2600,213,21,0.0986,0.22,0.4481,2623.81,3.091,0.7996,0.1592,1
KIRIJIJI,2400,587,130,0.2215,0.28,0.7909,2449.23,4.8752,2.6444,0.0635,0
KIRIJIJI,2200,1187,381,0.321,0.35,0.9171,2232.55,5.9454,4.2605,0.0296,0
KIRIJIJI,1800,1624,788,0.4852,0.5,0.9704,1859.39,6.6708,6.0185,0.0142,0
KIRIJIJI,2000,1383,575,0.4158,0.42,0.9899,2044.7,6.3561,5.4034,0.0042,0
KIRIJIJI,800,912,826,0.9057,0.9,1.0063,818.28,6.7178,4.9787,0.0,0
KIRIJIJI,1000,517,450,0.8704,0.85,1.024,1063.33,6.1115,5.6564,0.0,0
KIRIJIJI,1200,660,533,0.8076,0.78,1.0354,1252.35,6.2804,6.3518,0.0,0
KIRIJIJI,1400,760,569,0.7487,0.7,1.0695,1453.6,6.3456,6.9059,0.0,0
KIRIJIJI,1600,1010,714,0.7069,0.6,1.1782,1655.74,6.5723,7.6928,0.0,0
KIRIJIJI,2800,58,13,0.2241,0.16,1.4009,2823.08,2.6391,1.6699,0.0,0
KSCD,1200,388,195,0.5026,0.78,0.6443,1248.72,5.2781,3.3124,0.2635,1
KSCD,1400,466,205,0.4399,0.7,0.6284,1455.61,5.3279,3.4117,0.2526,1
KSCD,1600,642,261,0.4065,0.6,0.6776,1660.54,5.5683,3.7591,0.1904,1
KSCD,1000,210,145,0.6905,0.85,0.8123,1063.45,4.9836,3.6594,0.1427,0
KSCD,1800,724,278,0.384,0.5,0.768,1863.31,5.6312,4.029,0.1152,0
KSCD,2000,939,308,0.328,0.42,0.781,2037.66,5.7333,3.832,0.0935,0
KSCD,800,314,268,0.8535,0.9,0.9483,818.28,5.5947,3.9074,0.0406,0
KSCD,2200,808,283,0.3502,0.35,1.0007,2256.18,5.649,4.4639,0.0,0
KSCD,2400,912,309,0.3388,0.28,1.2101,2445.31,5.7366,4.7528,0.0,0
KSCD,2600,484,159,0.3285,0.22,1.4932,2635.85,5.0752,4.3946,0.0,0
KSCD,2800,176,57,0.3239,0.16,2.0,2833.33,4.0604,3.7259,0.0,0
KSCD,3000,175,59,0.3371,0.11,2.0,3033.9,4.0943,4.1879,0.0,0
KSCD,3200,110,32,0.2909,0.07,2.0,3231.25,3.4965,3.2867,0.0,0
KSCD,3400,27,9,0.3333,0.04,2.0,3400.0,2.3026,2.6096,0.0,0
Kaito_Kuroba,1200,22,12,0.5455,0.78,0.6993,1283.33,2.5649,1.7955,0.2063,1
Kaito_Kuroba,2400,22,3,0.1364,0.28,0.487,2400.0,1.3863,0.4537,0.1887,1
Kaito_Kuroba,1400,14,7,0.5,0.7,0.7143,1400.0,2.0794,1.4556,0.1759,0
Kaito_Kuroba,800,28,24,0.8571,0.9,0.9524,808.33,3.2189,2.2302,0.0342,0
Kaito_Kuroba,1000,9,9,1.0,0.85,1.1765,1066.67,2.3026,2.4561,0.0,0
Kaito_Kuroba,1600,10,10,1.0,0.6,1.6667,1630.0,2.3979,3.9086,0.0,0
Kaito_Kuroba,1800,28,22,0.7857,0.5,1.5714,1854.55,3.1355,4.5689,0.0,0
Kaito_Kuroba,2000,36,18,0.5,0.42,1.1905,2100.0,2.9444,3.0917,0.0,0
Kaito_Kuroba,2200,12,12,1.0,0.35,2.0,2258.33,2.5649,5.7925,0.0,0
Kako,1200,274,169,0.6168,0.78,0.7908,1246.15,5.1358,3.9474,0.1494,0
Kako,2400,373,64,0.1716,0.28,0.6128,2439.06,4.1744,1.747,0.1241,1
Kako,2000,463,146,0.3153,0.42,0.7508,2050.68,4.9904,3.2271,0.1073,0
Kako,3400,11,0,0.0,0.04,0.0,3400.0,0.0,0.0,0.0994,0
Kako,2600,70,10,0.1429,0.22,0.6494,2600.0,2.3979,0.8906,0.0968,1
Kako,2200,507,138,0.2722,0.35,0.7777,2252.9,4.9345,3.0259,0.0817,0
Kako,800,284,245,0.8627,0.9,0.9585,811.02,5.5053,3.8518,0.0324,0
Kako,3000,44,4,0.0909,0.11,0.8264,3050.0,1.6094,0.4463,0.0278,0
Kako,1000,171,149,0.8713,0.85,1.0251,1066.44,5.0106,4.6561,0.0,0
Kako,1400,291,205,0.7045,0.7,1.0064,1444.88,5.3279,5.4231,0.0,0
Kako,1600,303,188,0.6205,0.6,1.0341,1657.98,5.2417,5.3923,0.0,0
Kako,1800,400,214,0.535,0.5,1.07,1866.82,5.3706,5.3639,0.0,0
Kako,3200,7,2,0.2857,0.07,2.0,3200.0,1.0986,1.0044,0.0,0
Kevin114514,1200,519,297,0.5723,0.78,0.7337,1246.46,5.6971,4.0637,0.194,1
Kevin114514,1000,390,252,0.6462,0.85,0.7602,1047.22,5.5334,3.7443,0.1862,0
Kevin114514,800,741,569,0.7679,0.9,0.8532,817.57,6.3456,3.9838,0.1189,0
Kevin114514,1600,830,398,0.4795,0.6,0.7992,1660.05,5.989,4.7674,0.1159,0
Kevin114514,1400,664,396,0.5964,0.7,0.852,1447.47,5.9839,5.1657,0.0964,0
Kevin114514,1800,1006,412,0.4095,0.5,0.8191,1852.91,6.0234,4.5709,0.0891,0
Kevin114514,2000,1410,485,0.344,0.42,0.819,2046.39,6.1862,4.3545,0.0767,0
Kevin114514,2200,1409,442,0.3137,0.35,0.8963,2256.33,6.0936,4.3131,0.0371,0
Kevin114514,2400,1622,500,0.3083,0.28,1.1009,2439.8,6.2166,4.6755,0.0,0
Kevin114514,2600,1359,388,0.2855,0.22,1.2977,2639.69,5.9636,4.4944,0.0,0
Kevin114514,2800,2355,569,0.2416,0.16,1.5101,2830.05,6.3456,4.339,0.0,0
Kevin114514,3000,1168,328,0.2808,0.11,2.0,3036.28,5.7961,4.942,0.0,0
Kevin114514,3200,1674,329,0.1965,0.07,2.0,3274.47,5.7991,3.732,0.0,0
Kevin114514,3400,1966,350,0.178,0.04,2.0,3444.29,5.8608,3.5937,0.0,0
KevinWan,800,283,244,0.8622,0.9,0.958,819.67,5.5013,3.8878,0.0329,0
KevinWan,1800,1095,529,0.4831,0.5,0.9662,1860.11,6.2729,5.637,0.0163,0
KevinWan,1000,187,162,0.8663,0.85,1.0192,1051.23,5.0938,4.6389,0.0,0
KevinWan,1200,240,193,0.8042,0.78,1.031,1259.59,5.2679,5.3359,0.0,0
KevinWan,1400,378,282,0.746,0.7,1.0658,1459.22,5.6454,6.1458,0.0,0
KevinWan,1600,626,418,0.6677,0.6,1.1129,1654.78,6.0379,6.6716,0.0,0
KevinWan,2000,1880,818,0.4351,0.42,1.036,2054.16,6.7081,5.9955,0.0,0
KevinWan,2200,1642,772,0.4702,0.35,1.3433,2246.37,6.6503,7.0237,0.0,0
KevinWan,2400,2296,811,0.3532,0.28,1.2615,2441.8,6.6995,5.7783,0.0,0
KevinWan,2600,875,326,0.3726,0.22,1.6935,2638.34,5.79,5.6914,0.0,0
KevinWan,2800,493,164,0.3327,0.16,2.0,2839.63,5.1059,4.8232,0.0,0
KevinWan,3000,197,65,0.3299,0.11,2.0,3021.54,4.1897,4.1769,0.0,0
KevinWan,3200,244,32,0.1311,0.07,1.8735,3225.0,3.4965,1.4789,0.0,0
KevinWan,3400,94,19,0.2021,0.04,2.0,3478.95,2.9957,2.1066,0.0,0
Kherkani_36,3000,5,0,0.0,0.11,0.0,3000.0,0.0,0.0,0.1971,0
Kherkani_36,3200,8,0,0.0,0.07,0.0,3200.0,0.0,0.0,0.1538,0
Kherkani_36,800,49,40,0.8163,0.9,0.907,817.5,3.7136,2.4782,0.0694,0
Kherkani_36,3400,4,0,0.0,0.04,0.0,3400.0,0.0,0.0,0.0644,0
Kherkani_36,1800,65,29,0.4462,0.5,0.8923,1844.83,3.4012,2.7994,0.0513,0
Kherkani_36,1000,18,18,1.0,0.85,1.1765,1083.33,2.9444,3.1898,0.0,0
Kherkani_36,1200,36,32,0.8889,0.78,1.1396,1259.38,3.4965,3.9141,0.0,0
Kherkani_36,1400,29,29,1.0,0.7,1.4286,1455.17,3.4012,4.9493,0.0,0
Kherkani_36,1600,28,18,0.6429,0.6,1.0714,1622.22,2.9444,3.0706,0.0,0
Kherkani_36,2000,28,21,0.75,0.42,1.7857,2100.0,3.091,4.8684,0.0,0
Kherkani_36,2200,52,31,0.5962,0.35,1.7033,2248.39,3.4657,4.6454,0.0,0
Kherkani_36,2400,41,14,0.3415,0.28,1.2195,2500.0,2.7081,2.3118,0.0,0
Kherkani_36,2600,27,12,0.4444,0.22,2.0,2625.0,2.5649,2.9924,0.0,0
KiKoS,1400,493,200,0.4057,0.7,0.5795,1461.0,5.3033,3.1433,0.2896,1
KiKoS,1200,357,171,0.479,0.78,0.6141,1244.44,5.1475,3.0683,0.2879,1
KiKoS,1000,155,94,0.6065,0.85,0.7135,1060.64,4.5539,2.9292,0.2214,1
KiKoS,800,348,230,0.6609,0.9,0.7344,822.17,5.4424,2.9574,0.2173,1
KiKoS,1600,1010,393,0.3891,0.6,0.6485,1666.41,5.9764,3.8752,0.2091,1
KiKoS,2000,2610,593,0.2272,0.42,0.541,2042.16,6.3869,2.9634,0.2053,1
KiKoS,2400,932,105,0.1127,0.28,0.4024,2436.19,4.6634,1.2799,0.2021,1
KiKoS,2200,2173,383,0.1763,0.35,0.5036,2244.91,5.9506,2.3545,0.1921,1
KiKoS,1800,1837,644,0.3506,0.5,0.7011,1842.86,6.4693,4.1795,0.1504,1
KiKoS,2800,394,23,0.0584,0.16,0.3648,2830.43,3.1781,0.5251,0.1454,1
KiKoS,2600,383,49,0.1279,0.22,0.5815,2630.61,3.912,1.3166,0.1115,1
KiKoS,3200,35,1,0.0286,0.07,0.4082,3300.0,0.6931,0.0654,0.0877,1
KiKoS,3000,263,21,0.0798,0.11,0.7259,3052.38,3.091,0.7534,0.0411,1
KiKoS,3400,12,2,0.1667,0.04,2.0,3500.0,1.0986,0.6409,0.0,0
Kieray,1600,370,218,0.5892,0.6,0.982,1655.05,5.3891,5.2551,0.01,0
Kieray,800,217,207,0.9539,0.9,1.0599,814.98,5.3375,4.1495,0.0,0
Kieray,1000,119,108,0.9076,0.85,1.0677,1050.93,4.6913,4.4745,0.0,0
Kieray,1200,205,165,0.8049,0.78,1.0319,1247.88,5.112,5.1344,0.0,0
Kieray,1400,181,150,0.8287,0.7,1.1839,1438.0,5.0173,5.9792,0.0,0
Kieray,1800,443,277,0.6253,0.5,1.2506,1858.84,5.6276,6.541,0.0,0
Kieray,2000,418,194,0.4641,0.42,1.105,2046.91,5.273,5.0093,0.0,0
Kieray,2200,332,184,0.5542,0.35,1.5835,2259.78,5.2204,6.538,0.0,0
Kieray,2400,756,220,0.291,0.28,1.0393,2463.64,5.3982,3.8701,0.0,0
Kieray,2600,234,95,0.406,0.22,1.8454,2628.42,4.5643,4.8706,0.0,0
Kieray,2800,256,69,0.2695,0.16,1.6846,2834.78,4.2485,3.2461,0.0,0
Kieray,3000,79,35,0.443,0.11,2.0,3054.29,3.5835,4.8491,0.0,0
Kieray,3200,38,23,0.6053,0.07,2.0,3230.43,3.1781,6.2139,0.0,0
Kieray,3400,15,10,0.6667,0.04,2.0,3470.0,2.3979,5.5471,0.0,0
Kira_1234,1800,3413,1433,0.4199,0.5,0.8397,1860.29,7.2682,5.677,0.0788,0
Kira_1234,1200,1410,986,0.6993,0.78,0.8965,1251.52,6.8947,6.0341,0.0741,0
Kira_1234,1000,1143,879,0.769,0.85,0.9047,1055.52,6.7799,5.5034,0.0733,0
Kira_1234,2000,4145,1538,0.371,0.42,0.8835,2051.76,7.3389,5.5871,0.0489,0
Kira_1234,1400,1759,1146,0.6515,0.7,0.9307,1449.65,7.0449,6.6536,0.045,0
Kira_1234,3400,2,0,0.0,0.04,0.0,3400.0,0.0,0.0,0.0439,0
Kira_1234,800,1759,1548,0.88,0.9,0.9778,820.93,7.3454,5.3067,0.0179,0
Kira_1234,1600,2063,1212,0.5875,0.6,0.9792,1656.77,7.1009,6.9115,0.0118,0
Kira_1234,2200,3919,1417,0.3616,0.35,1.0331,2242.7,7.257,5.8847,0.0,0
Kira_1234,2400,3984,1189,0.2984,0.28,1.0659,2436.33,7.0817,5.1492,0.0,0
Kira_1234,2600,688,160,0.2326,0.22,1.0571,2625.0,5.0814,3.102,0.0,0
Kira_1234,2800,168,35,0.2083,0.16,1.3021,2817.14,3.5835,2.1032,0.0,0
Kira_1234,3000,25,8,0.32,0.11,2.0,3100.0,2.1972,2.1796,0.0,0
KnightmareLogic,1400,67,27,0.403,0.7,0.5757,1477.78,3.3322,1.9844,0.2893,1
KnightmareLogic,1000,50,30,0.6,0.85,0.7059,1063.33,3.434,2.1909,0.2217,1
KnightmareLogic,800,43,33,0.7674,0.9,0.8527,815.15,3.5264,2.206,0.1108,0
KnightmareLogic,1200,26,19,0.7308,0.78,0.9369,1273.68,2.9957,2.7883,0.0406,0
KnightmareLogic,1600,35,26,0.7429,0.6,1.2381,1665.38,3.2958,4.0774,0.0,0
KnightmareLogic,1800,57,32,0.5614,0.5,1.1228,1837.5,3.4965,3.6069,0.0,0
KnightmareLogic,2000,56,32,0.5714,0.42,1.3605,2059.38,3.4965,4.1146,0.0,0
KnightmareLogic,2200,80,34,0.425,0.35,1.2143,2223.53,3.5553,3.3598,0.0,0
KnightmareLogic,2400,62,33,0.5323,0.28,1.9009,2436.36,3.5264,4.5729,0.0,0
KnightmareLogic,2600,6,3,0.5,0.22,2.0,2700.0,1.3863,1.8715,0.0,0
KnightmareLogic,2800,5,5,1.0,0.16,2.0,2800.0,1.7918,5.0169,0.0,0
Kouba64,3000,6,0,0.0,0.11,0.0,3000.0,0.0,0.0,0.2141,0
Kouba64,1000,109,77,0.7064,0.85,0.8311,1046.75,4.3567,3.2216,0.126,0
Kouba64,800,249,200,0.8032,0.9,0.8925,821.5,5.3033,3.4993,0.0848,0
Kouba64,1200,205,143,0.6976,0.78,0.8943,1252.45,4.9698,4.3419,0.0736,0
Kouba64,1400,233,147,0.6309,0.7,0.9013,1437.41,4.9972,4.5318,0.0629,0
Kouba64,3400,3,0,0.0,0.04,0.0,3400.0,0.0,0.0,0.0555,0
Kouba64,1800,670,320,0.4776,0.5,0.9552,1857.81,5.7714,5.1211,0.0215,0
Kouba64,1600,259,183,0.7066,0.6,1.1776,1655.19,5.2149,6.0989,0.0,0
Kouba64,2000,655,285,0.4351,0.42,1.036,2072.63,5.656,5.1008,0.0,0
Kouba64,2200,993,436,0.4391,0.35,1.2545,2275.0,6.0799,6.0732,0.0,0
Kouba64,2400,666,257,0.3859,0.28,1.3782,2467.32,5.553,5.287,0.0,0
Kouba64,2600,229,62,0.2707,0.22,1.2306,2662.9,4.1431,2.987,0.0,0
Kouba64,2800,166,33,0.1988,0.16,1.2425,2863.64,3.5264,2.0075,0.0,0
Kouba64,3200,60,7,0.1167,0.07,1.6667,3271.43,2.0794,0.7937,0.0,0
Kriz_Wu,1200,271,138,0.5092,0.78,0.6529,1248.55,4.9345,3.1373,0.2558,1
Kriz_Wu,800,331,208,0.6284,0.9,0.6982,815.87,5.3423,2.739,0.2486,1
Kriz_Wu,1000,186,131,0.7043,0.85,0.8286,1058.78,4.8828,3.6411,0.1296,0
Kriz_Wu,1600,478,228,0.477,0.6,0.795,1664.47,5.4337,4.314,0.118,0
Kriz_Wu,1400,255,158,0.6196,0.7,0.8852,1450.0,5.0689,4.5541,0.0735,0
Kriz_Wu,1800,392,248,0.6327,0.5,1.2653,1853.23,5.5175,6.4689,0.0,0
Kriz_Wu,2000,813,362,0.4453,0.42,1.0602,2055.52,5.8944,5.3949,0.0,0
Kriz_Wu,2200,605,248,0.4099,0.35,1.1712,2254.44,5.5175,5.0989,0.0,0
Kriz_Wu,2400,850,250,0.2941,0.28,1.0504,2437.6,5.5255,3.9614,0.0,0
Kriz_Wu,2600,375,120,0.32,0.22,1.4545,2634.17,4.7958,4.0425,0.0,0
Kriz_Wu,2800,270,67,0.2481,0.16,1.5509,2832.84,4.2195,2.9662,0.0,0
Kriz_Wu,3000,171,36,0.2105,0.11,1.9139,3041.67,3.6109,2.3123,0.0,0
Kriz_Wu,3200,5,4,0.8,0.07,2.0,3225.0,1.6094,4.1523,0.0,0
Kriz_Wu,3400,24,2,0.0833,0.04,2.0,3500.0,1.0986,0.3204,0.0,0
KroosTheKeenGlint,1000,350,275,0.7857,0.85,0.9244,1063.64,5.6204,4.697,0.0569,0
KroosTheKeenGlint,2400,1900,472,0.2484,0.28,0.8872,2449.79,6.1591,3.7483,0.0333,0
KroosTheKeenGlint,2800,530,72,0.1358,0.16,0.8491,2838.89,4.2905,1.6547,0.0286,0
KroosTheKeenGlint,800,622,545,0.8762,0.9,0.9736,819.08,6.3026,4.5233,0.021,0
KroosTheKeenGlint,2600,720,156,0.2167,0.22,0.9848,2636.54,5.0562,2.8884,0.0036,0
KroosTheKeenGlint,1200,392,312,0.7959,0.78,1.0204,1250.0,5.7462,5.7169,0.0,0
KroosTheKeenGlint,1400,469,357,0.7612,0.7,1.0874,1442.3,5.8805,6.456,0.0,0
KroosTheKeenGlint,1600,585,373,0.6376,0.6,1.0627,1660.59,5.9243,6.2726,0.0,0
KroosTheKeenGlint,1800,841,458,0.5446,0.5,1.0892,1858.08,6.1291,6.2019,0.0,0
KroosTheKeenGlint,2000,770,388,0.5039,0.42,1.1998,2049.48,5.9636,6.1588,0.0,0
KroosTheKeenGlint,2200,853,421,0.4936,0.35,1.4101,2261.28,6.045,6.7466,0.0,0
KroosTheKeenGlint,3000,169,36,0.213,0.11,1.9365,3038.89,3.6109,2.3375,0.0,0
KroosTheKeenGlint,3200,300,38,0.1267,0.07,1.8095,3236.84,3.6636,1.5021,0.0,0
KroosTheKeenGlint,3400,20,4,0.2,0.04,2.0,3450.0,1.6094,1.1105,0.0,0
Kstarile,1400,49,20,0.4082,0.7,0.5831,1420.0,3.0445,1.7646,0.2823,1
Kstarile,1000,42,24,0.5714,0.85,0.6723,1070.83,3.2189,1.9696,0.2484,1
Kstarile,2400,18,4,0.2222,0.28,0.7937,2400.0,1.6094,0.8584,0.0652,0
Kstarile,1800,25,11,0.44,0.5,0.88,1827.27,2.4849,1.9979,0.0561,0
Kstarile,800,16,15,0.9375,0.9,1.0417,806.67,2.7726,2.0968,0.0,0
Kstarile,1200,7,7,1.0,0.78,1.2821,1257.14,2.0794,2.6142,0.0,0
Kstarile,1600,17,14,0.8235,0.6,1.3725,1642.86,2.7081,3.6638,0.0,0
Kstarile,2000,13,13,1.0,0.42,2.0,2061.54,2.6391,5.4405,0.0,0
Kstarile,2200,11,11,1.0,0.35,2.0,2200.0,2.4849,5.4668,0.0,0
Kude,3400,4,0,0.0,0.04,0.0,3400.0,0.0,0.0,0.0644,0
Kude,800,1597,1509,0.9449,0.9,1.0499,818.03,7.3199,5.6579,0.0,0
Kude,1000,905,813,0.8983,0.85,1.0569,1058.43,6.702,6.3724,0.0,0
Kude,1200,1052,907,0.8622,0.78,1.1053,1255.02,6.8112,7.37,0.0,0
Kude,1400,1219,982,0.8056,0.7,1.1508,1446.44,6.8906,8.0291,0.0,0
Kude,1600,1387,1093,0.788,0.6,1.3134,1655.08,6.9976,9.1266,0.0,0
Kude,1800,1803,1238,0.6866,0.5,1.3733,1856.54,7.1221,9.0789,0.0,0
Kude,2000,1690,1096,0.6485,0.42,1.5441,2046.08,7.0003,9.2889,0.0,0
Kude,2200,1867,1096,0.587,0.35,1.6773,2246.35,7.0003,9.2313,0.0,0
Kude,2400,1889,951,0.5034,0.28,1.798,2443.01,6.8586,8.4354,0.0,0
Kude,2600,984,420,0.4268,0.22,1.9401,2639.76,6.0426,6.8084,0.0,0
Kude,2800,328,132,0.4024,0.16,2.0,2839.39,4.8903,5.5881,0.0,0
Kude,3000,125,29,0.232,0.11,2.0,3017.24,3.4012,2.3808,0.0,0
Kude,3200,19,13,0.6842,0.07,2.0,3200.0,2.6391,5.7781,0.0,0
Kuroni,1000,358,184,0.514,0.85,0.6047,1054.89,5.2204,2.8304,0.3178,1
Kuroni,800,432,299,0.6921,0.9,0.769,824.41,5.7038,3.2546,0.1882,0
Kuroni,1200,448,265,0.5915,0.78,0.7584,1247.17,5.5835,4.1191,0.1748,0
Kuroni,1400,556,291,0.5234,0.7,0.7477,1452.92,5.6768,4.3168,0.1672,1
Kuroni,1600,702,328,0.4672,0.6,0.7787,1657.32,5.7961,4.4882,0.1281,0
Kuroni,1800,943,413,0.438,0.5,0.8759,1857.38,6.0259,4.9018,0.0605,0
Kuroni,2000,1173,524,0.4467,0.42,1.0636,2046.18,6.2634,5.7252,0.0,0
Kuroni,2200,974,365,0.3747,0.35,1.0707,2248.22,5.9026,4.973,0.0,0
Kuroni,2400,1541,511,0.3316,0.28,1.1843,2449.9,6.2383,5.068,0.0,0
Kuroni,2600,913,321,0.3516,0.22,1.5981,2647.35,5.7746,5.3748,0.0,0
Kuroni,2800,622,235,0.3778,0.16,2.0,2849.36,5.4638,5.882,0.0,0
Kuroni,3000,698,232,0.3324,0.11,2.0,3043.97,5.451,5.5151,0.0,0
Kuroni,3200,589,131,0.2224,0.07,2.0,3228.24,4.8828,3.5058,0.0,0
Kuroni,3400,147,53,0.3605,0.04,2.0,3475.47,3.989,4.9984,0.0,0
Kustov_Vadim_533,1200,659,340,0.5159,0.78,0.6615,1252.94,5.8319,3.7699,0.2509,1
Kustov_Vadim_533,1000,516,309,0.5988,0.85,0.7045,1057.28,5.7366,3.6321,0.2329,1
Kustov_Vadim_533,1600,1378,517,0.3752,0.6,0.6253,1658.03,6.25,3.8879,0.2242,1
Kustov_Vadim_533,1400,831,408,0.491,0.7,0.7014,1448.53,6.0137,4.2769,0.2004,1
Kustov_Vadim_533,1800,1958,599,0.3059,0.5,0.6118,1852.09,6.3969,3.6245,0.1989,1
Kustov_Vadim_533,2000,1959,534,0.2726,0.42,0.649,2048.13,6.2823,3.5074,0.1535,1
Kustov_Vadim_533,800,805,603,0.7491,0.9,0.8323,818.24,6.4036,3.9249,0.1364,0
Kustov_Vadim_533,2200,1233,397,0.322,0.35,0.9199,2243.32,5.9865,4.324,0.0285,0
Kustov_Vadim_533,2600,1032,209,0.2025,0.22,0.9205,2648.8,5.3471,2.8684,0.0191,0
Kustov_Vadim_533,2400,1237,342,0.2765,0.28,0.9874,2443.27,5.8377,3.9434,0.0037,0
Kustov_Vadim_533,2800,180,47,0.2611,0.16,1.6319,2834.04,3.8712,2.8647,0.0,0
Kustov_Vadim_533,3000,59,11,0.1864,0.11,1.6949,3045.45,2.4849,1.4109,0.0,0
Kustov_Vadim_533,3200,26,5,0.1923,0.07,2.0,3280.0,1.7918,1.1302,0.0,0
Kustov_Vadim_533,3400,28,2,0.0714,0.04,1.7857,3400.0,1.0986,0.2668,0.0,0
LHWYAN,1400,527,267,0.5066,0.7,0.7238,1455.06,5.591,4.1216,0.1839,1
LHWYAN,1200,394,251,0.6371,0.78,0.8167,1253.39,5.5294,4.4151,0.1309,0
LHWYAN,1800,814,316,0.3882,0.5,0.7764,1849.68,5.7589,4.1352,0.1109,0
LHWYAN,1000,320,251,0.7844,0.85,0.9228,1060.16,5.5294,4.5981,0.058,0
LHWYAN,1600,556,316,0.5683,0.6,0.9472,1655.7,5.7589,5.4192,0.0296,0
LHWYAN,800,475,416,0.8758,0.9,0.9731,816.35,6.0331,4.3133,0.0212,0
LHWYAN,2600,204,42,0.2059,0.22,0.9358,2633.33,3.7612,2.0392,0.0158,0
LHWYAN,2000,593,252,0.425,0.42,1.0118,2039.68,5.5334,4.7962,0.0,0
LHWYAN,2200,400,169,0.4225,0.35,1.2071,2236.09,5.1358,4.852,0.0,0
LHWYAN,2400,215,67,0.3116,0.28,1.113,2444.78,4.2195,3.2147,0.0,0
LHWYAN,2800,61,23,0.377,0.16,2.0,2821.74,3.1781,3.3812,0.0,0
LHWYAN,3000,33,10,0.303,0.11,2.0,3000.0,2.3979,2.1799,0.0,0
LHWYAN,3200,21,3,0.1429,0.07,2.0,3266.67,1.3863,0.6469,0.0,0
LHWYAN,3400,7,7,1.0,0.04,2.0,3442.86,2.0794,7.1592,0.0,0
LLI_E_P_JI_O_K,2400,900,48,0.0533,0.28,0.1905,2429.17,3.8918,0.5042,0.3152,1
LLI_E_P_JI_O_K,1800,763,168,0.2202,0.5,0.4404,1847.02,5.1299,2.0862,0.303,1
LLI_E_P_JI_O_K,2000,749,140,0.1869,0.42,0.445,2033.57,4.9488,1.8811,0.2594,1
LLI_E_P_JI_O_K,3200,30,0,0.0,0.07,0.0,3200.0,0.0,0.0,0.2404,1
LLI_E_P_JI_O_K,1600,612,227,0.3709,0.6,0.6182,1648.46,5.4293,3.3197,0.2287,1
LLI_E_P_JI_O_K,2200,412,69,0.1675,0.35,0.4785,2226.09,4.2485,1.5839,0.2095,1
LLI_E_P_JI_O_K,2800,87,4,0.046,0.16,0.2874,2900.0,1.6094,0.2146,0.1956,1
LLI_E_P_JI_O_K,3400,109,0,0.0,0.04,0.0,3400.0,0.0,0.0,0.188,1
LLI_E_P_JI_O_K,2600,331,32,0.0967,0.22,0.4394,2621.88,3.4965,0.8863,0.1592,1
LLI_E_P_JI_O_K,1400,250,137,0.548,0.7,0.7829,1459.12,4.9273,3.9398,0.1417,0
LLI_E_P_JI_O_K,800,136,102,0.75,0.9,0.8333,841.18,4.6347,2.924,0.131,0
LLI_E_P_JI_O_K,1000,128,92,0.7188,0.85,0.8456,1033.7,4.5326,3.3676,0.1153,0
LLI_E_P_JI_O_K,3000,112,12,0.1071,0.11,0.974,3025.0,2.5649,0.8313,0.0038,0
LLI_E_P_JI_O_K,1200,189,151,0.7989,0.78,1.0243,1255.63,5.0239,5.0398,0.0,0
LLLjsQAQ,800,57,24,0.4211,0.9,0.4678,816.67,3.2189,1.1068,0.461,1
LLLjsQAQ,1400,42,16,0.381,0.7,0.5442,1418.75,2.8332,1.5313,0.3131,1
LLLjsQAQ,1200,33,18,0.5455,0.78,0.6993,1255.56,2.9444,2.0165,0.2097,1
LLLjsQAQ,1000,18,18,1.0,0.85,1.1765,1072.22,2.9444,3.1571,0.0,0
LLLjsQAQ,1800,67,35,0.5224,0.5,1.0448,1808.57,3.5835,3.3856,0.0,0
LLLjsQAQ,2200,41,26,0.6341,0.35,1.8118,2200.0,3.2958,4.5981,0.0,0
LLLjsQAQ,2400,39,11,0.2821,0.28,1.0073,2463.64,2.4849,1.7267,0.0,0
LLLjsQAQ,2600,14,14,1.0,0.22,2.0,2700.0,2.7081,7.3117,0.0,0
LLLjsQAQ,2800,3,3,1.0,0.16,2.0,2900.0,1.3863,4.0203,0.0,0
LLLjsQAQ,3400,1,1,1.0,0.04,2.0,3500.0,0.6931,2.426,0.0,0
Labib_Morol,1400,6,2,0.3333,0.7,0.4762,1400.0,1.0986,0.5127,0.34,0
Labib_Morol,2600,3,0,0.0,0.22,0.0,2600.0,0.0,0.0,0.305,0
Labib_Morol,1600,7,3,0.4286,0.6,0.7143,1633.33,1.3863,0.9704,0.1494,0
Labib_Morol,3400,21,0,0.0,0.04,0.0,3400.0,0.0,0.0,0.1236,1
Labib_Morol,800,20,15,0.75,0.9,0.8333,820.0,2.7726,1.7051,0.1211,0
Labib_Morol,2400,15,4,0.2667,0.28,0.9524,2400.0,1.6094,1.03,0.0142,0
Labib_Morol,1000,12,12,1.0,0.85,1.1765,1083.33,2.5649,2.7787,0.0,0
Labib_Morol,1200,18,16,0.8889,0.78,1.1396,1287.5,2.8332,3.2425,0.0,0
Labib_Morol,1800,39,20,0.5128,0.5,1.0256,1830.0,3.0445,2.8572,0.0,0
Labib_Morol,2000,21,17,0.8095,0.42,1.9274,2023.53,2.8904,4.7347,0.0,0
Labib_Morol,2200,32,14,0.4375,0.35,1.25,2257.14,2.7081,2.6742,0.0,0
LadyMisserina,2800,3,0,0.0,0.16,0.0,2800.0,0.0,0.0,0.2218,0
LadyMisserina,1800,77,25,0.3247,0.5,0.6494,1812.0,3.2581,1.9168,0.1794,1
LadyMisserina,1200,95,58,0.6105,0.78,0.7827,1274.14,4.0775,3.1719,0.1523,0
LadyMisserina,2400,68,12,0.1765,0.28,0.6303,2441.67,2.5649,1.1052,0.123,1
LadyMisserina,1400,43,25,0.5814,0.7,0.8306,1428.0,3.2581,2.705,0.1054,0
LadyMisserina,3400,9,0,0.0,0.04,0.0,3400.0,0.0,0.0,0.0921,0
LadyMisserina,2200,96,26,0.2708,0.35,0.7738,2230.77,3.2958,1.9912,0.0843,0
LadyMisserina,1000,56,44,0.7857,0.85,0.9244,1075.0,3.8067,3.2153,0.0541,0
LadyMisserina,800,66,57,0.8636,0.9,0.9596,815.79,4.0604,2.8608,0.0302,0
LadyMisserina,2000,81,34,0.4198,0.42,0.9994,2073.53,3.5553,3.0945,0.0002,0
LadyMisserina,1600,73,44,0.6027,0.6,1.0046,1659.09,3.8067,3.8067,0.0,0
LadyMisserina,2600,3,1,0.3333,0.22,1.5152,2600.0,0.6931,0.6007,0.0,0
Leasier,800,688,375,0.5451,0.9,0.6056,817.87,5.9296,2.6433,0.3347,1
Leasier,1000,327,173,0.5291,0.85,0.6224,1053.18,5.1591,2.8746,0.3019,1
Leasier,1200,336,162,0.4821,0.78,0.6181,1251.23,5.0938,3.0729,0.2845,1
Leasier,1400,442,226,0.5113,0.7,0.7304,1441.15,5.425,3.9975,0.179,1
Leasier,1600,507,234,0.4615,0.6,0.7692,1671.79,5.4596,4.2126,0.1336,0
Leasier,1800,612,235,0.384,0.5,0.768,1848.51,5.4638,3.8782,0.1152,0
Leasier,2000,748,288,0.385,0.42,0.9167,2055.21,5.6664,4.4839,0.0347,0
Leasier,2200,884,296,0.3348,0.35,0.9567,2258.11,5.6937,4.3051,0.0154,0
Leasier,2400,1404,458,0.3262,0.28,1.165,2451.09,6.1291,4.9006,0.0,0
Leasier,2600,788,253,0.3211,0.22,1.4594,2652.17,5.5373,4.7152,0.0,0
Leasier,2800,633,215,0.3397,0.16,2.0,2840.47,5.3753,5.1859,0.0,0
Leasier,3000,390,168,0.4308,0.11,2.0,3028.57,5.1299,6.6925,0.0,0
Leasier,3200,303,67,0.2211,0.07,2.0,3238.81,4.2195,3.0219,0.0,0
Leasier,3400,287,45,0.1568,0.04,2.0,3466.67,3.8286,2.0811,0.0,0
Lehe,800,680,382,0.5618,0.9,0.6242,821.47,5.948,2.7448,0.3176,1
Lehe,1400,455,179,0.3934,0.7,0.562,1453.07,5.193,2.9685,0.3031,1
Lehe,1000,371,196,0.5283,0.85,0.6215,1057.14,5.2832,2.9506,0.303,1
Lehe,1600,697,217,0.3113,0.6,0.5189,1661.29,5.3845,2.785,0.2961,1
Lehe,1200,453,221,0.4879,0.78,0.6255,1246.61,5.4027,3.2857,0.2792,1
Lehe,1800,760,262,0.3447,0.5,0.6895,1857.63,5.5722,3.5684,0.1567,1
Lehe,2000,570,193,0.3386,0.42,0.8062,2041.45,5.2679,3.6413,0.0824,0
Lehe,2200,767,264,0.3442,0.35,0.9834,2258.71,5.5797,4.3379,0.0059,0
Lehe,2400,1119,384,0.3432,0.28,1.2256,2450.26,5.9532,5.0057,0.0,0
Lehe,2600,982,320,0.3259,0.22,1.4812,2653.44,5.7714,4.9904,0.0,0
Lehe,2800,658,239,0.3632,0.16,2.0,2825.94,5.4806,5.6256,0.0,0
Lehe,3000,449,126,0.2806,0.11,2.0,3034.92,4.8442,4.1257,0.0,0
Lehe,3200,257,90,0.3502,0.07,2.0,3246.67,4.5109,5.1287,0.0,0
Lehe,3400,230,42,0.1826,0.04,2.0,3466.67,3.7612,2.381,0.0,0
Lemansky,1200,116,41,0.3534,0.78,0.4531,1253.66,3.7377,1.6562,0.4288,1
Lemansky,2800,5,0,0.0,0.16,0.0,2800.0,0.0,0.0,0.2867,0
Lemansky,1400,122,51,0.418,0.7,0.5972,1450.98,3.9512,2.3967,0.274,1
Lemansky,1000,69,42,0.6087,0.85,0.7161,1064.29,3.7612,2.4366,0.2153,1
Lemansky,1600,112,44,0.3929,0.6,0.6548,1659.09,3.8067,2.4811,0.2037,1
Lemansky,3200,12,0,0.0,0.07,0.0,3200.0,0.0,0.0,0.1795,0
Lemansky,800,143,100,0.6993,0.9,0.777,819.0,4.6151,2.6432,0.1776,0
Lemansky,1800,137,45,0.3285,0.5,0.6569,1828.89,3.8286,2.3,0.175,1
Lemansky,2000,118,36,0.3051,0.42,0.7264,2058.33,3.6109,2.2675,0.1191,1
Lemansky,2400,101,23,0.2277,0.28,0.8133,2421.74,3.1781,1.7526,0.0579,0
Lemansky,2600,27,5,0.1852,0.22,0.8418,2700.0,1.7918,0.8959,0.0416,0
Lemansky,2200,38,20,0.5263,0.35,1.5038,2220.0,3.0445,3.5573,0.0,0
Lemansky,3400,2,2,1.0,0.04,2.0,3500.0,1.0986,3.8451,0.0,0
Leo_0503,1400,196,105,0.5357,0.7,0.7653,1440.0,4.6634,3.5975,0.1533,0
Leo_0503,1800,446,159,0.3565,0.5,0.713,1867.3,5.0752,3.3785,0.1441,1
Leo_0503,1000,126,90,0.7143,0.85,0.8403,1063.33,4.5109,3.4261,0.1193,0
Leo_0503,1600,410,202,0.4927,0.6,0.8211,1655.94,5.3132,4.3348,0.1023,0
Leo_0503,1200,170,114,0.6706,0.78,0.8597,1257.89,4.7449,4.0025,0.0979,0
Leo_0503,800,225,188,0.8356,0.9,0.9284,818.09,5.2417,3.583,0.056,0
Leo_0503,2200,540,166,0.3074,0.35,0.8783,2250.0,5.118,3.5399,0.0438,0
Leo_0503,2000,624,237,0.3798,0.42,0.9043,2049.37,5.4723,4.2594,0.04,0
Leo_0503,2400,504,175,0.3472,0.28,1.2401,2457.71,5.1705,4.4124,0.0,0
Leo_0503,2600,504,134,0.2659,0.22,1.2085,2641.04,4.9053,3.4444,0.0,0
Leo_0503,2800,487,146,0.2998,0.16,1.8737,2832.88,4.9904,4.2383,0.0,0
Leo_0503,3000,214,67,0.3131,0.11,2.0,3026.87,4.2195,3.9987,0.0,0
Leo_0503,3200,178,55,0.309,0.07,2.0,3232.73,4.0254,4.0208,0.0,0
Leo_0503,3400,320,66,0.2062,0.04,2.0,3450.0,4.2047,2.9919,0.0,0
Leo_wang,2800,6,0,0.0,0.16,0.0,2800.0,0.0,0.0,0.3113,0
Leo_wang,2600,52,5,0.0962,0.22,0.4371,2600.0,1.7918,0.4479,0.1761,1
Leo_wang,2200,200,45,0.225,0.35,0.6429,2271.11,3.8286,1.9564,0.1373,1
Leo_wang,1200,64,43,0.6719,0.78,0.8614,1244.19,3.7842,3.1633,0.0943,0
Leo_wang,1000,40,31,0.775,0.85,0.9118,1074.19,3.4657,2.8852,0.0624,0
Leo_wang,2400,142,34,0.2394,0.28,0.8551,2464.71,3.5553,2.0982,0.0442,0
Leo_wang,1800,122,56,0.459,0.5,0.918,1857.14,4.0431,3.4465,0.0391,0
Leo_wang,800,59,53,0.8983,0.9,0.9981,811.32,3.989,2.9072,0.0014,0
Leo_wang,2000,117,49,0.4188,0.42,0.9972,2034.69,3.912,3.3336,0.0012,0
Leo_wang,1400,15,15,1.0,0.7,1.4286,1400.0,2.7726,3.8816,0.0,0
Leo_wang,1600,57,36,0.6316,0.6,1.0526,1669.44,3.6109,3.8073,0.0,0
LingLuo_Official,1000,78,39,0.5,0.85,0.5882,1041.03,3.6889,1.9201,0.3262,1
LingLuo_Official,1400,42,26,0.619,0.7,0.8844,1457.69,3.2958,2.9741,0.0709,0
LingLuo_Official,800,63,58,0.9206,0.9,1.0229,810.34,4.0775,3.042,0.0,0
LingLuo_Official,1200,49,42,0.8571,0.78,1.0989,1273.81,3.7612,4.1066,0.0,0
LingLuo_Official,1600,42,34,0.8095,0.6,1.3492,1658.82,3.5553,4.7743,0.0,0
LingLuo_Official,1800,76,53,0.6974,0.5,1.3947,1832.08,3.989,5.0965,0.0,0
LingLuo_Official,2000,98,52,0.5306,0.42,1.2634,2063.46,3.9703,4.3471,0.0,0
LingLuo_Official,2200,129,62,0.4806,0.35,1.3732,2241.94,4.1431,4.4643,0.0,0
LingLuo_Official,2400,126,51,0.4048,0.28,1.4456,2437.25,3.9512,3.8979,0.0,0
LingLuo_Official,2600,62,29,0.4677,0.22,2.0,2634.48,3.4012,4.1912,0.0,0
LingLuo_Official,2800,50,39,0.78,0.16,2.0,2856.41,3.6889,8.2188,0.0,0
LingLuo_Official,3200,14,7,0.5,0.07,2.0,3242.86,2.0794,3.3717,0.0,0
LingLuo_Official,3400,2,2,1.0,0.04,2.0,3500.0,1.0986,3.8451,0.0,0
Little_CarT,1000,114,62,0.5439,0.85,0.6398,1064.52,4.1431,2.3987,0.2824,1
Little_CarT,800,217,144,0.6636,0.9,0.7373,818.06,4.9767,2.7017,0.213,1
Little_CarT,1200,150,87,0.58,0.78,0.7436,1255.17,4.4773,3.2595,0.1832,1
Little_CarT,1400,188,98,0.5213,0.7,0.7447,1446.94,4.5951,3.4659,0.1674,1
Little_CarT,1800,387,153,0.3953,0.5,0.7907,1865.36,5.037,3.7146,0.1033,0
Little_CarT,2000,266,89,0.3346,0.42,0.7966,2039.33,4.4998,3.0704,0.0868,0
Little_CarT,1600,141,99,0.7021,0.6,1.1702,1656.57,4.6052,5.3564,0.0,0
Little_CarT,2200,303,117,0.3861,0.35,1.1033,2261.54,4.7707,4.1661,0.0,0
Little_CarT,2400,127,70,0.5512,0.28,1.9685,2418.57,4.2627,5.6825,0.0,0
Little_CarT,2600,125,62,0.496,0.22,2.0,2659.68,4.1431,5.4656,0.0,0
Little_CarT,2800,122,28,0.2295,0.16,1.4344,2825.0,3.3673,2.1832,0.0,0
Little_CarT,3000,130,29,0.2231,0.11,2.0,3031.03,3.4012,2.2997,0.0,0
Little_CarT,3200,17,9,0.5294,0.07,2.0,3288.89,2.3026,4.0092,0.0,0
Liudas,1600,1241,462,0.3723,0.6,0.6205,1654.76,6.1377,3.7811,0.2273,1
Liudas,1400,984,465,0.4726,0.7,0.6751,1450.75,6.1442,4.2123,0.2194,1
Liudas,1000,725,446,0.6152,0.85,0.7237,1066.14,6.1026,4.0024,0.2178,1
Liudas,1200,717,397,0.5537,0.78,0.7099,1250.38,5.9865,4.1446,0.213,1
Liudas,2200,1386,255,0.184,0.35,0.5257,2233.73,5.5452,2.2789,0.1835,1
Liudas,1800,1483,496,0.3345,0.5,0.6689,1862.7,6.2086,3.8679,0.1677,1
Liudas,2000,956,275,0.2877,0.42,0.6849,2043.64,5.6204,3.304,0.1372,1
Liudas,2600,943,104,0.1103,0.22,0.5013,2642.31,4.654,1.3562,0.1329,1
Liudas,2400,801,138,0.1723,0.28,0.6153,2458.7,4.9345,2.0902,0.1214,1
Liudas,800,1131,877,0.7754,0.9,0.8616,817.67,6.7776,4.2973,0.1126,0
Liudas,2800,230,26,0.113,0.16,0.7065,2830.77,3.2958,1.0547,0.0595,1
Liudas,3400,268,4,0.0149,0.04,0.3731,3400.0,1.6094,0.0817,0.0538,1
Liudas,3000,35,14,0.4,0.11,2.0,3071.43,2.7081,3.327,0.0,0
Liudas,3200,22,7,0.3182,0.07,2.0,3257.14,2.0794,2.1551,0.0,0
Lokeo,1200,636,262,0.4119,0.78,0.5281,1246.18,5.5722,2.8605,0.3616,1
Lokeo,1400,707,291,0.4116,0.7,0.588,1452.92,5.6768,3.3948,0.2835,1
Lokeo,1600,993,345,0.3474,0.6,0.5791,1655.36,5.8464,3.3624,0.2546,1
Lokeo,1800,1283,352,0.2744,0.5,0.5487,1856.53,5.8665,2.9881,0.2352,1
Lokeo,2000,1610,369,0.2292,0.42,0.5457,2049.86,5.9135,2.7782,0.2038,1
Lokeo,1000,330,212,0.6424,0.85,0.7558,1044.34,5.3613,3.5969,0.1893,0
Lokeo,800,524,373,0.7118,0.9,0.7909,824.4,5.9243,3.4765,0.1702,0
Lokeo,2200,1166,260,0.223,0.35,0.6371,2256.15,5.5645,2.7994,0.1366,1
Lokeo,2600,859,106,0.1234,0.22,0.5609,2649.06,4.6728,1.5275,0.1151,1
Lokeo,2400,872,159,0.1823,0.28,0.6512,2452.83,5.0752,2.2699,0.1089,1
Lokeo,2800,539,63,0.1169,0.16,0.7305,2826.98,4.1589,1.3742,0.0526,1
Lokeo,3000,147,17,0.1156,0.11,1.0513,3023.53,2.8904,1.0106,0.0,0
Lokeo,3200,122,17,0.1393,0.07,1.9906,3229.41,2.8904,1.3007,0.0,0
Lokeo,3400,188,14,0.0745,0.04,1.8617,3450.0,2.7081,0.6957,0.0,0
Lopzzz,1000,637,177,0.2779,0.85,0.3269,1051.98,5.1818,1.5147,0.5977,1
Lopzzz,1400,1319,255,0.1933,0.7,0.2762,1441.96,5.5452,1.5458,0.5562,1
Lopzzz,1200,494,130,0.2632,0.78,0.3374,1250.77,4.8752,1.6047,0.5458,1
Lopzzz,2600,10,0,0.0,0.22,0.0,2600.0,0.0,0.0,0.5275,0
Lopzzz,1600,827,159,0.1923,0.6,0.3204,1655.97,5.0752,1.6158,0.451,1
Lopzzz,1800,846,132,0.156,0.5,0.3121,1839.39,4.8903,1.4035,0.3937,1
Lopzzz,800,769,389,0.5059,0.9,0.5621,827.51,5.9661,2.4974,0.3761,1
Lopzzz,2000,657,76,0.1157,0.42,0.2754,2034.21,4.3438,1.0221,0.3696,1
Lopzzz,2200,501,63,0.1257,0.35,0.3593,2222.22,4.1589,1.1622,0.2703,1
Lopzzz,2400,222,20,0.0901,0.28,0.3218,2440.0,3.0445,0.6692,0.2539,1
Lopzzz,3400,1,0,0.0,0.04,0.0,3400.0,0.0,0.0,0.0277,0
Lopzzz,2800,40,12,0.3,0.16,1.875,2900.0,2.5649,2.2315,0.0,0
Lopzzz,3200,12,3,0.25,0.07,2.0,3300.0,1.3863,1.1437,0.0,0
Louis_handsome,2600,13,0,0.0,0.22,0.0,2600.0,0.0,0.0,0.5806,0
Louis_handsome,1600,17,4,0.2353,0.6,0.3922,1600.0,1.6094,0.6059,0.404,0
Louis_handsome,2800,11,0,0.0,0.16,0.0,2800.0,0.0,0.0,0.3976,0
Louis_handsome,1000,23,11,0.4783,0.85,0.5627,1036.36,2.4849,1.2316,0.339,1
Louis_handsome,800,24,14,0.5833,0.9,0.6481,807.14,2.7081,1.275,0.2749,1
Louis_handsome,3000,5,0,0.0,0.11,0.0,3000.0,0.0,0.0,0.1971,0
Louis_handsome,1400,16,8,0.5,0.7,0.7143,1425.0,2.1972,1.5655,0.1772,0
Louis_handsome,3200,3,0,0.0,0.07,0.0,3200.0,0.0,0.0,0.097,0
Louis_handsome,2200,46,16,0.3478,0.35,0.9938,2250.0,2.8332,2.2173,0.0022,0
Louis_handsome,1200,9,7,0.7778,0.78,0.9972,1300.0,2.0794,2.1025,0.0017,0
Louis_handsome,1800,17,11,0.6471,0.5,1.2941,1827.27,2.4849,2.938,0.0,0
Louis_handsome,2000,15,8,0.5333,0.42,1.2698,2025.0,2.1972,2.373,0.0,0
Louis_handsome,2400,7,7,1.0,0.28,2.0,2400.0,2.0794,4.9907,0.0,0
LowPill,1000,150,73,0.4867,0.85,0.5725,1068.49,4.3041,2.2381,0.3437,1
LowPill,1400,160,59,0.3688,0.7,0.5268,1435.59,4.0943,2.1674,0.3304,1
LowPill,800,244,146,0.5984,0.9,0.6648,815.75,4.9904,2.4359,0.277,1
LowPill,1200,225,115,0.5111,0.78,0.6553,1242.61,4.7536,3.0191,0.2533,1
LowPill,3000,8,0,0.0,0.11,0.0,3000.0,0.0,0.0,0.2417,0
LowPill,1800,372,119,0.3199,0.5,0.6398,1868.07,4.7875,2.8609,0.1843,1
LowPill,1600,309,144,0.466,0.6,0.7767,1649.31,4.9767,3.8252,0.1286,0
LowPill,2000,429,152,0.3543,0.42,0.8436,2047.37,5.0304,3.6491,0.0661,0
LowPill,2200,331,115,0.3474,0.35,0.9927,2253.04,4.7536,3.721,0.0026,0
LowPill,2400,309,97,0.3139,0.28,1.1211,2455.67,4.585,3.5344,0.0,0
LowPill,2600,92,30,0.3261,0.22,1.4822,2616.67,3.434,2.9301,0.0,0
LowPill,2800,72,15,0.2083,0.16,1.3021,2900.0,2.7726,1.6751,0.0,0
LuCpp,1600,553,329,0.5949,0.6,0.9916,1660.49,5.7991,5.7288,0.0047,0
LuCpp,800,311,287,0.9228,0.9,1.0254,820.91,5.663,4.29,0.0,0
LuCpp,1000,177,170,0.9605,0.85,1.1299,1060.0,5.1417,5.2346,0.0,0
LuCpp,1200,275,215,0.7818,0.78,1.0023,1259.53,5.3753,5.2932,0.0,0
LuCpp,1400,370,264,0.7135,0.7,1.0193,1444.32,5.5797,5.7501,0.0,0
LuCpp,1800,659,435,0.6601,0.5,1.3202,1858.85,6.0776,7.4573,0.0,0
LuCpp,2000,788,410,0.5203,0.42,1.2388,2047.07,6.0186,6.4104,0.0,0
LuCpp,2200,705,351,0.4979,0.35,1.4225,2245.01,5.8636,6.554,0.0,0
LuCpp,2400,765,336,0.4392,0.28,1.5686,2445.54,5.8201,6.2515,0.0,0
LuCpp,2600,480,177,0.3688,0.22,1.6761,2638.98,5.1818,5.0425,0.0,0
LuCpp,2800,284,135,0.4754,0.16,2.0,2842.22,4.9127,6.6373,0.0,0
LuCpp,3000,200,92,0.46,0.11,2.0,3054.35,4.5326,6.3683,0.0,0
LuCpp,3200,158,63,0.3987,0.07,2.0,3244.44,4.1589,5.3802,0.0,0
LuCpp,3400,160,42,0.2625,0.04,2.0,3450.0,3.7612,3.4062,0.0,0
Lucifer_K,2800,8,0,0.0,0.16,0.0,2800.0,0.0,0.0,0.3516,0
Lucifer_K,1000,308,186,0.6039,0.85,0.7105,1054.84,5.2311,3.3323,0.2264,1
Lucifer_K,3000,6,0,0.0,0.11,0.0,3000.0,0.0,0.0,0.2141,0
Lucifer_K,1400,615,304,0.4943,0.7,0.7062,1453.29,5.7203,4.1093,0.1966,1
Lucifer_K,1200,527,304,0.5769,0.78,0.7396,1256.25,5.7203,4.1453,0.1895,1
Lucifer_K,1600,462,207,0.4481,0.6,0.7468,1638.65,5.3375,3.9188,0.1472,1
Lucifer_K,800,524,420,0.8015,0.9,0.8906,814.52,6.0426,3.945,0.0876,0
Lucifer_K,1800,406,259,0.6379,0.5,1.2759,1838.22,5.5607,6.5208,0.0,0
Lucifer_K,2000,509,294,0.5776,0.42,1.3752,2032.65,5.687,6.6769,0.0,0
Lucifer_K,2200,169,83,0.4911,0.35,1.4032,2222.89,4.4308,4.8372,0.0,0
Lucifer_K,2400,85,32,0.3765,0.28,1.3445,2425.0,3.4965,3.1921,0.0,0
Lucifer_K,2600,28,7,0.25,0.22,1.1364,2600.0,2.0794,1.3516,0.0,0
Lucifer_K,3400,9,9,1.0,0.04,2.0,3500.0,2.3026,8.059,0.0,0
Lucky-Xiang,1200,145,86,0.5931,0.78,0.7604,1248.84,4.4659,3.3079,0.1704,0
Lucky-Xiang,1000,112,82,0.7321,0.85,0.8613,1056.1,4.4188,3.4167,0.1028,0
Lucky-Xiang,1400,128,76,0.5938,0.7,0.8482,1430.26,4.3438,3.6888,0.0966,0
Lucky-Xiang,800,159,133,0.8365,0.9,0.9294,822.56,4.8978,3.37,0.0547,0
Lucky-Xiang,2000,403,152,0.3772,0.42,0.898,2062.5,5.0304,3.9133,0.0426,0
Lucky-Xiang,1600,148,113,0.7635,0.6,1.2725,1670.8,4.7362,6.0419,0.0,0
Lucky-Xiang,1800,231,128,0.5541,0.5,1.1082,1844.53,4.8598,4.9671,0.0,0
Lucky-Xiang,2200,441,177,0.4014,0.35,1.1467,2253.67,5.1818,4.6871,0.0,0
Lucky-Xiang,2400,425,194,0.4565,0.28,1.6303,2440.21,5.273,5.8735,0.0,0
Lucky-Xiang,2600,227,100,0.4405,0.22,2.0,2632.0,4.6151,5.3511,0.0,0
Lucky-Xiang,2800,149,50,0.3356,0.16,2.0,2842.0,3.9318,3.7497,0.0,0
Lucky-Xiang,3000,170,50,0.2941,0.11,2.0,3010.0,3.9318,3.4808,0.0,0
Lucky-Xiang,3200,178,29,0.1629,0.07,2.0,3241.38,3.4012,1.7961,0.0,0
Lucky-Xiang,3400,15,3,0.2,0.04,2.0,3400.0,1.3863,0.9427,0.0,0
LvK_NnT,1600,94,9,0.0957,0.6,0.1596,1633.33,2.3026,0.3601,0.6953,1
LvK_NnT,1800,186,16,0.086,0.5,0.172,1862.5,2.8332,0.4539,0.5649,1
LvK_NnT,1000,266,82,0.3083,0.85,0.3627,1057.32,4.4188,1.4403,0.5586,1
LvK_NnT,1400,219,53,0.242,0.7,0.3457,1445.28,3.989,1.3952,0.4951,1
LvK_NnT,2000,40,4,0.1,0.42,0.2381,2100.0,1.6094,0.338,0.4554,1
LvK_NnT,1200,237,89,0.3755,0.78,0.4814,1252.81,4.4998,2.117,0.4024,1
LvK_NnT,800,418,226,0.5407,0.9,0.6007,809.73,5.425,2.375,0.3377,1
LvK_NnT,2400,16,2,0.125,0.28,0.4464,2400.0,1.0986,0.3296,0.2093,0
LvK_NnT,2200,21,5,0.2381,0.35,0.6803,2200.0,1.7918,0.9385,0.1239,1
M0N,1000,1323,617,0.4664,0.85,0.5487,1056.73,6.4265,3.1671,0.3713,1
M0N,1200,1698,722,0.4252,0.78,0.5451,1254.43,6.5834,3.5115,0.348,1
M0N,1400,1941,781,0.4024,0.7,0.5748,1447.5,6.6619,3.8801,0.2941,1
M0N,800,1677,1136,0.6774,0.9,0.7527,820.07,7.0361,3.9087,0.2057,0
M0N,1600,2265,894,0.3947,0.6,0.6578,1656.49,6.7968,4.4439,0.2034,1
M0N,1800,2610,794,0.3042,0.5,0.6084,1850.63,6.6783,3.7598,0.2006,1
M0N,2000,2006,704,0.3509,0.42,0.8356,2043.04,6.5582,4.7022,0.0695,0
M0N,2200,1124,409,0.3639,0.35,1.0397,2239.12,6.0162,4.9018,0.0,0
M0N,2400,533,175,0.3283,0.28,1.1726,2460.0,5.1705,4.1762,0.0,0
M0N,2600,124,38,0.3065,0.22,1.393,2647.37,3.6636,2.9722,0.0,0
M0N,2800,34,11,0.3235,0.16,2.0,2809.09,2.4849,2.2583,0.0,0
M0N,3000,7,7,1.0,0.11,2.0,3000.0,2.0794,6.2383,0.0,0
MAKMED1337,1400,987,533,0.54,0.7,0.7715,1440.34,6.2804,4.885,0.1515,0
MAKMED1337,3400,40,0,0.0,0.04,0.0,3400.0,0.0,0.0,0.1485,1
MAKMED1337,1000,584,426,0.7295,0.85,0.8582,1051.88,6.0568,4.6473,0.1088,0
MAKMED1337,1200,748,508,0.6791,0.78,0.8707,1252.95,6.2324,5.3034,0.0923,0
MAKMED1337,800,1003,832,0.8295,0.9,0.9217,822.6,6.725,4.5888,0.0631,0
MAKMED1337,2600,1330,219,0.1647,0.22,0.7485,2653.42,5.3936,2.3566,0.0623,1
MAKMED1337,1600,1157,641,0.554,0.6,0.9234,1658.5,6.4646,5.9399,0.0435,0
MAKMED1337,2200,1929,633,0.3281,0.35,0.9376,2253.71,6.452,4.7716,0.0222,0
MAKMED1337,1800,1244,606,0.4871,0.5,0.9743,1855.12,6.4085,5.7914,0.0124,0
MAKMED1337,2800,933,141,0.1511,0.16,0.9445,2836.17,4.9558,2.1242,0.0102,0
MAKMED1337,3000,341,35,0.1026,0.11,0.9331,3042.86,3.5835,1.1192,0.0094,0
MAKMED1337,2000,1474,628,0.4261,0.42,1.0144,2048.41,6.4441,5.624,0.0,0
MAKMED1337,2400,1689,539,0.3191,0.28,1.1397,2441.19,6.2916,4.9014,0.0,0
MAKMED1337,3200,172,16,0.093,0.07,1.3289,3256.25,2.8332,0.8582,0.0,0
MBBN,1400,197,76,0.3858,0.7,0.5511,1453.95,4.3438,2.4365,0.3109,1
MBBN,1200,140,74,0.5286,0.78,0.6777,1264.86,4.3175,2.8865,0.234,1
MBBN,1000,112,69,0.6161,0.85,0.7248,1052.17,4.2485,2.7539,0.2107,1
MBBN,800,171,124,0.7251,0.9,0.8057,813.71,4.8283,2.849,0.1544,0
MBBN,1800,296,119,0.402,0.5,0.8041,1840.34,4.7875,3.5421,0.0964,0
MBBN,1600,84,49,0.5833,0.6,0.9722,1657.14,3.912,3.7816,0.0151,0
MBBN,2000,222,113,0.509,0.42,1.2119,2060.18,4.7362,4.9666,0.0,0
MBBN,2200,230,117,0.5087,0.35,1.4534,2236.75,4.7707,5.4282,0.0,0
MBBN,2400,130,59,0.4538,0.28,1.6209,2445.76,4.0943,4.5447,0.0,0
MBBN,2600,103,50,0.4854,0.22,2.0,2644.0,3.9318,5.0465,0.0,0
MBBN,2800,165,60,0.3636,0.16,2.0,2841.67,4.1109,4.2479,0.0,0
MBBN,3000,73,21,0.2877,0.11,2.0,3057.14,3.091,2.7184,0.0,0
MBBN,3200,80,44,0.55,0.07,2.0,3240.91,3.8067,6.7854,0.0,0
MBBN,3400,40,19,0.475,0.04,2.0,3457.89,2.9957,4.9205,0.0,0
MN3M,1000,1181,380,0.3218,0.85,0.3785,1045.53,5.9428,1.9992,0.5383,1
MN3M,1400,1282,345,0.2691,0.7,0.3844,1449.28,5.8464,2.2802,0.4504,1
MN3M,1600,1259,266,0.2113,0.6,0.3521,1649.25,5.5872,1.9469,0.4213,1
MN3M,1200,902,394,0.4368,0.78,0.56,1247.97,5.9789,3.2592,0.3347,1
MN3M,2000,899,130,0.1446,0.42,0.3443,2047.69,4.8752,1.4436,0.3189,1
MN3M,2400,153,11,0.0719,0.28,0.2568,2490.91,2.4849,0.445,0.3008,1
MN3M,800,1074,627,0.5838,0.9,0.6487,815.31,6.4425,3.0665,0.2966,1
MN3M,1800,669,167,0.2496,0.5,0.4993,1844.31,5.124,2.359,0.266,1
MN3M,2200,113,53,0.469,0.35,1.3401,2218.87,3.989,4.1514,0.0,0
MN3M,2600,2,2,1.0,0.22,2.0,2600.0,1.0986,2.8564,0.0,0
MODDI,1400,2061,539,0.2615,0.7,0.3736,1448.24,6.2916,2.3829,0.4589,1
MODDI,1200,2082,723,0.3473,0.78,0.4452,1251.04,6.5848,2.8607,0.436,1
MODDI,1000,1676,703,0.4195,0.85,0.4935,1049.08,6.5568,2.8852,0.423,1
MODDI,1600,1835,444,0.242,0.6,0.4033,1652.48,6.0981,2.4382,0.3791,1
MODDI,1800,1993,329,0.1651,0.5,0.3302,1848.33,5.7991,1.7694,0.3743,1
MODDI,3000,16,0,0.0,0.11,0.0,3000.0,0.0,0.0,0.3117,0
MODDI,800,2688,1669,0.6209,0.9,0.6899,818.81,7.4206,3.7727,0.2617,1
MODDI,2000,893,188,0.2105,0.42,0.5013,2038.3,5.2417,2.2493,0.2281,1
MODDI,2200,514,85,0.1654,0.35,0.4725,2238.82,4.4543,1.6491,0.2114,1
MODDI,2600,115,11,0.0957,0.22,0.4348,2654.55,2.4849,0.631,0.1696,1
MODDI,2400,154,36,0.2338,0.28,0.8349,2447.22,3.6109,2.0657,0.0506,0
MODDI,2800,64,12,0.1875,0.16,1.1719,2800.0,2.5649,1.3466,0.0,0
MODDI,3200,22,2,0.0909,0.07,1.2987,3300.0,1.0986,0.3296,0.0,0
MODDI,3400,29,2,0.069,0.04,1.7241,3400.0,1.0986,0.2576,0.0,0
MR_NoSolution,1000,550,359,0.6527,0.85,0.7679,1062.4,5.8861,4.0817,0.1808,0
MR_NoSolution,1200,717,453,0.6318,0.78,0.81,1258.06,6.1181,4.8629,0.1369,0
MR_NoSolution,800,667,529,0.7931,0.9,0.8812,819.09,6.2729,4.075,0.0956,0
MR_NoSolution,1400,806,540,0.67,0.7,0.9571,1452.22,6.2934,6.1232,0.0276,0
MR_NoSolution,1800,1190,590,0.4958,0.5,0.9916,1859.32,6.3818,5.8831,0.004,0
MR_NoSolution,1600,1019,647,0.6349,0.6,1.0582,1653.79,6.4739,6.7979,0.0,0
MR_NoSolution,2000,1178,514,0.4363,0.42,1.0389,2050.58,6.2442,5.5869,0.0,0
MR_NoSolution,2200,853,417,0.4889,0.35,1.3968,2251.08,6.0355,6.6419,0.0,0
MR_NoSolution,2400,815,296,0.3632,0.28,1.2971,2429.73,5.6937,5.0245,0.0,0
MR_NoSolution,2600,325,123,0.3785,0.22,1.7203,2642.28,4.8203,4.8203,0.0,0
MR_NoSolution,2800,180,72,0.4,0.16,2.0,2843.06,4.2905,4.8792,0.0,0
MR_NoSolution,3000,22,10,0.4545,0.11,2.0,3050.0,2.3979,3.3244,0.0,0
MR_NoSolution,3200,13,5,0.3846,0.07,2.0,3200.0,1.7918,2.2052,0.0,0
MR_NoSolution,3400,5,3,0.6,0.04,2.0,3400.0,1.3863,2.828,0.0,0
MYFJCHX,800,237,158,0.6667,0.9,0.7407,817.72,5.0689,2.7633,0.2104,1
MYFJCHX,1000,131,86,0.6565,0.85,0.7723,1053.49,4.4659,3.0886,0.1729,0
MYFJCHX,1200,185,121,0.6541,0.78,0.8385,1253.72,4.804,3.9393,0.1134,0
MYFJCHX,2000,622,243,0.3907,0.42,0.9302,2049.38,5.4972,4.4013,0.029,0
MYFJCHX,1400,128,86,0.6719,0.7,0.9598,1450.0,4.4659,4.3508,0.025,0
MYFJCHX,2200,571,198,0.3468,0.35,0.9907,2260.1,5.2933,4.1484,0.0033,0
MYFJCHX,1600,290,181,0.6241,0.6,1.0402,1656.35,5.204,5.3799,0.0,0
MYFJCHX,1800,353,201,0.5694,0.5,1.1388,1854.23,5.3083,5.6045,0.0,0
MYFJCHX,2400,851,269,0.3161,0.28,1.1289,2450.93,5.5984,4.3373,0.0,0
MYFJCHX,2600,477,170,0.3564,0.22,1.62,2632.35,5.1417,4.8237,0.0,0
MYFJCHX,2800,803,214,0.2665,0.16,1.6656,2853.74,5.3706,4.0845,0.0,0
MYFJCHX,3000,739,157,0.2124,0.11,1.9314,3037.58,5.0626,3.2671,0.0,0
MYFJCHX,3200,645,181,0.2806,0.07,2.0,3245.86,5.204,4.7401,0.0,0
MYFJCHX,3400,1113,214,0.1923,0.04,2.0,3470.09,5.3706,3.5833,0.0,0
Macesuted-Moe,800,340,204,0.6,0.9,0.6667,819.12,5.323,2.6161,0.2767,1
Macesuted-Moe,1000,168,93,0.5536,0.85,0.6513,1047.31,4.5433,2.634,0.2743,1
Macesuted-Moe,1200,211,120,0.5687,0.78,0.7291,1250.83,4.7958,3.4116,0.1953,1
Macesuted-Moe,1400,296,153,0.5169,0.7,0.7384,1459.48,5.037,3.7998,0.1727,1
Macesuted-Moe,1600,412,209,0.5073,0.6,0.8455,1653.59,5.3471,4.4853,0.088,0
Macesuted-Moe,2000,527,196,0.3719,0.42,0.8855,2043.37,5.2832,4.015,0.048,0
Macesuted-Moe,2200,709,240,0.3385,0.35,0.9672,2250.83,5.4848,4.179,0.0116,0
Macesuted-Moe,1800,496,245,0.494,0.5,0.9879,1860.82,5.5053,5.0602,0.0058,0
Macesuted-Moe,2400,570,200,0.3509,0.28,1.2531,2439.0,5.3033,4.5385,0.0,0
Macesuted-Moe,2600,532,165,0.3102,0.22,1.4098,2643.03,5.112,4.1905,0.0,0
Macesuted-Moe,2800,417,130,0.3118,0.16,1.9484,2826.92,4.8752,4.2965,0.0,0
Macesuted-Moe,3000,218,55,0.2523,0.11,2.0,3025.45,4.0254,3.0726,0.0,0
Macesuted-Moe,3200,388,46,0.1186,0.07,1.6937,3254.35,3.8501,1.4855,0.0,0
Macesuted-Moe,3400,90,15,0.1667,0.04,2.0,3486.67,2.7726,1.6112,0.0,0
MagicSena,1200,46,25,0.5435,0.78,0.6968,1236.0,3.2581,2.1886,0.2139,1
MagicSena,1000,39,28,0.7179,0.85,0.8446,1078.57,3.3673,2.6075,0.1115,0
MagicSena,1400,57,35,0.614,0.7,0.8772,1440.0,3.5835,3.1686,0.0762,0
MagicSena,800,46,38,0.8261,0.9,0.9179,805.26,3.6636,2.4371,0.061,0
MagicSena,1600,102,68,0.6667,0.6,1.1111,1636.76,4.2341,4.6202,0.0,0
MagicSena,1800,295,188,0.6373,0.5,1.2746,1872.34,5.2417,6.2546,0.0,0
MagicSena,2000,563,261,0.4636,0.42,1.1038,2047.89,5.5683,5.2865,0.0,0
MagicSena,2200,685,302,0.4409,0.35,1.2596,2227.48,5.7137,5.6111,0.0,0
MagicSena,2400,330,170,0.5152,0.28,1.8398,2440.0,5.1417,6.4629,0.0,0
MagicSena,2600,114,41,0.3596,0.22,1.6348,2636.59,3.7377,3.5442,0.0,0
MagicSena,2800,9,4,0.4444,0.16,2.0,2875.0,1.6094,2.0565,0.0,0
MagnusCarlsen321,1200,1249,722,0.5781,0.78,0.7411,1252.08,6.5834,4.7649,0.1899,1
MagnusCarlsen321,1000,884,599,0.6776,0.85,0.7972,1061.1,6.3969,4.5994,0.1581,0
MagnusCarlsen321,1600,1612,782,0.4851,0.6,0.8085,1654.6,6.6631,5.3483,0.1107,0
MagnusCarlsen321,1400,1185,701,0.5916,0.7,0.8451,1451.93,6.5539,5.6292,0.1016,0
MagnusCarlsen321,1800,2521,1077,0.4272,0.5,0.8544,1852.18,6.9829,5.5254,0.0714,0
MagnusCarlsen321,800,1713,1444,0.843,0.9,0.9366,813.43,7.2759,4.989,0.0513,0
MagnusCarlsen321,2400,1426,336,0.2356,0.28,0.8415,2440.77,5.8201,3.3472,0.0473,0
MagnusCarlsen321,2200,1848,597,0.3231,0.35,0.923,2243.22,6.3936,4.6333,0.0274,0
MagnusCarlsen321,2000,2018,875,0.4336,0.42,1.0324,2056.91,6.7754,6.0428,0.0,0
MagnusCarlsen321,2600,465,119,0.2559,0.22,1.1632,2640.34,4.7875,3.2349,0.0,0
MagnusCarlsen321,2800,324,72,0.2222,0.16,1.3889,2841.67,4.2905,2.7093,0.0,0
MagnusCarlsen321,3000,64,12,0.1875,0.11,1.7045,3033.33,2.5649,1.4588,0.0,0
MagnusCarlsen321,3200,11,11,1.0,0.07,2.0,3245.45,2.4849,8.0647,0.0,0
Maksim1744,800,670,577,0.8612,0.9,0.9569,827.38,6.3596,4.5314,0.0343,0
Maksim1744,1000,402,329,0.8184,0.85,0.9628,1046.5,5.7991,4.9667,0.0279,0
Maksim1744,1200,573,433,0.7557,0.78,0.9688,1247.58,6.073,5.7254,0.0219,0
Maksim1744,1800,1428,712,0.4986,0.5,0.9972,1850.42,6.5695,6.0611,0.0013,0
Maksim1744,1400,743,562,0.7564,0.7,1.0806,1450.71,6.3333,6.9496,0.0,0
Maksim1744,1600,895,613,0.6849,0.6,1.1415,1657.59,6.42,7.2887,0.0,0
Maksim1744,2000,1398,625,0.4471,0.42,1.0644,2050.08,6.4394,5.9018,0.0,0
Maksim1744,2200,1454,595,0.4092,0.35,1.1692,2243.53,6.3902,5.8668,0.0,0
Maksim1744,2400,1545,614,0.3974,0.28,1.4193,2451.3,6.4216,6.2558,0.0,0
Maksim1744,2600,1372,365,0.266,0.22,1.2092,2647.4,5.9026,4.1572,0.0,0
Maksim1744,2800,1158,234,0.2021,0.16,1.263,2828.63,5.4596,3.1206,0.0,0
Maksim1744,3000,789,144,0.1825,0.11,1.6592,3033.33,4.9767,2.7552,0.0,0
Maksim1744,3200,2790,271,0.0971,0.07,1.3876,3226.2,5.6058,1.7567,0.0,0
Maksim1744,3400,352,55,0.1562,0.04,2.0,3456.36,4.0254,2.1739,0.0,0
Mapakaka,1200,86,51,0.593,0.78,0.7603,1243.14,3.9512,2.9129,0.1686,0
Mapakaka,1400,158,87,0.5506,0.7,0.7866,1428.74,4.4773,3.5224,0.1382,0
Mapakaka,1000,45,33,0.7333,0.85,0.8627,1075.76,3.5264,2.7819,0.0987,0
Mapakaka,800,79,67,0.8481,0.9,0.9423,814.93,4.2195,2.9163,0.0436,0
Mapakaka,1600,157,96,0.6115,0.6,1.0191,1658.33,4.5747,4.6388,0.0,0
Mapakaka,1800,169,88,0.5207,0.5,1.0414,1856.82,4.4886,4.3399,0.0,0
Mapakaka,2000,159,95,0.5975,0.42,1.4226,2042.11,4.5643,5.5691,0.0,0
Mapakaka,2200,209,77,0.3684,0.35,1.0526,2263.64,4.3567,3.6334,0.0,0
Mapakaka,2400,262,124,0.4733,0.28,1.6903,2448.39,4.8283,5.5949,0.0,0
Mapakaka,2600,202,105,0.5198,0.22,2.0,2630.48,4.6634,6.3764,0.0,0
Mapakaka,2800,221,98,0.4434,0.16,2.0,2859.18,4.5951,5.826,0.0,0
Mapakaka,3000,119,45,0.3782,0.11,2.0,3075.56,3.8286,4.4528,0.0,0
Mapakaka,3200,165,39,0.2364,0.07,2.0,3243.59,3.6889,2.8281,0.0,0
Mapakaka,3400,104,12,0.1154,0.04,2.0,3458.33,2.5649,1.0235,0.0,0
Marceantasy,1600,392,139,0.3546,0.6,0.591,1653.96,4.9416,2.8982,0.2467,1
Marceantasy,1200,545,296,0.5431,0.78,0.6963,1244.26,5.6937,3.8477,0.223,1
Marceantasy,800,838,558,0.6659,0.9,0.7399,819.35,6.3261,3.4515,0.2151,1
Marceantasy,1000,402,259,0.6443,0.85,0.758,1056.37,5.5607,3.7846,0.1881,0
Marceantasy,1400,437,223,0.5103,0.7,0.729,1453.81,5.4116,4.0148,0.18,1
Marceantasy,2800,91,6,0.0659,0.16,0.4121,2800.0,1.9459,0.3592,0.1444,1
Marceantasy,1800,406,168,0.4138,0.5,0.8276,1833.93,5.1299,3.8929,0.0845,0
Marceantasy,2400,95,24,0.2526,0.28,0.9023,2437.5,3.2189,1.9821,0.0296,0
Marceantasy,2000,845,335,0.3964,0.42,0.9439,2035.82,5.8171,4.695,0.0233,0
Marceantasy,2200,262,114,0.4351,0.35,1.2432,2230.7,4.7449,4.6055,0.0,0
Marceantasy,2600,27,7,0.2593,0.22,1.1785,2614.29,2.0794,1.4094,0.0,0
Marceantasy,3000,3,3,1.0,0.11,2.0,3000.0,1.3863,4.1589,0.0,0
Marckess,1000,1320,1099,0.8326,0.85,0.9795,1055.51,7.0031,6.1542,0.0156,0
Marckess,800,2014,1811,0.8992,0.9,0.9991,821.26,7.5022,5.5402,0.0007,0
Marckess,1200,1684,1361,0.8082,0.78,1.0361,1252.24,7.2167,7.3037,0.0,0
Marckess,1400,1838,1481,0.8058,0.7,1.1511,1449.43,7.3011,8.527,0.0,0
Marckess,1600,2428,1715,0.7063,0.6,1.1772,1654.17,7.4478,8.702,0.0,0
Marckess,1800,3000,1936,0.6453,0.5,1.2907,1855.89,7.5689,9.065,0.0,0
Marckess,2000,3030,1765,0.5825,0.42,1.3869,2051.44,7.4765,8.9343,0.0,0
Marckess,2200,3668,1813,0.4943,0.35,1.4122,2248.48,7.5033,8.3389,0.0,0
Marckess,2400,4731,2019,0.4268,0.28,1.5241,2447.2,7.6109,7.9485,0.0,0
Marckess,2600,3613,1225,0.3391,0.22,1.5412,2643.18,7.1115,6.3732,0.0,0
Marckess,2800,2312,725,0.3136,0.16,1.9599,2840.41,6.5876,5.8675,0.0,0
Marckess,3000,1070,322,0.3009,0.11,2.0,3034.16,5.7777,5.2755,0.0,0
Marckess,3200,476,143,0.3004,0.07,2.0,3244.06,4.9698,4.8435,0.0,0
Marckess,3400,190,56,0.2947,0.04,2.0,3448.21,4.0431,4.109,0.0,0
MateoCV,3200,6,0,0.0,0.07,0.0,3200.0,0.0,0.0,0.1362,0
MateoCV,3000,68,7,0.1029,0.11,0.9358,3000.0,2.0794,0.6422,0.0097,0
MateoCV,800,1417,1289,0.9097,0.9,1.0107,823.12,7.1624,5.363,0.0,0
MateoCV,1000,797,684,0.8582,0.85,1.0097,1053.51,6.5294,5.9035,0.0,0
MateoCV,1200,1032,866,0.8391,0.78,1.0758,1251.04,6.765,7.102,0.0,0
MateoCV,1400,1161,932,0.8028,0.7,1.1468,1445.6,6.8384,7.9357,0.0,0
MateoCV,1600,1490,998,0.6698,0.6,1.1163,1654.91,6.9068,7.6558,0.0,0
MateoCV,1800,1616,1072,0.6634,0.5,1.3267,1851.4,6.9782,8.5703,0.0,0
MateoCV,2000,1516,890,0.5871,0.42,1.3978,2045.84,6.7923,8.158,0.0,0
MateoCV,2200,1515,750,0.495,0.35,1.4144,2244.27,6.6214,7.3565,0.0,0
MateoCV,2400,1549,610,0.3938,0.28,1.4064,2442.62,6.4151,6.1708,0.0,0
MateoCV,2600,578,178,0.308,0.22,1.3998,2648.31,5.1874,4.2307,0.0,0
MateoCV,2800,223,52,0.2332,0.16,1.4574,2846.15,3.9703,2.635,0.0,0
MattTheNub,1000,446,333,0.7466,0.85,0.8784,1063.96,5.8111,4.6163,0.0926,0
MattTheNub,800,758,604,0.7968,0.9,0.8854,815.89,6.4052,4.1642,0.0924,0
MattTheNub,1200,556,378,0.6799,0.78,0.8716,1256.35,5.9375,5.0715,0.0913,0
MattTheNub,1400,664,405,0.6099,0.7,0.8713,1451.36,6.0064,5.3171,0.0835,0
MattTheNub,3400,3,0,0.0,0.04,0.0,3400.0,0.0,0.0,0.0555,0
MattTheNub,1600,915,524,0.5727,0.6,0.9545,1660.31,6.2634,5.9554,0.0257,0
MattTheNub,2000,822,332,0.4039,0.42,0.9616,2050.0,5.8081,4.809,0.0159,0
MattTheNub,1800,998,533,0.5341,0.5,1.0681,1852.53,6.2804,6.2137,0.0,0
MattTheNub,2200,1155,547,0.4736,0.35,1.3531,2254.3,6.3063,6.7327,0.0,0
MattTheNub,2400,2190,683,0.3119,0.28,1.1138,2451.24,6.528,4.9905,0.0,0
MattTheNub,2600,1258,296,0.2353,0.22,1.0695,2651.35,5.6937,3.552,0.0,0
MattTheNub,2800,471,79,0.1677,0.16,1.0483,2827.85,4.382,2.0784,0.0,0
MattTheNub,3000,41,7,0.1707,0.11,1.5521,3057.14,2.0794,1.0854,0.0,0
Maxduan,1200,704,361,0.5128,0.78,0.6574,1248.2,5.8916,3.771,0.2543,1
Maxduan,1000,482,284,0.5892,0.85,0.6932,1061.27,5.6525,3.5346,0.2423,1
Maxduan,1600,885,343,0.3876,0.6,0.646,1654.81,5.8406,3.7459,0.2108,1
Maxduan,1400,551,276,0.5009,0.7,0.7156,1445.29,5.624,4.0715,0.1898,1
Maxduan,800,775,581,0.7497,0.9,0.833,816.87,6.3665,3.8987,0.1358,0
Maxduan,1800,1475,563,0.3817,0.5,0.7634,1856.66,6.3351,4.4895,0.1177,0
Maxduan,3200,165,9,0.0545,0.07,0.7792,3200.0,2.3026,0.4019,0.0239,0
Maxduan,2000,1750,738,0.4217,0.42,1.0041,2051.76,6.6053,5.7153,0.0,0
Maxduan,2200,2194,942,0.4294,0.35,1.2267,2257.11,6.8491,6.6374,0.0,0
Maxduan,2400,2038,702,0.3445,0.28,1.2302,2434.47,6.5554,5.4971,0.0,0
Maxduan,2600,516,156,0.3023,0.22,1.3742,2640.38,5.0562,4.0362,0.0,0
Maxduan,2800,316,77,0.2437,0.16,1.5229,2841.56,4.3567,3.0166,0.0,0
Maxduan,3000,68,31,0.4559,0.11,2.0,3032.26,3.4657,4.7909,0.0,0
MayankSavaliya,1000,1027,484,0.4713,0.85,0.5544,1058.26,6.1841,3.0842,0.3656,1
MayankSavaliya,1400,1209,420,0.3474,0.7,0.4963,1448.81,6.0426,3.0413,0.3554,1
MayankSavaliya,1200,1130,501,0.4434,0.78,0.5684,1249.7,6.2186,3.4455,0.3279,1
MayankSavaliya,1800,2429,536,0.2207,0.5,0.4413,1853.92,6.286,2.5716,0.2989,1
MayankSavaliya,800,1207,740,0.6131,0.9,0.6812,825.27,6.608,3.3434,0.2676,1
MayankSavaliya,1600,1292,504,0.3901,0.6,0.6502,1656.35,6.2246,4.0219,0.2082,1
MayankSavaliya,2000,1447,367,0.2536,0.42,0.6039,2053.68,5.9081,3.0773,0.1753,1
MayankSavaliya,2600,29,4,0.1379,0.22,0.627,2600.0,1.6094,0.5772,0.107,1
MayankSavaliya,2200,1427,373,0.2614,0.35,0.7468,2235.92,5.9243,3.4624,0.093,1
MayankSavaliya,2400,357,77,0.2157,0.28,0.7703,2429.87,4.3567,2.2833,0.0706,0
MayankSavaliya,3400,1,0,0.0,0.04,0.0,3400.0,0.0,0.0,0.0277,0
MayankSavaliya,2800,15,5,0.3333,0.16,2.0,2900.0,1.7918,1.732,0.0,0
Michi_Numberz,1000,274,159,0.5803,0.85,0.6827,1061.01,5.0752,3.1248,0.2494,1
Michi_Numberz,2000,379,108,0.285,0.42,0.6785,2049.07,4.6913,2.7393,0.1409,1
Michi_Numberz,1400,286,160,0.5594,0.7,0.7992,1446.25,5.0814,4.1113,0.1308,0
Michi_Numberz,1600,348,176,0.5057,0.6,0.8429,1647.73,5.1761,4.3135,0.0894,0
Michi_Numberz,1800,458,189,0.4127,0.5,0.8253,1852.38,5.247,4.0109,0.0857,0
Michi_Numberz,1200,243,171,0.7037,0.78,0.9022,1259.65,5.1475,4.5628,0.0682,0
Michi_Numberz,800,316,278,0.8797,0.9,0.9775,816.19,5.6312,4.0434,0.0176,0
Michi_Numberz,2200,270,95,0.3519,0.35,1.0053,2249.47,4.5643,3.6126,0.0,0
Michi_Numberz,2400,129,53,0.4109,0.28,1.4673,2435.85,3.989,3.9921,0.0,0
Michi_Numberz,2600,53,18,0.3396,0.22,1.5437,2633.33,2.9444,2.6333,0.0,0
Michi_Numberz,3000,7,5,0.7143,0.11,2.0,3000.0,1.7918,3.8395,0.0,0
Mina7akim,1000,1151,574,0.4987,0.85,0.5867,1058.71,6.3544,3.355,0.3367,1
Mina7akim,1200,1371,646,0.4712,0.78,0.6041,1250.93,6.4723,3.815,0.2985,1
Mina7akim,1400,1698,700,0.4122,0.7,0.5889,1447.29,6.5525,3.9095,0.2834,1
Mina7akim,1600,2065,777,0.3763,0.6,0.6271,1655.47,6.6567,4.1465,0.223,1
Mina7akim,800,1676,1125,0.6712,0.9,0.7458,818.13,7.0264,3.8587,0.2116,1
Mina7akim,1800,2072,617,0.2978,0.5,0.5956,1853.97,6.4265,3.5479,0.2079,1
Mina7akim,2000,1758,403,0.2292,0.42,0.5458,2046.65,6.0014,2.8157,0.2036,1
Mina7akim,2200,1575,339,0.2152,0.35,0.615,2234.22,5.8289,2.8031,0.1453,1
Mina7akim,2600,345,46,0.1333,0.22,0.6061,2656.52,3.8501,1.3637,0.1045,1
Mina7akim,2400,803,168,0.2092,0.28,0.7472,2429.17,5.1299,2.6071,0.0772,1
Mina7akim,2800,35,8,0.2286,0.16,1.4286,2800.0,2.1972,1.4062,0.0,0
Mina7akim,3400,6,6,1.0,0.04,2.0,3500.0,1.9459,6.8107,0.0,0
Misuki,1000,822,653,0.7944,0.85,0.9346,1056.66,6.4831,5.442,0.0499,0
Misuki,1400,1294,841,0.6499,0.7,0.9285,1449.82,6.7358,6.3469,0.0464,0
Misuki,1200,1114,819,0.7352,0.78,0.9425,1252.38,6.7093,6.1775,0.0408,0
Misuki,800,1275,1144,0.8973,0.9,0.9969,823.86,7.0432,5.2064,0.0024,0
Misuki,1600,1647,1029,0.6248,0.6,1.0413,1659.09,6.9373,7.1909,0.0,0
Misuki,1800,2172,1165,0.5364,0.5,1.0727,1857.77,7.0613,7.0363,0.0,0
Misuki,2000,2245,1046,0.4659,0.42,1.1093,2049.81,6.9537,6.6412,0.0,0
Misuki,2200,2045,1047,0.512,0.35,1.4628,2251.58,6.9546,8.017,0.0,0
Misuki,2400,3183,1441,0.4527,0.28,1.6168,2449.13,7.2738,8.0649,0.0,0
Misuki,2600,2240,946,0.4223,0.22,1.9196,2642.71,6.8533,7.6488,0.0,0
Misuki,2800,885,313,0.3537,0.16,2.0,2828.75,5.7494,5.752,0.0,0
Misuki,3000,250,66,0.264,0.11,2.0,3024.24,4.2047,3.357,0.0,0
Misuki,3200,20,4,0.2,0.07,2.0,3300.0,1.6094,1.0622,0.0,0
Misuki,3400,21,6,0.2857,0.04,2.0,3500.0,1.9459,1.9459,0.0,0
Mitsubachi,3200,40,0,0.0,0.07,0.0,3200.0,0.0,0.0,0.26,1
Mitsubachi,1000,309,185,0.5987,0.85,0.7044,1054.05,5.2257,3.2978,0.2315,1
Mitsubachi,1800,636,201,0.316,0.5,0.6321,1851.74,5.3083,3.1065,0.1883,1
Mitsubachi,1400,396,215,0.5429,0.7,0.7756,1446.51,5.3753,4.2215,0.1474,0
Mitsubachi,800,515,401,0.7786,0.9,0.8652,823.44,5.9965,3.8447,0.1083,0
Mitsubachi,1600,613,299,0.4878,0.6,0.8129,1662.21,5.7038,4.6244,0.1075,0
Mitsubachi,2400,401,79,0.197,0.28,0.7036,2435.44,4.382,2.1025,0.0925,1
Mitsubachi,2200,423,112,0.2648,0.35,0.7565,2234.82,4.7274,2.7973,0.09,0
Mitsubachi,2600,251,40,0.1594,0.22,0.7244,2662.5,3.7136,1.5757,0.0711,1
Mitsubachi,1200,275,199,0.7236,0.78,0.9277,1243.72,5.2983,4.7685,0.0503,0
Mitsubachi,2000,485,193,0.3979,0.42,0.9475,2043.52,5.2679,4.2838,0.0218,0
Mitsubachi,2800,63,10,0.1587,0.16,0.9921,2850.0,2.3979,1.0848,0.0016,0
Mitsubachi,3000,45,12,0.2667,0.11,2.0,3100.0,2.5649,2.1204,0.0,0
MoSooN,1600,507,157,0.3097,0.6,0.5161,1638.85,5.0626,2.5692,0.2984,1
MoSooN,1800,798,184,0.2306,0.5,0.4612,1857.07,5.2204,2.2353,0.2895,1
MoSooN,1200,545,286,0.5248,0.78,0.6728,1252.45,5.6595,3.7197,0.2416,1
MoSooN,1000,403,251,0.6228,0.85,0.7327,1052.99,5.5294,3.6264,0.2088,1
MoSooN,1400,493,248,0.503,0.7,0.7186,1439.52,5.5175,3.9954,0.1874,1
MoSooN,2000,223,55,0.2466,0.42,0.5872,2016.36,4.0254,2.0018,0.1867,1
MoSooN,800,763,571,0.7484,0.9,0.8315,816.64,6.3491,3.8802,0.137,0
MoSooN,2200,146,40,0.274,0.35,0.7828,2230.0,3.7136,2.2688,0.0805,0
MoSooN,2400,78,23,0.2949,0.28,1.0531,2443.48,3.1781,2.2898,0.0,0
More,3400,40,0,0.0,0.04,0.0,3400.0,0.0,0.0,0.1485,1
More,1800,1144,489,0.4274,0.5,0.8549,1859.92,6.1944,4.9247,0.071,0
More,2400,729,169,0.2318,0.28,0.8279,2445.56,5.1358,2.9117,0.0518,0
More,2000,1064,394,0.3703,0.42,0.8817,2048.22,5.9789,4.5347,0.0496,0
More,1000,395,316,0.8,0.85,0.9412,1062.97,5.7589,4.8973,0.0442,0
More,1400,585,387,0.6615,0.7,0.9451,1448.32,5.961,5.7114,0.0352,0
More,2600,364,69,0.1896,0.22,0.8616,2656.52,4.2485,2.1394,0.0342,0
More,1200,484,361,0.7459,0.78,0.9562,1252.35,5.8916,5.5033,0.0306,0
More,800,673,595,0.8841,0.9,0.9823,818.15,6.3902,4.6222,0.014,0
More,2200,1130,380,0.3363,0.35,0.9608,2241.84,5.9428,4.4802,0.0139,0
More,1600,616,408,0.6623,0.6,1.1039,1655.15,6.0137,6.5926,0.0,0
More,2800,237,42,0.1772,0.16,1.1076,2842.86,3.7612,1.8949,0.0,0
More,3000,18,3,0.1667,0.11,1.5152,3100.0,1.3863,0.7163,0.0,0
MrAndria,1000,1042,523,0.5019,0.85,0.5905,1062.33,6.2615,3.3387,0.3331,1
MrAndria,1200,1138,567,0.4982,0.78,0.6388,1254.5,6.3421,3.9641,0.2701,1
MrAndria,1400,1290,586,0.4543,0.7,0.6489,1453.75,6.375,4.21,0.2387,1
MrAndria,1600,1588,575,0.3621,0.6,0.6035,1657.04,6.3561,3.8137,0.2384,1
MrAndria,3000,7,0,0.0,0.11,0.0,3000.0,0.0,0.0,0.2287,0
MrAndria,800,1413,964,0.6822,0.9,0.758,817.43,6.8721,3.8324,0.2007,0
MrAndria,3200,12,0,0.0,0.07,0.0,3200.0,0.0,0.0,0.1795,0
MrAndria,2400,786,115,0.1463,0.28,0.5225,2429.57,4.7536,1.6898,0.1549,1
MrAndria,1800,1374,494,0.3595,0.5,0.7191,1847.98,6.2046,4.1224,0.1409,1
MrAndria,2000,1306,402,0.3078,0.42,0.7329,2054.73,5.9989,3.7941,0.115,1
MrAndria,2200,1053,279,0.265,0.35,0.757,2240.5,5.6348,3.345,0.0892,0
MrAndria,3400,4,0,0.0,0.04,0.0,3400.0,0.0,0.0,0.0644,0
MrAndria,2800,19,3,0.1579,0.16,0.9868,2866.67,1.3863,0.6275,0.0026,0
MrAndria,2600,272,76,0.2794,0.22,1.2701,2661.84,4.3438,3.2307,0.0,0
MrPython,1200,601,256,0.426,0.78,0.5461,1250.78,5.5491,2.9564,0.346,1
MrPython,1000,384,208,0.5417,0.85,0.6373,1061.54,5.3423,3.0718,0.2894,1
MrPython,800,658,414,0.6292,0.9,0.6991,816.91,6.0283,3.0984,0.2501,1
MrPython,1400,534,255,0.4775,0.7,0.6822,1446.67,5.5452,3.8307,0.2135,1
MrPython,1600,719,284,0.395,0.6,0.6583,1653.17,5.6525,3.691,0.2028,1
MrPython,1800,823,286,0.3475,0.5,0.695,1855.24,5.6595,3.6488,0.1537,1
MrPython,2000,757,220,0.2906,0.42,0.692,2045.45,5.3982,3.2089,0.1341,1
MrPython,2400,560,113,0.2018,0.28,0.7207,2440.71,4.7362,2.3326,0.0863,1
MrPython,2600,258,49,0.1899,0.22,0.8633,2632.65,3.912,1.956,0.034,0
MrPython,2200,597,215,0.3601,0.35,1.029,2245.58,5.3753,4.347,0.0,0
MrPython,2800,109,19,0.1743,0.16,1.0894,2800.0,2.9957,1.4621,0.0,0
MrPython,3000,50,11,0.22,0.11,2.0,3045.45,2.4849,1.6649,0.0,0
MrPython,3200,44,8,0.1818,0.07,2.0,3237.5,2.1972,1.2934,0.0,0
Mr_Turtle_,1400,978,377,0.3855,0.7,0.5507,1441.38,5.9349,3.2976,0.3123,1
Mr_Turtle_,1000,704,382,0.5426,0.85,0.6384,1062.57,5.948,3.4294,0.2901,1
Mr_Turtle_,1600,1280,410,0.3203,0.6,0.5339,1652.93,6.0186,3.1866,0.2851,1
Mr_Turtle_,2400,53,5,0.0943,0.28,0.3369,2500.0,1.7918,0.4226,0.2653,1
Mr_Turtle_,1200,776,416,0.5361,0.78,0.6873,1254.57,6.0331,4.0576,0.2308,1
Mr_Turtle_,1800,1264,379,0.2998,0.5,0.5997,1855.94,5.9402,3.3056,0.206,1
Mr_Turtle_,2200,612,104,0.1699,0.35,0.4855,2217.31,4.654,1.7536,0.2044,1
Mr_Turtle_,2000,927,258,0.2783,0.42,0.6627,2041.86,5.5568,3.1579,0.1477,1
Mr_Turtle_,800,975,751,0.7703,0.9,0.8558,818.11,6.6227,4.1733,0.1172,0
Mr_Turtle_,2600,51,8,0.1569,0.22,0.713,2662.5,2.1972,0.9177,0.078,1
Mr_Turtle_,2800,32,10,0.3125,0.16,1.9531,2800.0,2.3979,2.0982,0.0,0
Musa_82FaGm,2400,6,0,0.0,0.28,0.0,2400.0,0.0,0.0,0.5449,0
Musa_82FaGm,800,471,220,0.4671,0.9,0.519,808.18,5.3982,2.0378,0.4166,1
Musa_82FaGm,1000,150,64,0.4267,0.85,0.502,1035.94,4.1744,1.8451,0.4105,1
Musa_82FaGm,1800,56,11,0.1964,0.5,0.3929,1863.64,2.4849,0.9097,0.3522,1
Musa_82FaGm,1200,65,30,0.4615,0.78,0.5917,1270.0,3.434,2.0128,0.3009,1
Musa_82FaGm,1400,24,10,0.4167,0.7,0.5952,1440.0,2.3979,1.4387,0.2684,1
Musa_82FaGm,2600,22,4,0.1818,0.22,0.8264,2600.0,1.6094,0.7608,0.0459,0
Musa_82FaGm,1600,25,14,0.56,0.6,0.9333,1628.57,2.7081,2.4697,0.0351,0
Musa_82FaGm,2000,16,16,1.0,0.42,2.0,2037.5,2.8332,5.7727,0.0,0
Musa_82FaGm,2200,18,18,1.0,0.35,2.0,2266.67,2.9444,6.6741,0.0,0
Musa_82FaGm,2800,6,3,0.5,0.16,2.0,2800.0,1.3863,1.9408,0.0,0
MvKaio,1000,1150,648,0.5635,0.85,0.6629,1055.56,6.4754,3.8515,0.2702,1
MvKaio,1400,1773,769,0.4337,0.7,0.6196,1446.81,6.6464,4.1708,0.2605,1
MvKaio,1200,1314,673,0.5122,0.78,0.6566,1249.78,6.5132,4.1692,0.256,1
MvKaio,1600,2049,842,0.4109,0.6,0.6849,1654.04,6.737,4.5791,0.1863,1
MvKaio,800,1646,1176,0.7145,0.9,0.7938,823.3,7.0707,4.1591,0.1703,0
MvKaio,1800,1964,718,0.3656,0.5,0.7312,1853.06,6.5779,4.4561,0.1345,1
MvKaio,2000,1990,600,0.3015,0.42,0.7179,2049.0,6.3986,3.953,0.1217,1
MvKaio,2200,1568,409,0.2608,0.35,0.7453,2240.1,6.0162,3.5153,0.0935,1
MvKaio,2800,405,43,0.1062,0.16,0.6636,2846.51,3.7842,1.1437,0.0676,1
MvKaio,2600,418,70,0.1675,0.22,0.7612,2634.29,4.2627,1.8805,0.0603,0
MvKaio,2400,1276,293,0.2296,0.28,0.8201,2452.56,5.6836,3.2008,0.0539,0
MvKaio,3000,150,19,0.1267,0.11,1.1515,3010.53,2.9957,1.1424,0.0,0
MvKaio,3200,56,9,0.1607,0.07,2.0,3200.0,2.3026,1.1842,0.0,0
MvKaio,3400,44,6,0.1364,0.04,2.0,3433.33,1.9459,0.911,0.0,0
NabilaZaraWidyana,1000,108,76,0.7037,0.85,0.8279,1063.16,4.3438,3.2498,0.1284,0
NabilaZaraWidyana,800,121,98,0.8099,0.9,0.8999,819.39,4.5951,3.0495,0.0773,0
NabilaZaraWidyana,3400,4,0,0.0,0.04,0.0,3400.0,0.0,0.0,0.0644,0
NabilaZaraWidyana,1200,141,116,0.8227,0.78,1.0547,1250.86,4.7622,4.9006,0.0,0
NabilaZaraWidyana,1400,71,57,0.8028,0.7,1.1469,1443.86,4.0604,4.7067,0.0,0
NabilaZaraWidyana,1600,53,32,0.6038,0.6,1.0063,1625.0,3.4965,3.4305,0.0,0
NabilaZaraWidyana,1800,69,51,0.7391,0.5,1.4783,1845.1,3.9512,5.3886,0.0,0
NabilaZaraWidyana,2000,44,25,0.5682,0.42,1.3528,2044.0,3.2581,3.7838,0.0,0
NabilaZaraWidyana,2200,32,22,0.6875,0.35,1.9643,2236.36,3.1355,4.8208,0.0,0
NabilaZaraWidyana,2400,48,40,0.8333,0.28,2.0,2435.0,3.7136,7.5355,0.0,0
NabilaZaraWidyana,2600,54,31,0.5741,0.22,2.0,2658.06,3.4657,5.2885,0.0,0
NabilaZaraWidyana,2800,5,5,1.0,0.16,2.0,2800.0,1.7918,5.0169,0.0,0
Nachia,800,324,282,0.8704,0.9,0.9671,822.34,5.6454,4.0407,0.0258,0
Nachia,1000,172,149,0.8663,0.85,1.0192,1060.4,5.0106,4.6028,0.0,0
Nachia,1200,347,280,0.8069,0.78,1.0345,1248.93,5.6384,5.6822,0.0,0
Nachia,1400,325,229,0.7046,0.7,1.0066,1460.7,5.4381,5.597,0.0,0
Nachia,1600,484,311,0.6426,0.6,1.0709,1653.05,5.743,6.1002,0.0,0
Nachia,1800,676,412,0.6095,0.5,1.2189,1857.04,6.0234,6.8174,0.0,0
Nachia,2000,686,361,0.5262,0.42,1.253,2044.88,5.8916,6.34,0.0,0
Nachia,2200,473,266,0.5624,0.35,1.6068,2248.87,5.5872,7.0662,0.0,0
Nachia,2400,574,242,0.4216,0.28,1.5057,2449.17,5.4931,5.672,0.0,0
Nachia,2600,387,150,0.3876,0.22,1.7618,2627.33,5.0173,5.1093,0.0,0
Nachia,2800,286,157,0.549,0.16,2.0,2838.85,5.0626,7.8895,0.0,0
Nachia,3000,271,111,0.4096,0.11,2.0,3041.44,4.7185,5.8781,0.0,0
Nachia,3200,75,37,0.4933,0.07,2.0,3264.86,3.6376,5.8589,0.0,0
Nachia,3400,190,59,0.3105,0.04,2.0,3459.32,4.0943,4.3982,0.0,0
Namine,2800,16,0,0.0,0.16,0.0,2800.0,0.0,0.0,0.4533,0
Namine,1400,346,130,0.3757,0.7,0.5367,1435.38,4.8752,2.6292,0.3228,1
Namine,1000,151,81,0.5364,0.85,0.6311,1072.84,4.4067,2.5361,0.2914,1
Namine,1600,293,136,0.4642,0.6,0.7736,1669.85,4.92,3.8134,0.1304,0
Namine,1200,183,117,0.6393,0.78,0.8197,1262.39,4.7707,3.8504,0.1271,0
Namine,3000,2,0,0.0,0.11,0.0,3000.0,0.0,0.0,0.1208,0
Namine,2000,565,176,0.3115,0.42,0.7417,2061.93,5.1761,3.3246,0.1113,1
Namine,2600,449,60,0.1336,0.22,0.6074,2611.67,4.1109,1.4347,0.1032,1
Namine,800,247,200,0.8097,0.9,0.8997,817.0,5.3033,3.5083,0.079,0
Namine,1800,475,200,0.4211,0.5,0.8421,1850.5,5.3033,4.1321,0.0772,0
Namine,2200,844,285,0.3377,0.35,0.9648,2250.88,5.656,4.299,0.0125,0
Namine,2400,768,239,0.3112,0.28,1.1114,2432.22,5.4806,4.1483,0.0,0
NanYan,1400,42,18,0.4286,0.7,0.6122,1433.33,2.9444,1.8087,0.2588,1
NanYan,1000,30,21,0.7,0.85,0.8235,1057.14,3.091,2.2874,0.1259,0
NanYan,1200,45,30,0.6667,0.78,0.8547,1246.67,3.434,2.854,0.0979,0
NanYan,800,62,50,0.8065,0.9,0.8961,812.0,3.9318,2.5747,0.0786,0
NanYan,2400,63,14,0.2222,0.28,0.7937,2450.0,2.7081,1.4744,0.0648,0
NanYan,1600,31,22,0.7097,0.6,1.1828,1686.36,3.1355,3.7525,0.0,0
NanYan,1800,20,20,1.0,0.5,2.0,1855.0,3.0445,5.6476,0.0,0
NanYan,2000,13,9,0.6923,0.42,1.6484,2000.0,2.3026,3.1882,0.0,0
NanYan,2200,22,15,0.6818,0.35,1.9481,2253.33,2.7726,4.2597,0.0,0
NanYan,2600,9,9,1.0,0.22,2.0,2655.56,2.3026,6.1146,0.0,0
Nanani,1200,638,262,0.4107,0.78,0.5265,1251.91,5.5722,2.8647,0.363,1
Nanani,1600,964,359,0.3724,0.6,0.6207,1651.81,5.8861,3.6208,0.2271,1
Nanani,1400,538,255,0.474,0.7,0.6771,1446.67,5.5452,3.8023,0.2172,1
Nanani,800,724,490,0.6768,0.9,0.752,817.96,6.1964,3.4303,0.2043,0
Nanani,1000,435,276,0.6345,0.85,0.7465,1063.77,5.624,3.7959,0.1977,1
Nanani,2000,1173,361,0.3078,0.42,0.7328,2051.8,5.8916,3.7203,0.1151,1
Nanani,1800,922,364,0.3948,0.5,0.7896,1856.59,5.8999,4.3245,0.1041,0
Nanani,3200,62,4,0.0645,0.07,0.9217,3200.0,1.6094,0.3323,0.0087,0
Nanani,2400,654,179,0.2737,0.28,0.9775,2444.69,5.193,3.4747,0.0066,0
Nanani,2200,605,233,0.3851,0.35,1.1004,2249.79,5.4553,4.7267,0.0,0
Nanani,2600,199,82,0.4121,0.22,1.873,2610.98,4.4188,4.7541,0.0,0
Nanani,2800,231,40,0.1732,0.16,1.0823,2817.5,3.7136,1.8118,0.0,0
Nanani,3000,19,12,0.6316,0.11,2.0,3041.67,2.5649,4.9274,0.0,0
Natsuzora,1200,247,166,0.6721,0.78,0.8616,1257.83,5.118,4.3265,0.0973,0
Natsuzora,1400,257,159,0.6187,0.7,0.8838,1447.17,5.0752,4.544,0.0743,0
Natsuzora,2400,328,91,0.2774,0.28,0.9909,2440.66,4.5218,3.0619,0.0027,0
Natsuzora,800,210,194,0.9238,0.9,1.0265,813.4,5.273,3.9623,0.0,0
Natsuzora,1000,109,95,0.8716,0.85,1.0254,1056.84,4.5643,4.2042,0.0,0
Natsuzora,1600,248,161,0.6492,0.6,1.082,1664.6,5.0876,5.4979,0.0,0
Natsuzora,1800,359,225,0.6267,0.5,1.2535,1863.11,5.4205,6.3295,0.0,0
Natsuzora,2000,465,203,0.4366,0.42,1.0394,2045.81,5.3181,4.7497,0.0,0
Natsuzora,2200,282,133,0.4716,0.35,1.3475,2265.41,4.8978,5.233,0.0,0
Natsuzora,2600,60,14,0.2333,0.22,1.0606,2600.0,2.7081,1.6429,0.0,0
Natsuzora,3000,3,3,1.0,0.11,2.0,3000.0,1.3863,4.1589,0.0,0
Neil_Qian,1600,307,101,0.329,0.6,0.5483,1653.47,4.625,2.5159,0.2761,1
Neil_Qian,1400,160,75,0.4688,0.7,0.6696,1445.33,4.3307,2.9341,0.2204,1
Neil_Qian,800,142,107,0.7535,0.9,0.8372,819.63,4.6821,2.8917,0.1279,0
Neil_Qian,1800,377,142,0.3767,0.5,0.7533,1850.7,4.9628,3.4595,0.1228,0
Neil_Qian,1200,114,74,0.6491,0.78,0.8322,1267.57,4.3175,3.5525,0.1168,0
Neil_Qian,1000,79,58,0.7342,0.85,0.8637,1062.07,4.0775,3.1794,0.1,0
Neil_Qian,2000,572,206,0.3601,0.42,0.8575,2043.69,5.3327,3.925,0.06,0
Neil_Qian,2200,540,179,0.3315,0.35,0.9471,2268.72,5.193,3.9053,0.0188,0
Neil_Qian,2400,496,182,0.3669,0.28,1.3105,2442.31,5.2095,4.6686,0.0,0
Neil_Qian,2600,454,119,0.2621,0.22,1.1914,2647.06,4.7875,3.3217,0.0,0
Neil_Qian,2800,301,121,0.402,0.16,2.0,2838.02,4.804,5.4807,0.0,0
Neil_Qian,3000,123,41,0.3333,0.11,2.0,3041.46,3.7377,3.7893,0.0,0
Neil_Qian,3200,197,29,0.1472,0.07,2.0,3237.93,3.4012,1.6212,0.0,0
Neil_Qian,3400,15,13,0.8667,0.04,2.0,3476.92,2.6391,7.9524,0.0,0
NetFriendMutsumi,1200,49,25,0.5102,0.78,0.6541,1280.0,3.2581,2.1277,0.2479,1
NetFriendMutsumi,1000,38,31,0.8158,0.85,0.9598,1061.29,3.4657,3.0006,0.0281,0
NetFriendMutsumi,1800,44,21,0.4773,0.5,0.9545,1814.29,3.091,2.6766,0.0211,0
NetFriendMutsumi,800,42,37,0.881,0.9,0.9788,816.22,3.6376,2.6156,0.0154,0
NetFriendMutsumi,1400,17,13,0.7647,0.7,1.0924,1500.0,2.6391,3.0272,0.0,0
NetFriendMutsumi,1600,41,33,0.8049,0.6,1.3415,1651.52,3.5264,4.6875,0.0,0
NetFriendMutsumi,2000,72,33,0.4583,0.42,1.0913,2039.39,3.5264,3.2962,0.0,0
NetFriendMutsumi,2200,44,22,0.5,0.35,1.4286,2277.27,3.1355,3.5702,0.0,0
NetFriendMutsumi,2400,43,19,0.4419,0.28,1.5781,2431.58,2.9957,3.2187,0.0,0
Network_Error,800,373,190,0.5094,0.9,0.566,820.53,5.2523,2.1953,0.3701,1
Network_Error,1400,407,158,0.3882,0.7,0.5546,1451.27,5.0689,2.8558,0.3088,1
Network_Error,1000,164,89,0.5427,0.85,0.6385,1059.55,4.4998,2.5874,0.2853,1
Network_Error,1200,259,141,0.5444,0.78,0.698,1252.48,4.9558,3.3791,0.22,1
Network_Error,1600,451,183,0.4058,0.6,0.6763,1662.3,5.2149,3.5175,0.1911,1
Network_Error,2000,817,244,0.2987,0.42,0.7111,2038.93,5.5013,3.3499,0.1252,1
Network_Error,2200,879,240,0.273,0.35,0.7801,2254.58,5.4848,3.3764,0.0805,0
Network_Error,1800,620,267,0.4306,0.5,0.8613,1856.55,5.591,4.4701,0.0677,0
Network_Error,2400,1020,336,0.3294,0.28,1.1765,2446.73,5.8201,4.6909,0.0,0
Network_Error,2600,1034,283,0.2737,0.22,1.2441,2642.4,5.649,4.0854,0.0,0
Network_Error,2800,803,272,0.3387,0.16,2.0,2842.28,5.6095,5.4006,0.0,0
Network_Error,3000,928,220,0.2371,0.11,2.0,3044.09,5.3982,3.8956,0.0,0
Network_Error,3200,715,155,0.2168,0.07,2.0,3252.9,5.0499,3.561,0.0,0
Network_Error,3400,435,127,0.292,0.04,2.0,3459.06,4.852,4.9,0.0,0
NickMish,1200,178,104,0.5843,0.78,0.7491,1243.27,4.654,3.3807,0.1796,1
NickMish,1800,475,179,0.3768,0.5,0.7537,1862.57,5.193,3.6449,0.1226,0
NickMish,1000,102,73,0.7157,0.85,0.842,1057.53,4.3041,3.2576,0.1174,0
NickMish,1400,163,101,0.6196,0.7,0.8852,1438.61,4.625,4.1228,0.0729,0
NickMish,2000,353,144,0.4079,0.42,0.9713,2051.39,4.9767,4.1647,0.0119,0
NickMish,800,177,157,0.887,0.9,0.9856,819.11,5.0626,3.6782,0.0111,0
NickMish,1600,187,121,0.6471,0.6,1.0784,1648.76,4.804,5.1251,0.0,0
NickMish,2200,352,132,0.375,0.35,1.0714,2265.15,4.8903,4.154,0.0,0
NickMish,2400,340,118,0.3471,0.28,1.2395,2459.32,4.7791,4.0791,0.0,0
NickMish,2600,336,81,0.2411,0.22,1.0958,2653.09,4.4067,2.8185,0.0,0
NickMish,2800,266,88,0.3308,0.16,2.0,2846.59,4.4886,4.2271,0.0,0
NickMish,3000,126,28,0.2222,0.11,2.0,3042.86,3.3673,2.2769,0.0,0
NickMish,3200,105,19,0.181,0.07,2.0,3231.58,2.9957,1.7518,0.0,0
NickMish,3400,63,8,0.127,0.04,2.0,3450.0,2.1972,0.9626,0.0,0
Nika_Tamliani,1000,1751,769,0.4392,0.85,0.5167,1050.33,6.6464,3.0658,0.4013,1
Nika_Tamliani,1200,2152,948,0.4405,0.78,0.5648,1252.74,6.8554,3.7832,0.3317,1
Nika_Tamliani,800,2134,1258,0.5895,0.9,0.655,824.8,7.1381,3.4707,0.2925,1
Nika_Tamliani,1400,2483,1050,0.4229,0.7,0.6041,1453.05,6.9575,4.2751,0.2723,1
Nika_Tamliani,1600,2663,1060,0.398,0.6,0.6634,1654.43,6.967,4.588,0.1999,1
Nika_Tamliani,1800,3447,1197,0.3473,0.5,0.6945,1854.22,7.0884,4.5642,0.1538,1
Nika_Tamliani,2000,3319,949,0.2859,0.42,0.6808,2047.95,6.8565,4.0149,0.1384,1
Nika_Tamliani,2400,3956,862,0.2179,0.28,0.7782,2439.91,6.7604,3.5942,0.0663,0
Nika_Tamliani,2200,2751,854,0.3104,0.35,0.887,2244.5,6.7511,4.7039,0.0404,0
Nika_Tamliani,2600,1709,336,0.1966,0.22,0.8937,2630.06,5.8201,3.0095,0.0255,0
Nika_Tamliani,3200,50,3,0.06,0.07,0.8571,3200.0,1.3863,0.2662,0.0165,0
Nika_Tamliani,2800,424,64,0.1509,0.16,0.9434,2820.31,4.1744,1.7771,0.0106,0
Nika_Tamliani,3000,166,23,0.1386,0.11,1.2596,3043.48,3.1781,1.3401,0.0,0
Nikrien,1600,247,56,0.2267,0.6,0.3779,1657.14,4.0431,1.519,0.4081,1
Nikrien,2000,338,61,0.1805,0.42,0.4297,2036.07,4.1271,1.5165,0.2722,1
Nikrien,1800,366,104,0.2842,0.5,0.5683,1840.38,4.654,2.4338,0.2254,1
Nikrien,2400,333,40,0.1201,0.28,0.429,2450.0,3.7136,1.0929,0.1971,1
Nikrien,1200,159,90,0.566,0.78,0.7257,1253.33,4.5109,3.2002,0.197,1
Nikrien,1000,201,128,0.6368,0.85,0.7492,1063.28,4.8598,3.2906,0.1931,1
Nikrien,800,328,238,0.7256,0.9,0.8062,814.29,5.4765,3.2358,0.1561,0
Nikrien,2200,176,52,0.2955,0.35,0.8442,2225.0,3.9703,2.61,0.0568,0
Nikrien,1400,159,107,0.673,0.7,0.9614,1458.88,4.6821,4.5967,0.0242,0
Nikrien,2600,85,18,0.2118,0.22,0.9626,2616.67,2.9444,1.6316,0.0093,0
Nikrien,2800,125,21,0.168,0.16,1.05,2828.57,3.091,1.4689,0.0,0
Nikrien,3000,15,6,0.4,0.11,2.0,3000.0,1.9459,2.3351,0.0,0
Nikrien,3200,13,5,0.3846,0.07,2.0,3240.0,1.7918,2.2328,0.0,0
Nikrien,3400,3,3,1.0,0.04,2.0,3500.0,1.3863,4.852,0.0,0
Noobish_Monk,1200,765,439,0.5739,0.78,0.7357,1257.86,6.0868,4.3936,0.1932,1
Noobish_Monk,800,909,650,0.7151,0.9,0.7945,818.46,6.4785,3.7916,0.1685,0
Noobish_Monk,1600,1099,507,0.4613,0.6,0.7689,1661.54,6.2305,4.7758,0.1343,0
Noobish_Monk,1000,428,301,0.7033,0.85,0.8274,1056.48,5.7104,4.2428,0.1325,0
Noobish_Monk,1400,806,457,0.567,0.7,0.81,1438.51,6.1269,4.9973,0.1249,0
Noobish_Monk,2000,2232,705,0.3159,0.42,0.752,2050.78,6.5596,4.2491,0.1062,0
Noobish_Monk,1800,1952,794,0.4068,0.5,0.8135,1860.83,6.6783,5.0549,0.092,0
Noobish_Monk,2200,2476,782,0.3158,0.35,0.9024,2245.4,6.6631,4.7253,0.0348,0
Noobish_Monk,2400,2011,653,0.3247,0.28,1.1597,2446.55,6.4831,5.1504,0.0,0
Noobish_Monk,2600,1238,382,0.3086,0.22,1.4026,2637.7,5.948,4.8411,0.0,0
Noobish_Monk,2800,986,221,0.2241,0.16,1.4009,2842.08,5.4027,3.4416,0.0,0
Noobish_Monk,3000,711,112,0.1575,0.11,1.432,3035.71,4.7274,2.2606,0.0,0
Noobish_Monk,3200,286,65,0.2273,0.07,2.0,3230.77,4.1897,3.0763,0.0,0
Noobish_Monk,3400,239,31,0.1297,0.04,2.0,3464.52,3.4657,1.5574,0.0,0
NotDWT,800,825,549,0.6655,0.9,0.7394,816.58,6.3099,3.4288,0.2155,1
NotDWT,1000,493,306,0.6207,0.85,0.7302,1063.07,5.7268,3.7788,0.2114,1
NotDWT,1400,628,313,0.4984,0.7,0.712,1446.96,5.7494,4.1463,0.1925,1
NotDWT,1200,561,333,0.5936,0.78,0.761,1250.45,5.8111,4.3133,0.1733,0
NotDWT,1800,1110,382,0.3441,0.5,0.6883,1853.66,5.948,3.7944,0.1573,1
NotDWT,2400,530,81,0.1528,0.28,0.5458,2445.68,4.4067,1.6471,0.1476,1
NotDWT,2000,763,247,0.3237,0.42,0.7708,2048.58,5.5134,3.6563,0.0981,0
NotDWT,1600,596,336,0.5638,0.6,0.9396,1653.57,5.8201,5.4256,0.034,0
NotDWT,2200,563,182,0.3233,0.35,0.9236,2235.16,5.2095,3.7642,0.0273,0
NotDWT,2600,180,42,0.2333,0.22,1.0606,2642.86,3.7612,2.3194,0.0,0
NotDWT,2800,15,3,0.2,0.16,1.25,2900.0,1.3863,0.8041,0.0,0
NotDWT,3000,27,13,0.4815,0.11,2.0,3015.38,2.6391,3.8315,0.0,0
NotDWT,3400,44,8,0.1818,0.04,2.0,3450.0,2.1972,1.3783,0.0,0
NotNanYan,1600,57,15,0.2632,0.6,0.4386,1620.0,2.7726,1.182,0.3625,1
NotNanYan,1000,28,18,0.6429,0.85,0.7563,1055.56,2.9444,1.998,0.1768,0
NotNanYan,2000,31,11,0.3548,0.42,0.8449,2063.64,2.4849,1.8196,0.0648,0
NotNanYan,1200,22,17,0.7727,0.78,0.9907,1252.94,2.8904,2.7984,0.0059,0
NotNanYan,800,37,34,0.9189,0.9,1.021,823.53,3.5553,2.6905,0.0,0
NotNanYan,1400,15,11,0.7333,0.7,1.0476,1463.64,2.4849,2.6671,0.0,0
NotNanYan,1800,7,7,1.0,0.5,2.0,1800.0,2.0794,3.743,0.0,0
NotNanYan,2200,18,13,0.7222,0.35,2.0,2200.0,2.6391,4.1932,0.0,0
NotNanYan,2600,21,9,0.4286,0.22,1.9481,2700.0,2.3026,2.6644,0.0,0
NotNanYan,2800,4,4,1.0,0.16,2.0,2900.0,1.6094,4.6674,0.0,0
NotOnlySuccess,1000,277,166,0.5993,0.85,0.705,1053.61,5.118,3.2315,0.2306,1
NotOnlySuccess,2200,739,132,0.1786,0.35,0.5103,2238.64,4.8903,1.9555,0.1922,1
NotOnlySuccess,1400,344,172,0.5,0.7,0.7143,1440.7,5.1533,3.7122,0.1899,1
NotOnlySuccess,1600,461,195,0.423,0.6,0.705,1660.0,5.2781,3.7061,0.173,1
NotOnlySuccess,2000,688,177,0.2573,0.42,0.6125,2044.63,5.1818,2.7257,0.172,1
NotOnlySuccess,1200,333,198,0.5946,0.78,0.7623,1252.53,5.2933,3.9422,0.1712,0
NotOnlySuccess,1800,864,348,0.4028,0.5,0.8056,1852.3,5.8551,4.3683,0.0959,0
NotOnlySuccess,3000,260,13,0.05,0.11,0.4545,3007.69,2.6391,0.3969,0.0917,1
NotOnlySuccess,800,296,241,0.8142,0.9,0.9047,814.52,5.4889,3.6401,0.0753,0
NotOnlySuccess,2400,683,145,0.2123,0.28,0.7582,2461.38,4.9836,2.6042,0.0739,0
NotOnlySuccess,2600,257,49,0.1907,0.22,0.8666,2646.94,3.912,1.9743,0.0332,0
NotOnlySuccess,2800,92,19,0.2065,0.16,1.2908,2821.05,2.9957,1.7453,0.0,0
NotOnlySuccess,3200,15,2,0.1333,0.07,1.9048,3200.0,1.0986,0.4687,0.0,0
Nrtusea,1200,107,48,0.4486,0.78,0.5751,1258.33,3.8918,2.1969,0.3172,1
Nrtusea,1000,72,44,0.6111,0.85,0.719,1059.09,3.8067,2.4638,0.2132,1
Nrtusea,2000,398,108,0.2714,0.42,0.6461,2039.81,4.6913,2.5967,0.1564,1
Nrtusea,800,71,61,0.8592,0.9,0.9546,813.11,4.1271,2.8832,0.0341,0
Nrtusea,1400,74,62,0.8378,0.7,1.1969,1443.55,4.1431,5.011,0.0,0
Nrtusea,1600,875,545,0.6229,0.6,1.0381,1646.42,6.3026,6.4632,0.0,0
Nrtusea,1800,641,339,0.5289,0.5,1.0577,1837.76,5.8289,5.6653,0.0,0
Nrtusea,2200,235,125,0.5319,0.35,1.5198,2248.8,4.8363,5.785,0.0,0
Nrtusea,2400,298,109,0.3658,0.28,1.3063,2430.28,4.7005,4.1784,0.0,0
Nrtusea,2600,177,49,0.2768,0.22,1.2583,2610.2,3.912,2.8268,0.0,0
Nrtusea,2800,16,14,0.875,0.16,2.0,2835.71,2.7081,6.7193,0.0,0
Nrtusea,3000,6,6,1.0,0.11,2.0,3066.67,1.9459,5.9675,0.0,0
Ns6Juruo,1000,208,114,0.5481,0.85,0.6448,1062.28,4.7449,2.7626,0.2808,1
Ns6Juruo,800,208,163,0.7837,0.9,0.8707,809.82,5.0999,3.2365,0.1019,0
Ns6Juruo,1400,159,101,0.6352,0.7,0.9075,1450.5,4.625,4.2614,0.0584,0
Ns6Juruo,1600,219,123,0.5616,0.6,0.9361,1642.28,4.8203,4.4461,0.0355,0
Ns6Juruo,1200,135,102,0.7556,0.78,0.9687,1269.61,4.6347,4.4459,0.0213,0
Ns6Juruo,1800,229,131,0.5721,0.5,1.1441,1853.44,4.8828,5.177,0.0,0
Ns6Juruo,2000,212,118,0.5566,0.42,1.3252,2046.61,4.7791,5.4441,0.0,0
Ns6Juruo,2200,414,168,0.4058,0.35,1.1594,2244.05,5.1299,4.6714,0.0,0
Ns6Juruo,2400,365,169,0.463,0.28,1.6536,2446.75,5.1358,5.8182,0.0,0
Ns6Juruo,2600,399,148,0.3709,0.22,1.686,2656.08,5.0039,4.93,0.0,0
Ns6Juruo,2800,149,102,0.6846,0.16,2.0,2828.43,4.6347,8.974,0.0,0
Ns6Juruo,3000,251,90,0.3586,0.11,2.0,3027.78,4.5109,4.8972,0.0,0
Ns6Juruo,3200,182,40,0.2198,0.07,2.0,3237.5,3.7136,2.6423,0.0,0
Ns6Juruo,3400,156,24,0.1538,0.04,2.0,3466.67,3.2189,1.7167,0.0,0
Nyaan,1000,229,178,0.7773,0.85,0.9145,1058.43,5.1874,4.2677,0.0639,0
Nyaan,1400,560,363,0.6482,0.7,0.926,1449.04,5.8972,5.5391,0.0475,0
Nyaan,2200,1156,372,0.3218,0.35,0.9194,2256.18,5.9216,4.2993,0.0287,0
Nyaan,800,396,357,0.9015,0.9,1.0017,820.73,5.8805,4.351,0.0,0
Nyaan,1200,319,265,0.8307,0.78,1.065,1251.32,5.5835,5.804,0.0,0
Nyaan,1600,636,400,0.6289,0.6,1.0482,1663.0,5.994,6.2692,0.0,0
Nyaan,1800,738,458,0.6206,0.5,1.2412,1852.18,6.1291,7.0451,0.0,0
Nyaan,2000,984,443,0.4502,0.42,1.0719,2051.47,6.0958,5.63,0.0,0
Nyaan,2400,921,387,0.4202,0.28,1.5007,2440.05,5.961,6.1118,0.0,0
Nyaan,2600,742,198,0.2668,0.22,1.2129,2650.51,5.2933,3.7438,0.0,0
Nyaan,2800,847,185,0.2184,0.16,1.3651,2829.19,5.2257,3.2292,0.0,0
Nyaan,3000,298,82,0.2752,0.11,2.0,3051.22,4.4188,3.71,0.0,0
Nyaan,3200,302,71,0.2351,0.07,2.0,3246.48,4.2767,3.2641,0.0,0
Nyaan,3400,210,59,0.281,0.04,2.0,3459.32,4.0943,3.9793,0.0,0
OG_Matveychick1,1000,1330,676,0.5083,0.85,0.598,1060.95,6.5177,3.5146,0.327,1
OG_Matveychick1,800,2187,1349,0.6168,0.9,0.6854,815.72,7.2079,3.6267,0.2653,1
OG_Matveychick1,1400,1607,743,0.4624,0.7,0.6605,1446.57,6.612,4.4223,0.2305,1
OG_Matveychick1,1200,1293,743,0.5746,0.78,0.7367,1252.36,6.612,4.7583,0.1933,1
OG_Matveychick1,1600,2150,883,0.4107,0.6,0.6845,1657.87,6.7845,4.6194,0.1866,1
OG_Matveychick1,2000,3123,908,0.2907,0.42,0.6923,2045.59,6.8123,4.0516,0.1331,1
OG_Matveychick1,1800,2641,975,0.3692,0.5,0.7384,1853.64,6.8835,4.7105,0.1308,1
OG_Matveychick1,2200,3498,957,0.2736,0.35,0.7817,2241.07,6.8648,4.209,0.0793,0
OG_Matveychick1,2600,2435,457,0.1877,0.22,0.8531,2633.48,6.1269,3.0282,0.0354,0
OG_Matveychick1,2400,3368,881,0.2616,0.28,0.9342,2442.11,6.7822,4.3325,0.0192,0
OG_Matveychick1,2800,1357,196,0.1444,0.16,0.9027,2845.92,5.2832,2.1717,0.0179,0
OG_Matveychick1,3000,427,43,0.1007,0.11,0.9155,3037.21,3.7842,1.1574,0.0118,0
OG_Matveychick1,3200,112,17,0.1518,0.07,2.0,3217.65,2.8904,1.4116,0.0,0
OG_Matveychick1,3400,71,14,0.1972,0.04,2.0,3485.71,2.7081,1.8613,0.0,0
OIer_kzc,1000,158,118,0.7468,0.85,0.8786,1062.71,4.7791,3.7931,0.0905,0
OIer_kzc,800,235,192,0.817,0.9,0.9078,816.15,5.2627,3.5092,0.0724,0
OIer_kzc,1400,262,171,0.6527,0.7,0.9324,1440.94,5.1475,4.841,0.0429,0
OIer_kzc,1200,127,106,0.8346,0.78,1.0701,1242.45,4.6728,4.8458,0.0,0
OIer_kzc,1600,356,235,0.6601,0.6,1.1002,1658.72,5.4638,5.9826,0.0,0
OIer_kzc,1800,408,204,0.5,0.5,1.0,1863.24,5.323,4.959,0.0,0
OIer_kzc,2000,421,232,0.5511,0.42,1.3121,2043.53,5.451,6.1386,0.0,0
OIer_kzc,2200,383,226,0.5901,0.35,1.6859,2261.06,5.425,7.238,0.0,0
OIer_kzc,2400,450,201,0.4467,0.28,1.5952,2451.24,5.3083,5.812,0.0,0
OIer_kzc,2600,305,133,0.4361,0.22,1.9821,2627.07,4.8978,5.6108,0.0,0
OIer_kzc,2800,304,101,0.3322,0.16,2.0,2844.55,4.625,4.3709,0.0,0
OIer_kzc,3000,162,46,0.284,0.11,2.0,3050.0,3.8501,3.3344,0.0,0
OIer_kzc,3200,76,25,0.3289,0.07,2.0,3240.0,3.2581,3.4724,0.0,0
OIer_kzc,3400,34,6,0.1765,0.04,2.0,3500.0,1.9459,1.2019,0.0,0
ORzyzRO,1400,457,171,0.3742,0.7,0.5345,1443.27,5.1475,2.7799,0.3247,1
ORzyzRO,1600,474,180,0.3797,0.6,0.6329,1665.56,5.1985,3.288,0.219,1
ORzyzRO,1000,136,84,0.6176,0.85,0.7266,1045.24,4.4427,2.8681,0.21,1
ORzyzRO,800,426,289,0.6784,0.9,0.7538,822.49,5.6699,3.1637,0.2012,0
ORzyzRO,1800,734,262,0.3569,0.5,0.7139,1861.83,5.5722,3.7031,0.1437,1
ORzyzRO,1200,197,139,0.7056,0.78,0.9046,1242.45,4.9416,4.3321,0.0662,0
ORzyzRO,2000,816,317,0.3885,0.42,0.925,2046.06,5.7621,4.58,0.0313,0
ORzyzRO,2200,1223,398,0.3254,0.35,0.9298,2262.81,5.989,4.4102,0.025,0
ORzyzRO,2400,2039,526,0.258,0.28,0.9213,2458.56,6.2672,3.9749,0.0231,0
ORzyzRO,2600,1004,339,0.3376,0.22,1.5348,2646.02,5.8289,5.2077,0.0,0
ORzyzRO,2800,875,256,0.2926,0.16,1.8286,2844.92,5.5491,4.6187,0.0,0
ORzyzRO,3000,600,189,0.315,0.11,2.0,3034.92,5.247,5.0162,0.0,0
ORzyzRO,3200,335,100,0.2985,0.07,2.0,3248.0,4.6151,4.4746,0.0,0
ORzyzRO,3400,369,130,0.3523,0.04,2.0,3460.0,4.8752,5.9427,0.0,0
OdtreeKing,1000,63,32,0.5079,0.85,0.5976,1062.5,3.4965,1.887,0.3164,1
OdtreeKing,800,60,40,0.6667,0.9,0.7407,815.0,3.7136,2.0177,0.2035,1
OdtreeKing,1400,93,45,0.4839,0.7,0.6912,1460.0,3.8286,2.7047,0.2034,1
OdtreeKing,2000,300,83,0.2767,0.42,0.6587,2055.42,4.4308,2.5197,0.1506,1
OdtreeKing,1200,52,42,0.8077,0.78,1.0355,1259.52,3.7612,3.8263,0.0,0
OdtreeKing,1600,76,48,0.6316,0.6,1.0526,1639.58,3.8918,4.0301,0.0,0
OdtreeKing,1800,137,92,0.6715,0.5,1.3431,1842.39,4.5326,5.6079,0.0,0
OdtreeKing,2200,272,128,0.4706,0.35,1.3445,2239.06,4.8598,5.1207,0.0,0
OdtreeKing,2400,197,99,0.5025,0.28,1.7948,2465.66,4.6052,5.7062,0.0,0
OdtreeKing,2600,250,79,0.316,0.22,1.4364,2659.49,4.382,3.6827,0.0,0
OdtreeKing,2800,245,60,0.2449,0.16,1.5306,2848.33,4.1109,2.8675,0.0,0
OdtreeKing,3000,46,18,0.3913,0.11,2.0,3050.0,2.9444,3.5141,0.0,0
OdtreeKing,3200,9,3,0.3333,0.07,2.0,3300.0,1.3863,1.5249,0.0,0
OneCyborg,2000,146,19,0.1301,0.42,0.3098,2084.21,2.9957,0.8125,0.362,1
OneCyborg,1000,51,28,0.549,0.85,0.6459,1046.43,3.3673,1.9345,0.2723,1
OneCyborg,1600,109,39,0.3578,0.6,0.5963,1651.28,3.6889,2.1795,0.2428,1
OneCyborg,2400,153,17,0.1111,0.28,0.3968,2429.41,2.8904,0.7802,0.2187,1
OneCyborg,1200,76,42,0.5526,0.78,0.7085,1247.62,3.7612,2.5932,0.2074,1
OneCyborg,2200,162,32,0.1975,0.35,0.5644,2237.5,3.4965,1.5454,0.1727,1
OneCyborg,1400,58,30,0.5172,0.7,0.7389,1486.67,3.434,2.6406,0.1681,1
OneCyborg,2800,51,4,0.0784,0.16,0.4902,2900.0,1.6094,0.3661,0.1235,1
OneCyborg,3400,11,0,0.0,0.04,0.0,3400.0,0.0,0.0,0.0994,0
OneCyborg,800,99,83,0.8384,0.9,0.9315,812.05,4.4308,3.0165,0.0522,0
OneCyborg,1800,66,36,0.5455,0.5,1.0909,1813.89,3.6109,3.5726,0.0,0
OneCyborg,2600,23,14,0.6087,0.22,2.0,2635.71,2.7081,4.3447,0.0,0
OneCyborg,3000,1,1,1.0,0.11,2.0,3100.0,0.6931,2.1488,0.0,0
Only365,1200,220,65,0.2955,0.78,0.3788,1249.23,4.1897,1.5464,0.504,1
Only365,1000,211,80,0.3791,0.85,0.4461,1050.0,4.3944,1.7494,0.4675,1
Only365,1400,258,72,0.2791,0.7,0.3987,1448.61,4.2905,1.7345,0.4421,1
Only365,800,426,253,0.5939,0.9,0.6599,815.81,5.5373,2.6829,0.2836,1
Only365,2600,148,14,0.0946,0.22,0.43,2628.57,2.7081,0.6734,0.1692,1
Only365,1800,67,27,0.403,0.5,0.806,1811.11,3.3322,2.432,0.0945,0
Only365,2200,42,12,0.2857,0.35,0.8163,2241.67,2.5649,1.6428,0.0678,0
Only365,1600,71,40,0.5634,0.6,0.939,1645.0,3.7136,3.4416,0.0332,0
Only365,3000,30,3,0.1,0.11,0.9091,3000.0,1.3863,0.4159,0.0144,0
Only365,2000,59,32,0.5424,0.42,1.2914,2075.0,3.4965,3.9351,0.0,0
Only365,2400,70,23,0.3286,0.28,1.1735,2452.17,3.1781,2.5606,0.0,0
Only365,2800,1,1,1.0,0.16,2.0,2900.0,0.6931,2.0101,0.0,0
Only365,3200,2,1,0.5,0.07,2.0,3200.0,0.6931,1.109,0.0,0
OrangeEye,1400,471,170,0.3609,0.7,0.5156,1441.18,5.1417,2.6745,0.3399,1
OrangeEye,1000,197,117,0.5939,0.85,0.6987,1052.14,4.7707,2.9811,0.2347,1
OrangeEye,800,603,394,0.6534,0.9,0.726,819.54,5.9789,3.2016,0.2263,1
OrangeEye,1200,383,212,0.5535,0.78,0.7096,1250.94,5.3613,3.7123,0.2119,1
OrangeEye,1600,461,189,0.41,0.6,0.6833,1655.03,5.247,3.5602,0.1866,1
OrangeEye,1800,671,232,0.3458,0.5,0.6915,1849.57,5.451,3.4859,0.1557,1
OrangeEye,2000,502,172,0.3426,0.42,0.8158,2047.09,5.1533,3.6145,0.0782,0
OrangeEye,2400,875,234,0.2674,0.28,0.9551,2448.72,5.4596,3.5752,0.0132,0
OrangeEye,2200,625,245,0.392,0.35,1.12,2265.31,5.5053,4.8887,0.0,0
OrangeEye,2600,964,249,0.2583,0.22,1.1741,2644.58,5.5215,3.7717,0.0,0
OrangeEye,2800,1097,269,0.2452,0.16,1.5326,2839.41,5.5984,3.898,0.0,0
OrangeEye,3000,605,183,0.3025,0.11,2.0,3037.16,5.2149,4.7908,0.0,0
OrangeEye,3200,462,70,0.1515,0.07,2.0,3250.0,4.2627,2.099,0.0,0
OrangeEye,3400,519,47,0.0906,0.04,2.0,3461.7,3.8712,1.2136,0.0,0
OrientDragon,2600,16,0,0.0,0.22,0.0,2600.0,0.0,0.0,0.6233,0
OrientDragon,2200,90,26,0.2889,0.35,0.8254,2261.54,3.2958,2.1533,0.0642,0
OrientDragon,1200,24,18,0.75,0.78,0.9615,1272.22,2.9444,2.8095,0.0245,0
OrientDragon,2000,51,21,0.4118,0.42,0.9804,2057.14,3.091,2.6183,0.008,0
OrientDragon,800,24,24,1.0,0.9,1.1111,820.83,3.2189,2.6422,0.0,0
OrientDragon,1000,20,18,0.9,0.85,1.0588,1088.89,2.9444,2.8856,0.0,0
OrientDragon,1400,7,7,1.0,0.7,1.4286,1500.0,2.0794,3.1192,0.0,0
OrientDragon,1800,48,25,0.5208,0.5,1.0417,1848.0,3.2581,3.1359,0.0,0
OrientDragon,2400,16,8,0.5,0.28,1.7857,2450.0,2.1972,2.6916,0.0,0
OrientDragon,2800,3,3,1.0,0.16,2.0,2900.0,1.3863,4.0203,0.0,0
Ormlis,800,1143,959,0.839,0.9,0.9322,820.54,6.8669,4.7276,0.0546,0
Ormlis,1000,686,565,0.8236,0.85,0.969,1053.27,6.3386,5.4987,0.0235,0
Ormlis,1200,871,665,0.7635,0.78,0.9788,1254.44,6.5013,6.2266,0.0149,0
Ormlis,1400,1170,823,0.7034,0.7,1.0049,1451.15,6.7142,6.8536,0.0,0
Ormlis,1600,1474,1007,0.6832,0.6,1.1386,1654.62,6.9157,7.8175,0.0,0
Ormlis,1800,2039,1142,0.5601,0.5,1.1202,1851.75,7.0414,7.3028,0.0,0
Ormlis,2000,2279,1120,0.4914,0.42,1.1701,2049.73,7.022,7.0734,0.0,0
Ormlis,2200,2156,1049,0.4865,0.35,1.3901,2249.19,6.9565,7.6128,0.0,0
Ormlis,2400,2668,1173,0.4397,0.28,1.5702,2448.25,7.0682,7.6081,0.0,0
Ormlis,2600,2223,755,0.3396,0.22,1.5438,2645.83,6.628,5.956,0.0,0
Ormlis,2800,1294,505,0.3903,0.16,2.0,2842.97,6.2265,6.9084,0.0,0
Ormlis,3000,1197,289,0.2414,0.11,2.0,3040.14,5.6699,4.1617,0.0,0
Ormlis,3200,1274,210,0.1648,0.07,2.0,3250.95,5.3519,2.8679,0.0,0
Ormlis,3400,846,141,0.1667,0.04,2.0,3459.57,4.9558,2.8575,0.0,0
OutsiderZz,1400,582,299,0.5137,0.7,0.7339,1449.83,5.7038,4.2484,0.1769,1
OutsiderZz,1200,493,303,0.6146,0.78,0.788,1254.79,5.717,4.409,0.1527,0
OutsiderZz,800,694,529,0.7622,0.9,0.8469,820.79,6.2729,3.9246,0.1239,0
OutsiderZz,1000,318,231,0.7264,0.85,0.8546,1067.53,5.4467,4.2238,0.1105,0
OutsiderZz,1600,831,459,0.5523,0.6,0.9206,1664.05,6.1312,5.6354,0.0449,0
OutsiderZz,1800,1701,843,0.4956,0.5,0.9912,1852.19,6.7382,6.1852,0.0042,0
OutsiderZz,2000,1075,549,0.5107,0.42,1.2159,2045.54,6.3099,6.5917,0.0,0
OutsiderZz,2200,1318,657,0.4985,0.35,1.4242,2249.62,6.4892,7.277,0.0,0
OutsiderZz,2400,1626,635,0.3905,0.28,1.3947,2446.93,6.4552,6.1686,0.0,0
OutsiderZz,2600,927,394,0.425,0.22,1.9319,2649.75,5.9789,6.7335,0.0,0
OutsiderZz,2800,445,214,0.4809,0.16,2.0,2833.18,5.3706,7.3173,0.0,0
OutsiderZz,3000,233,94,0.4034,0.11,2.0,3030.85,4.5539,5.5682,0.0,0
OutsiderZz,3200,100,35,0.35,0.07,2.0,3231.43,3.5835,4.053,0.0,0
OutsiderZz,3400,4,2,0.5,0.04,2.0,3500.0,1.0986,1.9226,0.0,0
PCTprobability,1600,637,250,0.3925,0.6,0.6541,1657.2,5.5255,3.5937,0.2054,1
PCTprobability,1000,206,138,0.6699,0.85,0.7881,1048.55,4.9345,3.4661,0.1618,0
PCTprobability,800,288,213,0.7396,0.9,0.8218,823.47,5.366,3.268,0.1428,0
PCTprobability,2000,607,185,0.3048,0.42,0.7257,2039.46,5.2257,3.2482,0.1186,1
PCTprobability,2400,812,166,0.2044,0.28,0.7301,2443.37,5.118,2.5565,0.0828,1
PCTprobability,1800,560,242,0.4321,0.5,0.8643,1842.98,5.4931,4.3748,0.0662,0
PCTprobability,1200,216,157,0.7269,0.78,0.9319,1246.5,5.0626,4.5868,0.0472,0
PCTprobability,2200,579,190,0.3282,0.35,0.9376,2243.68,5.2523,3.8671,0.0222,0
PCTprobability,1400,254,184,0.7244,0.7,1.0349,1448.37,5.2204,5.4773,0.0,0
PCTprobability,2600,408,90,0.2206,0.22,1.0027,2635.56,4.5109,2.6225,0.0,0
PCTprobability,2800,363,71,0.1956,0.16,1.2225,2846.48,4.2767,2.381,0.0,0
PCTprobability,3000,265,42,0.1585,0.11,1.4408,3057.14,3.7612,1.8224,0.0,0
PCTprobability,3200,103,13,0.1262,0.07,1.8031,3261.54,2.6391,1.0864,0.0,0
PCTprobability,3400,93,10,0.1075,0.04,2.0,3470.0,2.3979,0.8947,0.0,0
PTqwq_,1200,70,49,0.7,0.78,0.8974,1246.94,3.912,3.4146,0.0694,0
PTqwq_,2000,530,206,0.3887,0.42,0.9254,2041.26,5.3327,4.231,0.031,0
PTqwq_,1000,24,20,0.8333,0.85,0.9804,1080.0,3.0445,2.7401,0.0133,0
PTqwq_,1800,447,222,0.4966,0.5,0.9933,1859.46,5.4072,4.9935,0.0032,0
PTqwq_,800,66,61,0.9242,0.9,1.0269,826.23,4.1271,3.1516,0.0,0
PTqwq_,1400,46,42,0.913,0.7,1.3043,1421.43,3.7612,4.8814,0.0,0
PTqwq_,1600,154,102,0.6623,0.6,1.1039,1671.57,4.6347,5.1313,0.0,0
PTqwq_,2200,538,262,0.487,0.35,1.3914,2253.44,5.5722,6.1149,0.0,0
PTqwq_,2400,1064,371,0.3487,0.28,1.2453,2445.28,5.9189,5.0466,0.0,0
PTqwq_,2600,1077,275,0.2553,0.22,1.1606,2652.0,5.6204,3.8059,0.0,0
PTqwq_,2800,346,142,0.4104,0.16,2.0,2837.32,4.9628,5.779,0.0,0
PTqwq_,3000,434,124,0.2857,0.11,2.0,3026.61,4.8283,4.1753,0.0,0
PTqwq_,3200,157,50,0.3185,0.07,2.0,3222.0,3.9318,4.0345,0.0,0
PTqwq_,3400,13,7,0.5385,0.04,2.0,3442.86,2.0794,3.855,0.0,0
Pacybwoah,800,381,220,0.5774,0.9,0.6416,810.91,5.3982,2.5276,0.2997,1
Pacybwoah,1000,136,95,0.6985,0.85,0.8218,1067.37,4.5643,3.4031,0.1339,0
Pacybwoah,1400,181,103,0.5691,0.7,0.8129,1456.31,4.6444,3.8489,0.1207,0
Pacybwoah,3400,2,0,0.0,0.04,0.0,3400.0,0.0,0.0,0.0439,0
Pacybwoah,2600,167,36,0.2156,0.22,0.9799,2636.11,3.6109,2.052,0.0049,0
Pacybwoah,1200,120,93,0.775,0.78,0.9936,1245.16,4.5433,4.3843,0.0043,0
Pacybwoah,1600,187,123,0.6578,0.6,1.0963,1653.66,4.8203,5.243,0.0,0
Pacybwoah,1800,263,163,0.6198,0.5,1.2395,1855.21,5.0999,5.8639,0.0,0
Pacybwoah,2000,273,126,0.4615,0.42,1.0989,2044.44,4.8442,4.5709,0.0,0
Pacybwoah,2200,258,98,0.3798,0.35,1.0853,2261.22,4.5951,3.9468,0.0,0
Pacybwoah,2400,451,163,0.3614,0.28,1.2908,2441.72,5.0999,4.5005,0.0,0
Pacybwoah,2800,55,26,0.4727,0.16,2.0,2834.62,3.2958,4.4164,0.0,0
Pacybwoah,3000,32,13,0.4062,0.11,2.0,3076.92,2.6391,3.2988,0.0,0
Pacybwoah,3200,40,4,0.1,0.07,1.4286,3300.0,1.6094,0.5311,0.0,0
Pain850,2600,6,0,0.0,0.22,0.0,2600.0,0.0,0.0,0.4281,0
Pain850,1600,48,17,0.3542,0.6,0.5903,1658.82,2.8904,1.6981,0.2459,1
Pain850,2200,44,9,0.2045,0.35,0.5844,2200.0,2.3026,1.0362,0.1677,1
Pain850,1200,10,6,0.6,0.78,0.7692,1300.0,1.9459,1.5178,0.1465,0
Pain850,800,22,19,0.8636,0.9,0.9596,821.05,2.9957,2.1242,0.0285,0
Pain850,1000,9,9,1.0,0.85,1.1765,1044.44,2.3026,2.4049,0.0,0
Pain850,1400,14,12,0.8571,0.7,1.2245,1483.33,2.5649,3.2611,0.0,0
Pain850,1800,22,13,0.5909,0.5,1.1818,1861.54,2.6391,2.903,0.0,0
Pain850,2000,9,9,1.0,0.42,2.0,2100.0,2.3026,4.8354,0.0,0
Pain850,2400,49,14,0.2857,0.28,1.0204,2450.0,2.7081,1.8956,0.0,0
Pain850,2800,17,11,0.6471,0.16,2.0,2900.0,2.4849,4.6629,0.0,0
Papaulo,3200,6,0,0.0,0.07,0.0,3200.0,0.0,0.0,0.1362,0
Papaulo,1400,443,265,0.5982,0.7,0.8546,1451.7,5.5835,4.8487,0.0943,0
Papaulo,1200,233,166,0.7124,0.78,0.9134,1251.81,5.118,4.5645,0.0602,0
Papaulo,1000,211,169,0.8009,0.85,0.9423,1055.03,5.1358,4.3399,0.0428,0
Papaulo,800,357,315,0.8824,0.9,0.9804,820.63,5.7557,4.1677,0.0154,0
Papaulo,1600,366,251,0.6858,0.6,1.143,1650.6,5.5294,6.2591,0.0,0
Papaulo,1800,777,392,0.5045,0.5,1.009,1854.08,5.9738,5.5879,0.0,0
Papaulo,2000,843,440,0.5219,0.42,1.2427,2061.36,6.089,6.5513,0.0,0
Papaulo,2200,3118,1317,0.4224,0.35,1.2068,2264.92,7.1839,6.8726,0.0,0
Papaulo,2400,2127,723,0.3399,0.28,1.214,2421.44,6.5848,5.4198,0.0,0
Papaulo,2600,313,95,0.3035,0.22,1.3796,2643.16,4.5643,3.6617,0.0,0
Papaulo,2800,180,52,0.2889,0.16,1.8056,2832.69,3.9703,3.249,0.0,0
Papaulo,3000,51,20,0.3922,0.11,2.0,3050.0,3.0445,3.6415,0.0,0
Papaulo,3400,33,7,0.2121,0.04,2.0,3400.0,2.0794,1.4997,0.0,0
PaperCloud,1000,190,133,0.7,0.85,0.8235,1064.66,4.8978,3.6502,0.1336,0
PaperCloud,800,284,234,0.8239,0.9,0.9155,811.97,5.4596,3.6525,0.0666,0
PaperCloud,1600,333,177,0.5315,0.6,0.8859,1665.54,5.1818,4.5874,0.0644,0
PaperCloud,1400,234,151,0.6453,0.7,0.9219,1455.63,5.0239,4.719,0.0496,0
PaperCloud,1200,190,138,0.7263,0.78,0.9312,1252.17,4.9345,4.4878,0.0475,0
PaperCloud,1800,465,242,0.5204,0.5,1.0409,1855.79,5.4931,5.3052,0.0,0
PaperCloud,2000,451,213,0.4723,0.42,1.1245,2043.19,5.366,5.178,0.0,0
PaperCloud,2200,453,167,0.3687,0.35,1.0533,2257.49,5.124,4.2643,0.0,0
PaperCloud,2400,436,169,0.3876,0.28,1.3843,2442.6,5.1358,4.8625,0.0,0
PaperCloud,2600,75,34,0.4533,0.22,2.0,2617.65,3.5553,4.219,0.0,0
PaperCloud,2800,70,30,0.4286,0.16,2.0,2826.67,3.434,4.16,0.0,0
PaperCloud,3000,45,14,0.3111,0.11,2.0,3042.86,2.7081,2.5636,0.0,0
PelicanPilot,1200,18,12,0.6667,0.78,0.8547,1275.0,2.5649,2.1802,0.0936,0
PelicanPilot,800,23,19,0.8261,0.9,0.9179,800.0,2.9957,1.9798,0.0588,0
PelicanPilot,1000,13,13,1.0,0.85,1.1765,1038.46,2.6391,2.7406,0.0,0
PelicanPilot,1400,17,17,1.0,0.7,1.4286,1458.82,2.8904,4.2165,0.0,0
PelicanPilot,1600,23,20,0.8696,0.6,1.4493,1650.0,3.0445,4.3682,0.0,0
PelicanPilot,1800,23,21,0.913,0.5,1.8261,1838.1,3.091,5.1876,0.0,0
PelicanPilot,2000,42,28,0.6667,0.42,1.5873,2089.29,3.3673,4.6902,0.0,0
PelicanPilot,2200,30,30,1.0,0.35,2.0,2243.33,3.434,7.7036,0.0,0
PelicanPilot,2400,33,23,0.697,0.28,2.0,2430.43,3.1781,5.3834,0.0,0
PelicanPilot,2600,32,23,0.7188,0.22,2.0,2643.48,3.1781,6.0383,0.0,0
PelicanPilot,2800,48,22,0.4583,0.16,2.0,2886.36,3.1355,4.148,0.0,0
PelicanPilot,3000,36,20,0.5556,0.11,2.0,3040.0,3.0445,5.1419,0.0,0
PelicanPilot,3200,3,3,1.0,0.07,2.0,3300.0,1.3863,4.5748,0.0,0
PelicanPilot,3400,8,1,0.125,0.04,2.0,3500.0,0.6931,0.3033,0.0,0
Petr,800,190,180,0.9474,0.9,1.0526,816.67,5.1985,4.022,0.0,0
Petr,1000,121,109,0.9008,0.85,1.0598,1059.63,4.7005,4.4868,0.0,0
Petr,1200,222,216,0.973,0.78,1.2474,1252.78,5.3799,6.5577,0.0,0
Petr,1400,353,284,0.8045,0.7,1.1493,1450.35,5.6525,6.5956,0.0,0
Petr,1600,437,365,0.8352,0.6,1.3921,1650.68,5.9026,8.1381,0.0,0
Petr,1800,624,454,0.7276,0.5,1.4551,1856.17,6.1203,8.2653,0.0,0
Petr,2000,488,372,0.7623,0.42,1.815,2045.7,5.9216,9.2343,0.0,0
Petr,2200,681,383,0.5624,0.35,1.6069,2250.13,5.9506,7.5305,0.0,0
Petr,2400,586,396,0.6758,0.28,2.0,2453.28,5.9839,9.9205,0.0,0
Petr,2600,569,328,0.5764,0.22,2.0,2642.07,5.7961,8.8275,0.0,0
Petr,2800,551,233,0.4229,0.16,2.0,2847.21,5.4553,6.5682,0.0,0
Petr,3000,368,175,0.4755,0.11,2.0,3038.86,5.1705,7.4719,0.0,0
Petr,3200,386,125,0.3238,0.07,2.0,3242.4,4.8363,5.0781,0.0,0
Petr,3400,491,80,0.1629,0.04,2.0,3440.0,4.3944,2.463,0.0,0
Petra_A,2200,31,3,0.0968,0.35,0.2765,2200.0,1.3863,0.2951,0.3678,1
Petra_A,1000,17,9,0.5294,0.85,0.6228,1088.89,2.3026,1.3274,0.2806,0
Petra_A,1600,16,8,0.5,0.6,0.8333,1700.0,2.1972,1.8676,0.0886,0
Petra_A,800,15,15,1.0,0.9,1.1111,806.67,2.7726,2.2366,0.0,0
Petra_A,1200,11,11,1.0,0.78,1.2821,1290.91,2.4849,3.2078,0.0,0
Petra_A,1400,15,12,0.8,0.7,1.1429,1475.0,2.5649,3.0266,0.0,0
Petra_A,1800,21,18,0.8571,0.5,1.7143,1850.0,2.9444,4.669,0.0,0
Petra_A,2000,31,16,0.5161,0.42,1.2289,2062.5,2.8332,3.016,0.0,0
Petra_A,2400,16,16,1.0,0.28,2.0,2475.0,2.8332,7.0122,0.0,0
Petra_A,2800,31,8,0.2581,0.16,1.6129,2900.0,2.1972,1.6444,0.0,0
Petroleumus,1000,250,98,0.392,0.85,0.4612,1047.96,4.5951,1.8877,0.4523,1
Petroleumus,1200,272,101,0.3713,0.78,0.4761,1246.53,4.625,2.1408,0.4076,1
Petroleumus,1600,952,225,0.2363,0.6,0.3939,1653.78,5.4205,2.1187,0.3885,1
Petroleumus,800,417,231,0.554,0.9,0.6155,815.58,5.4467,2.4608,0.324,1
Petroleumus,1400,250,95,0.38,0.7,0.5429,1429.47,4.5643,2.4794,0.3178,1
Petroleumus,1800,698,163,0.2335,0.5,0.467,1852.15,5.0999,2.2058,0.2861,1
Petroleumus,3000,12,0,0.0,0.11,0.0,3000.0,0.0,0.0,0.2821,0
Petroleumus,2200,313,49,0.1565,0.35,0.4473,2257.14,3.912,1.3823,0.2264,1
Petroleumus,2000,477,127,0.2662,0.42,0.6339,2033.86,4.852,2.6274,0.1621,1
Petroleumus,2800,112,10,0.0893,0.16,0.558,2900.0,2.3979,0.6209,0.0984,1
Petroleumus,2400,225,56,0.2489,0.28,0.8889,2464.29,4.0431,2.4797,0.0334,0
Petroleumus,2600,11,9,0.8182,0.22,2.0,2600.0,2.3026,4.8982,0.0,0
Piau_,1800,34,5,0.1471,0.5,0.2941,1800.0,1.7918,0.4743,0.4495,1
Piau_,800,39,25,0.641,0.9,0.7123,800.0,3.2581,1.6708,0.2244,1
Piau_,1200,20,11,0.55,0.78,0.7051,1245.45,2.4849,1.7022,0.2009,1
Piau_,1000,7,7,1.0,0.85,1.1765,1000.0,2.0794,2.0794,0.0,0
Piau_,1400,16,13,0.8125,0.7,1.1607,1446.15,2.6391,3.1009,0.0,0
Piau_,1600,18,18,1.0,0.6,1.6667,1655.56,2.9444,4.8747,0.0,0
Piau_,2000,26,15,0.5769,0.42,1.3736,2100.0,2.7726,3.3591,0.0,0
Piau_,2400,5,5,1.0,0.28,2.0,2420.0,1.7918,4.3361,0.0,0
Piau_,2600,16,4,0.25,0.22,1.1364,2700.0,1.6094,1.0864,0.0,0
Piau_,2800,10,4,0.4,0.16,2.0,2875.0,1.6094,1.8509,0.0,0
PieArmy,800,498,312,0.6265,0.9,0.6961,811.22,5.7462,2.9204,0.2519,1
PieArmy,1000,273,158,0.5788,0.85,0.6809,1073.42,5.0689,3.149,0.2509,1
PieArmy,1400,340,151,0.4441,0.7,0.6345,1447.02,5.0239,3.2286,0.2477,1
PieArmy,1200,342,193,0.5643,0.78,0.7235,1258.03,5.2679,3.7399,0.2009,1
PieArmy,1800,1428,437,0.306,0.5,0.612,1847.37,6.0822,3.4385,0.199,1
PieArmy,1600,584,255,0.4366,0.6,0.7277,1658.43,5.5452,4.0155,0.159,1
PieArmy,2000,1047,341,0.3257,0.42,0.7755,2046.92,5.8348,3.8899,0.096,0
PieArmy,2200,726,282,0.3884,0.35,1.1098,2256.74,5.6454,4.9487,0.0,0
PieArmy,2400,673,215,0.3195,0.28,1.1409,2445.12,5.3753,4.1988,0.0,0
PieArmy,2600,397,89,0.2242,0.22,1.019,2630.34,4.4998,2.6534,0.0,0
PieArmy,2800,217,60,0.2765,0.16,1.7281,2835.0,4.1109,3.2224,0.0,0
PieArmy,3000,39,11,0.2821,0.11,2.0,3018.18,2.4849,2.1154,0.0,0
PieArmy,3200,10,1,0.1,0.07,1.4286,3200.0,0.6931,0.2218,0.0,0
PinkieRabbit,1000,191,128,0.6702,0.85,0.7884,1064.84,4.8598,3.468,0.1614,0
PinkieRabbit,800,252,183,0.7262,0.9,0.8069,820.22,5.2149,3.1062,0.1547,0
PinkieRabbit,1200,209,168,0.8038,0.78,1.0305,1259.52,5.1299,5.1937,0.0,0
PinkieRabbit,1400,291,204,0.701,0.7,1.0015,1443.63,5.323,5.387,0.0,0
PinkieRabbit,1600,298,252,0.8456,0.6,1.4094,1668.25,5.5334,7.8062,0.0,0
PinkieRabbit,1800,452,274,0.6062,0.5,1.2124,1860.22,5.6168,6.3338,0.0,0
PinkieRabbit,2000,618,367,0.5939,0.42,1.4139,2048.23,5.9081,7.1863,0.0,0
PinkieRabbit,2200,435,266,0.6115,0.35,1.7471,2263.16,5.5872,7.7322,0.0,0
PinkieRabbit,2400,644,343,0.5326,0.28,1.9022,2446.06,5.8406,7.6092,0.0,0
PinkieRabbit,2600,601,210,0.3494,0.22,1.5883,2632.38,5.3519,4.9226,0.0,0
PinkieRabbit,2800,536,171,0.319,0.16,1.9939,2842.69,5.1475,4.6683,0.0,0
PinkieRabbit,3000,396,75,0.1894,0.11,1.7218,3028.0,4.3307,2.4836,0.0,0
PinkieRabbit,3200,96,24,0.25,0.07,2.0,3250.0,3.2189,2.6153,0.0,0
PinkieRabbit,3400,31,7,0.2258,0.04,2.0,3500.0,2.0794,1.6434,0.0,0
Pipelining,1400,42,13,0.3095,0.7,0.4422,1469.23,2.6391,1.2001,0.4036,1
Pipelining,1000,17,11,0.6471,0.85,0.7612,1036.36,2.4849,1.6663,0.1683,0
Pipelining,2000,172,47,0.2733,0.42,0.6506,2055.32,3.8712,2.1742,0.1552,1
Pipelining,800,40,29,0.725,0.9,0.8056,810.34,3.4012,1.9982,0.1477,0
Pipelining,2400,269,45,0.1673,0.28,0.5975,2442.22,3.8286,1.5642,0.1307,1
Pipelining,1800,135,61,0.4519,0.5,0.9037,1842.62,4.1271,3.4362,0.0461,0
Pipelining,2600,98,21,0.2143,0.22,0.974,2666.67,3.091,1.7663,0.0064,0
Pipelining,1200,15,13,0.8667,0.78,1.1111,1300.0,2.6391,2.9733,0.0,0
Pipelining,1600,22,17,0.7727,0.6,1.2879,1658.82,2.8904,3.7049,0.0,0
Pipelining,2200,173,61,0.3526,0.35,1.0074,2250.82,4.1271,3.2755,0.0,0
Pipelining,2800,5,5,1.0,0.16,2.0,2800.0,1.7918,5.0169,0.0,0
PlayVoltz,1800,300,35,0.1167,0.5,0.2333,1854.29,3.5835,0.7752,0.4773,1
PlayVoltz,1400,151,39,0.2583,0.7,0.369,1433.33,3.6889,1.3656,0.4733,1
PlayVoltz,1200,125,43,0.344,0.78,0.441,1253.49,3.7842,1.6317,0.4407,1
PlayVoltz,1600,167,35,0.2096,0.6,0.3493,1648.57,3.5835,1.2381,0.4365,1
PlayVoltz,1000,133,67,0.5038,0.85,0.5927,1062.69,4.2195,2.2589,0.3249,1
PlayVoltz,2200,42,8,0.1905,0.35,0.5442,2300.0,2.1972,0.9626,0.1877,1
PlayVoltz,800,372,262,0.7043,0.9,0.7826,809.92,5.5722,3.1785,0.1763,0
PlayVoltz,2400,44,9,0.2045,0.28,0.7305,2500.0,2.3026,1.1775,0.087,1
PlayVoltz,2600,52,8,0.1538,0.22,0.6993,2650.0,2.1972,0.8958,0.0821,1
PlayVoltz,2800,27,3,0.1111,0.16,0.6944,2800.0,1.3863,0.4313,0.0683,1
PlayVoltz,2000,86,33,0.3837,0.42,0.9136,2036.36,3.5264,2.7555,0.0358,0
Potassium,1200,782,574,0.734,0.78,0.941,1247.56,6.3544,5.8189,0.0417,0
Potassium,1800,1909,908,0.4756,0.5,0.9513,1853.96,6.8123,6.0073,0.0236,0
Potassium,1000,535,442,0.8262,0.85,0.972,1054.52,6.0936,5.3088,0.0211,0
Potassium,800,952,845,0.8876,0.9,0.9862,822.72,6.7405,4.9223,0.011,0
Potassium,1400,1058,739,0.6985,0.7,0.9978,1451.83,6.6067,6.6997,0.0014,0
Potassium,1600,1369,835,0.6099,0.6,1.0166,1655.21,6.7286,6.793,0.0,0
Potassium,2000,2127,919,0.4321,0.42,1.0287,2052.67,6.8244,6.0524,0.0,0
Potassium,2200,1653,658,0.3981,0.35,1.1373,2245.74,6.4907,5.8024,0.0,0
Potassium,2400,1998,760,0.3804,0.28,1.3585,2446.32,6.6346,6.1737,0.0,0
Potassium,2600,1764,524,0.2971,0.22,1.3502,2648.66,6.2634,4.928,0.0,0
Potassium,2800,820,241,0.2939,0.16,1.8369,2834.02,5.4889,4.5719,0.0,0
Potassium,3000,431,105,0.2436,0.11,2.0,3029.52,4.6634,3.4419,0.0,0
Potassium,3200,188,35,0.1862,0.07,2.0,3280.0,3.5835,2.1882,0.0,0
Potassium,3400,103,11,0.1068,0.04,2.0,3500.0,2.4849,0.9288,0.0,0
Pottes,1000,407,245,0.602,0.85,0.7082,1058.78,5.5053,3.5088,0.2292,1
Pottes,1600,995,421,0.4231,0.6,0.7052,1652.49,6.045,4.2266,0.1733,1
Pottes,1200,487,296,0.6078,0.78,0.7792,1255.41,5.6937,4.3445,0.1592,0
Pottes,1400,713,380,0.533,0.7,0.7614,1452.89,5.9428,4.6017,0.1581,0
Pottes,800,600,452,0.7533,0.9,0.837,815.93,6.1159,3.7592,0.1319,0
Pottes,1800,1007,418,0.4151,0.5,0.8302,1854.55,6.0379,4.648,0.0834,0
Pottes,2000,1197,464,0.3876,0.42,0.9229,2053.88,6.142,4.89,0.0321,0
Pottes,2200,1963,745,0.3795,0.35,1.0843,2245.1,6.6147,5.6362,0.0,0
Pottes,2400,1482,416,0.2807,0.28,1.0025,2443.51,6.0331,4.1381,0.0,0
Pottes,2600,175,45,0.2571,0.22,1.1688,2628.89,3.8286,2.5882,0.0,0
Pottes,2800,88,15,0.1705,0.16,1.0653,2820.0,2.7726,1.3327,0.0,0
Pottes,3000,14,2,0.1429,0.11,1.2987,3000.0,1.0986,0.4708,0.0,0
Proof_by_QED,800,2640,1980,0.75,0.9,0.8333,805.91,7.5914,4.5885,0.1376,0
Proof_by_QED,1000,454,318,0.7004,0.85,0.824,1061.64,5.7652,4.2871,0.1353,0
Proof_by_QED,1200,598,379,0.6338,0.78,0.8125,1250.92,5.9402,4.7094,0.1347,0
Proof_by_QED,1400,628,364,0.5796,0.7,0.828,1439.29,5.8999,4.9219,0.1124,0
Proof_by_QED,2000,1229,405,0.3295,0.42,0.7846,2045.19,6.0064,4.0481,0.0919,0
Proof_by_QED,1600,845,453,0.5361,0.6,0.8935,1655.85,6.1181,5.431,0.0605,0
Proof_by_QED,2200,1478,448,0.3031,0.35,0.866,2245.09,6.107,4.1559,0.0482,0
Proof_by_QED,2800,351,45,0.1282,0.16,0.8013,2840.0,3.8286,1.394,0.0386,0
Proof_by_QED,1800,1126,536,0.476,0.5,0.952,1858.4,6.286,5.5608,0.0231,0
Proof_by_QED,2400,977,322,0.3296,0.28,1.1771,2444.41,5.7777,4.6546,0.0,0
Proof_by_QED,2600,578,157,0.2716,0.22,1.2347,2629.3,5.0626,3.6156,0.0,0
Proof_by_QED,3000,64,33,0.5156,0.11,2.0,3039.39,3.5264,5.5265,0.0,0
Proof_by_QED,3200,25,17,0.68,0.07,2.0,3264.71,2.8904,6.4166,0.0,0
Proof_by_QED,3400,21,8,0.381,0.04,2.0,3462.5,2.1972,2.8982,0.0,0
Pumkinhead_Me,2800,5,0,0.0,0.16,0.0,2800.0,0.0,0.0,0.2867,0
Pumkinhead_Me,1000,383,219,0.5718,0.85,0.6727,1047.03,5.3936,3.2291,0.2589,1
Pumkinhead_Me,1400,468,214,0.4573,0.7,0.6532,1435.98,5.3706,3.5265,0.2344,1
Pumkinhead_Me,1800,1546,459,0.2969,0.5,0.5938,1849.67,6.1312,3.367,0.2092,1
Pumkinhead_Me,2000,1515,378,0.2495,0.42,0.5941,2033.86,5.9375,3.0131,0.18,1
Pumkinhead_Me,2200,1004,194,0.1932,0.35,0.5521,2251.03,5.273,2.2935,0.1728,1
Pumkinhead_Me,1200,421,250,0.5938,0.78,0.7613,1253.6,5.5255,4.1132,0.1725,0
Pumkinhead_Me,1600,792,370,0.4672,0.6,0.7786,1630.54,5.9162,4.5066,0.1282,0
Pumkinhead_Me,2400,398,78,0.196,0.28,0.6999,2406.41,4.3694,2.0607,0.0937,1
Pumkinhead_Me,800,356,300,0.8427,0.9,0.9363,819.67,5.7071,3.9421,0.0502,0
Pumkinhead_Me,3000,84,7,0.0833,0.11,0.7576,3057.14,2.0794,0.5298,0.0385,0
Pumkinhead_Me,2600,114,23,0.2018,0.22,0.9171,2678.26,3.1781,1.7173,0.0207,0
Pumkinhead_Me,3200,25,5,0.2,0.07,2.0,3300.0,1.7918,1.1826,0.0,0
Pushanka,1400,30,6,0.2,0.7,0.2857,1400.0,1.9459,0.5449,0.5828,1
Pushanka,1000,40,24,0.6,0.85,0.7059,1075.0,3.2189,2.0762,0.2201,1
Pushanka,1600,6,3,0.5,0.6,0.8333,1600.0,1.3863,1.109,0.0815,0
Pushanka,800,25,21,0.84,0.9,0.9333,819.05,3.091,2.1266,0.0478,0
Pushanka,1200,11,11,1.0,0.78,1.2821,1300.0,2.4849,3.2304,0.0,0
Pushanka,1800,3,3,1.0,0.5,2.0,1900.0,1.3863,2.634,0.0,0
Pushanka,2000,13,13,1.0,0.42,2.0,2000.0,2.6391,5.2781,0.0,0
Pushanka,2200,27,13,0.4815,0.35,1.3757,2284.62,2.6391,2.903,0.0,0
Pushanka,2400,30,10,0.3333,0.28,1.1905,2470.0,2.3979,1.9743,0.0,0
Pushanka,2600,36,11,0.3056,0.22,1.3889,2618.18,2.4849,1.9879,0.0,0
Pushanka,2800,33,6,0.1818,0.16,1.1364,2850.0,1.9459,1.0083,0.0,0
PvPro,1000,266,145,0.5451,0.85,0.6413,1070.34,4.9836,2.9077,0.2847,1
PvPro,800,311,208,0.6688,0.9,0.7431,814.9,5.3423,2.9117,0.2093,1
PvPro,1200,263,156,0.5932,0.78,0.7605,1262.82,5.0562,3.7874,0.172,0
PvPro,2000,1019,294,0.2885,0.42,0.6869,2047.62,5.687,3.3597,0.1362,1
PvPro,2400,1680,292,0.1738,0.28,0.6207,2464.73,5.6802,2.4333,0.1181,1
PvPro,1400,283,163,0.576,0.7,0.8228,1434.97,5.0999,4.215,0.1149,0
PvPro,2200,1555,378,0.2431,0.35,0.6945,2255.56,5.9375,3.2555,0.1133,1
PvPro,2800,1762,161,0.0914,0.16,0.5711,2829.19,5.0876,1.3152,0.0843,1
PvPro,2600,1765,271,0.1535,0.22,0.6979,2654.24,5.6058,2.2846,0.0752,1
PvPro,1800,585,252,0.4308,0.5,0.8615,1859.92,5.5334,4.4333,0.0675,0
PvPro,1600,360,195,0.5417,0.6,0.9028,1654.36,5.2781,4.7298,0.0547,0
PvPro,3000,972,98,0.1008,0.11,0.9166,3012.24,4.5951,1.3956,0.0113,0
PvPro,3200,142,15,0.1056,0.07,1.5091,3260.0,2.7726,0.9548,0.0,0
PvPro,3400,55,4,0.0727,0.04,1.8182,3500.0,1.6094,0.4097,0.0,0
Pyqe,800,1747,1555,0.8901,0.9,0.989,824.5,7.3499,5.394,0.0089,0
Pyqe,1000,930,837,0.9,0.85,1.0588,1050.42,6.731,6.3633,0.0,0
Pyqe,1200,1315,1048,0.797,0.78,1.0217,1252.0,6.9556,6.9403,0.0,0
Pyqe,1400,1529,1160,0.7587,0.7,1.0838,1451.55,7.057,7.7715,0.0,0
Pyqe,1600,1969,1441,0.7318,0.6,1.2197,1659.75,7.2738,8.8353,0.0,0
Pyqe,1800,2249,1520,0.6759,0.5,1.3517,1853.42,7.3271,9.1783,0.0,0
Pyqe,2000,2359,1589,0.6736,0.42,1.6038,2049.47,7.3715,10.1763,0.0,0
Pyqe,2200,1955,1226,0.6271,0.35,1.7917,2244.29,7.1123,10.01,0.0,0
Pyqe,2400,2158,1076,0.4986,0.28,1.7807,2447.21,6.9819,8.5194,0.0,0
Pyqe,2600,1569,666,0.4245,0.22,1.9294,2643.09,6.5028,7.2956,0.0,0
Pyqe,2800,765,312,0.4078,0.16,2.0,2838.46,5.7462,6.6521,0.0,0
Pyqe,3000,272,114,0.4191,0.11,2.0,3045.61,4.7449,6.0568,0.0,0
Pyqe,3200,179,25,0.1397,0.07,1.9952,3252.0,3.2581,1.4798,0.0,0
Pyqe,3400,55,20,0.3636,0.04,2.0,3500.0,3.0445,3.8748,0.0,0
QYHamster,800,70,54,0.7714,0.9,0.8571,831.48,4.0073,2.5704,0.1095,0
QYHamster,2400,226,49,0.2168,0.28,0.7743,2448.98,3.912,2.0772,0.0698,0
QYHamster,1800,235,110,0.4681,0.5,0.9362,1838.18,4.7095,4.0522,0.0305,0
QYHamster,1200,69,52,0.7536,0.78,0.9662,1257.69,3.9703,3.7631,0.0225,0
QYHamster,1600,145,86,0.5931,0.6,0.9885,1648.84,4.4659,4.3674,0.0063,0
QYHamster,1000,36,32,0.8889,0.85,1.0458,1043.75,3.4965,3.244,0.0,0
QYHamster,1400,101,72,0.7129,0.7,1.0184,1463.89,4.2905,4.4774,0.0,0
QYHamster,2000,156,76,0.4872,0.42,1.16,2050.0,4.3438,4.3382,0.0,0
QYHamster,2200,177,78,0.4407,0.35,1.2591,2252.56,4.3694,4.3374,0.0,0
QYHamster,2600,120,29,0.2417,0.22,1.0985,2644.83,3.4012,2.1739,0.0,0
QYHamster,2800,24,6,0.25,0.16,1.5625,2866.67,1.9459,1.3946,0.0,0
QuotientMartingale,1400,73,34,0.4658,0.7,0.6654,1458.82,3.5553,2.4157,0.2213,1
QuotientMartingale,1200,97,55,0.567,0.78,0.7269,1269.09,4.0254,2.8966,0.1943,1
QuotientMartingale,2400,669,95,0.142,0.28,0.5072,2427.37,4.5643,1.5733,0.1614,1
QuotientMartingale,1000,35,28,0.8,0.85,0.9412,1078.57,3.3673,2.9055,0.041,0
QuotientMartingale,1800,213,99,0.4648,0.5,0.9296,1869.7,4.6052,4.002,0.0337,0
QuotientMartingale,2600,82,16,0.1951,0.22,0.8869,2643.75,2.8332,1.4615,0.0287,0
QuotientMartingale,800,71,63,0.8873,0.9,0.9859,806.35,4.1589,2.9757,0.0105,0
QuotientMartingale,1600,119,83,0.6975,0.6,1.1625,1649.4,4.4308,5.0973,0.0,0
QuotientMartingale,2000,178,92,0.5169,0.42,1.2306,2044.57,4.5326,4.7898,0.0,0
QuotientMartingale,2200,111,58,0.5225,0.35,1.4929,2268.97,4.0775,4.8343,0.0,0
QuotientMartingale,2800,211,44,0.2085,0.16,1.3033,2847.73,3.8067,2.2605,0.0,0
QuotientMartingale,3000,22,16,0.7273,0.11,2.0,3075.0,2.8332,6.3361,0.0,0
QuotientMartingale,3200,8,8,1.0,0.07,2.0,3300.0,2.1972,7.2508,0.0,0
QuotientMartingale,3400,22,13,0.5909,0.04,2.0,3492.31,2.6391,5.4461,0.0,0
QwertyPi,800,651,398,0.6114,0.9,0.6793,820.35,5.989,3.0037,0.2676,1
QwertyPi,1200,579,312,0.5389,0.78,0.6908,1253.21,5.7462,3.8804,0.2274,1
QwertyPi,1000,368,224,0.6087,0.85,0.7161,1041.07,5.4161,3.4322,0.2223,1
QwertyPi,1800,2346,717,0.3056,0.5,0.6113,1851.32,6.5765,3.7211,0.1991,1
QwertyPi,1600,1540,624,0.4052,0.6,0.6753,1676.12,6.4378,4.3722,0.1922,1
QwertyPi,1400,732,377,0.515,0.7,0.7358,1447.21,5.9349,4.4236,0.176,1
QwertyPi,2000,1526,464,0.3041,0.42,0.724,2052.8,6.142,3.8337,0.119,1
QwertyPi,2400,1477,314,0.2126,0.28,0.7593,2445.54,5.7526,2.9908,0.0729,0
QwertyPi,2200,979,284,0.2901,0.35,0.8288,2250.7,5.6525,3.6906,0.062,0
QwertyPi,2600,446,105,0.2354,0.22,1.0701,2632.38,4.6634,2.8901,0.0,0
QwertyPi,2800,494,90,0.1822,0.16,1.1387,2826.67,4.5109,2.323,0.0,0
QwertyPi,3000,369,41,0.1111,0.11,1.0101,3036.59,3.7377,1.2611,0.0,0
QwertyPi,3200,95,17,0.1789,0.07,2.0,3241.18,2.8904,1.6764,0.0,0
QwertyPi,3400,20,2,0.1,0.04,2.0,3500.0,1.0986,0.3845,0.0,0
RDDCCD,1000,330,234,0.7091,0.85,0.8342,1054.7,5.4596,4.0831,0.1266,0
RDDCCD,1200,521,370,0.7102,0.78,0.9105,1254.86,5.9162,5.2723,0.0632,0
RDDCCD,800,541,453,0.8373,0.9,0.9304,821.41,6.1181,4.208,0.0554,0
RDDCCD,1400,573,374,0.6527,0.7,0.9324,1455.61,5.9269,5.6311,0.0434,0
RDDCCD,1600,713,410,0.575,0.6,0.9584,1655.61,6.0186,5.7299,0.0234,0
RDDCCD,1800,986,516,0.5233,0.5,1.0467,1854.26,6.248,6.063,0.0,0
RDDCCD,2000,1088,463,0.4256,0.42,1.0132,2049.03,6.1399,5.3538,0.0,0
RDDCCD,2200,1159,487,0.4202,0.35,1.2005,2247.23,6.1903,5.8453,0.0,0
RDDCCD,2400,1602,644,0.402,0.28,1.4357,2445.19,6.4693,6.359,0.0,0
RDDCCD,2600,1103,298,0.2702,0.22,1.2281,2641.95,5.7004,4.0689,0.0,0
RDDCCD,2800,733,222,0.3029,0.16,1.8929,2845.5,5.4072,4.6599,0.0,0
RDDCCD,3000,578,128,0.2215,0.11,2.0,3031.25,4.8598,3.2623,0.0,0
RDDCCD,3200,116,36,0.3103,0.07,2.0,3241.67,3.6109,3.6327,0.0,0
RDDCCD,3400,203,49,0.2414,0.04,2.0,3453.06,3.912,3.2607,0.0,0
RGB_ICPC3,1200,511,218,0.4266,0.78,0.5469,1252.75,5.3891,2.8801,0.345,1
RGB_ICPC3,1000,481,244,0.5073,0.85,0.5968,1058.61,5.5013,2.9542,0.3257,1
RGB_ICPC3,800,765,432,0.5647,0.9,0.6275,818.52,6.0707,2.806,0.3149,1
RGB_ICPC3,1600,787,295,0.3748,0.6,0.6247,1657.63,5.6904,3.5357,0.2245,1
RGB_ICPC3,2000,1316,297,0.2257,0.42,0.5373,2050.17,5.6971,2.636,0.2084,1
RGB_ICPC3,1400,640,316,0.4938,0.7,0.7054,1451.58,5.7589,4.1275,0.1972,1
RGB_ICPC3,1800,978,327,0.3344,0.5,0.6687,1853.52,5.793,3.5901,0.1679,1
RGB_ICPC3,2200,1136,276,0.243,0.35,0.6942,2247.46,5.624,3.0709,0.1137,1
RGB_ICPC3,2800,189,28,0.1481,0.16,0.9259,2853.57,3.3673,1.4235,0.0142,0
RGB_ICPC3,2400,1096,307,0.2801,0.28,1.0004,2462.54,5.7301,3.9525,0.0,0
RGB_ICPC3,2600,394,102,0.2589,0.22,1.1767,2645.1,4.6347,3.1737,0.0,0
RGB_ICPC3,3000,37,21,0.5676,0.11,2.0,3042.86,3.091,5.3383,0.0,0
RGB_ICPC3,3200,45,6,0.1333,0.07,1.9048,3200.0,1.9459,0.8303,0.0,0
RGB_ICPC3,3400,67,8,0.1194,0.04,2.0,3500.0,2.1972,0.9182,0.0,0
Ra16bit,800,492,454,0.9228,0.9,1.0253,820.7,6.1203,4.635,0.0,0
Ra16bit,1000,313,282,0.901,0.85,1.06,1053.9,5.6454,5.3605,0.0,0
Ra16bit,1200,555,466,0.8396,0.78,1.0765,1249.57,6.1463,6.4487,0.0,0
Ra16bit,1400,681,514,0.7548,0.7,1.0782,1446.89,6.2442,6.8191,0.0,0
Ra16bit,1600,1155,753,0.6519,0.6,1.0866,1650.07,6.6254,7.1273,0.0,0
Ra16bit,1800,1597,934,0.5848,0.5,1.1697,1853.1,6.8405,7.4137,0.0,0
Ra16bit,2000,1555,740,0.4759,0.42,1.1331,2048.51,6.608,6.4418,0.0,0
Ra16bit,2200,1492,677,0.4538,0.35,1.2964,2256.43,6.5191,6.6747,0.0,0
Ra16bit,2400,2003,651,0.325,0.28,1.1608,2446.7,6.48,5.153,0.0,0
Ra16bit,2600,1478,461,0.3119,0.22,1.4178,2644.69,6.1356,5.0612,0.0,0
Ra16bit,2800,776,234,0.3015,0.16,1.8847,2839.74,5.4596,4.6751,0.0,0
Ra16bit,3000,573,93,0.1623,0.11,1.4755,3043.01,4.5433,2.2439,0.0,0
Ra16bit,3200,204,35,0.1716,0.07,2.0,3234.29,3.5835,1.9885,0.0,0
Ra16bit,3400,180,16,0.0889,0.04,2.0,3475.0,2.8332,0.8751,0.0,0
Radewoosh,800,384,348,0.9062,0.9,1.0069,822.13,5.8551,4.3623,0.0,0
Radewoosh,1000,270,232,0.8593,0.85,1.0109,1061.64,5.451,4.9726,0.0,0
Radewoosh,1200,514,426,0.8288,0.78,1.0626,1255.87,6.0568,6.3042,0.0,0
Radewoosh,1400,672,508,0.756,0.7,1.0799,1451.38,6.2324,6.8381,0.0,0
Radewoosh,1600,874,645,0.738,0.6,1.23,1653.64,6.4708,7.8967,0.0,0
Radewoosh,1800,1271,805,0.6334,0.5,1.2667,1851.3,6.6921,7.8467,0.0,0
Radewoosh,2000,1476,750,0.5081,0.42,1.2098,2049.47,6.6214,6.8955,0.0,0
Radewoosh,2200,1278,633,0.4953,0.35,1.4152,2251.34,6.452,7.1947,0.0,0
Radewoosh,2400,1700,697,0.41,0.28,1.4643,2448.49,6.5482,6.5736,0.0,0
Radewoosh,2600,1271,495,0.3895,0.22,1.7703,2640.2,6.2066,6.3819,0.0,0
Radewoosh,2800,1330,426,0.3203,0.16,2.0,2840.38,6.0568,5.5103,0.0,0
Radewoosh,3000,967,290,0.2999,0.11,2.0,3045.86,5.6733,5.1823,0.0,0
Radewoosh,3200,1720,317,0.1843,0.07,2.0,3250.47,5.7621,3.4519,0.0,0
Radewoosh,3400,2716,227,0.0836,0.04,2.0,3459.91,5.4293,1.57,0.0,0
RainC,1800,201,69,0.3433,0.5,0.6866,1840.58,4.2485,2.6844,0.1585,1
RainC,800,94,77,0.8191,0.9,0.9102,814.29,4.3567,2.906,0.0687,0
RainC,2000,113,46,0.4071,0.42,0.9692,2041.3,3.8501,3.1994,0.0126,0
RainC,1200,75,58,0.7733,0.78,0.9915,1262.07,4.0775,3.9797,0.0057,0
RainC,1000,52,48,0.9231,0.85,1.086,1033.33,3.8918,3.7122,0.0,0
RainC,1400,86,65,0.7558,0.7,1.0797,1443.08,4.1897,4.5696,0.0,0
RainC,1600,98,59,0.602,0.6,1.0034,1630.51,4.0943,4.0191,0.0,0
RainC,2200,53,24,0.4528,0.35,1.2938,2220.83,3.2189,3.2371,0.0,0
RainC,2400,34,17,0.5,0.28,1.7857,2452.94,2.8904,3.545,0.0,0
RainC,2600,4,2,0.5,0.22,2.0,2600.0,1.0986,1.4282,0.0,0
RainRecall,1000,66,33,0.5,0.85,0.5882,1051.52,3.5264,1.854,0.3251,1
RainRecall,1600,107,33,0.3084,0.6,0.514,1663.64,3.5264,1.8093,0.3016,1
RainRecall,1800,158,48,0.3038,0.5,0.6076,1825.0,3.8918,2.1577,0.2033,1
RainRecall,1200,77,43,0.5584,0.78,0.716,1262.79,3.7842,2.6686,0.2018,1
RainRecall,1400,79,42,0.5316,0.7,0.7595,1442.86,3.7612,2.8852,0.1549,0
RainRecall,800,64,50,0.7812,0.9,0.8681,816.0,3.9318,2.5065,0.1005,0
RainRecall,2000,324,106,0.3272,0.42,0.779,2074.53,4.6728,3.1715,0.0947,0
RainRecall,2200,239,183,0.7657,0.35,2.0,2241.53,5.2149,8.9505,0.0,0
RainRecall,2400,486,224,0.4609,0.28,1.6461,2445.09,5.4161,6.1037,0.0,0
RainRecall,2600,539,206,0.3822,0.22,1.7372,2643.2,5.3327,5.3871,0.0,0
RainRecall,2800,234,108,0.4615,0.16,2.0,2822.22,4.6913,6.1108,0.0,0
RainRecall,3000,103,23,0.2233,0.11,2.0,3000.0,3.1781,2.129,0.0,0
RainRecall,3200,2,1,0.5,0.07,2.0,3200.0,0.6931,1.109,0.0,0
Rainmaker2627,1000,238,66,0.2773,0.85,0.3262,1054.55,4.2047,1.2296,0.6026,1
Rainmaker2627,1800,27,4,0.1481,0.5,0.2963,1850.0,1.6094,0.4411,0.4493,1
Rainmaker2627,800,332,154,0.4639,0.9,0.5154,810.39,5.0434,1.8958,0.4192,1
Rainmaker2627,1400,78,38,0.4872,0.7,0.696,1457.89,3.6636,2.6021,0.1994,1
Rainmaker2627,1600,105,42,0.4,0.6,0.6667,1680.95,3.7612,2.529,0.1959,1
Rainmaker2627,1200,77,50,0.6494,0.78,0.8325,1238.0,3.9318,3.1608,0.1154,0
Rainmaker2627,2200,24,8,0.3333,0.35,0.9524,2300.0,2.1972,1.6845,0.0168,0
Rainmaker2627,2000,64,26,0.4062,0.42,0.9673,2057.69,3.2958,2.7551,0.0134,0
Rainmaker2627,2400,3,3,1.0,0.28,2.0,2400.0,1.3863,3.3271,0.0,0
Rainmaker2627,2600,30,12,0.4,0.22,1.8182,2666.67,2.5649,2.7359,0.0,0
Rainmaker2627,3000,5,5,1.0,0.11,2.0,3000.0,1.7918,5.3753,0.0,0
RaresPoinaru,1000,299,166,0.5552,0.85,0.6532,1065.66,5.118,3.028,0.2749,1
RaresPoinaru,1200,452,227,0.5022,0.78,0.6439,1245.37,5.4293,3.3957,0.2642,1
RaresPoinaru,1400,517,242,0.4681,0.7,0.6687,1450.0,5.4931,3.7283,0.2232,1
RaresPoinaru,1600,607,242,0.3987,0.6,0.6645,1647.52,5.4931,3.608,0.1987,1
RaresPoinaru,800,561,406,0.7237,0.9,0.8041,818.72,6.0088,3.5603,0.1593,0
RaresPoinaru,1800,795,327,0.4113,0.5,0.8226,1849.85,5.793,4.4078,0.0872,0
RaresPoinaru,2000,995,368,0.3698,0.42,0.8806,2048.64,5.9108,4.4785,0.0501,0
RaresPoinaru,2200,931,351,0.377,0.35,1.0772,2236.18,5.8636,4.9435,0.0,0
RaresPoinaru,2400,929,272,0.2928,0.28,1.0457,2448.16,5.6095,4.0208,0.0,0
RaresPoinaru,2600,340,115,0.3382,0.22,1.5374,2645.22,4.7536,4.2531,0.0,0
RaresPoinaru,2800,346,59,0.1705,0.16,1.0658,2832.2,4.0943,1.9774,0.0,0
RaresPoinaru,3000,29,7,0.2414,0.11,2.0,3000.0,2.0794,1.5058,0.0,0
Ravnik,2400,14,0,0.0,0.28,0.0,2400.0,0.0,0.0,0.7583,0
Ravnik,800,15,15,1.0,0.9,1.1111,820.0,2.7726,2.2735,0.0,0
Ravnik,1000,12,12,1.0,0.85,1.1765,1083.33,2.5649,2.7787,0.0,0
Ravnik,1200,11,11,1.0,0.78,1.2821,1281.82,2.4849,3.1852,0.0,0
Ravnik,1400,6,6,1.0,0.7,1.4286,1400.0,1.9459,2.7243,0.0,0
Ravnik,1800,24,18,0.75,0.5,1.5,1816.67,2.9444,4.0118,0.0,0
Ravnik,2000,7,7,1.0,0.42,2.0,2100.0,2.0794,4.3668,0.0,0
Ravnik,2200,19,13,0.6842,0.35,1.9549,2200.0,2.6391,3.9725,0.0,0
Ravnik,2600,14,10,0.7143,0.22,2.0,2700.0,2.3979,4.6245,0.0,0
Ravnik,2800,3,3,1.0,0.16,2.0,2900.0,1.3863,4.0203,0.0,0
Rayo,1200,2901,1026,0.3537,0.78,0.4534,1248.15,6.9344,3.0611,0.4284,1
Rayo,1000,2250,1013,0.4502,0.85,0.5297,1055.58,6.9217,3.2895,0.3896,1
Rayo,800,3386,1899,0.5608,0.9,0.6232,822.06,7.5496,3.4807,0.3224,1
Rayo,1400,2103,844,0.4013,0.7,0.5733,1447.39,6.7393,3.9148,0.2953,1
Rayo,1600,1958,651,0.3325,0.6,0.5541,1648.69,6.48,3.5521,0.2711,1
Rayo,1800,1223,388,0.3173,0.5,0.6345,1858.76,5.9636,3.5167,0.1866,1
Rayo,2400,437,90,0.2059,0.28,0.7355,2451.11,4.5109,2.2771,0.0817,1
Rayo,2600,249,40,0.1606,0.22,0.7302,2617.5,3.7136,1.5615,0.0695,1
Rayo,2000,493,178,0.3611,0.42,0.8597,2051.12,5.1874,3.8416,0.0591,0
Rayo,2200,373,123,0.3298,0.35,0.9422,2239.84,4.8203,3.5603,0.0206,0
Rayo,2800,34,16,0.4706,0.16,2.0,2812.5,2.8332,3.7498,0.0,0
Rayo,3000,34,14,0.4118,0.11,2.0,3071.43,2.7081,3.4249,0.0,0
Rayo,3200,4,3,0.75,0.07,2.0,3300.0,1.3863,3.4311,0.0,0
Razvan_Rotaru,1000,582,325,0.5584,0.85,0.657,1063.38,5.7869,3.4363,0.2736,1
Razvan_Rotaru,1200,637,341,0.5353,0.78,0.6863,1254.25,5.8348,3.9177,0.2312,1
Razvan_Rotaru,1400,694,335,0.4827,0.7,0.6896,1442.69,5.8171,4.051,0.2086,1
Razvan_Rotaru,1800,1114,341,0.3061,0.5,0.6122,1858.94,5.8348,3.3202,0.1991,1
Razvan_Rotaru,2000,660,175,0.2652,0.42,0.6313,2046.29,5.1705,2.8054,0.163,1
Razvan_Rotaru,1600,838,370,0.4415,0.6,0.7359,1651.89,5.9162,4.315,0.1543,1
Razvan_Rotaru,800,987,751,0.7609,0.9,0.8454,819.17,6.6227,4.128,0.1258,0
Razvan_Rotaru,2400,348,61,0.1753,0.28,0.626,2436.07,4.1271,1.7623,0.1196,1
Razvan_Rotaru,2800,72,6,0.0833,0.16,0.5208,2800.0,1.9459,0.454,0.1117,1
Razvan_Rotaru,2200,452,118,0.2611,0.35,0.7459,2244.92,4.7791,2.8009,0.0941,1
Razvan_Rotaru,2600,67,16,0.2388,0.22,1.0855,2600.0,2.8332,1.7591,0.0,0
Razvan_Rotaru,3400,3,1,0.3333,0.04,2.0,3500.0,0.6931,0.8087,0.0,0
Remgagagali727,1200,410,177,0.4317,0.78,0.5535,1250.85,5.1818,2.7982,0.3391,1
Remgagagali727,1000,394,195,0.4949,0.85,0.5823,1056.41,5.2781,2.7596,0.3382,1
Remgagagali727,1800,2438,807,0.331,0.5,0.662,1855.27,6.6946,4.1112,0.1713,1
Remgagagali727,1400,360,195,0.5417,0.7,0.7738,1445.13,5.2781,4.1316,0.1485,0
Remgagagali727,800,493,368,0.7465,0.9,0.8294,817.12,5.9108,3.6052,0.1378,0
Remgagagali727,2000,1651,495,0.2998,0.42,0.7139,2041.62,6.2066,3.7991,0.1236,1
Remgagagali727,2200,1532,363,0.2369,0.35,0.677,2245.73,5.8972,3.138,0.1202,1
Remgagagali727,1600,425,224,0.5271,0.6,0.8784,1650.89,5.4161,4.7126,0.0688,0
Remgagagali727,2800,131,17,0.1298,0.16,0.8111,2870.59,2.8904,1.0767,0.0379,0
Remgagagali727,3400,124,4,0.0323,0.04,0.8065,3400.0,1.6094,0.1765,0.0143,0
Remgagagali727,2400,827,232,0.2805,0.28,1.0019,2447.41,5.451,3.7426,0.0,0
Remgagagali727,2600,109,30,0.2752,0.22,1.251,2633.33,3.434,2.4889,0.0,0
Remgagagali727,3000,31,6,0.1935,0.11,1.7595,3033.33,1.9459,1.1424,0.0,0
ReverseFlash081,1200,459,291,0.634,0.78,0.8128,1256.7,5.6768,4.5229,0.1341,0
ReverseFlash081,3200,5,0,0.0,0.07,0.0,3200.0,0.0,0.0,0.1254,0
ReverseFlash081,1800,1114,482,0.4327,0.5,0.8654,1857.68,6.18,4.9673,0.0658,0
ReverseFlash081,1000,322,254,0.7888,0.85,0.928,1067.32,5.5413,4.6653,0.054,0
ReverseFlash081,2000,927,351,0.3786,0.42,0.9015,2043.3,5.8636,4.5366,0.0412,0
ReverseFlash081,1400,605,404,0.6678,0.7,0.954,1452.97,6.0039,5.8253,0.0295,0
ReverseFlash081,1600,815,477,0.5853,0.6,0.9755,1656.39,6.1696,5.9811,0.0138,0
ReverseFlash081,800,430,382,0.8884,0.9,0.9871,814.14,5.948,4.302,0.0102,0
ReverseFlash081,2200,502,230,0.4582,0.35,1.309,2237.39,5.4424,5.579,0.0,0
ReverseFlash081,2400,151,72,0.4768,0.28,1.7029,2434.72,4.2905,4.9809,0.0,0
ReverseFlash081,2600,27,12,0.4444,0.22,2.0,2625.0,2.5649,2.9924,0.0,0
ReverseFlash081,2800,3,3,1.0,0.16,2.0,2800.0,1.3863,3.8816,0.0,0
Rice_tawara459,3200,12,0,0.0,0.07,0.0,3200.0,0.0,0.0,0.1795,0
Rice_tawara459,1000,35,25,0.7143,0.85,0.8403,1088.0,3.2581,2.532,0.1142,0
Rice_tawara459,1400,100,62,0.62,0.7,0.8857,1435.48,4.1431,3.6874,0.0718,0
Rice_tawara459,3000,15,1,0.0667,0.11,0.6061,3000.0,0.6931,0.1386,0.071,0
Rice_tawara459,800,74,65,0.8784,0.9,0.976,807.69,4.1897,2.9724,0.018,0
Rice_tawara459,1200,73,62,0.8493,0.78,1.0889,1254.84,4.1431,4.4156,0.0,0
Rice_tawara459,1600,61,56,0.918,0.6,1.5301,1660.71,4.0431,6.164,0.0,0
Rice_tawara459,1800,94,61,0.6489,0.5,1.2979,1855.74,4.1271,4.9701,0.0,0
Rice_tawara459,2000,120,59,0.4917,0.42,1.1706,2055.93,4.0943,4.1387,0.0,0
Rice_tawara459,2200,94,50,0.5319,0.35,1.5198,2270.0,3.9318,4.7475,0.0,0
Rice_tawara459,2400,89,53,0.5955,0.28,2.0,2433.96,3.989,5.7818,0.0,0
Rice_tawara459,2600,44,21,0.4773,0.22,2.0,2642.86,3.091,3.8989,0.0,0
Rice_tawara459,2800,16,13,0.8125,0.16,2.0,2830.77,2.6391,6.0698,0.0,0
Rice_tawara459,3400,4,1,0.25,0.04,2.0,3500.0,0.6931,0.6065,0.0,0
RigBuhBuh,2000,295,66,0.2237,0.42,0.5327,2045.45,4.2047,1.9242,0.2146,1
RigBuhBuh,2200,400,90,0.225,0.35,0.6429,2256.67,4.5109,2.2904,0.136,1
RigBuhBuh,2800,231,18,0.0779,0.16,0.487,2827.78,2.9444,0.6488,0.1133,1
RigBuhBuh,1400,107,65,0.6075,0.7,0.8678,1427.69,4.1897,3.6336,0.0835,0
RigBuhBuh,2400,312,68,0.2179,0.28,0.7784,2438.24,4.2341,2.25,0.0681,0
RigBuhBuh,1200,101,75,0.7426,0.78,0.952,1233.33,4.3307,3.9663,0.0325,0
RigBuhBuh,800,151,133,0.8808,0.9,0.9787,815.79,4.8978,3.5193,0.0164,0
RigBuhBuh,1000,81,72,0.8889,0.85,1.0458,1052.78,4.2905,4.015,0.0,0
RigBuhBuh,1600,138,88,0.6377,0.6,1.0628,1665.91,4.4886,4.7684,0.0,0
RigBuhBuh,1800,267,137,0.5131,0.5,1.0262,1864.96,4.9273,4.715,0.0,0
RigBuhBuh,2600,108,33,0.3056,0.22,1.3889,2651.52,3.5264,2.857,0.0,0
RigBuhBuh,3000,42,6,0.1429,0.11,1.2987,3033.33,1.9459,0.8432,0.0,0
RigBuhBuh,3200,11,8,0.7273,0.07,2.0,3237.5,2.1972,5.1735,0.0,0
RigBuhBuh,3400,68,5,0.0735,0.04,1.8382,3420.0,1.7918,0.4506,0.0,0
Ritwin,1000,773,380,0.4916,0.85,0.5783,1051.84,5.9428,3.0729,0.3434,1
Ritwin,1200,884,387,0.4378,0.78,0.5613,1249.87,5.961,3.2617,0.3336,1
Ritwin,800,1272,706,0.555,0.9,0.6167,820.96,6.561,2.9896,0.3262,1
Ritwin,1600,1543,476,0.3085,0.6,0.5141,1650.21,6.1675,3.1397,0.2986,1
Ritwin,1400,1196,488,0.408,0.7,0.5829,1450.41,6.1924,3.6647,0.2877,1
Ritwin,1800,1384,382,0.276,0.5,0.552,1849.21,5.948,3.0359,0.2332,1
Ritwin,2000,1071,284,0.2652,0.42,0.6314,2041.55,5.6525,3.06,0.1624,1
Ritwin,2200,884,180,0.2036,0.35,0.5818,2248.89,5.1985,2.3805,0.1602,1
Ritwin,2600,1094,189,0.1728,0.22,0.7853,2657.67,5.247,2.4091,0.0529,0
Ritwin,2400,1003,245,0.2443,0.28,0.8724,2448.16,5.5053,3.2922,0.038,0
Ritwin,2800,161,43,0.2671,0.16,1.6693,2823.26,3.7842,2.8534,0.0,0
Ritwin,3000,187,41,0.2193,0.11,1.9932,3034.15,3.7377,2.4864,0.0,0
Ritwin,3200,42,7,0.1667,0.07,2.0,3300.0,2.0794,1.1437,0.0,0
Robrob09,1800,73,19,0.2603,0.5,0.5205,1847.37,2.9957,1.4404,0.2582,1
Robrob09,2000,77,19,0.2468,0.42,0.5875,2078.95,2.9957,1.5368,0.1889,1
Robrob09,800,63,46,0.7302,0.9,0.8113,802.17,3.8501,2.2551,0.1456,0
Robrob09,2400,66,11,0.1667,0.28,0.5952,2400.0,2.4849,0.994,0.1367,1
Robrob09,1400,9,5,0.5556,0.7,0.7937,1500.0,1.7918,1.4931,0.1191,0
Robrob09,2200,22,6,0.2727,0.35,0.7792,2200.0,1.9459,1.1675,0.0822,0
Robrob09,1000,38,33,0.8684,0.85,1.0217,1048.48,3.5264,3.2108,0.0,0
Robrob09,1200,35,29,0.8286,0.78,1.0623,1265.52,3.4012,3.5664,0.0,0
Robrob09,1600,24,24,1.0,0.6,1.6667,1641.67,3.2189,5.2843,0.0,0
Robrob09,2600,6,6,1.0,0.22,2.0,2600.0,1.9459,5.0594,0.0,0
Robrob09,2800,8,8,1.0,0.16,2.0,2900.0,2.1972,6.372,0.0,0
RockyYue,1800,235,73,0.3106,0.5,0.6213,1836.99,4.3041,2.4561,0.1951,1
RockyYue,1400,129,75,0.5814,0.7,0.8306,1457.33,4.3307,3.6694,0.1083,0
RockyYue,1000,51,38,0.7451,0.85,0.8766,1060.53,3.6636,2.8949,0.0889,0
RockyYue,1200,91,64,0.7033,0.78,0.9017,1275.0,4.1744,3.7432,0.067,0
RockyYue,2000,206,74,0.3592,0.42,0.8553,2083.78,4.3175,3.2318,0.061,0
RockyYue,800,115,96,0.8348,0.9,0.9275,817.71,4.5747,3.1227,0.0556,0
RockyYue,2200,302,95,0.3146,0.35,0.8988,2255.79,4.5643,3.2389,0.0364,0
RockyYue,2400,461,122,0.2646,0.28,0.9452,2459.02,4.8122,3.1316,0.0162,0
RockyYue,1600,101,73,0.7228,0.6,1.2046,1661.64,4.3041,5.1691,0.0,0
RockyYue,2600,826,195,0.2361,0.22,1.0731,2646.67,5.2781,3.2979,0.0,0
RockyYue,2800,495,126,0.2545,0.16,1.5909,2825.4,4.8442,3.4839,0.0,0
RockyYue,3000,131,49,0.374,0.11,2.0,3006.12,3.912,4.3988,0.0,0
RockyYue,3200,147,23,0.1565,0.07,2.0,3256.52,3.1781,1.6193,0.0,0
RockyYue,3400,69,8,0.1159,0.04,2.0,3450.0,2.1972,0.8789,0.0,0
Rodger2041,1200,638,410,0.6426,0.78,0.8239,1248.05,6.0186,4.8271,0.1264,0
Rodger2041,1800,1303,519,0.3983,0.5,0.7966,1862.43,6.2538,4.6393,0.1006,0
Rodger2041,1000,398,303,0.7613,0.85,0.8957,1059.41,5.717,4.611,0.0791,0
Rodger2041,2800,197,21,0.1066,0.16,0.6662,2823.81,3.091,0.9305,0.069,1
Rodger2041,3400,4,0,0.0,0.04,0.0,3400.0,0.0,0.0,0.0644,0
Rodger2041,2000,1039,372,0.358,0.42,0.8525,2040.86,5.9216,4.3269,0.0622,0
Rodger2041,1400,561,356,0.6346,0.7,0.9065,1431.18,5.8777,5.3382,0.0602,0
Rodger2041,800,723,604,0.8354,0.9,0.9282,818.38,6.4052,4.3791,0.0574,0
Rodger2041,2400,851,202,0.2374,0.28,0.8477,2447.03,5.3132,3.0862,0.0456,0
Rodger2041,1600,723,401,0.5546,0.6,0.9244,1650.12,5.9965,5.488,0.0427,0
Rodger2041,2200,682,228,0.3343,0.35,0.9552,2240.35,5.4337,4.0697,0.0159,0
Rodger2041,2600,213,44,0.2066,0.22,0.939,2627.27,3.8067,2.066,0.015,0
Roman_2007,1400,196,97,0.4949,0.7,0.707,1438.14,4.585,3.2633,0.194,1
Roman_2007,1000,163,116,0.7117,0.85,0.8372,1065.52,4.7622,3.6111,0.1224,0
Roman_2007,2600,36,5,0.1389,0.22,0.6313,2700.0,1.7918,0.6719,0.1049,1
Roman_2007,800,323,254,0.7864,0.9,0.8738,821.26,5.5413,3.5787,0.1004,0
Roman_2007,1200,184,132,0.7174,0.78,0.9197,1243.94,4.8903,4.3641,0.0555,0
Roman_2007,2000,409,153,0.3741,0.42,0.8907,2032.03,5.037,3.8288,0.0458,0
Roman_2007,2200,245,83,0.3388,0.35,0.9679,2232.53,4.4308,3.3511,0.0114,0
Roman_2007,1600,269,206,0.7658,0.6,1.2763,1664.08,5.3327,6.7957,0.0,0
Roman_2007,1800,294,178,0.6054,0.5,1.2109,1845.51,5.1874,5.7961,0.0,0
Roman_2007,2400,30,20,0.6667,0.28,2.0,2425.0,3.0445,4.922,0.0,0
Roman_2007,2800,3,3,1.0,0.16,2.0,2800.0,1.3863,3.8816,0.0,0
Rubikun,3400,62,2,0.0323,0.04,0.8065,3500.0,1.0986,0.124,0.0153,0
Rubikun,800,1186,1115,0.9401,0.9,1.0446,820.0,7.0175,5.4099,0.0,0
Rubikun,1000,701,645,0.9201,0.85,1.0825,1055.81,6.4708,6.2862,0.0,0
Rubikun,1200,963,869,0.9024,0.78,1.1569,1253.97,6.7685,7.659,0.0,0
Rubikun,1400,1279,1005,0.7858,0.7,1.1225,1448.06,6.9137,7.8667,0.0,0
Rubikun,1600,1551,1203,0.7756,0.6,1.2927,1656.77,7.0934,9.1153,0.0,0
Rubikun,1800,2515,1472,0.5853,0.5,1.1706,1855.16,7.2951,7.921,0.0,0
Rubikun,2000,2452,1226,0.5,0.42,1.1905,2052.53,7.1123,7.2991,0.0,0
Rubikun,2200,3434,1292,0.3762,0.35,1.075,2250.08,7.1647,6.0654,0.0,0
Rubikun,2400,3658,1354,0.3701,0.28,1.322,2447.49,7.2116,6.5332,0.0,0
Rubikun,2600,2604,754,0.2896,0.22,1.3162,2645.36,6.6267,5.0759,0.0,0
Rubikun,2800,1840,512,0.2783,0.16,1.7391,2838.48,6.2403,4.9288,0.0,0
Rubikun,3000,1263,197,0.156,0.11,1.418,3046.7,5.2883,2.5131,0.0,0
Rubikun,3200,393,75,0.1908,0.07,2.0,3232.0,4.3307,2.6712,0.0,0
Rvess,1000,639,437,0.6839,0.85,0.8046,1056.75,6.0822,4.3956,0.1516,0
Rvess,1600,1320,601,0.4553,0.6,0.7588,1657.07,6.4003,4.8288,0.1405,0
Rvess,1400,909,512,0.5633,0.7,0.8047,1452.34,6.2403,5.1048,0.1287,0
Rvess,1200,775,501,0.6465,0.78,0.8288,1259.48,6.2186,5.0631,0.1231,0
Rvess,800,865,665,0.7688,0.9,0.8542,819.55,6.5013,4.0962,0.1183,0
Rvess,2200,1796,513,0.2856,0.35,0.8161,2239.18,6.2422,3.9925,0.0666,0
Rvess,3000,117,9,0.0769,0.11,0.6993,3022.22,2.3026,0.5353,0.0478,1
Rvess,1800,1380,650,0.471,0.5,0.942,1852.0,6.4785,5.6513,0.028,0
Rvess,2600,2303,488,0.2119,0.22,0.9632,2621.52,6.1924,3.4398,0.0087,0
Rvess,2000,1503,654,0.4351,0.42,1.036,2048.62,6.4846,5.7805,0.0,0
Rvess,2400,3055,908,0.2972,0.28,1.0615,2446.92,6.8123,4.9544,0.0,0
Rvess,2800,274,65,0.2372,0.16,1.4827,2829.23,4.1897,2.812,0.0,0
Rvess,3200,16,3,0.1875,0.07,2.0,3300.0,1.3863,0.8578,0.0,0
Rvess,3400,12,4,0.3333,0.04,2.0,3400.0,1.6094,1.824,0.0,0
Ryazimn,1000,1318,783,0.5941,0.85,0.6989,1057.98,6.6644,4.1888,0.2399,1
Ryazimn,1200,1448,802,0.5539,0.78,0.7101,1252.37,6.6884,4.6394,0.2141,1
Ryazimn,1400,1535,784,0.5107,0.7,0.7296,1452.42,6.6657,4.9448,0.1811,1
Ryazimn,800,2178,1567,0.7195,0.9,0.7994,820.8,7.3576,4.3449,0.166,0
Ryazimn,1600,1805,834,0.462,0.6,0.7701,1660.67,6.7274,5.162,0.1339,0
Ryazimn,1800,1951,975,0.4997,0.5,0.9995,1861.44,6.8835,6.4033,0.0002,0
Ryazimn,2000,2036,1046,0.5138,0.42,1.2232,2049.71,6.9537,7.3225,0.0,0
Ryazimn,2200,1678,853,0.5083,0.35,1.4524,2243.26,6.7499,7.6973,0.0,0
Ryazimn,2400,2121,946,0.446,0.28,1.5929,2440.91,6.8533,7.4611,0.0,0
Ryazimn,2600,735,321,0.4367,0.22,1.9852,2635.51,5.7746,6.6466,0.0,0
Ryazimn,2800,225,87,0.3867,0.16,2.0,2814.94,4.4773,4.8733,0.0,0
Ryazimn,3000,23,13,0.5652,0.11,2.0,3061.54,2.6391,4.5667,0.0,0
Ryazimn,3200,7,7,1.0,0.07,2.0,3200.0,2.0794,6.6542,0.0,0
SATSKY_2025target_LGM,800,552,361,0.654,0.9,0.7267,814.96,5.8916,3.1401,0.2254,1
SATSKY_2025target_LGM,1800,1183,335,0.2832,0.5,0.5664,1850.75,5.8171,3.0487,0.2251,1
SATSKY_2025target_LGM,1400,512,241,0.4707,0.7,0.6724,1448.55,5.4889,3.7426,0.2205,1
SATSKY_2025target_LGM,1200,365,201,0.5507,0.78,0.706,1250.25,5.3083,3.6547,0.2146,1
SATSKY_2025target_LGM,1000,306,197,0.6438,0.85,0.7574,1058.88,5.2883,3.605,0.1878,0
SATSKY_2025target_LGM,1600,536,233,0.4347,0.6,0.7245,1653.22,5.4553,3.9205,0.161,1
SATSKY_2025target_LGM,2000,1227,366,0.2983,0.42,0.7102,2054.1,5.9054,3.6183,0.1254,1
SATSKY_2025target_LGM,2200,1284,379,0.2952,0.35,0.8433,2246.44,5.9402,3.9388,0.0566,0
SATSKY_2025target_LGM,2400,2541,714,0.281,0.28,1.0035,2451.4,6.5723,4.5271,0.0,0
SATSKY_2025target_LGM,2600,2155,510,0.2367,0.22,1.0757,2645.69,6.2364,3.9047,0.0,0
SATSKY_2025target_LGM,2800,2663,468,0.1757,0.16,1.0984,2840.81,6.1506,3.0707,0.0,0
SATSKY_2025target_LGM,3000,943,184,0.1951,0.11,1.7738,3032.07,5.2204,3.0885,0.0,0
SATSKY_2025target_LGM,3200,297,54,0.1818,0.07,2.0,3238.89,4.0073,2.3599,0.0,0
SATSKY_2025target_LGM,3400,295,22,0.0746,0.04,1.8644,3477.27,3.1355,0.8131,0.0,0
SDSXC,1600,34,15,0.4412,0.6,0.7353,1680.0,2.7726,2.055,0.1497,1
SDSXC,1200,31,20,0.6452,0.78,0.8271,1260.0,3.0445,2.4749,0.1155,0
SDSXC,800,30,30,1.0,0.9,1.1111,830.0,3.434,2.8502,0.0,0
SDSXC,1000,17,17,1.0,0.85,1.1765,1088.24,2.8904,3.1454,0.0,0
SDSXC,1400,7,7,1.0,0.7,1.4286,1457.14,2.0794,3.03,0.0,0
SDSXC,1800,74,43,0.5811,0.5,1.1622,1848.84,3.7842,4.0654,0.0,0
SDSXC,2000,65,43,0.6615,0.42,1.5751,2053.49,3.7842,5.1407,0.0,0
SDSXC,2200,135,58,0.4296,0.35,1.2275,2244.83,4.0775,3.9326,0.0,0
SDSXC,2400,115,51,0.4435,0.28,1.5839,2462.75,3.9512,4.3154,0.0,0
SDSXC,2600,146,38,0.2603,0.22,1.1831,2655.26,3.6636,2.5319,0.0,0
SDSXC,2800,221,54,0.2443,0.16,1.5271,2827.78,4.0073,2.7689,0.0,0
SDSXC,3000,200,46,0.23,0.11,2.0,3032.61,3.8501,2.6855,0.0,0
SDSXC,3200,13,5,0.3846,0.07,2.0,3200.0,1.7918,2.2052,0.0,0
SDSXC,3400,70,30,0.4286,0.04,2.0,3436.67,3.434,5.0578,0.0,0
SK1PY,2600,64,0,0.0,0.22,0.0,2600.0,0.0,0.0,0.9184,1
SK1PY,1400,394,156,0.3959,0.7,0.5656,1449.36,5.0562,2.9016,0.3002,1
SK1PY,2000,715,134,0.1874,0.42,0.4462,2045.52,4.9053,1.8805,0.2589,1
SK1PY,2400,305,29,0.0951,0.28,0.3396,2455.17,3.4012,0.794,0.2405,1
SK1PY,1000,230,139,0.6043,0.85,0.711,1051.08,4.9416,3.139,0.225,1
SK1PY,1600,482,188,0.39,0.6,0.6501,1653.19,5.2417,3.3799,0.2079,1
SK1PY,1800,602,201,0.3339,0.5,0.6678,1860.2,5.3083,3.2969,0.1686,1
SK1PY,1200,266,160,0.6015,0.78,0.7712,1258.75,5.0814,3.8473,0.164,0
SK1PY,3200,6,0,0.0,0.07,0.0,3200.0,0.0,0.0,0.1362,0
SK1PY,800,406,306,0.7537,0.9,0.8374,819.61,5.7268,3.5377,0.1307,0
SK1PY,2200,231,64,0.2771,0.35,0.7916,2240.62,4.1744,2.5914,0.0768,0
SK1PY,2800,22,4,0.1818,0.16,1.1364,2900.0,1.6094,0.8486,0.0,0
SPatrik,2200,980,103,0.1051,0.35,0.3003,2229.13,4.6444,1.0881,0.2989,1
SPatrik,1800,1165,292,0.2506,0.5,0.5013,1835.96,5.6802,2.6139,0.2636,1
SPatrik,2000,950,186,0.1958,0.42,0.4662,2050.54,5.2311,2.1002,0.2468,1
SPatrik,2400,712,70,0.0983,0.28,0.3511,2431.43,4.2627,1.019,0.2268,1
SPatrik,3000,227,3,0.0132,0.11,0.1201,3000.0,1.3863,0.055,0.2202,1
SPatrik,1600,711,287,0.4037,0.6,0.6728,1655.75,5.663,3.7849,0.1935,1
SPatrik,2600,248,20,0.0806,0.22,0.3666,2660.0,3.0445,0.6531,0.1901,1
SPatrik,1000,291,193,0.6632,0.85,0.7803,1055.96,5.2679,3.6893,0.1692,0
SPatrik,3200,10,0,0.0,0.07,0.0,3200.0,0.0,0.0,0.1679,0
SPatrik,2800,97,6,0.0619,0.16,0.3866,2850.0,1.9459,0.343,0.1528,1
SPatrik,3400,35,0,0.0,0.04,0.0,3400.0,0.0,0.0,0.1433,1
SPatrik,1200,392,248,0.6327,0.78,0.8111,1251.61,5.5175,4.3689,0.1351,0
SPatrik,800,413,320,0.7748,0.9,0.8609,827.19,5.7714,3.699,0.1114,0
SPatrik,1400,503,292,0.5805,0.7,0.8293,1454.79,5.6802,4.7971,0.1113,0
Sacharlemagne,1000,496,217,0.4375,0.85,0.5147,1059.91,5.3845,2.4968,0.4011,1
Sacharlemagne,1400,461,183,0.397,0.7,0.5671,1450.27,5.2149,3.0023,0.2992,1
Sacharlemagne,1600,499,160,0.3206,0.6,0.5344,1659.38,5.0814,2.7036,0.2855,1
Sacharlemagne,1800,629,151,0.2401,0.5,0.4801,1854.3,5.0239,2.2364,0.2781,1
Sacharlemagne,800,580,351,0.6052,0.9,0.6724,812.25,5.8636,2.8823,0.2734,1
Sacharlemagne,1200,452,233,0.5155,0.78,0.6609,1253.65,5.4553,3.5254,0.2506,1
Sacharlemagne,2800,50,2,0.04,0.16,0.25,2800.0,1.0986,0.123,0.2248,1
Sacharlemagne,2400,408,45,0.1103,0.28,0.3939,2442.22,3.8286,1.0313,0.2114,1
Sacharlemagne,2200,337,68,0.2018,0.35,0.5765,2251.47,4.2341,1.9236,0.1649,1
Sacharlemagne,2000,482,134,0.278,0.42,0.6619,2058.21,4.9053,2.8068,0.1486,1
Sacred_Conqurer,3000,166,14,0.0843,0.11,0.7667,3057.14,2.7081,0.6982,0.0354,0
Sacred_Conqurer,800,50,44,0.88,0.9,0.9778,809.09,3.8067,2.7103,0.0164,0
Sacred_Conqurer,1000,26,24,0.9231,0.85,1.086,1066.67,3.2189,3.1694,0.0,0
Sacred_Conqurer,1200,39,32,0.8205,0.78,1.0519,1262.5,3.4965,3.622,0.0,0
Sacred_Conqurer,1400,33,25,0.7576,0.7,1.0823,1444.0,3.2581,3.5642,0.0,0
Sacred_Conqurer,1600,27,27,1.0,0.6,1.6667,1640.74,3.3322,5.4673,0.0,0
Sacred_Conqurer,1800,77,52,0.6753,0.5,1.3506,1842.31,3.9703,4.9397,0.0,0
Sacred_Conqurer,2000,74,48,0.6486,0.42,1.5444,2047.92,3.8918,5.1698,0.0,0
Sacred_Conqurer,2200,86,65,0.7558,0.35,2.0,2253.85,4.1897,7.137,0.0,0
Sacred_Conqurer,2400,89,71,0.7978,0.28,2.0,2445.07,4.2767,8.3419,0.0,0
Sacred_Conqurer,2600,24,14,0.5833,0.22,2.0,2614.29,2.7081,4.1298,0.0,0
Sacred_Conqurer,2800,106,47,0.4434,0.16,2.0,2851.06,3.8712,4.8938,0.0,0
Sacred_Conqurer,3200,39,22,0.5641,0.07,2.0,3240.91,3.1355,5.7323,0.0,0
Sacred_Conqurer,3400,12,11,0.9167,0.04,2.0,3500.0,2.4849,7.9724,0.0,0
Sakamata_,800,510,276,0.5412,0.9,0.6013,818.12,5.624,2.49,0.3378,1
Sakamata_,1000,233,120,0.515,0.85,0.6059,1057.5,4.7958,2.612,0.3153,1
Sakamata_,1200,294,146,0.4966,0.78,0.6367,1232.19,4.9904,3.0537,0.269,1
Sakamata_,1400,376,160,0.4255,0.7,0.6079,1453.12,5.0814,3.1421,0.2677,1
Sakamata_,1600,312,120,0.3846,0.6,0.641,1667.5,4.7958,3.0758,0.2135,1
Sakamata_,1800,316,116,0.3671,0.5,0.7342,1858.62,4.7622,3.2491,0.1328,1
Sakamata_,2200,254,61,0.2402,0.35,0.6862,2239.34,4.1271,2.2196,0.1187,1
Sakamata_,3400,9,0,0.0,0.04,0.0,3400.0,0.0,0.0,0.0921,0
Sakamata_,2000,270,91,0.337,0.42,0.8025,2057.14,4.5218,3.1351,0.0842,0
Sakamata_,2400,189,42,0.2222,0.28,0.7937,2423.81,3.7612,2.0259,0.0637,0
Sakamata_,2600,57,38,0.6667,0.22,2.0,2607.89,3.6636,6.3695,0.0,0
Sakamata_,2800,11,5,0.4545,0.16,2.0,2800.0,1.7918,2.2804,0.0,0
Sakamata_,3000,7,3,0.4286,0.11,2.0,3100.0,1.3863,1.8418,0.0,0
Sanae,1000,324,184,0.5679,0.85,0.6681,1061.96,5.2204,3.1483,0.2623,1
Sanae,1400,377,196,0.5199,0.7,0.7427,1445.41,5.2832,3.9701,0.1701,1
Sanae,1800,1021,347,0.3399,0.5,0.6797,1857.93,5.8522,3.6953,0.1619,1
Sanae,1200,404,250,0.6188,0.78,0.7933,1256.8,5.5255,4.2973,0.1483,0
Sanae,2000,1054,309,0.2932,0.42,0.698,2054.05,5.7366,3.4545,0.1311,1
Sanae,800,438,340,0.7763,0.9,0.8625,815.59,5.8319,3.6922,0.1102,0
Sanae,1600,488,259,0.5307,0.6,0.8846,1650.97,5.5607,4.8724,0.0654,0
Sanae,2200,1271,377,0.2966,0.35,0.8475,2256.5,5.9349,3.9723,0.055,0
Sanae,2600,2033,428,0.2105,0.22,0.9569,2644.39,6.0615,3.3745,0.0102,0
Sanae,2400,1656,463,0.2796,0.28,0.9985,2446.87,6.1399,4.2004,0.0004,0
Sanae,2800,945,256,0.2709,0.16,1.6931,2840.62,5.5491,4.2701,0.0,0
Sanae,3000,923,138,0.1495,0.11,1.3592,3033.33,4.9345,2.2379,0.0,0
Sanae,3200,314,57,0.1815,0.07,2.0,3236.84,4.0604,2.3858,0.0,0
Sanae,3400,448,43,0.096,0.04,2.0,3434.88,3.7842,1.2476,0.0,0
SanjarAlgo,1000,329,157,0.4772,0.85,0.5614,1054.14,5.0626,2.5467,0.3566,1
SanjarAlgo,1200,247,113,0.4575,0.78,0.5865,1256.64,4.7362,2.7228,0.31,1
SanjarAlgo,800,650,374,0.5754,0.9,0.6393,810.7,5.9269,2.7647,0.3036,1
SanjarAlgo,2800,5,0,0.0,0.16,0.0,2800.0,0.0,0.0,0.2867,0
SanjarAlgo,1400,79,38,0.481,0.7,0.6872,1460.53,3.6636,2.5738,0.2058,1
SanjarAlgo,1800,173,53,0.3064,0.5,0.6127,1841.51,3.989,2.2504,0.2002,1
SanjarAlgo,1600,103,48,0.466,0.6,0.7767,1643.75,3.8918,2.9812,0.1272,0
SanjarAlgo,2200,104,30,0.2885,0.35,0.8242,2236.67,3.434,2.2156,0.0646,0
SanjarAlgo,2000,43,33,0.7674,0.42,1.8272,2060.61,3.5264,5.5766,0.0,0
SanjarAlgo,2400,38,15,0.3947,0.28,1.4098,2480.0,2.7726,2.7142,0.0,0
SanjarAlgo,2600,31,13,0.4194,0.22,1.9062,2623.08,2.6391,2.903,0.0,0
Saquariu,1200,365,226,0.6192,0.78,0.7938,1246.9,5.425,4.1884,0.1477,0
Saquariu,1400,378,225,0.5952,0.7,0.8503,1442.67,5.4205,4.6548,0.0969,0
Saquariu,1600,626,319,0.5096,0.6,0.8493,1656.74,5.7683,4.8699,0.086,0
Saquariu,800,390,317,0.8128,0.9,0.9031,817.35,5.7621,3.8281,0.077,0
Saquariu,1800,1084,458,0.4225,0.5,0.845,1855.68,6.1291,4.8054,0.076,0
Saquariu,1000,225,174,0.7733,0.85,0.9098,1062.64,5.1648,4.2443,0.0674,0
Saquariu,2000,1301,491,0.3774,0.42,0.8986,2049.49,6.1985,4.7944,0.0424,0
Saquariu,2200,1294,551,0.4258,0.35,1.2166,2258.26,6.3135,6.0711,0.0,0
Saquariu,2400,1988,728,0.3662,0.28,1.3078,2446.7,6.5917,5.906,0.0,0
Saquariu,2600,2119,588,0.2775,0.22,1.2613,2645.24,6.3784,4.6819,0.0,0
Saquariu,2800,1479,381,0.2576,0.16,1.61,2837.8,5.9454,4.3463,0.0,0
Saquariu,3000,920,246,0.2674,0.11,2.0,3028.05,5.5094,4.4608,0.0,0
Saquariu,3200,598,150,0.2508,0.07,2.0,3238.67,5.0173,4.0759,0.0,0
Saquariu,3400,311,90,0.2894,0.04,2.0,3467.78,4.5109,4.5268,0.0,0
Scalm,1400,1983,740,0.3732,0.7,0.5331,1447.43,6.608,3.5693,0.3262,1
Scalm,1600,2394,783,0.3271,0.6,0.5451,1651.85,6.6644,3.6006,0.2771,1
Scalm,1200,1252,685,0.5471,0.78,0.7014,1248.91,6.5309,4.4626,0.2206,1
Scalm,1000,1119,695,0.6211,0.85,0.7307,1054.68,6.5453,4.2875,0.213,1
Scalm,1800,2300,731,0.3178,0.5,0.6357,1851.16,6.5958,3.8806,0.1857,1
Scalm,800,1698,1240,0.7303,0.9,0.8114,820.0,7.1237,4.2658,0.1554,0
Scalm,2000,2301,700,0.3042,0.42,0.7243,2048.86,6.5525,4.0841,0.1187,1
Scalm,2600,82,12,0.1463,0.22,0.6652,2633.33,2.5649,0.9884,0.0913,1
Scalm,2400,982,224,0.2281,0.28,0.8147,2420.98,5.4161,2.991,0.0557,0
Scalm,2200,1844,550,0.2983,0.35,0.8522,2240.55,6.3117,4.218,0.0532,0
Scalm,3400,2,2,1.0,0.04,2.0,3500.0,1.0986,3.8451,0.0,0
Seele_H,1200,84,44,0.5238,0.78,0.6716,1263.64,3.8067,2.5196,0.2368,1
Seele_H,800,115,78,0.6783,0.9,0.7536,814.1,4.3694,2.4127,0.1963,0
Seele_H,1000,60,38,0.6333,0.85,0.7451,1039.47,3.6636,2.4118,0.191,1
Seele_H,1800,139,47,0.3381,0.5,0.6763,1842.55,3.8712,2.4118,0.1642,1
Seele_H,1600,48,22,0.4583,0.6,0.7639,1672.73,3.1355,2.4039,0.1333,0
Seele_H,1400,83,47,0.5663,0.7,0.809,1436.17,3.8712,3.1483,0.1216,0
Seele_H,2000,62,20,0.3226,0.42,0.768,2055.0,3.0445,2.0182,0.0998,0
Seele_H,2200,47,14,0.2979,0.35,0.8511,2235.71,2.7081,1.8034,0.0544,0
Seele_H,2400,72,22,0.3056,0.28,1.0913,2450.0,3.1355,2.3473,0.0,0
Seele_H,2600,5,5,1.0,0.22,2.0,2700.0,1.7918,4.8378,0.0,0
SeptaCube,800,311,218,0.701,0.9,0.7788,821.56,5.3891,3.1035,0.1789,0
SeptaCube,1200,332,203,0.6114,0.78,0.7839,1244.83,5.3181,4.0479,0.1549,0
SeptaCube,1800,858,332,0.3869,0.5,0.7739,1848.19,5.8081,4.1537,0.1122,0
SeptaCube,2200,888,248,0.2793,0.35,0.7979,2255.24,5.5175,3.4751,0.0737,0
SeptaCube,2800,258,30,0.1163,0.16,0.7267,2836.67,3.434,1.1327,0.0548,1
SeptaCube,1000,110,87,0.7909,0.85,0.9305,1066.67,4.4773,3.7772,0.0508,0
SeptaCube,1400,253,168,0.664,0.7,0.9486,1439.88,5.1299,4.9048,0.0325,0
SeptaCube,3000,21,2,0.0952,0.11,0.8658,3100.0,1.0986,0.3244,0.0217,0
SeptaCube,1600,311,187,0.6013,0.6,1.0021,1660.43,5.2364,5.228,0.0,0
SeptaCube,2000,419,216,0.5155,0.42,1.2274,2056.94,5.3799,5.7047,0.0,0
SeptaCube,2400,625,187,0.2992,0.28,1.0686,2434.76,5.2364,3.8146,0.0,0
SeptaCube,2600,76,30,0.3947,0.22,1.7943,2630.0,3.434,3.565,0.0,0
SeptaCube,3200,50,5,0.1,0.07,1.4286,3200.0,1.7918,0.5734,0.0,0
Serin,1000,142,71,0.5,0.85,0.5882,1057.75,4.2767,2.2618,0.3292,1
Serin,1200,225,103,0.4578,0.78,0.5869,1254.37,4.6444,2.6669,0.3094,1
Serin,1400,289,117,0.4048,0.7,0.5783,1441.88,4.7707,2.7848,0.29,1
Serin,1800,444,106,0.2387,0.5,0.4775,1859.43,4.6728,2.0744,0.2808,1
Serin,2600,250,16,0.064,0.22,0.2909,2637.5,2.8332,0.4782,0.2249,1
Serin,800,203,136,0.67,0.9,0.7444,825.74,4.92,2.7217,0.2067,1
Serin,2400,534,62,0.1161,0.28,0.4147,2425.81,4.1431,1.1669,0.2002,1
Serin,1600,386,165,0.4275,0.6,0.7124,1660.61,5.112,3.6287,0.1682,1
Serin,2000,334,98,0.2934,0.42,0.6986,2057.14,4.5951,2.7736,0.1315,1
Serin,3000,174,13,0.0747,0.11,0.6792,3069.23,2.6391,0.6052,0.0501,1
Serin,2200,241,74,0.3071,0.35,0.8773,2248.65,4.3175,2.981,0.0443,0
Serin,3200,187,10,0.0535,0.07,0.7639,3250.0,2.3979,0.4167,0.0255,0
Serin,2800,67,14,0.209,0.16,1.306,2850.0,2.7081,1.6127,0.0,0
Serin,3400,34,4,0.1176,0.04,2.0,3400.0,1.6094,0.6438,0.0,0
Shadow_Shayan,1400,58,21,0.3621,0.7,0.5172,1419.05,3.091,1.5882,0.3368,1
Shadow_Shayan,1800,179,37,0.2067,0.5,0.4134,1818.92,3.6376,1.3677,0.3284,1
Shadow_Shayan,2000,163,39,0.2393,0.42,0.5697,2015.38,3.6889,1.7788,0.1966,1
Shadow_Shayan,1600,84,40,0.4762,0.6,0.7937,1645.0,3.7136,2.909,0.1167,0
Shadow_Shayan,2400,163,39,0.2393,0.28,0.8545,2448.72,3.6889,2.1613,0.0443,0
Shadow_Shayan,1000,24,20,0.8333,0.85,0.9804,1035.0,3.0445,2.6259,0.0133,0
Shadow_Shayan,2200,77,26,0.3377,0.35,0.9647,2250.0,3.2958,2.504,0.0125,0
Shadow_Shayan,800,27,27,1.0,0.9,1.1111,818.52,3.3322,2.7275,0.0,0
Shadow_Shayan,1200,32,26,0.8125,0.78,1.0417,1257.69,3.2958,3.3679,0.0,0
Shakhzod_Toshpulatov,1200,292,111,0.3801,0.78,0.4874,1260.36,4.7185,2.2607,0.3972,1
Shakhzod_Toshpulatov,1000,278,133,0.4784,0.85,0.5628,1047.37,4.8978,2.4542,0.3548,1
Shakhzod_Toshpulatov,1400,263,112,0.4259,0.7,0.6084,1444.64,4.7274,2.9083,0.2669,1
Shakhzod_Toshpulatov,1600,385,130,0.3377,0.6,0.5628,1650.0,4.8752,2.7162,0.2659,1
Shakhzod_Toshpulatov,3200,10,0,0.0,0.07,0.0,3200.0,0.0,0.0,0.1679,0
Shakhzod_Toshpulatov,1800,690,238,0.3449,0.5,0.6899,1870.17,5.4765,3.5327,0.1565,1
Shakhzod_Toshpulatov,800,340,247,0.7265,0.9,0.8072,813.77,5.5134,3.2594,0.1554,0
Shakhzod_Toshpulatov,2000,416,123,0.2957,0.42,0.704,2048.78,4.8203,2.92,0.1289,1
Shakhzod_Toshpulatov,2600,45,8,0.1778,0.22,0.8081,2700.0,2.1972,1.0547,0.0506,0
Shakhzod_Toshpulatov,2200,487,150,0.308,0.35,0.88,2250.0,5.0173,3.4771,0.0432,0
Shakhzod_Toshpulatov,2400,524,135,0.2576,0.28,0.9201,2480.74,4.9127,3.1398,0.0237,0
Shakhzod_Toshpulatov,2800,23,8,0.3478,0.16,2.0,2800.0,2.1972,2.1399,0.0,0
ShaktiSinghUC,1000,34,19,0.5588,0.85,0.6574,1047.37,2.9957,1.7534,0.2591,1
ShaktiSinghUC,1800,62,18,0.2903,0.5,0.5806,1866.67,2.9444,1.5957,0.2202,1
ShaktiSinghUC,1600,37,14,0.3784,0.6,0.6306,1600.0,2.7081,1.6395,0.2174,1
ShaktiSinghUC,800,35,33,0.9429,0.9,1.0476,824.24,3.5264,2.7405,0.0,0
ShaktiSinghUC,1200,17,17,1.0,0.78,1.2821,1270.59,2.8904,3.6725,0.0,0
ShaktiSinghUC,1400,4,4,1.0,0.7,1.4286,1450.0,1.6094,2.3337,0.0,0
ShaktiSinghUC,2000,13,7,0.5385,0.42,1.2821,2042.86,2.0794,2.2874,0.0,0
ShaktiSinghUC,2200,9,9,1.0,0.35,2.0,2244.44,2.3026,5.168,0.0,0
ShmilyTY,1000,486,245,0.5041,0.85,0.5931,1049.39,5.5053,2.9124,0.329,1
ShmilyTY,1600,1126,418,0.3712,0.6,0.6187,1652.15,6.0379,3.7032,0.2284,1
ShmilyTY,1200,615,331,0.5382,0.78,0.69,1246.83,5.8051,3.8956,0.2282,1
ShmilyTY,800,684,449,0.6564,0.9,0.7294,821.83,6.1092,3.2958,0.2237,1
ShmilyTY,1400,769,365,0.4746,0.7,0.6781,1450.68,5.9026,4.0643,0.217,1
ShmilyTY,1800,1279,454,0.355,0.5,0.7099,1852.42,6.1203,4.0244,0.1457,1
ShmilyTY,2000,1781,531,0.2981,0.42,0.7099,2048.4,6.2766,3.8333,0.1254,1
ShmilyTY,2200,1738,430,0.2474,0.35,0.7069,2240.93,6.0661,3.3632,0.1083,1
ShmilyTY,2400,2044,507,0.248,0.28,0.8859,2443.79,6.2305,3.7767,0.0337,0
ShmilyTY,2600,1199,329,0.2744,0.22,1.2473,2648.63,5.7991,4.2146,0.0,0
ShmilyTY,2800,557,172,0.3088,0.16,1.93,2826.74,5.1533,4.4983,0.0,0
ShmilyTY,3000,237,71,0.2996,0.11,2.0,3039.44,4.2767,3.8941,0.0,0
ShmilyTY,3200,239,57,0.2385,0.07,2.0,3256.14,4.0604,3.1532,0.0,0
ShmilyTY,3400,77,19,0.2468,0.04,2.0,3463.16,2.9957,2.56,0.0,0
SkillIssueWABird,1200,81,48,0.5926,0.78,0.7597,1264.58,3.8918,2.9165,0.1688,0
SkillIssueWABird,1400,74,47,0.6351,0.7,0.9073,1442.55,3.8712,3.5469,0.0575,0
SkillIssueWABird,800,61,55,0.9016,0.9,1.0018,820.0,4.0254,2.9761,0.0,0
SkillIssueWABird,1000,38,35,0.9211,0.85,1.0836,1065.71,3.5835,3.5175,0.0,0
SkillIssueWABird,1600,99,63,0.6364,0.6,1.0606,1642.86,4.1589,4.3479,0.0,0
SkillIssueWABird,1800,84,62,0.7381,0.5,1.4762,1866.13,4.1431,5.7067,0.0,0
SkillIssueWABird,2000,64,27,0.4219,0.42,1.0045,2007.41,3.3322,2.822,0.0,0
SkillIssueWABird,2200,83,46,0.5542,0.35,1.5835,2258.7,3.8501,4.8196,0.0,0
SkillIssueWABird,2400,60,28,0.4667,0.28,1.6667,2453.57,3.3673,3.8556,0.0,0
Sleep_zZz_2411,2400,130,0,0.0,0.28,0.0,2400.0,0.0,0.0,1.3651,1
Sleep_zZz_2411,2000,21,0,0.0,0.42,0.0,2000.0,0.0,0.0,1.2982,1
Sleep_zZz_2411,800,49,26,0.5306,0.9,0.5896,830.77,3.2958,1.4529,0.3364,1
Sleep_zZz_2411,1200,23,10,0.4348,0.78,0.5574,1270.0,2.3979,1.3241,0.3229,1
Sleep_zZz_2411,2800,6,0,0.0,0.16,0.0,2800.0,0.0,0.0,0.3113,0
Sleep_zZz_2411,1800,19,5,0.2632,0.5,0.5263,1800.0,1.7918,0.8487,0.2541,0
Sleep_zZz_2411,1600,8,4,0.5,0.6,0.8333,1700.0,1.6094,1.368,0.0842,0
Sleep_zZz_2411,1000,16,12,0.75,0.85,0.8824,1083.33,2.5649,2.084,0.0795,0
Sleep_zZz_2411,1400,6,6,1.0,0.7,1.4286,1400.0,1.9459,2.7243,0.0,0
Sleep_zZz_2411,2200,24,19,0.7917,0.35,2.0,2231.58,2.9957,5.2925,0.0,0
Sleep_zZz_2411,2600,25,7,0.28,0.22,1.2727,2700.0,2.0794,1.5721,0.0,0
SleeplessSouris,1400,235,108,0.4596,0.7,0.6565,1447.22,4.6913,3.1202,0.2308,1
SleeplessSouris,1800,449,152,0.3385,0.5,0.6771,1867.11,5.0304,3.1796,0.1636,1
SleeplessSouris,1200,133,83,0.6241,0.78,0.8001,1239.76,4.4308,3.4281,0.1406,0
SleeplessSouris,800,183,143,0.7814,0.9,0.8682,821.68,4.9698,3.191,0.1036,0
SleeplessSouris,1000,90,68,0.7556,0.85,0.8889,1063.24,4.2341,3.4014,0.0814,0
SleeplessSouris,1600,188,100,0.5319,0.6,0.8865,1667.0,4.6151,4.0922,0.0636,0
SleeplessSouris,2200,361,117,0.3241,0.35,0.926,2254.7,4.7707,3.4862,0.0264,0
SleeplessSouris,2000,252,108,0.4286,0.42,1.0204,2024.07,4.6913,4.0696,0.0,0
SleeplessSouris,2400,352,130,0.3693,0.28,1.319,2449.23,4.8752,4.4098,0.0,0
SleeplessSouris,2600,214,100,0.4673,0.22,2.0,2650.0,4.6151,5.715,0.0,0
SleeplessSouris,2800,284,111,0.3908,0.16,2.0,2857.66,4.7185,5.2701,0.0,0
SleeplessSouris,3000,281,120,0.427,0.11,2.0,3036.67,4.7958,6.2192,0.0,0
SleeplessSouris,3200,319,115,0.3605,0.07,2.0,3247.83,4.7536,5.5657,0.0,0
SleeplessSouris,3400,370,114,0.3081,0.04,2.0,3468.42,4.7449,5.0707,0.0,0
Sofapuden,1400,1430,796,0.5566,0.7,0.7952,1449.25,6.6809,5.3895,0.1356,0
Sofapuden,1200,982,635,0.6466,0.78,0.829,1247.4,6.4552,5.2069,0.1233,0
Sofapuden,1000,846,627,0.7411,0.85,0.8719,1052.15,6.4425,5.0238,0.0986,0
Sofapuden,1600,1427,777,0.5445,0.6,0.9075,1655.21,6.6567,5.9995,0.0527,0
Sofapuden,2800,414,50,0.1208,0.16,0.7548,2818.0,3.9318,1.3382,0.0479,0
Sofapuden,1800,1436,648,0.4513,0.5,0.9025,1860.65,6.4754,5.4369,0.0474,0
Sofapuden,800,1818,1550,0.8526,0.9,0.9473,815.74,7.3467,5.1095,0.0426,0
Sofapuden,2000,2029,791,0.3898,0.42,0.9282,2058.53,6.6746,5.3564,0.0299,0
Sofapuden,2200,1406,560,0.3983,0.35,1.138,2244.46,6.3297,5.6585,0.0,0
Sofapuden,2400,1771,515,0.2908,0.28,1.0386,2460.19,6.2461,4.4686,0.0,0
Sofapuden,2600,734,182,0.248,0.22,1.1271,2640.11,5.2095,3.4103,0.0,0
Sofapuden,3000,160,20,0.125,0.11,1.1364,3045.0,3.0445,1.1588,0.0,0
Sofapuden,3200,86,14,0.1628,0.07,2.0,3285.71,2.7081,1.4485,0.0,0
Sofapuden,3400,107,13,0.1215,0.04,2.0,3469.23,2.6391,1.1124,0.0,0
Solyn,2600,6,0,0.0,0.22,0.0,2600.0,0.0,0.0,0.4281,0
Solyn,2800,6,0,0.0,0.16,0.0,2800.0,0.0,0.0,0.3113,0
Solyn,1200,13,7,0.5385,0.78,0.6903,1300.0,2.0794,1.4556,0.207,0
Solyn,1800,15,6,0.4,0.5,0.8,1850.0,1.9459,1.44,0.0941,0
Solyn,800,14,12,0.8571,0.9,0.9524,816.67,2.5649,1.7955,0.0326,0
Solyn,2200,59,19,0.322,0.35,0.9201,2268.42,2.9957,2.1884,0.0287,0
Solyn,1400,13,9,0.6923,0.7,0.989,1500.0,2.3026,2.3911,0.0061,0
Solyn,1000,11,11,1.0,0.85,1.1765,1018.18,2.4849,2.5301,0.0,0
Solyn,1600,14,10,0.7143,0.6,1.1905,1700.0,2.3979,2.9117,0.0,0
Solyn,2000,28,17,0.6071,0.42,1.4456,2035.29,2.8904,3.5717,0.0,0
Solyn,2400,16,8,0.5,0.28,1.7857,2400.0,2.1972,2.6367,0.0,0
SongC,3000,68,0,0.0,0.11,0.0,3000.0,0.0,0.0,0.4658,1
SongC,3200,14,0,0.0,0.07,0.0,3200.0,0.0,0.0,0.1896,0
SongC,1000,156,107,0.6859,0.85,0.8069,1039.25,4.6821,3.3375,0.146,0
SongC,1400,279,182,0.6523,0.7,0.9319,1446.15,5.2095,4.9145,0.0433,0
SongC,1200,236,177,0.75,0.78,0.9615,1257.06,5.1818,4.8854,0.0265,0
SongC,800,202,187,0.9257,0.9,1.0286,821.93,5.2364,3.9844,0.0,0
SongC,1600,286,205,0.7168,0.6,1.1946,1671.22,5.3279,6.3823,0.0,0
SongC,1800,307,164,0.5342,0.5,1.0684,1850.0,5.1059,5.0461,0.0,0
SongC,2000,451,217,0.4812,0.42,1.1456,2049.77,5.3845,5.3105,0.0,0
SongC,2200,378,160,0.4233,0.35,1.2094,2268.12,5.0814,4.8784,0.0,0
SongC,2400,314,125,0.3981,0.28,1.4217,2432.8,4.8363,4.6838,0.0,0
SongC,2600,167,42,0.2515,0.22,1.1432,2621.43,3.7612,2.4797,0.0,0
SongC,2800,32,17,0.5312,0.16,2.0,2882.35,2.8904,4.4259,0.0,0
SorahISA,1000,581,376,0.6472,0.85,0.7614,1056.12,5.9322,4.0546,0.1863,0
SorahISA,1400,1025,537,0.5239,0.7,0.7484,1456.61,6.2879,4.7984,0.1675,1
SorahISA,1200,854,521,0.6101,0.78,0.7821,1246.07,6.2577,4.757,0.1581,0
SorahISA,800,973,723,0.7431,0.9,0.8256,817.57,6.5848,4.0003,0.1424,0
SorahISA,1600,1213,586,0.4831,0.6,0.8052,1658.87,6.375,5.109,0.1126,0
SorahISA,1800,1158,501,0.4326,0.5,0.8653,1859.08,6.2186,5.0017,0.0658,0
SorahISA,2000,1337,474,0.3545,0.42,0.8441,2054.22,6.1633,4.4886,0.0658,0
SorahISA,3400,4,0,0.0,0.04,0.0,3400.0,0.0,0.0,0.0644,0
SorahISA,2200,783,296,0.378,0.35,1.0801,2247.64,5.6937,4.8379,0.0,0
SorahISA,2400,649,280,0.4314,0.28,1.5408,2438.21,5.6384,5.9311,0.0,0
SorahISA,2600,301,76,0.2525,0.22,1.1477,2656.58,4.3438,2.9137,0.0,0
SorahISA,2800,198,36,0.1818,0.16,1.1364,2816.67,3.6109,1.8492,0.0,0
SorahISA,3000,106,18,0.1698,0.11,1.5437,3005.56,2.9444,1.5028,0.0,0
SorahISA,3200,7,1,0.1429,0.07,2.0,3300.0,0.6931,0.3268,0.0,0
SpadeZ,800,69,41,0.5942,0.9,0.6602,824.39,3.7377,1.8309,0.2742,1
SpadeZ,1000,31,21,0.6774,0.85,0.797,1033.33,3.091,2.1637,0.1462,0
SpadeZ,1200,50,31,0.62,0.78,0.7949,1251.61,3.4657,2.6894,0.1409,0
SpadeZ,1800,227,83,0.3656,0.5,0.7313,1849.4,4.4308,2.9962,0.1343,1
SpadeZ,1400,32,19,0.5938,0.7,0.8482,1468.42,2.9957,2.6119,0.093,0
SpadeZ,2400,160,33,0.2062,0.28,0.7366,2463.64,3.5264,1.7918,0.0828,1
SpadeZ,2000,81,31,0.3827,0.42,0.9112,2090.32,3.4657,2.7726,0.0368,0
SpadeZ,2800,681,88,0.1292,0.16,0.8076,2853.41,4.4886,1.6551,0.0366,0
SpadeZ,3000,812,67,0.0825,0.11,0.7501,3038.81,4.2195,1.058,0.0353,0
SpadeZ,1600,32,26,0.8125,0.6,1.3542,1650.0,3.2958,4.4185,0.0,0
SpadeZ,2200,159,61,0.3836,0.35,1.0961,2204.92,4.1271,3.4912,0.0,0
SpadeZ,2600,167,44,0.2635,0.22,1.1976,2661.36,3.8067,2.6692,0.0,0
SpadeZ,3200,151,30,0.1987,0.07,2.0,3240.0,3.434,2.2105,0.0,0
SpadeZ,3400,67,7,0.1045,0.04,2.0,3500.0,2.0794,0.7604,0.0,0
StarLzy,1000,256,136,0.5312,0.85,0.625,1069.12,4.92,2.7944,0.2988,1
StarLzy,800,341,246,0.7214,0.9,0.8016,817.89,5.5094,3.2507,0.1601,0
StarLzy,1200,224,147,0.6562,0.78,0.8413,1252.38,4.9972,4.1071,0.1118,0
StarLzy,2000,422,135,0.3199,0.42,0.7617,2046.67,4.9127,3.2165,0.1024,0
StarLzy,1600,298,160,0.5369,0.6,0.8949,1648.75,5.0814,4.4982,0.0591,0
StarLzy,1800,437,199,0.4554,0.5,0.9108,1851.76,5.2983,4.4678,0.0431,0
StarLzy,1400,272,178,0.6544,0.7,0.9349,1458.99,5.1874,4.9528,0.0413,0
StarLzy,2200,473,171,0.3615,0.35,1.0329,2239.18,5.1475,4.167,0.0,0
StarLzy,2400,357,119,0.3333,0.28,1.1905,2437.82,4.7875,3.8903,0.0,0
StarLzy,2600,118,44,0.3729,0.22,1.6949,2659.09,3.8067,3.7744,0.0,0
StarLzy,2800,69,18,0.2609,0.16,1.6304,2800.0,2.9444,2.1507,0.0,0
StarLzy,3000,20,11,0.55,0.11,2.0,3018.18,2.4849,4.1249,0.0,0
StarLzy,3200,20,11,0.55,0.07,2.0,3245.45,2.4849,4.4356,0.0,0
StarSilk,1000,1215,956,0.7868,0.85,0.9257,1056.28,6.8638,5.7046,0.0571,0
StarSilk,800,1980,1668,0.8424,0.9,0.936,819.42,7.42,5.122,0.0519,0
StarSilk,1200,1293,1041,0.8051,0.78,1.0322,1253.89,6.9489,7.015,0.0,0
StarSilk,1400,1546,1206,0.7801,0.7,1.1144,1446.02,7.0959,8.0042,0.0,0
StarSilk,1600,1676,1285,0.7667,0.6,1.2778,1656.89,7.1593,9.0948,0.0,0
StarSilk,1800,2476,1558,0.6292,0.5,1.2585,1857.0,7.3518,8.5906,0.0,0
StarSilk,2000,2102,1281,0.6094,0.42,1.451,2050.27,7.1562,8.9415,0.0,0
StarSilk,2200,2664,1449,0.5439,0.35,1.5541,2246.79,7.2793,8.8959,0.0,0
StarSilk,2400,3500,1589,0.454,0.28,1.6214,2450.16,7.3715,8.1998,0.0,0
StarSilk,2600,2693,995,0.3695,0.22,1.6794,2647.44,6.9037,6.753,0.0,0
StarSilk,2800,1850,581,0.3141,0.16,1.9628,2841.48,6.3665,5.6813,0.0,0
StarSilk,3000,612,246,0.402,0.11,2.0,3034.55,5.5094,6.7202,0.0,0
StarSilk,3200,351,139,0.396,0.07,2.0,3246.76,4.9416,6.3537,0.0,0
StarSilk,3400,418,80,0.1914,0.04,2.0,3486.25,4.3944,2.9321,0.0,0
Stathis,1000,462,188,0.4069,0.85,0.4787,1059.57,5.2417,2.2601,0.4357,1
Stathis,1200,511,202,0.3953,0.78,0.5068,1253.96,5.3132,2.6337,0.3801,1
Stathis,1400,666,226,0.3393,0.7,0.4848,1462.39,5.425,2.6921,0.365,1
Stathis,800,571,338,0.5919,0.9,0.6577,819.82,5.826,2.8273,0.2865,1
Stathis,1600,742,270,0.3639,0.6,0.6065,1649.26,5.6021,3.362,0.2364,1
Stathis,1800,861,314,0.3647,0.5,0.7294,1874.52,5.7526,3.9326,0.1354,1
Stathis,2000,666,241,0.3619,0.42,0.8616,2047.3,5.4889,4.0664,0.0583,0
Stathis,2400,169,42,0.2485,0.28,0.8876,2452.38,3.7612,2.2923,0.034,0
Stathis,2200,242,108,0.4463,0.35,1.2751,2243.52,4.6913,4.6972,0.0,0
Stathis,2600,103,23,0.2233,0.22,1.015,2639.13,3.1781,1.8729,0.0,0
Stathis,2800,31,6,0.1935,0.16,1.2097,2800.0,1.9459,1.0546,0.0,0
StelIawinD,1200,541,277,0.512,0.78,0.6564,1251.26,5.6276,3.6054,0.2545,1
StelIawinD,1000,294,176,0.5986,0.85,0.7043,1060.8,5.1761,3.287,0.2315,1
StelIawinD,1400,518,242,0.4672,0.7,0.6674,1445.45,5.4931,3.7094,0.2242,1
StelIawinD,800,561,425,0.7576,0.9,0.8418,820.47,6.0544,3.7632,0.1278,0
StelIawinD,1800,1368,535,0.3911,0.5,0.7822,1857.2,6.2841,4.5643,0.108,0
StelIawinD,1600,702,351,0.5,0.6,0.8333,1649.29,5.8636,4.8354,0.0955,0
StelIawinD,2000,1556,569,0.3657,0.42,0.8707,2048.15,6.3456,4.7527,0.0544,0
StelIawinD,2200,1331,530,0.3982,0.35,1.1377,2246.6,6.2748,5.6133,0.0,0
StelIawinD,2400,1806,651,0.3605,0.28,1.2874,2443.93,6.48,5.7086,0.0,0
StelIawinD,2600,1039,382,0.3677,0.22,1.6712,2656.54,5.948,5.8095,0.0,0
StelIawinD,2800,622,193,0.3103,0.16,1.9393,2809.33,5.2679,4.592,0.0,0
StelIawinD,3000,37,12,0.3243,0.11,2.0,3050.0,2.5649,2.5372,0.0,0
StelIawinD,3200,7,7,1.0,0.07,2.0,3200.0,2.0794,6.6542,0.0,0
Sugar_fan,800,1299,1171,0.9015,0.9,1.0016,821.01,7.0665,5.2299,0.0,0
Sugar_fan,1000,814,697,0.8563,0.85,1.0074,1052.94,6.5482,5.9039,0.0,0
Sugar_fan,1200,1055,837,0.7934,0.78,1.0171,1246.83,6.731,6.6583,0.0,0
Sugar_fan,1400,1024,866,0.8457,0.7,1.2081,1450.69,6.765,8.2997,0.0,0
Sugar_fan,1600,1341,983,0.733,0.6,1.2217,1657.48,6.8916,8.3732,0.0,0
Sugar_fan,1800,1762,1116,0.6334,0.5,1.2667,1852.24,7.0184,8.2337,0.0,0
Sugar_fan,2000,1614,960,0.5948,0.42,1.4162,2052.5,6.868,8.3845,0.0,0
Sugar_fan,2200,1954,1004,0.5138,0.35,1.4681,2249.1,6.9127,7.9886,0.0,0
Sugar_fan,2400,2299,902,0.3923,0.28,1.4012,2452.11,6.8057,6.5476,0.0,0
Sugar_fan,2600,1616,552,0.3416,0.22,1.5527,2642.03,6.3154,5.6995,0.0,0
Sugar_fan,2800,1007,235,0.2334,0.16,1.4585,2831.91,5.4638,3.6109,0.0,0
Sugar_fan,3000,1170,231,0.1974,0.11,1.7949,3029.87,5.4467,3.2583,0.0,0
Sugar_fan,3200,344,67,0.1948,0.07,2.0,3237.31,4.2195,2.6605,0.0,0
Sugar_fan,3400,380,29,0.0763,0.04,1.9079,3489.66,3.4012,0.9058,0.0,0
Sulfox,800,833,498,0.5978,0.9,0.6643,822.49,6.2126,3.0548,0.2818,1
Sulfox,1200,738,381,0.5163,0.78,0.6619,1248.29,5.9454,3.8315,0.2508,1
Sulfox,1000,411,250,0.6083,0.85,0.7156,1050.4,5.5255,3.5304,0.223,1
Sulfox,1400,690,420,0.6087,0.7,0.8696,1447.14,6.0426,5.3228,0.0848,0
Sulfox,1600,930,494,0.5312,0.6,0.8853,1658.7,6.2046,5.4667,0.0653,0
Sulfox,1800,1231,635,0.5158,0.5,1.0317,1857.01,6.4552,6.1836,0.0,0
Sulfox,2000,1124,553,0.492,0.42,1.1714,2047.56,6.3172,6.3638,0.0,0
Sulfox,2200,945,509,0.5386,0.35,1.5389,2253.05,6.2344,7.5657,0.0,0
Sulfox,2400,1358,557,0.4102,0.28,1.4649,2444.7,6.3244,6.3416,0.0,0
Sulfox,2600,1100,374,0.34,0.22,1.5455,2634.22,5.9269,5.3084,0.0,0
Sulfox,2800,806,282,0.3499,0.16,2.0,2837.94,5.6454,5.6055,0.0,0
Sulfox,3000,568,143,0.2518,0.11,2.0,3033.57,4.9698,3.7956,0.0,0
Sulfox,3200,427,101,0.2365,0.07,2.0,3236.63,4.625,3.5408,0.0,0
Sulfox,3400,60,34,0.5667,0.04,2.0,3464.71,3.5553,6.9803,0.0,0
Surge568,2600,6,0,0.0,0.22,0.0,2600.0,0.0,0.0,0.4281,0
Surge568,1000,512,288,0.5625,0.85,0.6618,1053.82,5.6664,3.3589,0.2691,1
Surge568,1200,1160,662,0.5707,0.78,0.7317,1245.02,6.4968,4.6161,0.197,1
Surge568,1800,388,121,0.3119,0.5,0.6237,1866.12,4.804,2.7957,0.1933,1
Surge568,1400,1237,620,0.5012,0.7,0.716,1449.52,6.4313,4.6725,0.1905,1
Surge568,3000,3,0,0.0,0.11,0.0,3000.0,0.0,0.0,0.1525,0
Surge568,1600,701,346,0.4936,0.6,0.8226,1637.28,5.8493,4.727,0.1018,0
Surge568,800,497,409,0.8229,0.9,0.9144,815.89,6.0162,4.0394,0.0682,0
Surge568,2000,173,67,0.3873,0.42,0.9221,2050.75,4.2195,3.3512,0.0323,0
Surge568,2200,84,44,0.5238,0.35,1.4966,2215.91,3.8067,4.4184,0.0,0
Surge568,2400,40,17,0.425,0.28,1.5179,2500.0,2.8904,3.071,0.0,0
Survivor_winner,800,365,214,0.5863,0.9,0.6514,817.76,5.3706,2.575,0.2907,1
Survivor_winner,1400,332,136,0.4096,0.7,0.5852,1447.06,4.92,2.9164,0.2849,1
Survivor_winner,1600,536,179,0.334,0.6,0.5566,1659.78,5.193,2.8784,0.27,1
Survivor_winner,1200,162,89,0.5494,0.78,0.7043,1241.57,4.4998,3.0693,0.2136,1
Survivor_winner,1000,137,88,0.6423,0.85,0.7557,1051.14,4.4886,3.0306,0.1864,0
Survivor_winner,1800,1100,356,0.3236,0.5,0.6473,1870.79,5.8777,3.5587,0.1796,1
Survivor_winner,2000,1525,471,0.3089,0.42,0.7354,2040.34,6.157,3.8799,0.1138,1
Survivor_winner,2200,910,292,0.3209,0.35,0.9168,2270.21,5.6802,4.1378,0.0297,0
Survivor_winner,2400,1290,345,0.2674,0.28,0.9551,2443.48,5.8464,3.8206,0.0131,0
Survivor_winner,2600,688,197,0.2863,0.22,1.3015,2643.65,5.2883,4.0031,0.0,0
Survivor_winner,2800,518,121,0.2336,0.16,1.4599,2843.8,4.804,3.1912,0.0,0
Survivor_winner,3000,217,70,0.3226,0.11,2.0,3028.57,4.2627,4.1645,0.0,0
Survivor_winner,3200,257,64,0.249,0.07,2.0,3250.0,4.1744,3.3785,0.0,0
Survivor_winner,3400,304,55,0.1809,0.04,2.0,3452.73,4.0254,2.5145,0.0,0
Swistakk,3400,94,1,0.0106,0.04,0.266,3500.0,0.6931,0.0258,0.079,1
Swistakk,800,183,171,0.9344,0.9,1.0383,825.15,5.1475,3.9689,0.0,0
Swistakk,1000,110,97,0.8818,0.85,1.0374,1056.7,4.585,4.2724,0.0,0
Swistakk,1200,243,194,0.7984,0.78,1.0235,1252.06,5.273,5.2708,0.0,0
Swistakk,1400,440,310,0.7045,0.7,1.0065,1457.42,5.7398,5.8937,0.0,0
Swistakk,1600,648,443,0.6836,0.6,1.1394,1648.76,6.0958,6.871,0.0,0
Swistakk,1800,1007,510,0.5065,0.5,1.0129,1850.0,6.2364,5.8431,0.0,0
Swistakk,2000,1009,481,0.4767,0.42,1.135,2052.6,6.1779,6.0451,0.0,0
Swistakk,2200,906,450,0.4967,0.35,1.4191,2242.89,6.1115,6.8083,0.0,0
Swistakk,2400,1201,416,0.3464,0.28,1.2371,2448.32,6.0331,5.1163,0.0,0
Swistakk,2600,858,300,0.3497,0.22,1.5893,2648.67,5.7071,5.2854,0.0,0
Swistakk,2800,630,211,0.3349,0.16,2.0,2841.23,5.3566,5.0973,0.0,0
Swistakk,3000,294,94,0.3197,0.11,2.0,3052.13,4.5539,4.4439,0.0,0
Swistakk,3200,304,55,0.1809,0.07,2.0,3247.27,4.0254,2.3649,0.0,0
TKT_YI,1000,812,620,0.7635,0.85,0.8983,1059.35,6.4313,5.2021,0.078,0
TKT_YI,800,1288,1079,0.8377,0.9,0.9308,816.03,6.9847,4.7749,0.0558,0
TKT_YI,1600,1438,795,0.5529,0.6,0.9214,1656.6,6.6796,6.1175,0.0446,0
TKT_YI,1200,834,629,0.7542,0.78,0.9669,1251.35,6.4457,6.0832,0.0233,0
TKT_YI,2000,1576,628,0.3985,0.42,0.9488,2047.29,6.4441,5.2571,0.0213,0
TKT_YI,1400,988,679,0.6872,0.7,0.9818,1444.77,6.5221,6.4759,0.0117,0
TKT_YI,1800,1349,767,0.5686,0.5,1.1371,1858.02,6.6438,7.0186,0.0,0
TKT_YI,2200,1486,555,0.3735,0.35,1.0671,2246.67,6.3208,5.3037,0.0,0
TKT_YI,2400,1189,405,0.3406,0.28,1.2165,2443.7,6.0064,4.9996,0.0,0
TKT_YI,2600,825,212,0.257,0.22,1.168,2638.21,5.3613,3.6346,0.0,0
TKT_YI,2800,719,135,0.1878,0.16,1.1735,2847.41,4.9127,2.6265,0.0,0
TKT_YI,3000,279,38,0.1362,0.11,1.2382,3050.0,3.6636,1.5219,0.0,0
TKT_YI,3200,59,24,0.4068,0.07,2.0,3254.17,3.2189,4.2609,0.0,0
TKT_YI,3400,18,2,0.1111,0.04,2.0,3500.0,1.0986,0.4272,0.0,0
TOMO,1000,134,70,0.5224,0.85,0.6146,1055.71,4.2627,2.3508,0.3054,1
TOMO,2000,371,68,0.1833,0.42,0.4364,2070.59,4.2341,1.6069,0.2677,1
TOMO,1200,187,95,0.508,0.78,0.6513,1238.95,4.5643,2.8729,0.256,1
TOMO,1800,310,86,0.2774,0.5,0.5548,1845.35,4.4659,2.2863,0.2337,1
TOMO,2200,519,84,0.1618,0.35,0.4624,2247.62,4.4427,1.6161,0.2162,1
TOMO,3000,6,0,0.0,0.11,0.0,3000.0,0.0,0.0,0.2141,0
TOMO,800,185,124,0.6703,0.9,0.7447,814.52,4.8283,2.636,0.206,1
TOMO,1400,167,81,0.485,0.7,0.6929,1445.68,4.4067,3.09,0.2037,1
TOMO,1600,199,87,0.4372,0.6,0.7286,1652.87,4.4773,3.2354,0.1575,1
TOMO,2400,350,54,0.1543,0.28,0.551,2416.67,4.0073,1.4942,0.1471,1
TOMO,2800,52,4,0.0769,0.16,0.4808,2900.0,1.6094,0.359,0.1264,1
TOMO,3400,3,0,0.0,0.04,0.0,3400.0,0.0,0.0,0.0555,0
TOMO,2600,173,34,0.1965,0.22,0.8933,2629.41,3.5553,1.8373,0.0266,0
TOMO,3200,16,2,0.125,0.07,1.7857,3200.0,1.0986,0.4394,0.0,0
TadijaSebez,1000,497,378,0.7606,0.85,0.8948,1053.44,5.9375,4.7572,0.0801,0
TadijaSebez,1200,811,564,0.6954,0.78,0.8916,1252.3,6.3368,5.5187,0.0772,0
TadijaSebez,1600,1701,891,0.5238,0.6,0.873,1650.39,6.7935,5.8729,0.0727,0
TadijaSebez,1400,1183,744,0.6289,0.7,0.8984,1455.65,6.6134,6.0543,0.0661,0
TadijaSebez,800,626,542,0.8658,0.9,0.962,826.57,6.2971,4.5066,0.0302,0
TadijaSebez,1800,2097,1003,0.4783,0.5,0.9566,1855.73,6.9117,6.1349,0.021,0
TadijaSebez,2000,2379,1028,0.4321,0.42,1.0288,2052.04,6.9363,6.1506,0.0,0
TadijaSebez,2200,2275,818,0.3596,0.35,1.0273,2250.37,6.7081,5.4278,0.0,0
TadijaSebez,2400,2673,820,0.3068,0.28,1.0956,2442.93,6.7105,5.029,0.0,0
TadijaSebez,2600,1741,469,0.2694,0.22,1.2245,2644.35,6.1527,4.3829,0.0,0
TadijaSebez,2800,1159,313,0.2701,0.16,1.6879,2839.94,5.7494,4.4095,0.0,0
TadijaSebez,3000,1081,185,0.1711,0.11,1.5558,3039.46,5.2257,2.7183,0.0,0
TadijaSebez,3200,568,127,0.2236,0.07,2.0,3243.31,4.852,3.5186,0.0,0
TadijaSebez,3400,480,64,0.1333,0.04,2.0,3442.19,4.1744,1.9159,0.0,0
Tahirliyev,1200,706,411,0.5822,0.78,0.7463,1248.66,6.021,4.3768,0.1849,1
Tahirliyev,1000,494,328,0.664,0.85,0.7811,1063.11,5.7961,4.0913,0.1698,0
Tahirliyev,800,833,651,0.7815,0.9,0.8683,820.43,6.48,4.1549,0.1065,0
Tahirliyev,1600,959,478,0.4984,0.6,0.8307,1655.02,6.1717,5.0912,0.0972,0
Tahirliyev,1400,629,377,0.5994,0.7,0.8562,1451.72,5.9349,5.164,0.0935,0
Tahirliyev,1800,1326,541,0.408,0.5,0.816,1864.51,6.2953,4.7889,0.0907,0
Tahirliyev,2000,2586,897,0.3469,0.42,0.8259,2071.57,6.8002,4.8863,0.0737,0
Tahirliyev,2200,1741,603,0.3464,0.35,0.9896,2233.83,6.4036,4.9544,0.0037,0
Tahirliyev,2600,512,112,0.2188,0.22,0.9943,2635.71,4.7274,2.7256,0.0014,0
Tahirliyev,2400,1108,330,0.2978,0.28,1.0637,2442.12,5.8021,4.2202,0.0,0
Tahirliyev,2800,64,34,0.5312,0.16,2.0,2823.53,3.5553,5.333,0.0,0
Tahirliyev,3000,34,4,0.1176,0.11,1.0695,3000.0,1.6094,0.568,0.0,0
Tahirliyev,3200,53,9,0.1698,0.07,2.0,3200.0,2.3026,1.2512,0.0,0
Teja-Smart,1000,1247,684,0.5485,0.85,0.6453,1041.96,6.5294,3.7318,0.2855,1
Teja-Smart,1200,1081,559,0.5171,0.78,0.663,1253.13,6.3279,4.1006,0.2506,1
Teja-Smart,800,1514,976,0.6446,0.9,0.7163,819.16,6.8845,3.6355,0.2372,1
Teja-Smart,1400,1714,800,0.4667,0.7,0.6668,1456.12,6.6859,4.544,0.226,1
Teja-Smart,1600,1770,769,0.4345,0.6,0.7241,1669.96,6.6464,4.8222,0.1619,1
Teja-Smart,1800,2681,977,0.3644,0.5,0.7288,1848.72,6.8855,4.6388,0.1357,1
Teja-Smart,2000,2901,925,0.3189,0.42,0.7592,2056.97,6.8309,4.4802,0.103,0
Teja-Smart,2400,3031,770,0.254,0.28,0.9073,2445.32,6.6477,4.1296,0.0272,0
Teja-Smart,2200,2793,924,0.3308,0.35,0.9452,2236.8,6.8298,5.054,0.0194,0
Teja-Smart,2800,779,119,0.1528,0.16,0.9547,2847.9,4.7875,2.0828,0.0083,0
Teja-Smart,2600,1281,308,0.2404,0.22,1.0929,2643.83,5.7333,3.6445,0.0,0
Teja-Smart,3000,518,94,0.1815,0.11,1.6497,3023.4,4.5539,2.4985,0.0,0
Teja-Smart,3200,30,7,0.2333,0.07,2.0,3228.57,2.0794,1.5665,0.0,0
Teja-Smart,3400,68,9,0.1324,0.04,2.0,3500.0,2.3026,1.0666,0.0,0
TeletubiGaim33,1400,1363,667,0.4894,0.7,0.6991,1449.48,6.5043,4.6136,0.2026,1
TeletubiGaim33,1200,1119,638,0.5702,0.78,0.731,1251.1,6.4599,4.6079,0.1975,1
TeletubiGaim33,1000,708,472,0.6667,0.85,0.7843,1065.04,6.1591,4.3731,0.1681,0
TeletubiGaim33,1600,1532,671,0.438,0.6,0.73,1657.53,6.5103,4.7263,0.1582,1
TeletubiGaim33,800,1123,857,0.7631,0.9,0.8479,817.97,6.7546,4.2164,0.124,0
TeletubiGaim33,1800,1895,761,0.4016,0.5,0.8032,1852.56,6.6359,4.9369,0.0973,0
TeletubiGaim33,2000,1670,557,0.3335,0.42,0.7941,2046.32,6.3244,4.3165,0.0876,0
TeletubiGaim33,2200,1347,446,0.3311,0.35,0.946,2240.36,6.1026,4.5269,0.0192,0
TeletubiGaim33,3000,219,22,0.1005,0.11,0.9132,3059.09,3.1355,0.9636,0.0124,0
TeletubiGaim33,2400,1194,331,0.2772,0.28,0.9901,2445.92,5.8051,3.9362,0.0029,0
TeletubiGaim33,2600,547,120,0.2194,0.22,0.9972,2630.0,4.7958,2.767,0.0007,0
TeletubiGaim33,2800,145,45,0.3103,0.16,1.9397,2866.67,3.8286,3.4062,0.0,0
TeletubiGaim33,3200,10,5,0.5,0.07,2.0,3300.0,1.7918,2.9564,0.0,0
Temmie,1000,668,378,0.5659,0.85,0.6657,1058.99,5.9375,3.5581,0.2664,1
Temmie,800,1309,874,0.6677,0.9,0.7419,817.51,6.7742,3.6976,0.2145,1
Temmie,1200,756,462,0.6111,0.78,0.7835,1249.13,6.1377,4.6853,0.1569,0
Temmie,1400,1055,582,0.5517,0.7,0.7881,1449.14,6.3682,5.0909,0.1402,0
Temmie,1800,1466,560,0.382,0.5,0.764,1853.39,6.3297,4.4813,0.1174,0
Temmie,2400,2723,556,0.2042,0.28,0.7292,2436.69,6.3226,3.1457,0.0819,1
Temmie,2000,1386,474,0.342,0.42,0.8143,2040.72,6.1633,4.3014,0.0788,0
Temmie,1600,1065,557,0.523,0.6,0.8717,1654.04,6.3244,5.471,0.0733,0
Temmie,2800,368,51,0.1386,0.16,0.8662,2833.33,3.9512,1.5515,0.0256,0
Temmie,2200,978,343,0.3507,0.35,1.002,2256.56,5.8406,4.6223,0.0,0
Temmie,2600,578,132,0.2284,0.22,1.0381,2643.94,4.8903,2.9528,0.0,0
Temmie,3000,105,21,0.2,0.11,1.8182,3028.57,3.091,1.8723,0.0,0
Temmie,3200,63,16,0.254,0.07,2.0,3256.25,2.8332,2.343,0.0,0
Temmie,3400,34,10,0.2941,0.04,2.0,3480.0,2.3979,2.4543,0.0,0
TheFuturoma,2000,2062,406,0.1969,0.42,0.4688,2051.23,6.0088,2.4268,0.2429,1
TheFuturoma,1000,293,177,0.6041,0.85,0.7107,1068.93,5.1818,3.3461,0.2261,1
TheFuturoma,1200,386,222,0.5751,0.78,0.7373,1250.45,5.4072,3.8887,0.1905,1
TheFuturoma,2800,109,6,0.055,0.16,0.344,2800.0,1.9459,0.2999,0.1675,1
TheFuturoma,1600,627,270,0.4306,0.6,0.7177,1654.44,5.6021,3.9912,0.1653,1
TheFuturoma,2200,3242,648,0.1999,0.35,0.5711,2257.1,6.4754,2.9213,0.1623,1
TheFuturoma,1400,450,243,0.54,0.7,0.7714,1447.74,5.4972,4.2976,0.1505,0
TheFuturoma,1800,1094,413,0.3775,0.5,0.755,1859.08,6.0259,4.2291,0.122,0
TheFuturoma,2400,3749,657,0.1752,0.28,0.6259,2436.99,6.4892,2.7714,0.1151,1
TheFuturoma,2600,496,94,0.1895,0.22,0.8614,2636.17,4.5539,2.2751,0.0341,0
TheFuturoma,800,394,341,0.8655,0.9,0.9616,819.35,5.8348,4.1377,0.0302,0
The_Caspian_Sea,1000,226,149,0.6593,0.85,0.7756,1057.72,5.0106,3.4941,0.1721,0
The_Caspian_Sea,1200,291,192,0.6598,0.78,0.8459,1251.56,5.2627,4.3458,0.109,0
The_Caspian_Sea,1400,294,184,0.6259,0.7,0.8941,1451.63,5.2204,4.7427,0.0678,0
The_Caspian_Sea,3000,13,1,0.0769,0.11,0.6993,3100.0,0.6931,0.1653,0.0516,0
The_Caspian_Sea,1600,529,300,0.5671,0.6,0.9452,1661.0,5.7071,5.3759,0.0308,0
The_Caspian_Sea,800,360,330,0.9167,0.9,1.0185,822.73,5.8021,4.3758,0.0,0
The_Caspian_Sea,1800,934,488,0.5225,0.5,1.045,1858.2,6.1924,6.012,0.0,0
The_Caspian_Sea,2000,783,332,0.424,0.42,1.0095,2050.6,5.8081,5.05,0.0,0
The_Caspian_Sea,2200,966,340,0.352,0.35,1.0056,2248.24,5.8319,4.6148,0.0,0
The_Caspian_Sea,2400,637,254,0.3987,0.28,1.4241,2452.36,5.5413,5.4186,0.0,0
The_Caspian_Sea,2600,293,105,0.3584,0.22,1.6289,2628.57,4.6634,4.3929,0.0,0
The_Caspian_Sea,2800,34,13,0.3824,0.16,2.0,2815.38,2.6391,2.8409,0.0,0
The_Caspian_Sea,3200,8,5,0.625,0.07,2.0,3200.0,1.7918,3.5835,0.0,0
The_Caspian_Sea,3400,32,5,0.1562,0.04,2.0,3440.0,1.7918,0.9631,0.0,0
The_stardog,1000,55,29,0.5273,0.85,0.6203,1051.72,3.4012,1.8861,0.2952,1
The_stardog,800,76,47,0.6184,0.9,0.6871,829.79,3.8712,1.9865,0.2511,1
The_stardog,2000,314,88,0.2803,0.42,0.6673,2065.91,4.4886,2.5988,0.1465,1
The_stardog,1800,201,77,0.3831,0.5,0.7662,1849.35,4.3567,3.0865,0.1159,0
The_stardog,2200,249,65,0.261,0.35,0.7458,2241.54,4.1897,2.4515,0.0946,1
The_stardog,1400,62,39,0.629,0.7,0.8986,1461.54,3.6889,3.3914,0.0627,0
The_stardog,2400,243,62,0.2551,0.28,0.9112,2443.55,4.1431,2.5831,0.0266,0
The_stardog,1200,42,32,0.7619,0.78,0.9768,1262.5,3.4965,3.3633,0.0151,0
The_stardog,1600,68,52,0.7647,0.6,1.2745,1653.85,3.9703,5.0213,0.0,0
The_stardog,2600,160,54,0.3375,0.22,1.5341,2653.7,4.0073,3.5891,0.0,0
The_stardog,2800,171,50,0.2924,0.16,1.8275,2844.0,3.9318,3.2696,0.0,0
The_stardog,3000,401,77,0.192,0.11,1.7456,3046.75,4.3567,2.5488,0.0,0
The_stardog,3200,342,51,0.1491,0.07,2.0,3225.49,3.9512,1.9005,0.0,0
The_stardog,3400,106,15,0.1415,0.04,2.0,3440.0,2.7726,1.3497,0.0,0
Thinkin,2200,13,0,0.0,0.35,0.0,2200.0,0.0,0.0,0.9237,0
Thinkin,2400,25,0,0.0,0.28,0.0,2400.0,0.0,0.0,0.9123,1
Thinkin,1400,32,10,0.3125,0.7,0.4464,1400.0,2.3979,1.0491,0.3987,1
Thinkin,1000,23,10,0.4348,0.85,0.5115,1070.0,2.3979,1.1155,0.3884,1
Thinkin,2600,4,0,0.0,0.22,0.0,2600.0,0.0,0.0,0.3541,0
Thinkin,1800,37,9,0.2432,0.5,0.4865,1900.0,2.3026,1.0642,0.2828,1
Thinkin,1600,24,13,0.5417,0.6,0.9028,1615.38,2.6391,2.3092,0.0516,0
Thinkin,800,32,27,0.8438,0.9,0.9375,825.93,3.3322,2.3221,0.0454,0
Thinkin,1200,18,14,0.7778,0.78,0.9972,1228.57,2.7081,2.5877,0.0018,0
Thinkin,2000,16,8,0.5,0.42,1.1905,2062.5,2.1972,2.2659,0.0,0
Thinkin,2800,7,4,0.5714,0.16,2.0,2800.0,1.6094,2.5751,0.0,0
Thomas0802,800,35,24,0.6857,0.9,0.7619,816.67,3.2189,1.8026,0.182,0
Thomas0802,1400,80,44,0.55,0.7,0.7857,1436.36,3.8067,3.0073,0.1371,0
Thomas0802,1800,191,77,0.4031,0.5,0.8063,1855.84,4.3567,3.2595,0.0951,0
Thomas0802,1600,101,56,0.5545,0.6,0.9241,1648.21,4.0431,3.6948,0.0418,0
Thomas0802,1000,22,22,1.0,0.85,1.1765,1072.73,3.1355,3.3635,0.0,0
Thomas0802,1200,23,20,0.8696,0.78,1.1148,1275.0,3.0445,3.3754,0.0,0
Thomas0802,2000,299,146,0.4883,0.42,1.1626,2058.9,4.9904,5.0171,0.0,0
Thomas0802,2200,247,147,0.5951,0.35,1.7004,2255.1,4.9972,6.7068,0.0,0
Thomas0802,2400,481,217,0.4511,0.28,1.6112,2446.54,5.3845,5.9431,0.0,0
Thomas0802,2600,556,205,0.3687,0.22,1.6759,2649.76,5.3279,5.2052,0.0,0
Thomas0802,2800,555,222,0.4,0.16,2.0,2837.84,5.4072,6.1379,0.0,0
Thomas0802,3000,411,161,0.3917,0.11,2.0,3029.19,5.0876,6.037,0.0,0
Thomas0802,3200,478,157,0.3285,0.07,2.0,3252.23,5.0626,5.4079,0.0,0
Thomas0802,3400,320,114,0.3562,0.04,2.0,3472.81,4.7449,5.8704,0.0,0
TianyiWei,1200,195,101,0.5179,0.78,0.664,1256.44,4.625,3.0098,0.2459,1
TianyiWei,1600,404,153,0.3787,0.6,0.6312,1662.75,5.037,3.1718,0.2201,1
TianyiWei,1000,143,93,0.6503,0.85,0.7651,1056.99,4.5433,3.1231,0.179,0
TianyiWei,800,233,174,0.7468,0.9,0.8298,815.52,5.1648,3.1454,0.1356,0
TianyiWei,1400,187,115,0.615,0.7,0.8785,1453.04,4.7536,4.2477,0.0774,0
TianyiWei,1800,234,134,0.5726,0.5,1.1453,1854.48,4.9053,5.2092,0.0,0
TianyiWei,2000,353,187,0.5297,0.42,1.2613,2059.36,5.2364,5.7126,0.0,0
TianyiWei,2200,267,130,0.4869,0.35,1.3911,2233.08,4.8752,5.3006,0.0,0
TianyiWei,2400,878,426,0.4852,0.28,1.7328,2425.59,6.0568,7.1281,0.0,0
TianyiWei,2600,624,246,0.3942,0.22,1.792,2652.44,5.5094,5.761,0.0,0
TianyiWei,2800,267,103,0.3858,0.16,2.0,2824.27,4.6444,5.0601,0.0,0
TianyiWei,3000,231,52,0.2251,0.11,2.0,3044.23,3.9703,2.7208,0.0,0
TianyiWei,3200,110,30,0.2727,0.07,2.0,3253.33,3.434,3.0469,0.0,0
TianyiWei,3400,31,11,0.3548,0.04,2.0,3445.45,2.4849,3.038,0.0,0
TimeLimitExceed,1400,28,15,0.5357,0.7,0.7653,1473.33,2.7726,2.1884,0.1466,0
TimeLimitExceed,1600,90,44,0.4889,0.6,0.8148,1654.55,3.8067,3.0792,0.1043,0
TimeLimitExceed,2600,392,53,0.1352,0.22,0.6146,2649.06,3.989,1.4287,0.1015,1
TimeLimitExceed,1200,37,25,0.6757,0.78,0.8663,1240.0,3.2581,2.7298,0.0891,0
TimeLimitExceed,1000,39,30,0.7692,0.85,0.905,1056.67,3.434,2.7912,0.0672,0
TimeLimitExceed,2000,230,89,0.387,0.42,0.9213,2026.97,4.4998,3.5294,0.0327,0
TimeLimitExceed,800,37,33,0.8919,0.9,0.991,818.18,3.5264,2.5733,0.0065,0
TimeLimitExceed,1800,94,61,0.6489,0.5,1.2979,1865.57,4.1271,4.9965,0.0,0
TimeLimitExceed,2200,146,88,0.6027,0.35,1.7221,2260.23,4.4886,6.115,0.0,0
TimeLimitExceed,2400,138,50,0.3623,0.28,1.294,2468.0,3.9318,3.5158,0.0,0
TimeLimitExceed,2800,74,32,0.4324,0.16,2.0,2809.38,3.4965,4.2478,0.0,0
TimeLimitExceed,3000,44,18,0.4091,0.11,2.0,3038.89,2.9444,3.6605,0.0,0
TimeLimitExceed,3200,41,18,0.439,0.07,2.0,3261.11,2.9444,4.2156,0.0,0
TimeLimitExceed,3400,15,4,0.2667,0.04,2.0,3400.0,1.6094,1.4592,0.0,0
Timmy1003,1400,247,82,0.332,0.7,0.4743,1453.66,4.4188,2.1325,0.3744,1
Timmy1003,1200,161,77,0.4783,0.78,0.6132,1253.25,4.3567,2.6113,0.2866,1
Timmy1003,2400,46,4,0.087,0.28,0.3106,2400.0,1.6094,0.3359,0.2848,1
Timmy1003,1000,96,54,0.5625,0.85,0.6618,1033.33,4.0073,2.3293,0.2627,1
Timmy1003,1600,240,85,0.3542,0.6,0.5903,1678.82,4.4543,2.6485,0.2472,1
Timmy1003,800,122,86,0.7049,0.9,0.7832,830.23,4.4659,2.6137,0.1718,0
Timmy1003,2000,30,10,0.3333,0.42,0.7937,2000.0,2.3979,1.5986,0.0876,0
Timmy1003,1800,116,49,0.4224,0.5,0.8448,1857.14,3.912,3.0689,0.0752,0
Timmy1003,3400,1,0,0.0,0.04,0.0,3400.0,0.0,0.0,0.0277,0
Timmy1003,2200,32,15,0.4688,0.35,1.3393,2280.0,2.7726,2.9632,0.0,0
Timmy1003,2600,23,7,0.3043,0.22,1.3834,2642.86,2.0794,1.6726,0.0,0
Timmy1003,2800,6,3,0.5,0.16,2.0,2800.0,1.3863,1.9408,0.0,0
Timosh,1200,1326,589,0.4442,0.78,0.5695,1255.86,6.3801,3.5591,0.3272,1
Timosh,1000,1023,522,0.5103,0.85,0.6003,1060.54,6.2596,3.3874,0.3244,1
Timosh,1400,1832,757,0.4132,0.7,0.5903,1454.82,6.6307,3.986,0.2824,1
Timosh,1800,2491,628,0.2521,0.5,0.5042,1853.5,6.4441,3.0112,0.2604,1
Timosh,1600,2628,926,0.3524,0.6,0.5873,1652.27,6.832,3.9775,0.249,1
Timosh,2600,421,34,0.0808,0.22,0.3671,2635.29,3.5553,0.7567,0.1848,1
Timosh,800,1443,1009,0.6992,0.9,0.7769,818.63,6.9177,3.9598,0.1845,0
Timosh,2000,1945,503,0.2586,0.42,0.6157,2037.38,6.2226,3.2786,0.1692,1
Timosh,3400,21,0,0.0,0.04,0.0,3400.0,0.0,0.0,0.1236,1
Timosh,3000,44,2,0.0455,0.11,0.4132,3100.0,1.0986,0.1548,0.1171,1
Timosh,2400,847,159,0.1877,0.28,0.6704,2418.24,5.0752,2.3039,0.1024,1
Timosh,2200,1379,349,0.2531,0.35,0.7231,2238.97,5.8579,3.3194,0.1022,1
Timosh,2800,55,11,0.2,0.16,1.25,2800.0,2.4849,1.3915,0.0,0
Timothy07,1200,140,83,0.5929,0.78,0.7601,1267.47,4.4308,3.3294,0.1705,0
Timothy07,1600,165,74,0.4485,0.6,0.7475,1654.05,4.3175,3.2028,0.1457,1
Timothy07,1800,274,110,0.4015,0.5,0.8029,1854.55,4.7095,3.5064,0.0969,0
Timothy07,1400,77,46,0.5974,0.7,0.8534,1465.22,3.8501,3.3701,0.0922,0
Timothy07,1000,105,79,0.7524,0.85,0.8852,1070.89,4.382,3.5307,0.0846,0
Timothy07,2200,413,122,0.2954,0.35,0.844,2248.36,4.8122,3.1961,0.0566,0
Timothy07,800,124,104,0.8387,0.9,0.9319,817.31,4.654,3.1902,0.0523,0
Timothy07,2000,233,117,0.5021,0.42,1.1956,2048.72,4.7707,4.9079,0.0,0
Timothy07,2400,346,164,0.474,0.28,1.6928,2441.46,5.1059,5.9087,0.0,0
Timothy07,2600,551,127,0.2305,0.22,1.0477,2653.54,4.852,2.9676,0.0,0
Timothy07,2800,374,92,0.246,0.16,1.5374,2820.65,4.5326,3.1449,0.0,0
Timothy07,3000,136,18,0.1324,0.11,1.2032,3000.0,2.9444,1.1691,0.0,0
Timothy07,3200,6,2,0.3333,0.07,2.0,3300.0,1.0986,1.2085,0.0,0
Tmitmi,2800,31,0,0.0,0.16,0.0,2800.0,0.0,0.0,0.5545,1
Tmitmi,1600,707,101,0.1429,0.6,0.2381,1647.52,4.625,1.0885,0.5333,1
Tmitmi,1200,456,150,0.3289,0.78,0.4217,1258.67,5.0173,2.0773,0.4591,1
Tmitmi,1000,344,150,0.436,0.85,0.513,1061.33,5.0173,2.322,0.402,1
Tmitmi,2000,257,28,0.1089,0.42,0.2594,2053.57,3.3673,0.7534,0.3955,1
Tmitmi,1400,426,135,0.3169,0.7,0.4527,1484.44,4.9127,2.311,0.3924,1
Tmitmi,800,410,235,0.5732,0.9,0.6369,815.32,5.4638,2.5533,0.3043,1
Tmitmi,1800,303,77,0.2541,0.5,0.5083,1841.56,4.3567,2.0389,0.2624,1
Tmitmi,3400,9,0,0.0,0.04,0.0,3400.0,0.0,0.0,0.0921,0
Tmitmi,2200,34,12,0.3529,0.35,1.0084,2216.67,2.5649,2.0067,0.0,0
Tmitmi,2400,44,21,0.4773,0.28,1.7045,2466.67,3.091,3.639,0.0,0
Tmitmi,2600,8,8,1.0,0.22,2.0,2600.0,2.1972,5.7128,0.0,0
Tmitmi,3200,12,4,0.3333,0.07,2.0,3200.0,1.6094,1.7167,0.0,0
To_retto,2000,24,0,0.0,0.42,0.0,2000.0,0.0,0.0,1.3519,1
To_retto,1200,15,5,0.3333,0.78,0.4274,1300.0,1.7918,0.7764,0.4436,0
To_retto,2400,47,4,0.0851,0.28,0.304,2400.0,1.6094,0.3287,0.2891,1
To_retto,2800,3,0,0.0,0.16,0.0,2800.0,0.0,0.0,0.2218,0
To_retto,800,27,19,0.7037,0.9,0.7819,821.05,2.9957,1.7309,0.1637,0
To_retto,1000,12,8,0.6667,0.85,0.7843,1075.0,2.1972,1.5747,0.1471,0
To_retto,1400,16,12,0.75,0.7,1.0714,1450.0,2.5649,2.7894,0.0,0
To_retto,1600,6,6,1.0,0.6,1.6667,1700.0,1.9459,3.308,0.0,0
To_retto,1800,23,17,0.7391,0.5,1.4783,1829.41,2.8904,3.9083,0.0,0
To_retto,2200,17,17,1.0,0.35,2.0,2200.0,2.8904,6.3588,0.0,0
To_retto,2600,22,9,0.4091,0.22,1.8595,2700.0,2.3026,2.5433,0.0,0
Tomate,1000,474,271,0.5717,0.85,0.6726,1061.99,5.6058,3.4037,0.2596,1
Tomate,800,672,489,0.7277,0.9,0.8085,817.79,6.1944,3.6862,0.156,0
Tomate,1200,486,299,0.6152,0.78,0.7888,1258.53,5.7038,4.4163,0.1521,0
Tomate,1400,656,403,0.6143,0.7,0.8776,1449.88,6.0014,5.3455,0.0794,0
Tomate,1600,688,445,0.6468,0.6,1.078,1652.58,6.1003,6.5206,0.0,0
Tomate,1800,823,527,0.6403,0.5,1.2807,1855.41,6.2691,7.4483,0.0,0
Tomate,2000,860,502,0.5837,0.42,1.3898,2049.8,6.2206,7.443,0.0,0
Tomate,2200,524,338,0.645,0.35,1.843,2246.75,5.826,8.4433,0.0,0
Tomate,2400,403,214,0.531,0.28,1.8965,2446.73,5.3706,6.9778,0.0,0
Tomate,2600,199,127,0.6382,0.22,2.0,2629.92,4.852,8.1436,0.0,0
Tomate,2800,116,50,0.431,0.16,2.0,2826.0,3.9318,4.7894,0.0,0
Tomate,3000,14,9,0.6429,0.11,2.0,3022.22,2.3026,4.4736,0.0,0
Tomate,3200,36,16,0.4444,0.07,2.0,3243.75,2.8332,4.0845,0.0,0
Tomate,3400,5,5,1.0,0.04,2.0,3500.0,1.7918,6.2712,0.0,0
TranVinhHuy2010,1000,151,90,0.596,0.85,0.7012,1051.11,4.5109,2.826,0.2315,1
TranVinhHuy2010,1200,258,140,0.5426,0.78,0.6957,1255.71,4.9488,3.3721,0.2217,1
TranVinhHuy2010,1400,734,383,0.5218,0.7,0.7454,1454.05,5.9506,4.5149,0.1692,1
TranVinhHuy2010,800,254,216,0.8504,0.9,0.9449,812.96,5.3799,3.7193,0.0431,0
TranVinhHuy2010,1600,679,424,0.6244,0.6,1.0407,1665.09,6.0521,6.2927,0.0,0
TranVinhHuy2010,1800,969,631,0.6512,0.5,1.3024,1850.24,6.4489,7.7699,0.0,0
TranVinhHuy2010,2000,819,465,0.5678,0.42,1.3518,2053.76,6.1442,7.1645,0.0,0
TranVinhHuy2010,2200,489,327,0.6687,0.35,1.9106,2236.39,5.793,8.6635,0.0,0
TranVinhHuy2010,2400,126,77,0.6111,0.28,2.0,2437.66,4.3567,6.4901,0.0,0
TranVinhHuy2010,2600,16,9,0.5625,0.22,2.0,2600.0,2.3026,3.3675,0.0,0
TranVinhHuy2010,2800,15,9,0.6,0.16,2.0,2822.22,2.3026,3.899,0.0,0
UNDERTAKER,1000,515,253,0.4913,0.85,0.578,1064.82,5.5373,2.8966,0.3428,1
UNDERTAKER,1600,991,322,0.3249,0.6,0.5415,1660.25,5.7777,3.1168,0.28,1
UNDERTAKER,1200,623,313,0.5024,0.78,0.6441,1246.01,5.7494,3.5991,0.2647,1
UNDERTAKER,1800,1395,351,0.2516,0.5,0.5032,1855.56,5.8636,2.7376,0.2621,1
UNDERTAKER,2200,1574,218,0.1385,0.35,0.3957,2258.72,5.3891,1.6859,0.2437,1
UNDERTAKER,1400,565,268,0.4743,0.7,0.6776,1439.18,5.5947,3.8193,0.2169,1
UNDERTAKER,2400,1080,141,0.1306,0.28,0.4663,2437.59,4.9558,1.5771,0.1753,1
UNDERTAKER,800,769,554,0.7204,0.9,0.8005,818.41,6.319,3.7256,0.1631,0
UNDERTAKER,2600,498,57,0.1145,0.22,0.5203,2647.37,4.0604,1.2304,0.1296,1
UNDERTAKER,2000,677,235,0.3471,0.42,0.8265,2042.98,5.4638,3.8747,0.0735,0
UNDERTAKER,3000,162,12,0.0741,0.11,0.6734,3083.33,2.5649,0.5858,0.0513,1
UNDERTAKER,3400,1,0,0.0,0.04,0.0,3400.0,0.0,0.0,0.0277,0
UNDERTAKER,2800,118,27,0.2288,0.16,1.4301,2848.15,3.3322,2.1716,0.0,0
Umiyuri,1400,257,138,0.537,0.7,0.7671,1454.35,4.9345,3.8535,0.1526,0
Umiyuri,1800,795,300,0.3774,0.5,0.7547,1855.33,5.7071,3.9957,0.1221,0
Umiyuri,1200,264,177,0.6705,0.78,0.8596,1255.37,5.1818,4.3613,0.0989,0
Umiyuri,1000,165,123,0.7455,0.85,0.877,1060.16,4.8203,3.8095,0.0918,0
Umiyuri,800,318,264,0.8302,0.9,0.9224,821.21,5.5797,3.804,0.0612,0
Umiyuri,1600,415,243,0.5855,0.6,0.9759,1646.91,5.4972,5.3011,0.0134,0
Umiyuri,2000,599,268,0.4474,0.42,1.0653,2058.96,5.5947,5.1539,0.0,0
Umiyuri,2200,265,170,0.6415,0.35,1.8329,2240.59,5.1417,7.3904,0.0,0
Umiyuri,2400,388,205,0.5284,0.28,1.887,2445.85,5.3279,6.885,0.0,0
Umiyuri,2600,238,92,0.3866,0.22,1.7571,2635.87,4.5326,4.6183,0.0,0
Umiyuri,2800,156,62,0.3974,0.16,2.0,2850.0,4.1431,4.6929,0.0,0
Umiyuri,3000,25,22,0.88,0.11,2.0,3018.18,3.1355,8.3279,0.0,0
Umiyuri,3200,16,10,0.625,0.07,2.0,3240.0,2.3979,4.8557,0.0,0
Umiyuri,3400,12,5,0.4167,0.04,2.0,3440.0,1.7918,2.5682,0.0,0
Utena,1400,370,149,0.4027,0.7,0.5753,1457.05,5.0106,2.94,0.2926,1
Utena,1800,1130,270,0.2389,0.5,0.4779,1859.26,5.6021,2.4887,0.278,1
Utena,1200,268,141,0.5261,0.78,0.6745,1260.99,4.9558,3.2879,0.2385,1
Utena,1600,451,167,0.3703,0.6,0.6171,1665.27,5.124,3.1596,0.2293,1
Utena,2000,1024,252,0.2461,0.42,0.5859,2046.43,5.5334,2.7867,0.1845,1
Utena,1000,158,105,0.6646,0.85,0.7818,1061.9,4.6634,3.291,0.166,0
Utena,800,214,159,0.743,0.9,0.8255,808.18,5.0752,3.0475,0.1388,0
Utena,2400,829,189,0.228,0.28,0.8142,2446.03,5.247,2.9261,0.056,0
Utena,2200,823,255,0.3098,0.35,0.8853,2251.76,5.5452,3.8688,0.0412,0
Utena,2600,236,61,0.2585,0.22,1.1749,2639.34,4.1271,2.8155,0.0,0
Utena,2800,300,59,0.1967,0.16,1.2292,2818.64,4.0943,2.2696,0.0,0
Utena,3000,390,64,0.1641,0.11,1.4918,3006.25,4.1744,2.0594,0.0,0
Utena,3200,91,30,0.3297,0.07,2.0,3263.33,3.434,3.6944,0.0,0
Utena,3400,39,18,0.4615,0.04,2.0,3450.0,2.9444,4.6885,0.0,0
VGZD,2600,30,0,0.0,0.22,0.0,2600.0,0.0,0.0,0.7555,1
VGZD,1200,107,42,0.3925,0.78,0.5032,1250.0,3.7612,1.8454,0.381,1
VGZD,2000,189,31,0.164,0.42,0.3905,2035.48,3.4657,1.1571,0.3008,1
VGZD,3000,12,0,0.0,0.11,0.0,3000.0,0.0,0.0,0.2821,0
VGZD,2200,241,34,0.1411,0.35,0.4031,2208.82,3.5553,1.1079,0.2517,1
VGZD,1800,161,50,0.3106,0.5,0.6211,1864.0,3.9318,2.2761,0.1954,1
VGZD,2400,138,20,0.1449,0.28,0.5176,2435.0,3.0445,1.0744,0.1648,1
VGZD,1000,51,35,0.6863,0.85,0.8074,1071.43,3.5835,2.6349,0.1411,0
VGZD,800,107,79,0.7383,0.9,0.8204,822.78,4.382,2.662,0.1407,0
VGZD,1600,117,64,0.547,0.6,0.9117,1635.94,4.1744,3.7355,0.0489,0
VGZD,1400,63,46,0.7302,0.7,1.0431,1439.13,3.8501,4.0457,0.0,0
ValenciaTravis,800,162,154,0.9506,0.9,1.0562,819.48,5.0434,3.9289,0.0,0
ValenciaTravis,1000,142,123,0.8662,0.85,1.0191,1060.98,4.8203,4.4299,0.0,0
ValenciaTravis,1200,176,152,0.8636,0.78,1.1072,1259.21,5.0304,5.4706,0.0,0
ValenciaTravis,1400,465,332,0.714,0.7,1.02,1466.57,5.8081,6.0817,0.0,0
ValenciaTravis,1600,948,570,0.6013,0.6,1.0021,1658.95,6.3474,6.3313,0.0,0
ValenciaTravis,1800,1226,686,0.5595,0.5,1.1191,1855.1,6.5323,6.7806,0.0,0
ValenciaTravis,2000,1474,762,0.517,0.42,1.2309,2052.49,6.6373,7.0425,0.0,0
ValenciaTravis,2200,1696,812,0.4788,0.35,1.3679,2248.03,6.7007,7.212,0.0,0
ValenciaTravis,2400,2488,912,0.3666,0.28,1.3091,2441.45,6.8167,6.1005,0.0,0
ValenciaTravis,2600,1043,341,0.3269,0.22,1.4861,2628.45,5.8348,5.0141,0.0,0
ValenciaTravis,2800,561,166,0.2959,0.16,1.8494,2830.72,5.118,4.2869,0.0,0
ValenciaTravis,3000,281,96,0.3416,0.11,2.0,3019.79,4.5747,4.7196,0.0,0
ValenciaTravis,3200,58,17,0.2931,0.07,2.0,3229.41,2.8904,2.7359,0.0,0
Valters07,1200,1810,1034,0.5713,0.78,0.7324,1249.42,6.9422,4.955,0.1972,1
Valters07,1400,2215,1144,0.5165,0.7,0.7378,1448.51,7.0432,5.2692,0.1758,1
Valters07,1000,1271,859,0.6758,0.85,0.7951,1051.11,6.7569,4.8,0.1605,0
Valters07,1600,2858,1306,0.457,0.6,0.7616,1655.44,7.1755,5.4281,0.1392,0
Valters07,800,2450,1861,0.7596,0.9,0.844,821.55,7.5294,4.6987,0.1285,0
Valters07,1800,2644,1253,0.4739,0.5,0.9478,1852.59,7.1341,6.2634,0.0253,0
Valters07,2000,2867,1215,0.4238,0.42,1.009,2044.69,7.1033,6.1551,0.0,0
Valters07,2200,2570,1006,0.3914,0.35,1.1184,2236.58,6.9147,6.0538,0.0,0
Valters07,2400,1888,741,0.3925,0.28,1.4017,2435.09,6.6093,6.3167,0.0,0
Valters07,2600,770,225,0.2922,0.22,1.3282,2630.67,5.4205,4.1668,0.0,0
Valters07,2800,164,77,0.4695,0.16,2.0,2848.05,4.3567,5.8258,0.0,0
Valters07,3000,196,73,0.3724,0.11,2.0,3030.14,4.3041,4.8574,0.0,0
Valters07,3200,20,8,0.4,0.07,2.0,3262.5,2.1972,2.8674,0.0,0
VanshRA,1200,843,438,0.5196,0.78,0.6661,1251.14,6.0845,3.9553,0.2477,1
VanshRA,1800,2016,619,0.307,0.5,0.6141,1862.52,6.4297,3.677,0.1976,1
VanshRA,1400,788,420,0.533,0.7,0.7614,1445.24,6.0426,4.6547,0.1582,0
VanshRA,1000,473,335,0.7082,0.85,0.8332,1063.28,5.8171,4.3807,0.1281,0
VanshRA,1600,947,470,0.4963,0.6,0.8272,1657.23,6.1549,5.0623,0.0993,0
VanshRA,2000,1454,487,0.3349,0.42,0.7975,2051.95,6.1903,4.2545,0.0862,0
VanshRA,2200,1863,555,0.2979,0.35,0.8512,2250.81,6.3208,4.2383,0.0536,0
VanshRA,800,804,679,0.8445,0.9,0.9384,817.82,6.5221,4.5046,0.0493,0
VanshRA,2400,1621,460,0.2838,0.28,1.0135,2455.65,6.1334,4.2741,0.0,0
VanshRA,2600,1173,289,0.2464,0.22,1.1199,2639.79,5.6699,3.6876,0.0,0
VanshRA,2800,805,170,0.2112,0.16,1.3199,2845.29,5.1417,3.0895,0.0,0
VanshRA,3000,254,55,0.2165,0.11,1.9685,3027.27,4.0254,2.6387,0.0,0
VanshRA,3200,182,32,0.1758,0.07,2.0,3228.12,3.4965,1.9846,0.0,0
VanshRA,3400,127,16,0.126,0.04,2.0,3468.75,2.8332,1.2381,0.0,0
Vectors_Master,3200,8,0,0.0,0.07,0.0,3200.0,0.0,0.0,0.1538,0
Vectors_Master,1600,2271,1034,0.4553,0.6,0.7588,1656.09,6.9422,5.2346,0.1408,0
Vectors_Master,1000,958,671,0.7004,0.85,0.824,1054.1,6.5103,4.8066,0.1367,0
Vectors_Master,1400,1655,939,0.5674,0.7,0.8105,1447.6,6.8459,5.6227,0.1253,0
Vectors_Master,1200,1271,829,0.6522,0.78,0.8362,1250.9,6.7214,5.484,0.1183,0
Vectors_Master,1800,2923,1145,0.3917,0.5,0.7834,1851.62,7.044,5.1092,0.1074,0
Vectors_Master,2000,3823,1259,0.3293,0.42,0.7841,2043.37,7.1389,4.8039,0.0919,0
Vectors_Master,800,1562,1301,0.8329,0.9,0.9255,823.52,7.1717,4.9192,0.0604,0
Vectors_Master,2600,1621,289,0.1783,0.22,0.8104,2627.68,5.6699,2.6562,0.0462,0
Vectors_Master,2400,3595,870,0.242,0.28,0.8643,2441.49,6.7696,3.9998,0.04,0
Vectors_Master,2200,3532,1098,0.3109,0.35,0.8882,2246.99,7.0022,4.8912,0.0399,0
Vectors_Master,2800,483,62,0.1284,0.16,0.8023,2819.35,4.1431,1.4994,0.038,0
Vectors_Master,3000,130,12,0.0923,0.11,0.8392,3000.0,2.5649,0.7103,0.0242,0
VladProg,800,886,693,0.7822,0.9,0.8691,828.14,6.5425,4.2378,0.106,0
VladProg,1000,713,534,0.7489,0.85,0.8811,1051.5,6.2823,4.9474,0.0912,0
VladProg,3200,75,2,0.0267,0.07,0.381,3250.0,1.0986,0.0952,0.0894,1
VladProg,2800,533,49,0.0919,0.16,0.5746,2834.69,3.912,1.0195,0.087,1
VladProg,1200,1001,689,0.6883,0.78,0.8825,1250.36,6.5367,5.6257,0.0841,0
VladProg,2000,1979,687,0.3471,0.42,0.8265,2051.82,6.5338,4.6539,0.0734,0
VladProg,2400,1578,387,0.2452,0.28,0.8759,2443.15,5.961,3.5717,0.0368,0
VladProg,2600,710,138,0.1944,0.22,0.8835,2624.64,4.9345,2.5173,0.0284,0
VladProg,1400,1117,754,0.675,0.7,0.9643,1448.94,6.6267,6.4814,0.023,0
VladProg,1800,1536,762,0.4961,0.5,0.9922,1852.76,6.6373,6.1006,0.0038,0
VladProg,1600,1320,804,0.6091,0.6,1.0152,1655.47,6.6908,6.7466,0.0,0
VladProg,2200,1365,491,0.3597,0.35,1.0277,2249.29,6.1985,5.0151,0.0,0
VladProg,3000,154,17,0.1104,0.11,1.0035,3041.18,2.8904,0.9703,0.0,0
VladProg,3400,42,4,0.0952,0.04,2.0,3425.0,1.6094,0.525,0.0,0
VladaMG98,2600,304,31,0.102,0.22,0.4635,2632.26,3.4657,0.9303,0.1512,1
VladaMG98,1000,416,294,0.7067,0.85,0.8314,1056.12,5.687,4.2447,0.1293,0
VladaMG98,1200,642,411,0.6402,0.78,0.8208,1244.77,6.021,4.7981,0.1288,0
VladaMG98,1400,860,495,0.5756,0.7,0.8223,1451.31,6.2066,5.1847,0.1167,0
VladaMG98,2000,1131,356,0.3148,0.42,0.7494,2051.69,5.8777,3.7958,0.1076,1
VladaMG98,1800,1254,498,0.3971,0.5,0.7943,1851.0,6.2126,4.5668,0.1018,0
VladaMG98,1600,1002,510,0.509,0.6,0.8483,1653.14,6.2364,5.2474,0.0869,0
VladaMG98,800,583,471,0.8079,0.9,0.8977,825.27,6.157,4.105,0.082,0
VladaMG98,3000,37,3,0.0811,0.11,0.7371,3000.0,1.3863,0.3372,0.0441,1
VladaMG98,2400,691,183,0.2648,0.28,0.9458,2434.97,5.2149,3.3629,0.016,0
VladaMG98,2200,909,311,0.3421,0.35,0.9775,2248.55,5.743,4.4181,0.0079,0
VladaMG98,2800,16,5,0.3125,0.16,1.9531,2800.0,1.7918,1.5678,0.0,0
VladaMG98,3200,10,1,0.1,0.07,1.4286,3200.0,0.6931,0.2218,0.0,0
VladiG,1400,274,141,0.5146,0.7,0.7351,1446.81,4.9558,3.6897,0.1748,1
VladiG,1000,134,91,0.6791,0.85,0.7989,1050.55,4.5218,3.226,0.1518,0
VladiG,1200,227,140,0.6167,0.78,0.7907,1245.0,4.9488,3.7999,0.149,0
VladiG,800,369,285,0.7724,0.9,0.8582,811.58,5.656,3.5453,0.1134,0
VladiG,3400,15,0,0.0,0.04,0.0,3400.0,0.0,0.0,0.1109,0
VladiG,1800,916,430,0.4694,0.5,0.9389,1859.77,6.0661,5.2959,0.0295,0
VladiG,1600,521,324,0.6219,0.6,1.0365,1665.12,5.7838,5.9892,0.0,0
VladiG,2000,2221,1155,0.52,0.42,1.2382,2038.1,7.0527,7.4751,0.0,0
VladiG,2200,990,500,0.5051,0.35,1.443,2247.2,6.2166,7.0555,0.0,0
VladiG,2400,800,302,0.3775,0.28,1.3482,2438.08,5.7137,5.2588,0.0,0
VladiG,2600,126,43,0.3413,0.22,1.5512,2660.47,3.7842,3.4358,0.0,0
VladiG,2800,64,41,0.6406,0.16,2.0,2821.95,3.7377,6.757,0.0,0
VladiG,3000,45,31,0.6889,0.11,2.0,3029.03,3.4657,7.2318,0.0,0
VladiG,3200,6,1,0.1667,0.07,2.0,3200.0,0.6931,0.3697,0.0,0
WJnY,1600,34,17,0.5,0.6,0.8333,1670.59,2.8904,2.4143,0.0914,0
WJnY,1000,16,12,0.75,0.85,0.8824,1075.0,2.5649,2.068,0.0795,0
WJnY,1200,13,10,0.7692,0.78,0.9862,1270.0,2.3979,2.3426,0.0084,0
WJnY,800,11,11,1.0,0.9,1.1111,809.09,2.4849,2.0105,0.0,0
WJnY,1400,8,8,1.0,0.7,1.4286,1400.0,2.1972,3.0761,0.0,0
WJnY,1800,30,21,0.7,0.5,1.4,1852.38,3.091,4.0081,0.0,0
WJnY,2000,46,24,0.5217,0.42,1.2422,2054.17,3.2189,3.4498,0.0,0
WJnY,2200,83,66,0.7952,0.35,2.0,2271.21,4.2047,7.5938,0.0,0
WJnY,2400,163,103,0.6319,0.28,2.0,2445.63,4.6444,7.1774,0.0,0
WJnY,2600,195,77,0.3949,0.22,1.7949,2658.44,4.3567,4.5734,0.0,0
WJnY,2800,253,72,0.2846,0.16,1.7787,2834.72,4.2905,3.4612,0.0,0
WJnY,3000,311,80,0.2572,0.11,2.0,3036.25,4.3944,3.4322,0.0,0
WJnY,3200,117,21,0.1795,0.07,2.0,3266.67,3.091,1.8124,0.0,0
WJnY,3400,118,23,0.1949,0.04,2.0,3443.48,3.1781,2.1331,0.0,0
WRKWRK,800,66,46,0.697,0.9,0.7744,821.74,3.8501,2.2051,0.176,0
WRKWRK,1000,55,39,0.7091,0.85,0.8342,1082.05,3.6889,2.8304,0.121,0
WRKWRK,1200,40,31,0.775,0.78,0.9936,1248.39,3.4657,3.3531,0.0042,0
WRKWRK,1400,28,20,0.7143,0.7,1.0204,1455.0,3.0445,3.1641,0.0,0
WRKWRK,1600,55,35,0.6364,0.6,1.0606,1657.14,3.5835,3.779,0.0,0
WRKWRK,1800,93,64,0.6882,0.5,1.3763,1842.19,4.1744,5.292,0.0,0
WRKWRK,2000,51,22,0.4314,0.42,1.0271,2045.45,3.1355,2.7666,0.0,0
WRKWRK,2200,39,31,0.7949,0.35,2.0,2238.71,3.4657,6.1672,0.0,0
WRKWRK,2400,86,45,0.5233,0.28,1.8688,2442.22,3.8286,4.8926,0.0,0
WRKWRK,2600,74,38,0.5135,0.22,2.0,2655.26,3.6636,4.9953,0.0,0
WRKWRK,2800,134,33,0.2463,0.16,1.5392,2851.52,3.5264,2.4763,0.0,0
WRKWRK,3000,17,8,0.4706,0.11,2.0,3100.0,2.1972,3.2054,0.0,0
WRKWRK,3200,10,3,0.3,0.07,2.0,3200.0,1.3863,1.3308,0.0,0
WRKWRK,3400,5,1,0.2,0.04,2.0,3500.0,0.6931,0.4852,0.0,0
Wael_Zaiback,1000,1179,603,0.5115,0.85,0.6017,1059.2,6.4036,3.469,0.3234,1
Wael_Zaiback,1400,2404,928,0.386,0.7,0.5515,1448.49,6.8341,3.8213,0.312,1
Wael_Zaiback,1200,1580,800,0.5063,0.78,0.6491,1255.0,6.6859,4.2485,0.2623,1
Wael_Zaiback,800,1826,1231,0.6742,0.9,0.7491,819.33,7.1164,3.9308,0.209,1
Wael_Zaiback,1600,2569,1065,0.4146,0.6,0.6909,1655.21,6.9717,4.7838,0.1827,1
Wael_Zaiback,1800,3356,1119,0.3334,0.5,0.6669,1857.46,7.0211,4.3484,0.1686,1
Wael_Zaiback,2000,3735,1083,0.29,0.42,0.6904,2049.58,6.9884,4.1532,0.1339,1
Wael_Zaiback,2200,3674,1050,0.2858,0.35,0.8165,2249.05,6.9575,4.472,0.0662,0
Wael_Zaiback,2400,3513,996,0.2835,0.28,1.0126,2451.91,6.9048,4.7999,0.0,0
Wael_Zaiback,2600,2173,540,0.2485,0.22,1.1296,2644.63,6.2934,4.136,0.0,0
Wael_Zaiback,2800,1207,296,0.2452,0.16,1.5327,2838.18,5.6937,3.963,0.0,0
Wael_Zaiback,3000,588,117,0.199,0.11,1.8089,3024.79,4.7707,2.8713,0.0,0
Wael_Zaiback,3200,196,39,0.199,0.07,2.0,3235.9,3.6889,2.3752,0.0,0
Wael_Zaiback,3400,8,8,1.0,0.04,2.0,3437.5,2.1972,7.553,0.0,0
WannaWalnut,1400,942,339,0.3599,0.7,0.5141,1449.56,5.8289,3.0407,0.3411,1
WannaWalnut,1000,469,235,0.5011,0.85,0.5895,1068.09,5.4638,2.9241,0.3321,1
WannaWalnut,1200,668,312,0.4671,0.78,0.5988,1260.26,5.7462,3.3823,0.3018,1
WannaWalnut,1600,1068,334,0.3127,0.6,0.5212,1657.19,5.8141,3.0132,0.294,1
WannaWalnut,1800,2236,512,0.229,0.5,0.458,1867.77,6.2403,2.6689,0.2887,1
WannaWalnut,800,688,461,0.6701,0.9,0.7445,819.74,6.1356,3.3701,0.2106,1
WannaWalnut,2000,1573,367,0.2333,0.42,0.5555,2040.87,5.9081,2.8132,0.1989,1
WannaWalnut,2200,1996,343,0.1718,0.35,0.491,2249.85,5.8406,2.2581,0.1979,1
WannaWalnut,2600,541,76,0.1405,0.22,0.6385,2625.0,4.3438,1.6018,0.0937,1
WannaWalnut,2400,1013,200,0.1974,0.28,0.7051,2446.0,5.3033,2.5611,0.0907,1
WannaWalnut,2800,184,21,0.1141,0.16,0.7133,2838.1,3.091,1.0012,0.0585,1
WannaWalnut,3000,197,25,0.1269,0.11,1.1537,3040.0,3.2581,1.2569,0.0,0
WannaWalnut,3200,4,2,0.5,0.07,2.0,3200.0,1.0986,1.7578,0.0,0
Wansur,1200,1846,822,0.4453,0.78,0.5709,1250.36,6.713,3.7376,0.3264,1
Wansur,1400,2179,873,0.4006,0.7,0.5723,1454.87,6.7731,3.9479,0.296,1
Wansur,1600,2755,982,0.3564,0.6,0.5941,1664.26,6.8906,4.0876,0.2445,1
Wansur,1000,1047,626,0.5979,0.85,0.7034,1055.43,6.4409,4.0645,0.2356,1
Wansur,800,1882,1229,0.653,0.9,0.7256,822.78,7.1148,3.8228,0.2295,1
Wansur,1800,2586,929,0.3592,0.5,0.7185,1852.21,6.8352,4.5481,0.1412,1
Wansur,2000,2024,718,0.3547,0.42,0.8446,2044.57,6.5779,4.7709,0.0656,0
Wansur,2800,1426,164,0.115,0.16,0.7188,2836.59,5.1059,1.6657,0.0535,1
Wansur,2400,3359,795,0.2367,0.28,0.8453,2438.62,6.6796,3.8552,0.0458,0
Wansur,2600,1863,356,0.1911,0.22,0.8686,2644.94,5.8777,2.9707,0.0317,0
Wansur,2200,2019,671,0.3323,0.35,0.9496,2245.01,6.5103,4.8574,0.0179,0
Wansur,3400,84,3,0.0357,0.04,0.8929,3466.67,1.3863,0.1716,0.008,0
Wansur,3000,380,82,0.2158,0.11,1.9617,3036.59,4.4188,2.8955,0.0,0
Wansur,3200,79,20,0.2532,0.07,2.0,3235.0,3.0445,2.4934,0.0,0
WansurMyKing667,1000,309,187,0.6052,0.85,0.712,1055.08,5.2364,3.3435,0.2252,1
WansurMyKing667,1200,364,202,0.5549,0.78,0.7115,1248.02,5.3132,3.6798,0.2103,1
WansurMyKing667,1600,487,198,0.4066,0.6,0.6776,1652.53,5.2933,3.5564,0.1903,1
WansurMyKing667,1800,983,316,0.3215,0.5,0.6429,1865.19,5.7589,3.453,0.182,1
WansurMyKing667,1400,363,192,0.5289,0.7,0.7556,1447.4,5.2627,4.0289,0.1611,0
WansurMyKing667,2000,1229,347,0.2823,0.42,0.6722,2045.82,5.8522,3.3804,0.1429,1
WansurMyKing667,800,463,375,0.8099,0.9,0.8999,820.8,5.9296,3.942,0.0798,0
WansurMyKing667,2200,1266,373,0.2946,0.35,0.8418,2253.62,5.9243,3.9336,0.0571,0
WansurMyKing667,2400,922,239,0.2592,0.28,0.9258,2443.93,5.4806,3.4721,0.0219,0
WansurMyKing667,2600,218,65,0.2982,0.22,1.3553,2660.0,4.1897,3.3229,0.0,0
WansurMyKing667,2800,327,56,0.1713,0.16,1.0703,2814.29,4.0431,1.9486,0.0,0
WansurMyKing667,3000,90,11,0.1222,0.11,1.1111,3000.0,2.4849,0.9111,0.0,0
Washburn,2000,151,26,0.1722,0.42,0.41,2057.69,3.2958,1.1677,0.2898,1
Washburn,1000,30,21,0.7,0.85,0.8235,1080.95,3.091,2.3389,0.1259,0
Washburn,1800,66,30,0.4545,0.5,0.9091,1893.33,3.434,2.9553,0.0431,0
Washburn,800,41,41,1.0,0.9,1.1111,817.07,3.7377,3.0539,0.0,0
Washburn,1200,29,25,0.8621,0.78,1.1052,1268.0,3.2581,3.5614,0.0,0
Washburn,1400,16,13,0.8125,0.7,1.1607,1500.0,2.6391,3.2164,0.0,0
Washburn,1600,28,22,0.7857,0.6,1.3095,1654.55,3.1355,4.0761,0.0,0
Washburn,2200,74,26,0.3514,0.35,1.0039,2230.77,3.2958,2.5832,0.0,0
Washburn,2600,13,9,0.6923,0.22,2.0,2655.56,2.3026,4.2332,0.0,0
Watersphere,1000,293,128,0.4369,0.85,0.514,1066.41,4.8598,2.264,0.4007,1
Watersphere,1200,470,196,0.417,0.78,0.5346,1248.98,5.2832,2.7518,0.3556,1
Watersphere,1400,419,152,0.3628,0.7,0.5182,1439.47,5.0304,2.6269,0.3378,1
Watersphere,800,481,267,0.5551,0.9,0.6168,816.1,5.591,2.5328,0.3233,1
Watersphere,1600,551,210,0.3811,0.6,0.6352,1655.71,5.3519,3.3772,0.2176,1
Watersphere,1800,934,276,0.2955,0.5,0.591,1858.7,5.624,3.089,0.2112,1
Watersphere,2000,590,157,0.2661,0.42,0.6336,2059.24,5.0626,2.7741,0.162,1
Watersphere,2200,518,138,0.2664,0.35,0.7612,2257.25,4.9345,2.9674,0.0881,0
Watersphere,2400,306,86,0.281,0.28,1.0037,2441.86,4.4659,3.0648,0.0,0
Watersphere,2600,249,72,0.2892,0.22,1.3143,2654.17,4.2905,3.2928,0.0,0
Watersphere,2800,230,60,0.2609,0.16,1.6304,2848.33,4.1109,3.0546,0.0,0
Watersphere,3000,35,23,0.6571,0.11,2.0,3047.83,3.1781,6.3652,0.0,0
Watersphere,3200,60,23,0.3833,0.07,2.0,3282.61,3.1781,3.9991,0.0,0
Watersphere,3400,101,18,0.1782,0.04,2.0,3455.56,2.9444,1.8133,0.0,0
Wawi,1000,847,418,0.4935,0.85,0.5806,1066.51,6.0379,3.1779,0.3416,1
Wawi,1400,967,447,0.4623,0.7,0.6604,1447.87,6.1048,4.0859,0.2301,1
Wawi,1200,833,455,0.5462,0.78,0.7003,1250.77,6.1225,4.1828,0.2208,1
Wawi,800,1086,727,0.6694,0.9,0.7438,816.78,6.5903,3.6034,0.2124,1
Wawi,1600,1177,470,0.3993,0.6,0.6655,1651.06,6.1549,4.0579,0.1983,1
Wawi,1800,1188,442,0.3721,0.5,0.7441,1853.62,6.0936,4.2024,0.1277,1
Wawi,2000,1057,323,0.3056,0.42,0.7276,2042.11,5.7807,3.6074,0.1175,1
Wawi,2200,993,247,0.2487,0.35,0.7107,2246.15,5.5134,3.0804,0.1073,1
Wawi,2400,879,202,0.2298,0.28,0.8207,2451.98,5.3132,2.9939,0.0539,0
Wawi,2600,270,63,0.2333,0.22,1.0606,2619.05,4.1589,2.5415,0.0,0
Wawi,2800,105,34,0.3238,0.16,2.0,2823.53,3.5553,3.2506,0.0,0
Wawi,3000,223,28,0.1256,0.11,1.1415,3046.43,3.3673,1.288,0.0,0
Wawi,3200,18,10,0.5556,0.07,2.0,3240.0,2.3979,4.3162,0.0,0
Wawi,3400,34,7,0.2059,0.04,2.0,3457.14,2.0794,1.4801,0.0,0
Weiqu0852,2000,153,29,0.1895,0.42,0.4513,2041.38,3.4012,1.316,0.2637,1
Weiqu0852,1000,12,8,0.6667,0.85,0.7843,1075.0,2.1972,1.5747,0.1471,0
Weiqu0852,2800,42,3,0.0714,0.16,0.4464,2900.0,1.3863,0.2872,0.1396,1
Weiqu0852,1800,52,23,0.4423,0.5,0.8846,1873.91,3.1781,2.6341,0.0548,0
Weiqu0852,3400,2,0,0.0,0.04,0.0,3400.0,0.0,0.0,0.0439,0
Weiqu0852,800,31,28,0.9032,0.9,1.0036,817.86,3.3673,2.4875,0.0,0
Weiqu0852,1200,32,26,0.8125,0.78,1.0417,1246.15,3.2958,3.337,0.0,0
Weiqu0852,1400,12,12,1.0,0.7,1.4286,1400.0,2.5649,3.5909,0.0,0
Weiqu0852,1600,11,11,1.0,0.6,1.6667,1700.0,2.4849,4.2243,0.0,0
Weiqu0852,2200,47,20,0.4255,0.35,1.2158,2250.0,3.0445,2.915,0.0,0
Weiqu0852,2400,122,39,0.3197,0.28,1.1417,2471.79,3.6889,2.9148,0.0,0
Weiqu0852,2600,11,7,0.6364,0.22,2.0,2671.43,2.0794,3.5351,0.0,0
Weiqu0852,3200,4,4,1.0,0.07,2.0,3200.0,1.6094,5.1502,0.0,0
WeirdoAru,2600,4,0,0.0,0.22,0.0,2600.0,0.0,0.0,0.3541,0
WeirdoAru,2200,120,13,0.1083,0.35,0.3095,2276.92,2.6391,0.651,0.3185,1
WeirdoAru,2400,79,6,0.0759,0.28,0.2712,2500.0,1.9459,0.3695,0.3035,1
WeirdoAru,2000,167,30,0.1796,0.42,0.4277,2040.0,3.434,1.2584,0.2778,1
WeirdoAru,1600,146,49,0.3356,0.6,0.5594,1667.35,3.912,2.1891,0.2686,1
WeirdoAru,1800,165,62,0.3758,0.5,0.7515,1833.87,4.1431,2.855,0.1235,0
WeirdoAru,800,115,103,0.8957,0.9,0.9952,817.48,4.6444,3.4005,0.0037,0
WeirdoAru,1400,83,58,0.6988,0.7,0.9983,1468.97,4.0775,4.1856,0.0011,0
WeirdoAru,1000,59,52,0.8814,0.85,1.0369,1061.54,3.9703,3.7146,0.0,0
WeirdoAru,1200,85,72,0.8471,0.78,1.086,1258.33,4.2905,4.5731,0.0,0
Welcome24ever,1200,715,360,0.5035,0.78,0.6455,1248.06,5.8889,3.7005,0.2639,1
Welcome24ever,1000,490,290,0.5918,0.85,0.6963,1055.86,5.6733,3.5452,0.2397,1
Welcome24ever,1400,547,253,0.4625,0.7,0.6607,1454.94,5.5373,3.7263,0.2291,1
Welcome24ever,800,877,621,0.7081,0.9,0.7868,819.0,6.4329,3.7307,0.175,0
Welcome24ever,1800,918,331,0.3606,0.5,0.7211,1853.78,5.8051,3.8802,0.1398,1
Welcome24ever,1600,821,392,0.4775,0.6,0.7958,1655.36,5.9738,4.7216,0.1179,0
Welcome24ever,2200,514,171,0.3327,0.35,0.9505,2235.09,5.1475,3.8276,0.0176,0
Welcome24ever,2000,582,257,0.4416,0.42,1.0514,2061.87,5.553,5.0559,0.0,0
Welcome24ever,2400,204,68,0.3333,0.28,1.1905,2442.65,4.2341,3.4475,0.0,0
Welcome24ever,2600,90,35,0.3889,0.22,1.7677,2631.43,3.5835,3.6671,0.0,0
Welcome24ever,2800,47,26,0.5532,0.16,2.0,2830.77,3.2958,5.1611,0.0,0
Welcome24ever,3000,9,3,0.3333,0.11,2.0,3000.0,1.3863,1.3863,0.0,0
Windowsredstone,2000,262,75,0.2863,0.42,0.6816,2058.67,4.3307,2.5522,0.1398,1
Windowsredstone,2200,226,52,0.2301,0.35,0.6574,2236.54,3.9703,2.0431,0.1309,1
Windowsredstone,1800,202,77,0.3812,0.5,0.7624,1855.84,4.3567,3.082,0.1178,0
Windowsredstone,800,121,94,0.7769,0.9,0.8632,813.83,4.5539,2.8791,0.1065,0
Windowsredstone,1200,139,100,0.7194,0.78,0.9223,1248.0,4.6151,4.1436,0.0533,0
Windowsredstone,1000,72,57,0.7917,0.85,0.9314,1063.16,4.0604,3.4175,0.0495,0
Windowsredstone,2400,90,22,0.2444,0.28,0.873,2422.73,3.1355,1.8569,0.0388,0
Windowsredstone,1600,126,71,0.5635,0.6,0.9392,1640.85,4.2767,3.9542,0.0335,0
Windowsredstone,1400,106,71,0.6698,0.7,0.9569,1446.48,4.2767,4.1435,0.0267,0
Windowsredstone,2600,25,15,0.6,0.22,2.0,2600.0,2.7726,4.3252,0.0,0
Wobert,1600,1062,416,0.3917,0.6,0.6529,1652.4,6.0331,3.905,0.2064,1
Wobert,1000,344,218,0.6337,0.85,0.7456,1064.68,5.3891,3.6361,0.1978,1
Wobert,1400,588,298,0.5068,0.7,0.724,1440.94,5.7004,4.1629,0.1839,1
Wobert,1200,528,312,0.5909,0.78,0.7576,1243.59,5.7462,4.2226,0.1758,0
Wobert,800,546,419,0.7674,0.9,0.8527,813.6,6.0403,3.7713,0.1187,0
Wobert,1800,1187,486,0.4094,0.5,0.8189,1856.17,6.1883,4.703,0.0892,0
Wobert,2000,1148,447,0.3894,0.42,0.9271,2047.87,6.1048,4.8679,0.0304,0
Wobert,2200,1259,447,0.355,0.35,1.0144,2257.94,6.1048,4.894,0.0,0
Wobert,2400,1421,482,0.3392,0.28,1.2114,2446.06,6.18,5.1275,0.0,0
Wobert,2600,468,137,0.2927,0.22,1.3306,2632.85,4.9273,3.7976,0.0,0
Wobert,2800,293,88,0.3003,0.16,1.8771,2832.95,4.4886,3.8192,0.0,0
Wobert,3000,207,26,0.1256,0.11,1.1419,3019.23,3.2958,1.2499,0.0,0
Wobert,3200,16,5,0.3125,0.07,2.0,3280.0,1.7918,1.8366,0.0,0
Wonder_boy,1000,311,99,0.3183,0.85,0.3745,1041.41,4.6052,1.5267,0.5447,1
Wonder_boy,1200,358,115,0.3212,0.78,0.4118,1243.48,4.7536,1.8988,0.4691,1
Wonder_boy,1800,328,48,0.1463,0.5,0.2927,1829.17,3.8918,1.0418,0.419,1
Wonder_boy,2000,20,3,0.15,0.42,0.3571,2000.0,1.3863,0.4159,0.3445,1
Wonder_boy,1400,129,48,0.3721,0.7,0.5316,1443.75,3.8918,2.0907,0.3263,1
Wonder_boy,800,384,214,0.5573,0.9,0.6192,819.63,5.3706,2.4532,0.3203,1
Wonder_boy,1600,73,23,0.3151,0.6,0.5251,1660.87,3.1781,1.663,0.2935,1
Wonder_boy,2200,5,5,1.0,0.35,2.0,2300.0,1.7918,4.121,0.0,0
Wonder_boy,2400,11,11,1.0,0.28,2.0,2454.55,2.4849,6.0993,0.0,0
Wonder_boy,2800,5,5,1.0,0.16,2.0,2800.0,1.7918,5.0169,0.0,0
XVIII,1600,44,22,0.5,0.6,0.8333,1622.73,3.1355,2.544,0.092,0
XVIII,800,64,61,0.9531,0.9,1.059,804.92,4.1271,3.1663,0.0,0
XVIII,1000,36,36,1.0,0.85,1.1765,1052.78,3.6109,3.8015,0.0,0
XVIII,1200,48,40,0.8333,0.78,1.0684,1262.5,3.7136,3.907,0.0,0
XVIII,1400,44,44,1.0,0.7,1.4286,1443.18,3.8067,5.4937,0.0,0
XVIII,1800,68,60,0.8824,0.5,1.7647,1851.67,4.1109,6.7164,0.0,0
XVIII,2000,72,60,0.8333,0.42,1.9841,2050.0,4.1109,7.0227,0.0,0
XVIII,2200,56,56,1.0,0.35,2.0,2255.36,4.0431,9.1185,0.0,0
XVIII,2400,113,66,0.5841,0.28,2.0,2472.73,4.2047,6.0726,0.0,0
XVIII,2600,39,34,0.8718,0.22,2.0,2620.59,3.5553,8.1226,0.0,0
XVIII,2800,104,67,0.6442,0.16,2.0,2852.24,4.2195,7.7533,0.0,0
XVIII,3000,47,21,0.4468,0.11,2.0,3042.86,3.091,4.2025,0.0,0
XVIII,3200,7,7,1.0,0.07,2.0,3285.71,2.0794,6.8325,0.0,0
XVIII,3400,50,25,0.5,0.04,2.0,3500.0,3.2581,5.7017,0.0,0
Xellos,1000,394,326,0.8274,0.85,0.9734,1055.83,5.79,5.0581,0.0199,0
Xellos,2000,1913,786,0.4109,0.42,0.9783,2047.96,6.6682,5.611,0.009,0
Xellos,800,473,425,0.8985,0.9,0.9984,824.24,6.0544,4.4839,0.0013,0
Xellos,1200,603,476,0.7894,0.78,1.012,1251.26,6.1675,6.0918,0.0,0
Xellos,1400,811,575,0.709,0.7,1.0129,1447.3,6.3561,6.5223,0.0,0
Xellos,1600,1154,706,0.6118,0.6,1.0196,1656.94,6.561,6.6509,0.0,0
Xellos,1800,1189,742,0.6241,0.5,1.2481,1856.6,6.6107,7.6593,0.0,0
Xellos,2200,1284,619,0.4821,0.35,1.3774,2253.15,6.4297,6.9841,0.0,0
Xellos,2400,1708,679,0.3975,0.28,1.4198,2446.39,6.5221,6.343,0.0,0
Xellos,2600,1961,459,0.2341,0.22,1.0639,2640.31,6.1312,3.7891,0.0,0
Xellos,2800,1758,377,0.2144,0.16,1.3403,2846.15,5.9349,3.6224,0.0,0
Xellos,3000,1960,343,0.175,0.11,1.5909,3047.52,5.8406,3.1149,0.0,0
Xellos,3200,1998,304,0.1522,0.07,2.0,3259.21,5.7203,2.8367,0.0,0
Xellos,3400,2440,261,0.107,0.04,2.0,3470.5,5.5683,2.0671,0.0,0
Xerxes,1400,803,261,0.325,0.7,0.4643,1454.41,5.5683,2.6323,0.3819,1
Xerxes,1200,728,297,0.408,0.78,0.523,1253.2,5.6971,2.9127,0.3662,1
Xerxes,1600,937,254,0.2711,0.6,0.4518,1650.39,5.5413,2.4791,0.3441,1
Xerxes,1000,483,257,0.5321,0.85,0.626,1057.59,5.553,3.1248,0.2999,1
Xerxes,1800,693,172,0.2482,0.5,0.4964,1836.05,5.1533,2.3484,0.2677,1
Xerxes,3200,35,0,0.0,0.07,0.0,3200.0,0.0,0.0,0.2508,1
Xerxes,2200,494,105,0.2126,0.35,0.6073,2236.19,4.6634,2.2165,0.1506,1
Xerxes,800,388,295,0.7603,0.9,0.8448,825.08,5.6904,3.5697,0.1245,0
Xerxes,2000,482,154,0.3195,0.42,0.7607,2049.35,5.0434,3.3023,0.1028,0
Xerxes,2600,211,34,0.1611,0.22,0.7324,2611.76,3.5553,1.4963,0.0692,1
Xerxes,2400,304,76,0.25,0.28,0.8929,2448.68,4.3438,2.6592,0.0321,0
Xerxes,3000,97,9,0.0928,0.11,0.8435,3000.0,2.3026,0.6409,0.0239,0
Xerxes,2800,71,27,0.3803,0.16,2.0,2859.26,3.3322,3.6232,0.0,0
XiaY,1200,151,94,0.6225,0.78,0.7981,1231.91,4.5539,3.4923,0.1425,0
XiaY,800,267,207,0.7753,0.9,0.8614,812.56,5.3375,3.3624,0.11,0
XiaY,1000,96,75,0.7812,0.85,0.9191,1065.33,4.3307,3.6044,0.059,0
XiaY,1400,148,94,0.6351,0.7,0.9073,1455.32,4.5539,4.2093,0.0584,0
XiaY,1600,1307,769,0.5884,0.6,0.9806,1659.43,6.6464,6.4893,0.0109,0
XiaY,2000,741,309,0.417,0.42,0.9929,2047.9,5.7366,4.8989,0.0029,0
XiaY,1800,611,388,0.635,0.5,1.27,1830.67,5.9636,6.9328,0.0,0
XiaY,2200,1602,669,0.4176,0.35,1.1932,2256.95,6.5073,6.1332,0.0,0
XiaY,2400,2454,871,0.3549,0.28,1.2676,2451.32,6.7708,5.8909,0.0,0
XiaY,2600,1636,535,0.327,0.22,1.4864,2648.41,6.2841,5.4425,0.0,0
XiaY,2800,290,108,0.3724,0.16,2.0,2815.74,4.6913,4.9194,0.0,0
XiaY,3000,134,48,0.3582,0.11,2.0,3027.08,3.8918,4.22,0.0,0
XiaY,3200,64,27,0.4219,0.07,2.0,3214.81,3.3322,4.5193,0.0,0
XiaY,3400,19,6,0.3158,0.04,2.0,3416.67,1.9459,2.0995,0.0,0
XiangXunyi,1400,169,81,0.4793,0.7,0.6847,1455.56,4.4067,3.0743,0.2097,1
XiangXunyi,1000,59,43,0.7288,0.85,0.8574,1051.16,3.7842,2.8991,0.1037,0
XiangXunyi,1800,310,127,0.4097,0.5,0.8194,1860.63,4.852,3.6985,0.0886,0
XiangXunyi,3400,8,0,0.0,0.04,0.0,3400.0,0.0,0.0,0.0879,0
XiangXunyi,1200,111,78,0.7027,0.78,0.9009,1262.82,4.3694,3.8774,0.0679,0
XiangXunyi,800,92,78,0.8478,0.9,0.942,820.51,4.3694,3.0396,0.044,0
XiangXunyi,3200,21,1,0.0476,0.07,0.6803,3300.0,0.6931,0.1089,0.0409,1
XiangXunyi,2000,334,140,0.4192,0.42,0.998,2057.14,4.9488,4.2672,0.0008,0
XiangXunyi,1600,176,114,0.6477,0.6,1.0795,1661.4,4.7449,5.1062,0.0,0
XiangXunyi,2200,394,150,0.3807,0.35,1.0877,2244.0,5.0173,4.2863,0.0,0
XiangXunyi,2400,336,117,0.3482,0.28,1.2436,2439.32,4.7707,4.0522,0.0,0
XiangXunyi,2600,136,60,0.4412,0.22,2.0,2675.0,4.1109,4.8514,0.0,0
XiangXunyi,2800,45,18,0.4,0.16,2.0,2816.67,2.9444,3.3174,0.0,0
XiangXunyi,3000,51,9,0.1765,0.11,1.6043,3000.0,2.3026,1.219,0.0,0
XorGhost,2200,60,16,0.2667,0.35,0.7619,2200.0,2.8332,1.6622,0.0894,0
XorGhost,1600,36,21,0.5833,0.6,0.9722,1666.67,3.091,3.0052,0.0147,0
XorGhost,800,405,377,0.9309,0.9,1.0343,856.76,5.9349,4.7333,0.0,0
XorGhost,1000,379,370,0.9763,0.85,1.1485,1031.35,5.9162,5.9568,0.0,0
XorGhost,1200,34,34,1.0,0.78,1.2821,1276.47,3.5553,4.5383,0.0,0
XorGhost,1400,16,16,1.0,0.7,1.4286,1456.25,2.8332,4.1259,0.0,0
XorGhost,1800,18,18,1.0,0.5,2.0,1816.67,2.9444,5.3491,0.0,0
XorGhost,2000,25,25,1.0,0.42,2.0,2048.0,3.2581,6.6726,0.0,0
XorGhost,2400,42,14,0.3333,0.28,1.1905,2450.0,2.7081,2.2116,0.0,0
XorGhost,2600,6,2,0.3333,0.22,1.5152,2700.0,1.0986,0.9888,0.0,0
Xylenox,1400,1042,554,0.5317,0.7,0.7595,1449.1,6.319,4.8684,0.1598,0
Xylenox,800,798,587,0.7356,0.9,0.8173,818.91,6.3767,3.8412,0.149,0
Xylenox,1000,513,356,0.694,0.85,0.8164,1051.69,5.8777,4.2897,0.1416,0
Xylenox,1200,807,516,0.6394,0.78,0.8198,1252.33,6.248,5.0031,0.1299,0
Xylenox,1600,1089,607,0.5574,0.6,0.929,1652.55,6.4102,5.9045,0.0402,0
Xylenox,1800,1428,667,0.4671,0.5,0.9342,1850.82,6.5043,5.6229,0.0319,0
Xylenox,2400,1741,445,0.2556,0.28,0.9129,2437.98,6.1003,3.8014,0.0256,0
Xylenox,2000,1367,568,0.4155,0.42,0.9893,2052.64,6.3439,5.4106,0.0044,0
Xylenox,2200,1477,526,0.3561,0.35,1.0175,2254.37,6.2672,5.0316,0.0,0
Xylenox,2600,893,232,0.2598,0.22,1.1809,2634.05,5.451,3.7303,0.0,0
Xylenox,2800,378,148,0.3915,0.16,2.0,2836.49,5.0039,5.5573,0.0,0
Xylenox,3000,542,74,0.1365,0.11,1.2412,3048.65,4.3175,1.7971,0.0,0
Xylenox,3200,204,27,0.1324,0.07,1.8908,3244.44,3.3322,1.4309,0.0,0
Xylenox,3400,372,41,0.1102,0.04,2.0,3439.02,3.7377,1.4167,0.0,0
YLF_Cat,1000,51,26,0.5098,0.85,0.5998,1038.46,3.2958,1.7449,0.3129,1
YLF_Cat,3000,6,0,0.0,0.11,0.0,3000.0,0.0,0.0,0.2141,0
YLF_Cat,800,79,55,0.6962,0.9,0.7736,814.55,4.0254,2.2827,0.1777,0
YLF_Cat,2200,100,20,0.2,0.35,0.5714,2220.0,3.0445,1.3518,0.1712,1
YLF_Cat,1200,44,27,0.6136,0.78,0.7867,1288.89,3.3322,2.6355,0.1462,0
YLF_Cat,1600,53,24,0.4528,0.6,0.7547,1641.67,3.2189,2.3929,0.1392,0
YLF_Cat,1400,80,48,0.6,0.7,0.8571,1454.17,3.8918,3.3956,0.0898,0
YLF_Cat,2400,74,16,0.2162,0.28,0.7722,2400.0,2.8332,1.4702,0.0718,0
YLF_Cat,1800,75,47,0.6267,0.5,1.2533,1844.68,3.8712,4.4751,0.0,0
YLF_Cat,2000,64,38,0.5938,0.42,1.4137,2052.63,3.6636,4.465,0.0,0
YLF_Cat,2800,54,18,0.3333,0.16,2.0,2861.11,2.9444,2.8081,0.0,0
Yagnik_Dhameliya,2800,60,0,0.0,0.16,0.0,2800.0,0.0,0.0,0.6577,1
Yagnik_Dhameliya,1000,1172,450,0.384,0.85,0.4517,1064.89,6.1115,2.4988,0.4631,1
Yagnik_Dhameliya,1200,1292,496,0.3839,0.78,0.4922,1248.59,6.2086,2.976,0.3937,1
Yagnik_Dhameliya,1400,1191,456,0.3829,0.7,0.547,1445.18,6.1247,3.3889,0.3153,1
Yagnik_Dhameliya,800,1515,897,0.5921,0.9,0.6579,816.5,6.8002,3.2874,0.2891,1
Yagnik_Dhameliya,1600,1013,415,0.4097,0.6,0.6828,1653.01,6.0307,4.084,0.1874,1
Yagnik_Dhameliya,1800,1366,479,0.3507,0.5,0.7013,1845.09,6.1738,3.9944,0.1503,1
Yagnik_Dhameliya,2000,675,209,0.3096,0.42,0.7372,2049.28,5.3471,3.3928,0.1133,1
Yagnik_Dhameliya,2200,628,175,0.2787,0.35,0.7962,2242.29,5.1705,3.2307,0.0745,0
Yagnik_Dhameliya,2400,331,77,0.2326,0.28,0.8308,2448.05,4.3567,2.4811,0.0513,0
Yagnik_Dhameliya,2600,136,31,0.2279,0.22,1.0361,2667.74,3.4657,2.1075,0.0,0
Yagnik_Dhameliya,3000,5,5,1.0,0.11,2.0,3100.0,1.7918,5.5545,0.0,0
Yaimsea,3000,5,0,0.0,0.11,0.0,3000.0,0.0,0.0,0.1971,0
Yaimsea,800,608,581,0.9556,0.9,1.0618,813.77,6.3665,4.9508,0.0,0
Yaimsea,1000,330,294,0.8909,0.85,1.0481,1064.29,5.687,5.3923,0.0,0
Yaimsea,1200,475,422,0.8884,0.78,1.139,1254.5,6.0474,6.74,0.0,0
Yaimsea,1400,501,438,0.8743,0.7,1.2489,1446.35,6.0845,7.6937,0.0,0
Yaimsea,1600,573,449,0.7836,0.6,1.306,1658.57,6.1092,7.9399,0.0,0
Yaimsea,1800,826,561,0.6792,0.5,1.3584,1862.75,6.3315,8.0102,0.0,0
Yaimsea,2000,1037,518,0.4995,0.42,1.1893,2047.49,6.2519,6.3942,0.0,0
Yaimsea,2200,1173,496,0.4228,0.35,1.2081,2246.37,6.2086,5.8974,0.0,0
Yaimsea,2400,765,307,0.4013,0.28,1.4332,2440.72,5.7301,5.6125,0.0,0
Yaimsea,2600,155,74,0.4774,0.22,2.0,2659.46,4.3175,5.4818,0.0,0
Yaimsea,2800,61,25,0.4098,0.16,2.0,2848.0,3.2581,3.8029,0.0,0
Yaimsea,3200,1,1,1.0,0.07,2.0,3200.0,0.6931,2.2181,0.0,0
YeoBL,3000,30,0,0.0,0.11,0.0,3000.0,0.0,0.0,0.3777,1
YeoBL,1000,375,200,0.5333,0.85,0.6275,1059.5,5.3033,2.9967,0.2979,1
YeoBL,1200,490,235,0.4796,0.78,0.6149,1259.57,5.4638,3.3006,0.288,1
YeoBL,1400,384,169,0.4401,0.7,0.6287,1443.79,5.1358,3.2634,0.2522,1
YeoBL,1600,496,192,0.3871,0.6,0.6452,1654.17,5.2627,3.3698,0.2111,1
YeoBL,2400,589,71,0.1205,0.28,0.4305,2440.85,4.2767,1.2583,0.1928,1
YeoBL,800,522,378,0.7241,0.9,0.8046,817.72,5.9375,3.5159,0.1587,0
YeoBL,1800,1005,349,0.3473,0.5,0.6945,1855.59,5.8579,3.7747,0.154,1
YeoBL,2000,908,288,0.3172,0.42,0.7552,2042.71,5.6664,3.6713,0.1051,0
YeoBL,2200,747,215,0.2878,0.35,0.8223,2249.3,5.3753,3.4799,0.0645,0
YeoBL,3400,4,0,0.0,0.04,0.0,3400.0,0.0,0.0,0.0644,0
YeoBL,2600,42,9,0.2143,0.22,0.974,2644.44,2.3026,1.3048,0.0065,0
YipChip,1200,365,135,0.3699,0.78,0.4742,1254.81,4.9127,2.28,0.4094,1
YipChip,800,415,221,0.5325,0.9,0.5917,824.89,5.4027,2.3733,0.3461,1
YipChip,1000,198,107,0.5404,0.85,0.6358,1057.94,4.6821,2.6769,0.2884,1
YipChip,1400,398,169,0.4246,0.7,0.6066,1436.09,5.1358,3.1318,0.2688,1
YipChip,2000,665,137,0.206,0.42,0.4905,2043.8,4.9273,2.0746,0.2347,1
YipChip,1800,641,185,0.2886,0.5,0.5772,1857.84,5.2257,2.802,0.2195,1
YipChip,1600,389,149,0.383,0.6,0.6384,1661.74,5.0106,3.1893,0.2154,1
YipChip,2200,571,148,0.2592,0.35,0.7406,2233.11,5.0039,2.8963,0.096,1
YipChip,2600,292,50,0.1712,0.22,0.7783,2644.0,3.9318,1.7801,0.0562,0
YipChip,3400,1,0,0.0,0.04,0.0,3400.0,0.0,0.0,0.0277,0
YipChip,2400,296,78,0.2635,0.28,0.9411,2446.15,4.3694,2.8165,0.0175,0
YipChip,2800,83,15,0.1807,0.16,1.1295,2833.33,2.7726,1.4197,0.0,0
YipChip,3000,20,4,0.2,0.11,1.8182,3000.0,1.6094,0.9657,0.0,0
YoshinoTomotake,1000,424,219,0.5165,0.85,0.6077,1053.42,5.3936,2.9347,0.3157,1
YoshinoTomotake,1600,1056,338,0.3201,0.6,0.5335,1654.14,5.826,3.0846,0.2856,1
YoshinoTomotake,1400,696,289,0.4152,0.7,0.5932,1454.67,5.6699,3.4247,0.2795,1
YoshinoTomotake,1200,405,211,0.521,0.78,0.6679,1246.45,5.3566,3.4785,0.2447,1
YoshinoTomotake,2000,991,294,0.2967,0.42,0.7064,2038.1,5.687,3.4386,0.1273,1
YoshinoTomotake,800,421,321,0.7625,0.9,0.8472,826.79,5.7746,3.6403,0.1227,0
YoshinoTomotake,1800,937,357,0.381,0.5,0.762,1856.02,5.8805,4.1584,0.1184,0
YoshinoTomotake,2200,1098,303,0.276,0.35,0.7884,2248.84,5.717,3.5479,0.0772,0
YoshinoTomotake,2400,594,238,0.4007,0.28,1.431,2438.24,5.4765,5.3502,0.0,0
YoshinoTomotake,2600,178,66,0.3708,0.22,1.6854,2628.79,4.2047,4.0984,0.0,0
YoshinoTomotake,2800,101,28,0.2772,0.16,1.7327,2825.0,3.3673,2.6372,0.0,0
YoshinoTomotake,3000,67,21,0.3134,0.11,2.0,3014.29,3.091,2.9203,0.0,0
YoshinoTomotake,3200,6,6,1.0,0.07,2.0,3266.67,1.9459,6.3566,0.0,0
Yoyoyo8128,3000,6,0,0.0,0.11,0.0,3000.0,0.0,0.0,0.2141,0
Yoyoyo8128,1000,36,22,0.6111,0.85,0.719,1045.45,3.1355,2.0032,0.2086,1
Yoyoyo8128,800,40,27,0.675,0.9,0.75,807.41,3.3322,1.8161,0.1929,0
Yoyoyo8128,2200,53,17,0.3208,0.35,0.9164,2270.59,2.8904,2.1051,0.03,0
Yoyoyo8128,1200,16,13,0.8125,0.78,1.0417,1300.0,2.6391,2.7875,0.0,0
Yoyoyo8128,1400,17,17,1.0,0.7,1.4286,1500.0,2.8904,4.3356,0.0,0
Yoyoyo8128,1600,31,28,0.9032,0.6,1.5054,1653.57,3.3673,5.0292,0.0,0
Yoyoyo8128,1800,23,14,0.6087,0.5,1.2174,1864.29,2.7081,3.073,0.0,0
Yoyoyo8128,2000,55,33,0.6,0.42,1.4286,2054.55,3.5264,4.347,0.0,0
Yoyoyo8128,2400,7,7,1.0,0.28,2.0,2400.0,2.0794,4.9907,0.0,0
YuukiS,1400,776,429,0.5528,0.7,0.7898,1445.69,6.0638,4.8463,0.1387,0
YuukiS,800,842,629,0.747,0.9,0.83,818.6,6.4457,3.9417,0.1384,0
YuukiS,1000,446,338,0.7578,0.85,0.8916,1062.72,5.826,4.6922,0.0824,0
YuukiS,1200,658,465,0.7067,0.78,0.906,1250.54,6.1442,5.4299,0.0666,0
YuukiS,1600,746,465,0.6233,0.6,1.0389,1654.84,6.1442,6.3377,0.0,0
YuukiS,1800,1167,686,0.5878,0.5,1.1757,1855.1,6.5323,7.1234,0.0,0
YuukiS,2000,1172,510,0.4352,0.42,1.0361,2052.94,6.2364,5.5712,0.0,0
YuukiS,2200,1615,721,0.4464,0.35,1.2755,2253.81,6.582,6.6228,0.0,0
YuukiS,2400,1853,701,0.3783,0.28,1.3511,2445.93,6.5539,6.0644,0.0,0
YuukiS,2600,1902,513,0.2697,0.22,1.226,2632.16,6.2422,4.4316,0.0,0
YuukiS,2800,1074,260,0.2421,0.16,1.513,2847.31,5.5645,3.8356,0.0,0
YuukiS,3000,283,85,0.3004,0.11,2.0,3038.82,4.4543,4.0656,0.0,0
YuukiS,3200,158,46,0.2911,0.07,2.0,3256.52,3.8501,3.6503,0.0,0
YuukiS,3400,29,8,0.2759,0.04,2.0,3500.0,2.1972,2.1215,0.0,0
ZPAYAUR,1000,45,30,0.6667,0.85,0.7843,1056.67,3.434,2.4191,0.1583,0
ZPAYAUR,2600,467,71,0.152,0.22,0.6911,2650.7,4.2767,1.7235,0.0792,1
ZPAYAUR,2400,341,77,0.2258,0.28,0.8065,2471.43,4.3567,2.4313,0.059,0
ZPAYAUR,1400,74,47,0.6351,0.7,0.9073,1451.06,3.8712,3.5678,0.0575,0
ZPAYAUR,2000,205,75,0.3659,0.42,0.8711,2052.0,4.3307,3.2512,0.0541,0
ZPAYAUR,2200,201,64,0.3184,0.35,0.9097,2260.94,4.1744,3.0051,0.0324,0
ZPAYAUR,1600,87,50,0.5747,0.6,0.9579,1676.0,3.9318,3.7872,0.023,0
ZPAYAUR,1200,67,51,0.7612,0.78,0.9759,1245.1,3.9512,3.7448,0.016,0
ZPAYAUR,800,36,36,1.0,0.9,1.1111,822.22,3.6109,2.969,0.0,0
ZPAYAUR,1800,121,79,0.6529,0.5,1.3058,1855.7,4.382,5.3091,0.0,0
ZPAYAUR,2800,575,137,0.2383,0.16,1.4891,2851.82,4.9273,3.348,0.0,0
ZPAYAUR,3000,253,76,0.3004,0.11,2.0,3031.58,4.3438,3.9558,0.0,0
ZPAYAUR,3200,200,40,0.2,0.07,2.0,3240.0,3.7136,2.4064,0.0,0
ZPAYAUR,3400,76,14,0.1842,0.04,2.0,3464.29,2.7081,1.7282,0.0,0
Z_actuary,1600,339,163,0.4808,0.6,0.8014,1657.67,5.0999,4.0648,0.1139,0
Z_actuary,1000,242,175,0.7231,0.85,0.8508,1058.86,5.1705,3.9591,0.1129,0
Z_actuary,2200,534,149,0.279,0.35,0.7972,2240.27,5.0106,3.1321,0.0742,0
Z_actuary,2000,437,159,0.3638,0.42,0.8663,2030.82,5.0752,3.7501,0.0562,0
Z_actuary,1200,211,159,0.7536,0.78,0.9661,1250.94,5.0752,4.7841,0.0233,0
Z_actuary,1800,454,219,0.4824,0.5,0.9648,1861.19,5.3936,4.8424,0.0169,0
Z_actuary,2400,385,103,0.2675,0.28,0.9555,2434.95,4.6444,3.0255,0.0132,0
Z_actuary,800,285,260,0.9123,0.9,1.0136,823.46,5.5645,4.1802,0.0,0
Z_actuary,1400,289,206,0.7128,0.7,1.0183,1456.31,5.3327,5.5357,0.0,0
Z_actuary,2600,301,72,0.2392,0.22,1.0873,2643.06,4.2905,2.7125,0.0,0
Z_actuary,2800,33,9,0.2727,0.16,1.7045,2833.33,2.3026,1.7793,0.0,0
Zanite,1200,356,233,0.6545,0.78,0.8391,1245.92,5.4553,4.4485,0.1143,0
Zanite,1000,259,192,0.7413,0.85,0.8721,1050.0,5.2627,4.0964,0.0965,0
Zanite,800,367,298,0.812,0.9,0.9022,819.8,5.7004,3.7946,0.0776,0
Zanite,3400,4,0,0.0,0.04,0.0,3400.0,0.0,0.0,0.0644,0
Zanite,1400,325,237,0.7292,0.7,1.0418,1451.05,5.4723,5.7905,0.0,0
Zanite,1600,489,328,0.6708,0.6,1.1179,1651.22,5.7961,6.4195,0.0,0
Zanite,1800,638,364,0.5705,0.5,1.1411,1868.68,5.8999,6.2901,0.0,0
Zanite,2000,693,385,0.5556,0.42,1.3228,2044.94,5.9558,6.7663,0.0,0
Zanite,2200,690,304,0.4406,0.35,1.2588,2239.47,5.7203,5.644,0.0,0
Zanite,2400,748,295,0.3944,0.28,1.4085,2436.27,5.6904,5.4675,0.0,0
Zanite,2600,434,147,0.3387,0.22,1.5396,2638.78,4.9972,4.4664,0.0,0
Zanite,2800,109,36,0.3303,0.16,2.0,2833.33,3.6109,3.379,0.0,0
Zanite,3000,78,22,0.2821,0.11,2.0,3050.0,3.1355,2.6973,0.0,0
Zanite,3200,54,9,0.1667,0.07,2.0,3222.22,2.3026,1.2366,0.0,0
Zheng_iii,1000,530,345,0.6509,0.85,0.7658,1066.96,5.8464,4.0605,0.1824,0
Zheng_iii,1200,465,323,0.6946,0.78,0.8905,1252.94,5.7807,5.0311,0.0774,0
Zheng_iii,800,845,693,0.8201,0.9,0.9112,817.6,6.5425,4.3869,0.0714,0
Zheng_iii,1400,517,336,0.6499,0.7,0.9284,1452.98,5.8201,5.4959,0.0459,0
Zheng_iii,1600,685,422,0.6161,0.6,1.0268,1650.0,6.0474,6.1471,0.0,0
Zheng_iii,1800,829,484,0.5838,0.5,1.1677,1852.69,6.1841,6.6892,0.0,0
Zheng_iii,2000,559,337,0.6029,0.42,1.4354,2056.38,5.823,7.2189,0.0,0
Zheng_iii,2200,496,305,0.6149,0.35,1.7569,2252.46,5.7236,7.9276,0.0,0
Zheng_iii,2400,703,365,0.5192,0.28,1.8543,2431.51,5.9026,7.4518,0.0,0
Zheng_iii,2600,397,199,0.5013,0.22,2.0,2634.67,5.2983,6.9972,0.0,0
Zheng_iii,2800,154,95,0.6169,0.16,2.0,2840.0,4.5643,7.9965,0.0,0
Zheng_iii,3000,121,72,0.595,0.11,2.0,3045.83,4.2905,7.776,0.0,0
Zheng_iii,3200,23,19,0.8261,0.07,2.0,3221.05,2.9957,7.9713,0.0,0
Zheng_iii,3400,25,9,0.36,0.04,2.0,3444.44,2.3026,2.8552,0.0,0
Zhou_Hang,1800,86,32,0.3721,0.5,0.7442,1846.88,3.4965,2.4028,0.127,1
Zhou_Hang,1000,59,43,0.7288,0.85,0.8574,1062.79,3.7842,2.9311,0.1037,0
Zhou_Hang,3400,4,0,0.0,0.04,0.0,3400.0,0.0,0.0,0.0644,0
Zhou_Hang,1200,50,36,0.72,0.78,0.9231,1263.89,3.6109,3.2859,0.0512,0
Zhou_Hang,800,64,56,0.875,0.9,0.9722,812.5,4.0431,2.8744,0.0207,0
Zhou_Hang,2000,60,24,0.4,0.42,0.9524,2050.0,3.2189,2.6395,0.0195,0
Zhou_Hang,1400,39,35,0.8974,0.7,1.2821,1425.71,3.5835,4.5851,0.0,0
Zhou_Hang,1600,55,49,0.8909,0.6,1.4848,1642.86,3.912,5.7258,0.0,0
Zhou_Hang,2200,70,44,0.6286,0.35,1.7959,2200.0,3.8067,5.2641,0.0,0
Zhou_Hang,2400,34,21,0.6176,0.28,2.0,2414.29,3.091,4.6093,0.0,0
Zhou_Hang,2600,52,19,0.3654,0.22,1.6608,2647.37,2.9957,2.8978,0.0,0
Zhou_Hang,2800,29,13,0.4483,0.16,2.0,2861.54,2.6391,3.3853,0.0,0
Zhou_Hang,3000,31,5,0.1613,0.11,1.4663,3000.0,1.7918,0.867,0.0,0
Zhou_Hang,3200,7,7,1.0,0.07,2.0,3300.0,2.0794,6.8622,0.0,0
Zhouershan,800,224,116,0.5179,0.9,0.5754,822.41,4.7622,2.0282,0.3592,1
Zhouershan,1200,194,81,0.4175,0.78,0.5353,1260.49,4.4067,2.3192,0.3535,1
Zhouershan,1000,144,72,0.5,0.85,0.5882,1051.39,4.2905,2.2555,0.3292,1
Zhouershan,1400,196,85,0.4337,0.7,0.6195,1452.94,4.4543,2.8067,0.258,1
Zhouershan,1800,520,165,0.3173,0.5,0.6346,1844.85,5.112,2.9925,0.187,1
Zhouershan,2000,897,243,0.2709,0.42,0.645,2058.44,5.4972,3.0654,0.1561,1
Zhouershan,1600,269,128,0.4758,0.6,0.7931,1670.31,4.8598,3.8626,0.1186,0
Zhouershan,2400,3019,810,0.2683,0.28,0.9582,2459.01,6.6983,4.4192,0.0122,0
Zhouershan,2200,900,317,0.3522,0.35,1.0063,2254.57,5.7621,4.5757,0.0,0
Zhouershan,2600,2283,508,0.2225,0.22,1.0114,2648.43,6.2324,3.6729,0.0,0
Zhouershan,2800,1382,260,0.1881,0.16,1.1758,2846.92,5.5645,2.9804,0.0,0
Zhouershan,3000,885,196,0.2215,0.11,2.0,3045.41,5.2832,3.5633,0.0,0
Zhouershan,3200,709,123,0.1735,0.07,2.0,3236.59,4.8203,2.7066,0.0,0
Zhouershan,3400,799,97,0.1214,0.04,2.0,3467.01,4.585,1.9298,0.0,0
Zicrus,1400,238,133,0.5588,0.7,0.7983,1454.89,4.8978,3.9821,0.1311,0
Zicrus,2200,493,120,0.2434,0.35,0.6955,2249.17,4.7958,2.6255,0.1141,1
Zicrus,1000,118,91,0.7712,0.85,0.9073,1067.03,4.5218,3.7209,0.0682,0
Zicrus,800,222,189,0.8514,0.9,0.9459,815.34,5.247,3.6422,0.0421,0
Zicrus,2000,428,165,0.3855,0.42,0.9179,2055.15,5.112,4.0502,0.0342,0
Zicrus,1200,155,117,0.7548,0.78,0.9677,1237.61,4.7707,4.4567,0.022,0
Zicrus,1600,218,141,0.6468,0.6,1.078,1654.61,4.9558,5.3036,0.0,0
Zicrus,1800,319,160,0.5016,0.5,1.0031,1865.62,5.0814,4.7549,0.0,0
Zicrus,2400,511,195,0.3816,0.28,1.3629,2447.18,5.2781,4.929,0.0,0
Zicrus,2600,255,71,0.2784,0.22,1.2656,2654.93,4.2767,3.1614,0.0,0
Zicrus,2800,337,60,0.178,0.16,1.1128,2850.0,4.1109,2.0859,0.0,0
Zicrus,3000,260,40,0.1538,0.11,1.3986,3040.0,3.7136,1.7368,0.0,0
Zicrus,3200,11,3,0.2727,0.07,2.0,3200.0,1.3863,1.2099,0.0,0
Zicrus,3400,22,3,0.1364,0.04,2.0,3500.0,1.3863,0.6616,0.0,0
Zzhuxia,1200,494,195,0.3947,0.78,0.5061,1246.67,5.2781,2.5974,0.3807,1
Zzhuxia,1600,725,227,0.3131,0.6,0.5218,1662.56,5.4293,2.8263,0.294,1
Zzhuxia,1400,474,191,0.403,0.7,0.5756,1446.07,5.2575,3.0635,0.2926,1
Zzhuxia,1800,1168,318,0.2723,0.5,0.5445,1860.69,5.7652,2.9206,0.2378,1
Zzhuxia,800,525,339,0.6457,0.9,0.7175,820.65,5.8289,3.0888,0.2333,1
Zzhuxia,1000,314,190,0.6051,0.85,0.7119,1052.63,5.2523,3.3454,0.2253,1
Zzhuxia,2000,1116,295,0.2643,0.42,0.6294,2035.59,5.6904,3.0619,0.1633,1
Zzhuxia,2200,669,223,0.3333,0.35,0.9524,2234.98,5.4116,4.0316,0.0169,0
Zzhuxia,2400,328,109,0.3323,0.28,1.1868,2422.02,4.7005,3.7833,0.0,0
Zzhuxia,2600,86,27,0.314,0.22,1.4271,2622.22,3.3322,2.7433,0.0,0
Zzhuxia,2800,2,2,1.0,0.16,2.0,2900.0,1.0986,3.186,0.0,0
_Diu_,1000,101,48,0.4752,0.85,0.5591,1062.5,3.8918,1.9652,0.3543,1
_Diu_,800,183,99,0.541,0.9,0.6011,814.14,4.6052,2.0283,0.334,1
_Diu_,1400,137,59,0.4307,0.7,0.6152,1435.59,4.0943,2.5313,0.2605,1
_Diu_,1600,265,101,0.3811,0.6,0.6352,1671.29,4.625,2.946,0.2173,1
_Diu_,1800,314,99,0.3153,0.5,0.6306,1847.47,4.6052,2.6824,0.1896,1
_Diu_,1200,170,99,0.5824,0.78,0.7466,1254.55,4.6052,3.3645,0.1813,1
_Diu_,2000,299,123,0.4114,0.42,0.9795,2059.35,4.8203,4.0835,0.0085,0
_Diu_,2200,258,130,0.5039,0.35,1.4396,2250.0,4.8752,5.5271,0.0,0
_Diu_,2400,579,199,0.3437,0.28,1.2275,2456.78,5.2983,4.4738,0.0,0
_Diu_,2600,462,185,0.4004,0.22,1.8201,2647.03,5.2257,5.5391,0.0,0
_Diu_,2800,345,133,0.3855,0.16,2.0,2857.14,4.8978,5.3947,0.0,0
_Diu_,3000,587,168,0.2862,0.11,2.0,3048.21,5.1299,4.4753,0.0,0
_Diu_,3200,722,142,0.1967,0.07,2.0,3252.11,4.9628,3.1743,0.0,0
_Diu_,3400,365,93,0.2548,0.04,2.0,3464.52,4.5433,4.0105,0.0,0
_LeMur_,1600,2228,1140,0.5117,0.6,0.8528,1654.65,7.0397,5.96,0.0847,0
_LeMur_,1400,1738,1093,0.6289,0.7,0.8984,1447.21,6.9976,6.3687,0.0663,0
_LeMur_,1000,985,766,0.7777,0.85,0.9149,1054.7,6.6425,5.4482,0.0652,0
_LeMur_,1200,1316,936,0.7112,0.78,0.9119,1248.61,6.8427,6.0768,0.063,0
_LeMur_,1800,2857,1249,0.4372,0.5,0.8743,1850.52,7.1309,5.7689,0.0615,0
_LeMur_,800,1336,1149,0.86,0.9,0.9556,824.54,7.0475,4.9976,0.0358,0
_LeMur_,2000,2683,1061,0.3955,0.42,0.9416,2047.79,6.9679,5.6426,0.0243,0
_LeMur_,2200,2633,861,0.327,0.35,0.9343,2249.48,6.7593,4.972,0.0233,0
_LeMur_,2600,1860,384,0.2065,0.22,0.9384,2641.93,5.9532,3.2471,0.0147,0
_LeMur_,2800,1284,204,0.1589,0.16,0.993,2832.84,5.323,2.3958,0.0013,0
_LeMur_,2400,4206,1191,0.2832,0.28,1.0113,2439.04,7.0834,4.8922,0.0,0
_LeMur_,3000,272,62,0.2279,0.11,2.0,3014.52,4.1431,2.8469,0.0,0
_LeMur_,3200,149,23,0.1544,0.07,2.0,3204.35,3.1781,1.572,0.0,0
_LeMur_,3400,28,8,0.2857,0.04,2.0,3450.0,2.1972,2.1658,0.0,0
_MCYYDS_,1400,24,10,0.4167,0.7,0.5952,1460.0,2.3979,1.4587,0.2684,1
_MCYYDS_,1600,48,22,0.4583,0.6,0.7639,1663.64,3.1355,2.3908,0.1333,0
_MCYYDS_,800,20,15,0.75,0.9,0.8333,800.0,2.7726,1.6636,0.1211,0
_MCYYDS_,1800,21,8,0.381,0.5,0.7619,1862.5,2.1972,1.559,0.1151,0
_MCYYDS_,1000,11,11,1.0,0.85,1.1765,1000.0,2.4849,2.4849,0.0,0
_MCYYDS_,1200,3,3,1.0,0.78,1.2821,1300.0,1.3863,1.8022,0.0,0
_MCYYDS_,2000,25,19,0.76,0.42,1.8095,2047.37,2.9957,4.6614,0.0,0
_MCYYDS_,2200,28,21,0.75,0.35,2.0,2238.1,3.091,5.1885,0.0,0
_MCYYDS_,2400,18,8,0.4444,0.28,1.5873,2462.5,2.1972,2.4047,0.0,0
_MCYYDS_,2600,15,9,0.6,0.22,2.0,2655.56,2.3026,3.6688,0.0,0
_MCYYDS_,3000,10,2,0.2,0.11,1.8182,3000.0,1.0986,0.6592,0.0,0
_Maikyou_,1000,121,76,0.6281,0.85,0.7389,1063.16,4.3438,2.9007,0.1995,1
_Maikyou_,800,168,132,0.7857,0.9,0.873,816.67,4.8903,3.138,0.0995,0
_Maikyou_,1200,89,64,0.7191,0.78,0.9219,1257.81,4.1744,3.7757,0.053,0
_Maikyou_,1400,76,60,0.7895,0.7,1.1278,1446.67,4.1109,4.6951,0.0,0
_Maikyou_,1600,87,62,0.7126,0.6,1.1877,1646.77,4.1431,4.8622,0.0,0
_Maikyou_,1800,72,50,0.6944,0.5,1.3889,1858.0,3.9318,5.0731,0.0,0
_Maikyou_,2000,44,27,0.6136,0.42,1.461,2070.37,3.3322,4.2334,0.0,0
_Maikyou_,2200,38,18,0.4737,0.35,1.3534,2227.78,2.9444,3.1072,0.0,0
_Maikyou_,2400,29,17,0.5862,0.28,2.0,2441.18,2.8904,4.1362,0.0,0
_Maikyou_,2600,10,5,0.5,0.22,2.0,2600.0,1.7918,2.3293,0.0,0
_______________________,1800,298,95,0.3188,0.5,0.6376,1836.84,4.5643,2.6727,0.1856,1
_______________________,1200,119,72,0.605,0.78,0.7757,1256.94,4.2905,3.2629,0.1583,0
_______________________,2200,113,24,0.2124,0.35,0.6068,2262.5,3.2189,1.5468,0.1545,1
_______________________,800,188,156,0.8298,0.9,0.922,818.59,5.0562,3.4345,0.0608,0
_______________________,1600,114,61,0.5351,0.6,0.8918,1644.26,4.1271,3.6312,0.0601,0
_______________________,2000,174,64,0.3678,0.42,0.8758,2059.38,4.1744,3.162,0.0521,0
_______________________,1400,177,117,0.661,0.7,0.9443,1463.25,4.7707,4.6144,0.035,0
_______________________,1000,105,85,0.8095,0.85,0.9524,1061.18,4.4543,3.8265,0.0346,0
_______________________,2400,17,14,0.8235,0.28,2.0,2450.0,2.7081,5.4639,0.0,0
_______________________,2600,16,4,0.25,0.22,1.1364,2700.0,1.6094,1.0864,0.0,0
__baozii__,1200,574,389,0.6777,0.78,0.8688,1259.38,5.9661,5.092,0.0933,0
__baozii__,1400,723,445,0.6155,0.7,0.8793,1453.71,6.1003,5.4582,0.0784,0
__baozii__,1800,1439,621,0.4315,0.5,0.8631,1855.56,6.4329,5.1513,0.067,0
__baozii__,800,699,587,0.8398,0.9,0.9331,815.33,6.3767,4.3661,0.0535,0
__baozii__,1000,404,322,0.797,0.85,0.9377,1056.21,5.7777,4.8638,0.0469,0
__baozii__,2000,2051,787,0.3837,0.42,0.9136,2049.81,6.6695,5.2458,0.0361,0
__baozii__,1600,857,491,0.5729,0.6,0.9549,1654.58,6.1985,5.8759,0.0254,0
__baozii__,2200,1949,690,0.354,0.35,1.0115,2243.19,6.5381,5.1923,0.0,0
__baozii__,2400,1956,727,0.3717,0.28,1.3274,2449.79,6.5903,6.0007,0.0,0
__baozii__,2600,691,239,0.3459,0.22,1.5722,2634.31,5.4806,4.9936,0.0,0
__baozii__,2800,243,106,0.4362,0.16,2.0,2833.96,4.6728,5.7766,0.0,0
__baozii__,3000,189,63,0.3333,0.11,2.0,3038.1,4.1589,4.2117,0.0,0
__baozii__,3200,195,30,0.1538,0.07,2.0,3243.33,3.434,1.7135,0.0,0
__baozii__,3400,65,11,0.1692,0.04,2.0,3409.09,2.4849,1.4336,0.0,0
__jk__,1200,1187,610,0.5139,0.78,0.6588,1244.92,6.4151,4.1041,0.2541,1
__jk__,1000,878,548,0.6241,0.85,0.7343,1062.04,6.3081,4.1815,0.2095,1
__jk__,800,1632,1113,0.682,0.9,0.7578,823.54,7.0157,3.9403,0.2012,0
__jk__,1400,1410,750,0.5319,0.7,0.7599,1451.2,6.6214,5.1112,0.1599,0
__jk__,1600,1563,705,0.4511,0.6,0.7518,1656.45,6.5596,4.901,0.1449,0
__jk__,1800,1476,630,0.4268,0.5,0.8537,1844.76,6.4473,5.0766,0.0717,0
__jk__,2000,1385,556,0.4014,0.42,0.9558,2038.85,6.3226,5.1749,0.0183,0
__jk__,2200,995,354,0.3558,0.35,1.0165,2245.76,5.8721,4.6918,0.0,0
__jk__,2400,927,345,0.3722,0.28,1.3292,2448.7,5.8464,5.328,0.0,0
__jk__,2600,452,125,0.2765,0.22,1.257,2624.8,4.8363,3.5106,0.0,0
__jk__,2800,213,60,0.2817,0.16,1.7606,2835.0,4.1109,3.2829,0.0,0
__jk__,3000,169,23,0.1361,0.11,1.2372,3000.0,3.1781,1.2975,0.0,0
__jk__,3200,102,8,0.0784,0.07,1.1204,3250.0,2.1972,0.5601,0.0,0
__yingbao,1600,53,17,0.3208,0.6,0.5346,1635.29,2.8904,1.5161,0.2863,1
__yingbao,2200,78,25,0.3205,0.35,0.9158,2280.0,3.2581,2.3809,0.0303,0
__yingbao,2400,31,8,0.2581,0.28,0.9217,2462.5,2.1972,1.3963,0.0238,0
__yingbao,1000,36,30,0.8333,0.85,0.9804,1060.0,3.434,3.0334,0.0136,0
__yingbao,800,45,40,0.8889,0.9,0.9877,825.0,3.7136,2.7233,0.009,0
__yingbao,1200,30,25,0.8333,0.78,1.0684,1268.0,3.2581,3.4427,0.0,0
__yingbao,1400,35,26,0.7429,0.7,1.0612,1473.08,3.2958,3.6066,0.0,0
__yingbao,1800,47,26,0.5532,0.5,1.1064,1842.31,3.2958,3.3589,0.0,0
__yingbao,2000,48,22,0.4583,0.42,1.0913,2050.0,3.1355,2.9461,0.0,0
__yingbao,2600,26,7,0.2692,0.22,1.2238,2600.0,2.0794,1.4556,0.0,0
_annhien_ruby22,1600,78,33,0.4231,0.6,0.7051,1645.45,3.5264,2.4549,0.1708,1
_annhien_ruby22,3000,413,11,0.0266,0.11,0.2421,3000.0,2.4849,0.1986,0.1442,1
_annhien_ruby22,1400,61,34,0.5574,0.7,0.7963,1432.35,3.5553,2.8385,0.1292,0
_annhien_ruby22,2400,134,26,0.194,0.28,0.693,2434.62,3.2958,1.5569,0.0982,1
_annhien_ruby22,1000,49,38,0.7755,0.85,0.9124,1057.89,3.6636,3.0056,0.0625,0
_annhien_ruby22,1200,49,36,0.7347,0.78,0.9419,1277.78,3.6109,3.3898,0.0384,0
_annhien_ruby22,800,65,56,0.8615,0.9,0.9573,816.07,4.0431,2.8426,0.032,0
_annhien_ruby22,1800,53,50,0.9434,0.5,1.8868,1834.0,3.9318,6.8028,0.0,0
_annhien_ruby22,2000,90,48,0.5333,0.42,1.2698,2054.17,3.8918,4.2637,0.0,0
_annhien_ruby22,2200,218,89,0.4083,0.35,1.1664,2249.44,4.4998,4.1324,0.0,0
_annhien_ruby22,2600,34,28,0.8235,0.22,2.0,2646.43,3.3673,7.3387,0.0,0
_annhien_ruby22,2800,30,15,0.5,0.16,2.0,2880.0,2.7726,3.9925,0.0,0
_annhien_ruby22,3200,3,3,1.0,0.07,2.0,3300.0,1.3863,4.5748,0.0,0
_annhien_ruby22,3400,4,1,0.25,0.04,2.0,3500.0,0.6931,0.6065,0.0,0
_duskTempest,1000,800,318,0.3975,0.85,0.4676,1041.82,5.7652,2.3875,0.4472,1
_duskTempest,800,1079,616,0.5709,0.9,0.6343,811.04,6.4249,2.9749,0.3096,1
_duskTempest,1200,500,261,0.522,0.78,0.6692,1246.36,5.5683,3.6228,0.2442,1
_duskTempest,2800,87,3,0.0345,0.16,0.2155,2800.0,1.3863,0.1338,0.2355,1
_duskTempest,1400,404,210,0.5198,0.7,0.7426,1455.71,5.3519,4.0497,0.1703,1
_duskTempest,2400,245,62,0.2531,0.28,0.9038,2464.52,4.1431,2.584,0.0288,0
_duskTempest,1600,419,245,0.5847,0.6,0.9745,1638.37,5.5053,5.2741,0.0142,0
_duskTempest,2000,406,170,0.4187,0.42,0.997,2040.0,5.1417,4.3919,0.0013,0
_duskTempest,1800,440,223,0.5068,0.5,1.0136,1857.4,5.4116,5.0943,0.0,0
_duskTempest,2200,270,123,0.4556,0.35,1.3016,2259.35,4.8203,4.9613,0.0,0
_duskTempest,2600,22,9,0.4091,0.22,1.8595,2600.0,2.3026,2.4491,0.0,0
_duskTempest,3000,21,3,0.1429,0.11,1.2987,3000.0,1.3863,0.5941,0.0,0
_duskTempest,3400,6,2,0.3333,0.04,2.0,3500.0,1.0986,1.2817,0.0,0
_dusktrail,1000,21,14,0.6667,0.85,0.7843,1078.57,2.7081,1.9472,0.1528,0
_dusktrail,1600,49,23,0.4694,0.6,0.7823,1643.48,3.1781,2.4516,0.1223,0
_dusktrail,3400,4,0,0.0,0.04,0.0,3400.0,0.0,0.0,0.0644,0
_dusktrail,800,21,21,1.0,0.9,1.1111,828.57,3.091,2.5611,0.0,0
_dusktrail,1200,22,19,0.8636,0.78,1.1072,1242.11,2.9957,3.2136,0.0,0
_dusktrail,1400,42,36,0.8571,0.7,1.2245,1447.22,3.6109,4.4793,0.0,0
_dusktrail,1800,95,60,0.6316,0.5,1.2632,1846.67,4.1109,4.7946,0.0,0
_dusktrail,2000,88,40,0.4545,0.42,1.0823,2047.5,3.7136,3.4562,0.0,0
_dusktrail,2200,76,60,0.7895,0.35,2.0,2223.33,4.1109,7.2157,0.0,0
_dusktrail,2400,106,85,0.8019,0.28,2.0,2451.76,4.4543,8.7574,0.0,0
_dusktrail,2600,56,35,0.625,0.22,2.0,2614.29,3.5835,5.8552,0.0,0
_dusktrail,2800,20,9,0.45,0.16,2.0,2833.33,2.3026,2.9358,0.0,0
_dusktrail,3000,10,2,0.2,0.11,1.8182,3100.0,1.0986,0.6811,0.0,0
_luqyou_,1000,493,254,0.5152,0.85,0.6061,1055.51,5.5413,3.0134,0.3175,1
_luqyou_,1400,513,217,0.423,0.7,0.6043,1441.01,5.3845,3.2821,0.2708,1
_luqyou_,1200,475,243,0.5116,0.78,0.6559,1249.79,5.4972,3.5147,0.2547,1
_luqyou_,800,720,480,0.6667,0.9,0.7407,816.46,6.1759,3.3616,0.214,1
_luqyou_,1600,637,263,0.4129,0.6,0.6881,1653.99,5.5759,3.8078,0.1838,1
_luqyou_,1800,1071,371,0.3464,0.5,0.6928,1854.45,5.9189,3.8022,0.1549,1
_luqyou_,2000,1035,310,0.2995,0.42,0.7131,2053.23,5.7398,3.5298,0.1241,1
_luqyou_,2200,1068,353,0.3305,0.35,0.9444,2249.29,5.8693,4.3635,0.0198,0
_luqyou_,2400,1090,401,0.3679,0.28,1.3139,2451.12,5.9965,5.4073,0.0,0
_luqyou_,2600,558,158,0.2832,0.22,1.2871,2637.34,5.0689,3.7853,0.0,0
_luqyou_,2800,267,80,0.2996,0.16,1.8727,2812.5,4.3944,3.7032,0.0,0
_luqyou_,3000,129,61,0.4729,0.11,2.0,3063.93,4.1271,5.9795,0.0,0
_luqyou_,3200,92,26,0.2826,0.07,2.0,3257.69,3.2958,3.0343,0.0,0
_luqyou_,3400,91,8,0.0879,0.04,2.0,3475.0,2.1972,0.6712,0.0,0
_paper_,1200,130,53,0.4077,0.78,0.5227,1267.92,3.989,2.062,0.3638,1
_paper_,1800,256,81,0.3164,0.5,0.6328,1854.32,4.4067,2.5855,0.1884,1
_paper_,1600,199,88,0.4422,0.6,0.737,1655.68,4.4886,3.2864,0.1523,1
_paper_,800,69,52,0.7536,0.9,0.8374,815.38,3.9703,2.4397,0.1251,0
_paper_,2200,555,130,0.2342,0.35,0.6692,2253.85,4.8752,2.5738,0.1245,1
_paper_,1400,92,54,0.587,0.7,0.8385,1457.41,4.0073,3.428,0.1023,0
_paper_,2000,280,94,0.3357,0.42,0.7993,2032.98,4.5539,3.108,0.0856,0
_paper_,2400,494,124,0.251,0.28,0.8965,2444.35,4.8283,2.9625,0.0309,0
_paper_,1000,22,22,1.0,0.85,1.1765,1063.64,3.1355,3.335,0.0,0
_paper_,2600,399,107,0.2682,0.22,1.219,2643.93,4.6821,3.3197,0.0,0
_paper_,2800,432,114,0.2639,0.16,1.6493,2825.44,4.7449,3.5378,0.0,0
_paper_,3000,362,87,0.2403,0.11,2.0,3018.39,4.4773,3.2479,0.0,0
_paper_,3200,359,34,0.0947,0.07,1.353,3255.88,3.5553,1.0963,0.0,0
_paper_,3400,148,29,0.1959,0.04,2.0,3455.17,3.4012,2.3027,0.0,0
_themezzala,2400,12,0,0.0,0.28,0.0,2400.0,0.0,0.0,0.7182,0
_themezzala,1600,156,61,0.391,0.6,0.6517,1663.93,4.1271,2.6853,0.2061,1
_themezzala,1200,120,75,0.625,0.78,0.8013,1250.67,4.3307,3.3852,0.1394,0
_themezzala,1800,143,56,0.3916,0.5,0.7832,1848.21,4.0431,2.9263,0.1068,0
_themezzala,2000,165,62,0.3758,0.42,0.8947,2046.77,4.1431,3.1864,0.044,0
_themezzala,800,104,93,0.8942,0.9,0.9936,813.98,4.5433,3.307,0.0048,0
_themezzala,1000,52,47,0.9038,0.85,1.0633,1074.47,3.8712,3.7595,0.0,0
_themezzala,1400,78,57,0.7308,0.7,1.044,1433.33,4.0604,4.2531,0.0,0
_themezzala,2200,74,35,0.473,0.35,1.3514,2280.0,3.5835,3.8644,0.0,0
aaa_Pigeon2,1000,55,41,0.7455,0.85,0.877,1056.1,3.7377,2.9426,0.0888,0
aaa_Pigeon2,1400,36,24,0.6667,0.7,0.9524,1445.83,3.2189,3.1026,0.0285,0
aaa_Pigeon2,1200,60,45,0.75,0.78,0.9615,1266.67,3.8286,3.6372,0.0255,0
aaa_Pigeon2,800,41,39,0.9512,0.9,1.0569,820.51,3.6889,2.8791,0.0,0
aaa_Pigeon2,1600,36,27,0.75,0.6,1.25,1674.07,3.3322,4.1838,0.0,0
aaa_Pigeon2,1800,72,57,0.7917,0.5,1.5833,1843.86,4.0604,5.9271,0.0,0
aaa_Pigeon2,2000,77,59,0.7662,0.42,1.8244,2049.15,4.0943,6.4287,0.0,0
aaa_Pigeon2,2200,182,106,0.5824,0.35,1.6641,2252.83,4.6728,6.1312,0.0,0
aaa_Pigeon2,2400,132,57,0.4318,0.28,1.5422,2440.35,4.0604,4.2788,0.0,0
aaa_Pigeon2,2600,49,39,0.7959,0.22,2.0,2635.9,3.6889,7.7391,0.0,0
aaa_Pigeon2,2800,87,42,0.4828,0.16,2.0,2833.33,3.7612,5.1446,0.0,0
aaa_Pigeon2,3000,66,30,0.4545,0.11,2.0,3013.33,3.434,4.7035,0.0,0
aaa_Pigeon2,3200,12,8,0.6667,0.07,2.0,3225.0,2.1972,4.724,0.0,0
aash8a9,2600,7,0,0.0,0.22,0.0,2600.0,0.0,0.0,0.4575,0
aash8a9,1000,465,259,0.557,0.85,0.6553,1062.16,5.5607,3.2898,0.2744,1
aash8a9,1400,638,290,0.4545,0.7,0.6494,1455.86,5.6733,3.7544,0.2376,1
aash8a9,1200,684,370,0.5409,0.78,0.6935,1254.05,5.9162,4.0133,0.2257,1
aash8a9,2400,231,25,0.1082,0.28,0.3865,2460.0,3.2581,0.8674,0.2197,1
aash8a9,1800,1041,315,0.3026,0.5,0.6052,1848.89,5.7557,3.2201,0.2031,1
aash8a9,1600,660,292,0.4424,0.6,0.7374,1668.84,5.6802,4.1939,0.1532,1
aash8a9,2000,855,260,0.3041,0.42,0.724,2030.77,5.5645,3.4363,0.1192,1
aash8a9,800,578,457,0.7907,0.9,0.8785,817.51,6.1269,3.9602,0.0976,0
aash8a9,2200,379,120,0.3166,0.35,0.9046,2211.67,4.7958,3.3583,0.0342,0
aash8a9,2800,1,1,1.0,0.16,2.0,2900.0,0.6931,2.0101,0.0,0
aash8a9,3400,2,2,1.0,0.04,2.0,3500.0,1.0986,3.8451,0.0,0
aastik231205,1000,626,335,0.5351,0.85,0.6296,1058.21,5.8171,3.2942,0.2975,1
aastik231205,1200,872,430,0.4931,0.78,0.6322,1250.23,6.0661,3.7398,0.2749,1
aastik231205,800,994,695,0.6992,0.9,0.7769,815.97,6.5453,3.7343,0.1837,0
aastik231205,1400,879,483,0.5495,0.7,0.785,1453.83,6.1821,4.9386,0.1421,0
aastik231205,2000,1570,502,0.3197,0.42,0.7613,2052.39,6.2206,4.0822,0.1022,0
aastik231205,1600,1111,549,0.4941,0.6,0.8236,1660.29,6.3099,5.1769,0.1016,0
aastik231205,1800,1544,625,0.4048,0.5,0.8096,1864.32,6.4394,4.8595,0.094,0
aastik231205,2400,828,168,0.2029,0.28,0.7246,2454.17,5.1299,2.5544,0.0845,1
aastik231205,2800,37,4,0.1081,0.16,0.6757,2800.0,1.6094,0.4872,0.0723,1
aastik231205,2600,168,27,0.1607,0.22,0.7305,2622.22,3.3322,1.4043,0.0702,1
aastik231205,3000,41,3,0.0732,0.11,0.6652,3000.0,1.3863,0.3043,0.0577,1
aastik231205,3400,3,0,0.0,0.04,0.0,3400.0,0.0,0.0,0.0555,0
aastik231205,2200,960,302,0.3146,0.35,0.8988,2241.72,5.7137,4.0294,0.0362,0
activedeltorre,3200,35,0,0.0,0.07,0.0,3200.0,0.0,0.0,0.2508,1
activedeltorre,2400,337,45,0.1335,0.28,0.4769,2453.33,3.8286,1.2542,0.1766,1
activedeltorre,2600,92,10,0.1087,0.22,0.4941,2630.0,2.3979,0.6855,0.1485,1
activedeltorre,800,57,49,0.8596,0.9,0.9552,822.45,3.912,2.7659,0.0334,0
activedeltorre,1000,32,26,0.8125,0.85,0.9559,1069.23,3.2958,2.8633,0.0305,0
activedeltorre,1600,89,51,0.573,0.6,0.9551,1650.98,3.9512,3.7381,0.0245,0
activedeltorre,1800,128,63,0.4922,0.5,0.9844,1873.02,4.1589,3.834,0.0074,0
activedeltorre,1200,29,25,0.8621,0.78,1.1052,1216.0,3.2581,3.4154,0.0,0
activedeltorre,1400,66,51,0.7727,0.7,1.1039,1456.86,3.9512,4.4481,0.0,0
activedeltorre,2000,86,42,0.4884,0.42,1.1628,2059.52,3.7612,3.7831,0.0,0
activedeltorre,2200,109,59,0.5413,0.35,1.5465,2233.9,4.0943,4.9508,0.0,0
activedeltorre,2800,25,13,0.52,0.16,2.0,2853.85,2.6391,3.9164,0.0,0
adam.jq.xu,1200,197,105,0.533,0.78,0.6833,1257.14,4.6634,3.1247,0.2306,1
adam.jq.xu,1000,129,79,0.6124,0.85,0.7205,1054.43,4.382,2.8296,0.2149,1
adam.jq.xu,1400,172,104,0.6047,0.7,0.8638,1471.15,4.654,4.1399,0.0869,0
adam.jq.xu,800,199,164,0.8241,0.9,0.9157,823.17,5.1059,3.4638,0.0658,0
adam.jq.xu,2000,388,149,0.384,0.42,0.9143,2044.97,5.0106,3.9349,0.0357,0
adam.jq.xu,1600,275,158,0.5745,0.6,0.9576,1651.9,5.0689,4.8109,0.0236,0
adam.jq.xu,1800,357,176,0.493,0.5,0.986,1856.25,5.1761,4.7368,0.0067,0
adam.jq.xu,2200,431,213,0.4942,0.35,1.412,2255.4,5.366,5.981,0.0,0
adam.jq.xu,2400,603,241,0.3997,0.28,1.4274,2455.19,5.4889,5.3861,0.0,0
adam.jq.xu,2600,821,308,0.3752,0.22,1.7052,2649.35,5.7333,5.6984,0.0,0
adam.jq.xu,2800,719,253,0.3519,0.16,2.0,2839.13,5.5373,5.5319,0.0,0
adam.jq.xu,3000,256,78,0.3047,0.11,2.0,3014.1,4.3694,4.0127,0.0,0
adam.jq.xu,3200,135,40,0.2963,0.07,2.0,3252.5,3.7136,3.5788,0.0,0
adam.jq.xu,3400,31,15,0.4839,0.04,2.0,3466.67,2.7726,4.6508,0.0,0
aditya2005,1000,128,71,0.5547,0.85,0.6526,1057.75,4.2767,2.5092,0.272,1
aditya2005,1200,216,126,0.5833,0.78,0.7479,1262.7,4.8442,3.5681,0.181,1
aditya2005,800,184,129,0.7011,0.9,0.779,813.18,4.8675,2.775,0.177,0
aditya2005,1400,366,253,0.6913,0.7,0.9875,1456.52,5.5373,5.5752,0.0079,0
aditya2005,1600,431,329,0.7633,0.6,1.2722,1643.16,5.7991,7.2738,0.0,0
aditya2005,1800,398,238,0.598,0.5,1.196,1850.84,5.4765,6.0613,0.0,0
aditya2005,2000,501,245,0.489,0.42,1.1643,2047.35,5.5053,5.5119,0.0,0
aditya2005,2200,374,193,0.516,0.35,1.4744,2258.55,5.2679,6.1397,0.0,0
aditya2005,2400,353,157,0.4448,0.28,1.5884,2437.58,5.0626,5.4885,0.0,0
aditya2005,2600,145,57,0.3931,0.22,1.7868,2631.58,4.0604,4.2005,0.0,0
aditya2005,2800,4,4,1.0,0.16,2.0,2800.0,1.6094,4.5064,0.0,0
aditya2005,3000,6,3,0.5,0.11,2.0,3100.0,1.3863,2.1488,0.0,0
aditya2005,3400,2,2,1.0,0.04,2.0,3500.0,1.0986,3.8451,0.0,0
ahmedalaa22,1200,2457,837,0.3407,0.78,0.4367,1252.33,6.731,2.8716,0.4437,1
ahmedalaa22,1000,1922,791,0.4116,0.85,0.4842,1061.44,6.6746,2.9157,0.432,1
ahmedalaa22,1400,2815,881,0.313,0.7,0.4471,1454.14,6.7822,3.0866,0.395,1
ahmedalaa22,1600,4144,1157,0.2792,0.6,0.4653,1652.9,7.0544,3.2555,0.3318,1
ahmedalaa22,3000,10,0,0.0,0.11,0.0,3000.0,0.0,0.0,0.2638,0
ahmedalaa22,1800,4484,1163,0.2594,0.5,0.5187,1849.1,7.0596,3.3858,0.251,1
ahmedalaa22,2000,3225,728,0.2257,0.42,0.5375,2036.26,6.5917,3.0299,0.2067,1
ahmedalaa22,800,1890,1305,0.6905,0.9,0.7672,817.85,7.1747,4.0516,0.1934,0
ahmedalaa22,2200,2819,591,0.2096,0.35,0.599,2238.41,6.3835,2.9957,0.151,1
ahmedalaa22,2600,503,56,0.1113,0.22,0.5061,2626.79,4.0431,1.1824,0.1341,1
ahmedalaa22,2400,1342,240,0.1788,0.28,0.6387,2432.92,5.4848,2.3864,0.1124,1
ahmedalaa22,3400,2,0,0.0,0.04,0.0,3400.0,0.0,0.0,0.0439,0
ahmedalaa22,2800,118,26,0.2203,0.16,1.3771,2819.23,3.2958,2.0473,0.0,0
ahsoltan,1200,612,408,0.6667,0.78,0.8547,1247.79,6.0137,5.0026,0.1037,0
ahsoltan,1000,435,321,0.7379,0.85,0.8682,1062.31,5.7746,4.5267,0.1005,0
ahsoltan,800,810,655,0.8086,0.9,0.8985,817.56,6.4862,4.2881,0.0817,0
ahsoltan,1400,615,385,0.626,0.7,0.8943,1437.66,5.9558,5.3603,0.0683,0
ahsoltan,1800,1621,741,0.4571,0.5,0.9143,1856.55,6.6093,5.6092,0.0416,0
ahsoltan,2000,2054,778,0.3788,0.42,0.9018,2048.33,6.658,5.1656,0.0411,0
ahsoltan,1600,927,527,0.5685,0.6,0.9475,1662.81,6.2691,5.9262,0.0296,0
ahsoltan,2200,1942,833,0.4289,0.35,1.2255,2256.06,6.7262,6.5091,0.0,0
ahsoltan,2400,2271,796,0.3505,0.28,1.2518,2443.22,6.6809,5.7212,0.0,0
ahsoltan,2600,974,364,0.3737,0.22,1.6987,2640.66,5.8999,5.8224,0.0,0
ahsoltan,2800,539,199,0.3692,0.16,2.0,2844.72,5.2983,5.5647,0.0,0
ahsoltan,3000,153,59,0.3856,0.11,2.0,3052.54,4.0943,4.8196,0.0,0
ahsoltan,3200,27,10,0.3704,0.07,2.0,3220.0,2.3979,2.8597,0.0,0
ahsoltan,3400,2,1,0.5,0.04,2.0,3400.0,0.6931,1.1784,0.0,0
ahyeon,1400,1296,409,0.3156,0.7,0.4508,1439.85,6.0162,2.7337,0.3927,1
ahyeon,1000,547,308,0.5631,0.85,0.6624,1055.52,5.7333,3.4075,0.2687,1
ahyeon,3200,34,0,0.0,0.07,0.0,3200.0,0.0,0.0,0.2489,1
ahyeon,1200,792,411,0.5189,0.78,0.6653,1255.72,6.021,3.9235,0.2482,1
ahyeon,800,1000,657,0.657,0.9,0.73,815.53,6.4892,3.4769,0.2242,1
ahyeon,1800,1229,390,0.3173,0.5,0.6347,1858.21,5.9687,3.5195,0.1865,1
ahyeon,1600,1031,455,0.4413,0.6,0.7355,1661.1,6.1225,4.4882,0.1546,1
ahyeon,2000,1239,406,0.3277,0.42,0.7802,2054.68,6.0088,4.0456,0.0938,0
ahyeon,2600,535,83,0.1551,0.22,0.7052,2628.92,4.4308,1.8071,0.0751,1
ahyeon,2200,960,276,0.2875,0.35,0.8214,2253.62,5.624,3.6439,0.0648,0
ahyeon,2400,794,202,0.2544,0.28,0.9086,2444.55,5.3132,3.3044,0.0271,0
ahyeon,2800,155,23,0.1484,0.16,0.9274,2839.13,3.1781,1.3389,0.014,0
ahyeon,3000,137,14,0.1022,0.11,0.929,3064.29,2.7081,0.848,0.0104,0
ahyeon,3400,5,1,0.2,0.04,2.0,3400.0,0.6931,0.4713,0.0,0
ainta,800,335,295,0.8806,0.9,0.9784,823.73,5.6904,4.1276,0.0169,0
ainta,1200,421,325,0.772,0.78,0.9897,1252.0,5.7869,5.5931,0.0072,0
ainta,1000,234,204,0.8718,0.85,1.0256,1053.92,5.323,4.8908,0.0,0
ainta,1400,633,470,0.7425,0.7,1.0607,1450.64,6.1549,6.6294,0.0,0
ainta,1600,902,575,0.6375,0.6,1.0625,1650.43,6.3561,6.6873,0.0,0
ainta,1800,1298,685,0.5277,0.5,1.0555,1856.35,6.5309,6.398,0.0,0
ainta,2000,1210,653,0.5397,0.42,1.2849,2051.3,6.4831,7.177,0.0,0
ainta,2200,1289,621,0.4818,0.35,1.3765,2249.28,6.4329,6.9709,0.0,0
ainta,2400,1641,680,0.4144,0.28,1.4799,2446.18,6.5236,6.6126,0.0,0
ainta,2600,1592,461,0.2896,0.22,1.3162,2646.85,6.1356,4.7026,0.0,0
ainta,2800,1221,407,0.3333,0.16,2.0,2839.8,6.0113,5.6903,0.0,0
ainta,3000,1211,240,0.1982,0.11,1.8017,3040.0,5.4848,3.3045,0.0,0
ainta,3200,835,170,0.2036,0.07,2.0,3248.82,5.1417,3.4009,0.0,0
ainta,3400,616,83,0.1347,0.04,2.0,3459.04,4.4308,2.0651,0.0,0
akl9,1400,205,123,0.6,0.7,0.8571,1461.79,4.8203,4.2277,0.0915,0
akl9,1600,338,171,0.5059,0.6,0.8432,1666.08,5.1475,4.3388,0.0892,0
akl9,800,202,164,0.8119,0.9,0.9021,810.98,5.1059,3.3618,0.0767,0
akl9,1200,182,129,0.7088,0.78,0.9087,1251.94,4.8675,4.3193,0.0632,0
akl9,1800,324,141,0.4352,0.5,0.8704,1843.26,4.9558,3.9754,0.0629,0
akl9,1000,130,110,0.8462,0.85,0.9955,1067.27,4.7095,4.2531,0.0033,0
akl9,2000,366,184,0.5027,0.42,1.197,2053.26,5.2204,5.3887,0.0,0
akl9,2200,303,127,0.4191,0.35,1.1975,2235.43,4.852,4.5462,0.0,0
akl9,2400,176,81,0.4602,0.28,1.6437,2455.56,4.4067,4.9801,0.0,0
akl9,2600,9,7,0.7778,0.22,2.0,2600.0,2.0794,4.2051,0.0,0
akl9,2800,9,3,0.3333,0.16,2.0,2900.0,1.3863,1.3401,0.0,0
akl9,3000,19,7,0.3684,0.11,2.0,3057.14,2.0794,2.3421,0.0,0
akl9,3200,6,6,1.0,0.07,2.0,3200.0,1.9459,6.2269,0.0,0
akramnasiri73,2400,43,4,0.093,0.28,0.3322,2400.0,1.6094,0.3593,0.2712,1
akramnasiri73,1200,41,21,0.5122,0.78,0.6567,1233.33,3.091,1.9526,0.2447,1
akramnasiri73,800,55,36,0.6545,0.9,0.7273,802.78,3.6109,1.8974,0.2143,1
akramnasiri73,1800,44,19,0.4318,0.5,0.8636,1868.42,2.9957,2.417,0.065,0
akramnasiri73,1000,17,15,0.8824,0.85,1.0381,1046.67,2.7726,2.5606,0.0,0
akramnasiri73,1400,18,18,1.0,0.7,1.4286,1400.0,2.9444,4.1222,0.0,0
akramnasiri73,1600,13,11,0.8462,0.6,1.4103,1700.0,2.4849,3.5744,0.0,0
akramnasiri73,2000,18,12,0.6667,0.42,1.5873,2025.0,2.5649,3.4627,0.0,0
akramnasiri73,2200,38,17,0.4474,0.35,1.2782,2200.0,2.8904,2.8447,0.0,0
akramnasiri73,2600,9,3,0.3333,0.22,1.5152,2700.0,1.3863,1.2477,0.0,0
al3xstr33t,3400,24,0,0.0,0.04,0.0,3400.0,0.0,0.0,0.1288,1
al3xstr33t,1200,108,72,0.6667,0.78,0.8547,1230.56,4.2905,3.5198,0.1005,0
al3xstr33t,800,120,99,0.825,0.9,0.9167,825.25,4.6052,3.1354,0.0642,0
al3xstr33t,1000,59,50,0.8475,0.85,0.997,1052.0,3.9318,3.5053,0.0021,0
al3xstr33t,1400,120,92,0.7667,0.7,1.0952,1448.91,4.5326,5.035,0.0,0
al3xstr33t,1600,103,81,0.7864,0.6,1.3107,1681.48,4.4067,5.8271,0.0,0
al3xstr33t,1800,202,120,0.5941,0.5,1.1881,1867.5,4.7958,5.3205,0.0,0
al3xstr33t,2000,206,100,0.4854,0.42,1.1558,2045.0,4.6151,4.5815,0.0,0
al3xstr33t,2200,157,95,0.6051,0.35,1.7288,2257.89,4.5643,6.236,0.0,0
al3xstr33t,2400,229,97,0.4236,0.28,1.5128,2449.48,4.585,4.7572,0.0,0
al3xstr33t,2600,133,58,0.4361,0.22,1.9822,2618.97,4.0775,4.657,0.0,0
al3xstr33t,2800,39,16,0.4103,0.16,2.0,2800.0,2.8332,3.2546,0.0,0
al3xstr33t,3000,84,10,0.119,0.11,1.0823,3060.0,2.3979,0.8735,0.0,0
albertbogdanovalbert,1400,73,15,0.2055,0.7,0.2935,1480.0,2.7726,0.8432,0.5642,1
albertbogdanovalbert,1200,230,61,0.2652,0.78,0.34,1229.51,4.1271,1.3458,0.5464,1
albertbogdanovalbert,1000,94,38,0.4043,0.85,0.4756,1036.84,3.6636,1.5356,0.4353,1
albertbogdanovalbert,800,174,84,0.4828,0.9,0.5364,805.95,4.4427,1.7285,0.3959,1
albertbogdanovalbert,1600,8,2,0.25,0.6,0.4167,1600.0,1.0986,0.4394,0.3664,0
albertbogdanovalbert,2400,36,4,0.1111,0.28,0.3968,2400.0,1.6094,0.4292,0.2337,1
albertbogdanovalbert,1800,26,11,0.4231,0.5,0.8462,1854.55,2.4849,1.9497,0.0727,0
albertbogdanovalbert,2000,13,9,0.6923,0.42,1.6484,2033.33,2.3026,3.2413,0.0,0
albertbogdanovalbert,2200,12,12,1.0,0.35,2.0,2266.67,2.5649,5.8139,0.0,0
albertbogdanovalbert,2600,22,5,0.2273,0.22,1.0331,2700.0,1.7918,1.0995,0.0,0
alexlikemath007,1400,301,187,0.6213,0.7,0.8875,1442.78,5.2364,4.6937,0.0721,0
alexlikemath007,1000,270,208,0.7704,0.85,0.9063,1040.87,5.3423,4.2838,0.0703,0
alexlikemath007,1200,306,218,0.7124,0.78,0.9134,1249.54,5.3891,4.7973,0.0606,0
alexlikemath007,800,859,746,0.8685,0.9,0.9649,815.95,6.6161,4.6882,0.028,0
alexlikemath007,1800,689,333,0.4833,0.5,0.9666,1847.15,5.8111,5.1879,0.016,0
alexlikemath007,1600,462,314,0.6797,0.6,1.1328,1665.92,5.7526,6.5134,0.0,0
alexlikemath007,2000,664,334,0.503,0.42,1.1976,2046.71,5.8141,5.9858,0.0,0
alexlikemath007,2200,572,205,0.3584,0.35,1.024,2223.9,5.3279,4.2465,0.0,0
alexlikemath007,2400,244,114,0.4672,0.28,1.6686,2449.12,4.7449,5.4294,0.0,0
alexlikemath007,2600,147,43,0.2925,0.22,1.3296,2651.16,3.7842,2.9347,0.0,0
alexlikemath007,2800,96,33,0.3438,0.16,2.0,2845.45,3.5264,3.4492,0.0,0
alexlikemath007,3000,153,30,0.1961,0.11,1.7825,3043.33,3.434,2.0492,0.0,0
alexlikemath007,3200,123,24,0.1951,0.07,2.0,3241.67,3.2189,2.036,0.0,0
alexlikemath007,3400,165,17,0.103,0.04,2.0,3476.47,2.8904,1.0353,0.0,0
ali2005_syr,1200,274,181,0.6606,0.78,0.8469,1244.75,5.204,4.2791,0.1081,0
ali2005_syr,1600,860,464,0.5395,0.6,0.8992,1645.91,6.142,5.4543,0.0572,0
ali2005_syr,1000,169,137,0.8107,0.85,0.9537,1065.69,4.9273,4.2567,0.0341,0
ali2005_syr,800,264,241,0.9129,0.9,1.0143,815.77,5.4889,4.0876,0.0,0
ali2005_syr,1400,204,143,0.701,0.7,1.0014,1455.24,4.9698,5.0697,0.0,0
ali2005_syr,1800,775,413,0.5329,0.5,1.0658,1834.87,6.0259,5.8921,0.0,0
ali2005_syr,2000,2631,1227,0.4664,0.42,1.1104,2042.22,7.1131,6.7747,0.0,0
ali2005_syr,2200,1175,661,0.5626,0.35,1.6073,2278.67,6.4953,8.3261,0.0,0
ali2005_syr,2400,1430,698,0.4881,0.28,1.7433,2434.1,6.5497,7.7817,0.0,0
ali2005_syr,2600,274,106,0.3869,0.22,1.7585,2651.89,4.6728,4.7939,0.0,0
ali2005_syr,2800,242,76,0.314,0.16,1.9628,2822.37,4.3438,3.8502,0.0,0
ali2005_syr,3000,12,4,0.3333,0.11,2.0,3000.0,1.6094,1.6094,0.0,0
ali2005_syr,3400,15,3,0.2,0.04,2.0,3500.0,1.3863,0.9704,0.0,0
alien5849,2600,35,0,0.0,0.22,0.0,2600.0,0.0,0.0,0.7884,1
alien5849,2400,48,3,0.0625,0.28,0.2232,2400.0,1.3863,0.2079,0.3547,1
alien5849,1400,88,31,0.3523,0.7,0.5032,1458.06,3.4657,1.7801,0.3495,1
alien5849,1000,46,30,0.6522,0.85,0.7673,1070.0,3.434,2.3963,0.1718,0
alien5849,3000,3,0,0.0,0.11,0.0,3000.0,0.0,0.0,0.1525,0
alien5849,2200,86,23,0.2674,0.35,0.7641,2260.87,3.1781,1.9216,0.0882,0
alien5849,1800,110,47,0.4273,0.5,0.8545,1851.06,3.8712,3.0618,0.0703,0
alien5849,800,51,47,0.9216,0.9,1.024,821.28,3.8712,2.93,0.0,0
alien5849,1200,50,41,0.82,0.78,1.0513,1253.66,3.7377,3.8423,0.0,0
alien5849,1600,57,45,0.7895,0.6,1.3158,1644.44,3.8286,4.9705,0.0,0
alien5849,2000,138,61,0.442,0.42,1.0524,2032.79,4.1271,3.7084,0.0,0
alireza_kaviani,1000,1398,778,0.5565,0.85,0.6547,1049.87,6.658,3.89,0.2776,1
alireza_kaviani,800,1601,984,0.6146,0.9,0.6829,831.81,6.8926,3.5238,0.2668,1
alireza_kaviani,1200,1610,842,0.523,0.78,0.6705,1245.61,6.737,4.3887,0.2453,1
alireza_kaviani,1400,1562,780,0.4994,0.7,0.7134,1450.38,6.6606,4.824,0.1926,1
alireza_kaviani,1600,1830,797,0.4355,0.6,0.7259,1655.21,6.6821,4.817,0.1609,1
alireza_kaviani,1800,1775,811,0.4569,0.5,0.9138,1857.71,6.6995,5.6865,0.0419,0
alireza_kaviani,2000,1569,779,0.4965,0.42,1.1821,2049.17,6.6593,6.7752,0.0,0
alireza_kaviani,2200,1847,702,0.3801,0.35,1.0859,2253.42,6.5554,5.6145,0.0,0
alireza_kaviani,2400,1660,617,0.3717,0.28,1.3275,2445.38,6.4265,5.8411,0.0,0
alireza_kaviani,2600,893,340,0.3807,0.22,1.7306,2631.18,5.8319,5.8423,0.0,0
alireza_kaviani,2800,526,191,0.3631,0.16,2.0,2828.8,5.2575,5.4004,0.0,0
alireza_kaviani,3000,303,88,0.2904,0.11,2.0,3037.5,4.4886,3.9598,0.0,0
alireza_kaviani,3200,198,54,0.2727,0.07,2.0,3253.7,4.0073,3.556,0.0,0
alireza_kaviani,3400,146,8,0.0548,0.04,1.3699,3450.0,2.1972,0.4154,0.0,0
alzahrawi,1200,710,390,0.5493,0.78,0.7042,1253.59,5.9687,4.11,0.2174,1
alzahrawi,1800,1480,430,0.2905,0.5,0.5811,1855.58,6.0661,3.2704,0.2164,1
alzahrawi,1400,760,372,0.4895,0.7,0.6992,1447.04,5.9216,4.1942,0.2018,1
alzahrawi,1000,507,350,0.6903,0.85,0.8122,1063.14,5.8608,4.3014,0.145,0
alzahrawi,2000,1111,327,0.2943,0.42,0.7008,2039.45,5.793,3.4774,0.1298,1
alzahrawi,1600,776,398,0.5129,0.6,0.8548,1660.55,5.989,5.1007,0.083,0
alzahrawi,800,799,651,0.8148,0.9,0.9053,817.51,6.48,4.3162,0.0762,0
alzahrawi,2400,461,109,0.2364,0.28,0.8444,2437.61,4.7005,2.7091,0.0469,0
alzahrawi,2200,733,238,0.3247,0.35,0.9277,2239.08,5.4765,3.9815,0.0258,0
alzahrawi,2800,63,9,0.1429,0.16,0.8929,2822.22,2.3026,0.9283,0.0216,0
alzahrawi,2600,98,23,0.2347,0.22,1.0668,2652.17,3.1781,1.9782,0.0,0
am3-y,1000,43,31,0.7209,0.85,0.8482,1064.52,3.4657,2.6598,0.1094,0
am3-y,1400,47,28,0.5957,0.7,0.8511,1478.57,3.3673,2.9661,0.0924,0
am3-y,800,36,35,0.9722,0.9,1.0802,817.14,3.5835,2.8469,0.0,0
am3-y,1200,21,21,1.0,0.78,1.2821,1285.71,3.091,3.9742,0.0,0
am3-y,1600,25,22,0.88,0.6,1.4667,1681.82,3.1355,4.6405,0.0,0
am3-y,1800,44,36,0.8182,0.5,1.6364,1847.22,3.6109,5.4574,0.0,0
am3-y,2000,30,24,0.8,0.42,1.9048,2025.0,3.2189,5.2146,0.0,0
am3-y,2200,11,6,0.5455,0.35,1.5584,2200.0,1.9459,2.3351,0.0,0
am_25,1000,1023,460,0.4497,0.85,0.529,1059.35,6.1334,2.9216,0.389,1
am_25,1200,1219,542,0.4446,0.78,0.57,1249.08,6.2971,3.4972,0.3266,1
am_25,1600,1683,513,0.3048,0.6,0.508,1651.85,6.2422,3.143,0.3028,1
am_25,1400,1285,540,0.4202,0.7,0.6003,1443.7,6.2934,3.8182,0.2746,1
am_25,3000,10,0,0.0,0.11,0.0,3000.0,0.0,0.0,0.2638,0
am_25,1800,1453,407,0.2801,0.5,0.5602,1852.83,6.0113,3.1198,0.2284,1
am_25,800,1527,1020,0.668,0.9,0.7422,816.76,6.9285,3.7801,0.2146,1
am_25,2000,466,130,0.279,0.42,0.6642,2037.69,4.8752,2.7713,0.1475,1
am_25,2400,143,31,0.2168,0.28,0.7742,2445.16,3.4657,1.8371,0.0704,0
am_25,3400,4,0,0.0,0.04,0.0,3400.0,0.0,0.0,0.0644,0
am_25,2600,48,9,0.1875,0.22,0.8523,2700.0,2.3026,1.1657,0.0383,0
am_25,2200,220,69,0.3136,0.35,0.8961,2240.58,4.2485,2.9855,0.0374,0
am_25,2800,8,8,1.0,0.16,2.0,2800.0,2.1972,6.1522,0.0,0
amsraman,1200,504,280,0.5556,0.78,0.7123,1250.71,5.6384,3.9178,0.2105,1
amsraman,1000,314,211,0.672,0.85,0.7906,1052.61,5.3566,3.7888,0.1611,0
amsraman,1600,847,377,0.4451,0.6,0.7418,1656.5,5.9349,4.3758,0.1506,1
amsraman,1400,550,314,0.5709,0.7,0.8156,1449.04,5.7526,4.7589,0.1207,0
amsraman,800,498,394,0.7912,0.9,0.8791,822.84,5.9789,3.8923,0.0969,0
amsraman,1800,955,411,0.4304,0.5,0.8607,1860.34,6.021,4.8206,0.0681,0
amsraman,2400,2060,541,0.2626,0.28,0.9379,2453.05,6.2953,4.0556,0.0182,0
amsraman,2200,1438,479,0.3331,0.35,0.9517,2252.61,6.1738,4.6325,0.0171,0
amsraman,2000,848,345,0.4068,0.42,0.9687,2041.74,5.8464,4.8564,0.013,0
amsraman,2600,2060,489,0.2374,0.22,1.079,2640.9,6.1944,3.8832,0.0,0
amsraman,2800,1007,293,0.291,0.16,1.8185,2846.08,5.6836,4.7066,0.0,0
amsraman,3000,712,155,0.2177,0.11,1.9791,3047.1,5.0499,3.3498,0.0,0
amsraman,3200,390,87,0.2231,0.07,2.0,3260.92,4.4773,3.257,0.0,0
amsraman,3400,205,42,0.2049,0.04,2.0,3488.1,3.7612,2.6879,0.0,0
an0n7me,2400,7,0,0.0,0.28,0.0,2400.0,0.0,0.0,0.5822,0
an0n7me,800,252,92,0.3651,0.9,0.4056,821.74,4.5326,1.3598,0.535,1
an0n7me,1000,199,69,0.3467,0.85,0.4079,1057.97,4.2485,1.5585,0.508,1
an0n7me,1200,121,44,0.3636,0.78,0.4662,1229.55,3.8067,1.702,0.4161,1
an0n7me,1400,24,10,0.4167,0.7,0.5952,1460.0,2.3979,1.4587,0.2684,1
an0n7me,2200,44,7,0.1591,0.35,0.4545,2200.0,2.0794,0.7278,0.236,1
an0n7me,2800,3,0,0.0,0.16,0.0,2800.0,0.0,0.0,0.2218,0
an0n7me,3400,11,0,0.0,0.04,0.0,3400.0,0.0,0.0,0.0994,0
an0n7me,1800,45,20,0.4444,0.5,0.8889,1800.0,3.0445,2.4356,0.0526,0
an0n7me,1600,16,10,0.625,0.6,1.0417,1600.0,2.3979,2.3979,0.0,0
an0n7me,2000,10,8,0.8,0.42,1.9048,2100.0,2.1972,3.6913,0.0,0
an0n7me,2600,14,6,0.4286,0.22,1.9481,2700.0,1.9459,2.2517,0.0,0
anango,1000,543,241,0.4438,0.85,0.5222,1059.75,5.4889,2.5817,0.3943,1
anango,800,1021,506,0.4956,0.9,0.5507,815.22,6.2285,2.5164,0.3877,1
anango,1200,528,226,0.428,0.78,0.5488,1251.77,5.425,2.9067,0.3435,1
anango,1400,519,206,0.3969,0.7,0.567,1460.68,5.3327,3.0917,0.2993,1
anango,1600,883,321,0.3635,0.6,0.6059,1654.52,5.7746,3.4732,0.2368,1
anango,1800,1722,517,0.3002,0.5,0.6005,1858.41,6.25,3.4872,0.2053,1
anango,2800,735,23,0.0313,0.16,0.1956,2865.22,3.1781,0.2849,0.2034,1
anango,2000,2008,492,0.245,0.42,0.5834,2051.02,6.2005,3.116,0.1848,1
anango,2200,2912,576,0.1978,0.35,0.5651,2251.04,6.3578,2.8309,0.165,1
anango,2400,1503,233,0.155,0.28,0.5537,2429.61,5.4553,2.0547,0.1416,1
anango,2600,534,65,0.1217,0.22,0.5533,2655.38,4.1897,1.3542,0.119,1
anango,3000,244,19,0.0779,0.11,0.7079,3036.84,2.9957,0.7084,0.0442,1
anango,3400,739,19,0.0257,0.04,0.6428,3473.68,2.9957,0.2675,0.0236,1
anango,3200,11,2,0.1818,0.07,2.0,3200.0,1.0986,0.6392,0.0,0
anhkha1004,1200,977,485,0.4964,0.78,0.6364,1246.19,6.1862,3.827,0.2717,1
anhkha1004,1400,1106,490,0.443,0.7,0.6329,1450.41,6.1964,3.9817,0.2503,1
anhkha1004,1000,640,413,0.6453,0.85,0.7592,1055.21,6.0259,4.1032,0.1883,0
anhkha1004,1600,1367,596,0.436,0.6,0.7267,1657.21,6.3919,4.6184,0.1602,1
anhkha1004,800,1030,770,0.7476,0.9,0.8306,824.55,6.6477,4.0977,0.1383,0
anhkha1004,3400,3,0,0.0,0.04,0.0,3400.0,0.0,0.0,0.0555,0
anhkha1004,1800,1004,466,0.4641,0.5,0.9283,1849.14,6.1463,5.2752,0.0347,0
anhkha1004,2000,1057,453,0.4286,0.42,1.0204,2042.83,6.1181,5.3564,0.0,0
anhkha1004,2200,650,258,0.3969,0.35,1.1341,2245.74,5.5568,4.9533,0.0,0
anhkha1004,2400,382,144,0.377,0.28,1.3463,2439.58,4.9767,4.5768,0.0,0
anhkha1004,2600,68,38,0.5588,0.22,2.0,2636.84,3.6636,5.3984,0.0,0
anhkha1004,2800,71,32,0.4507,0.16,2.0,2828.12,3.4965,4.4568,0.0,0
anhkha1004,3000,88,13,0.1477,0.11,1.343,3000.0,2.6391,1.1696,0.0,0
anhkha1004,3200,2,2,1.0,0.07,2.0,3200.0,1.0986,3.5156,0.0,0
anirudhc69,1000,429,246,0.5734,0.85,0.6746,1060.98,5.5094,3.3519,0.2576,1
anirudhc69,1200,625,321,0.5136,0.78,0.6585,1248.29,5.7746,3.7022,0.2532,1
anirudhc69,1400,633,288,0.455,0.7,0.65,1440.28,5.6664,3.7132,0.2371,1
anirudhc69,800,617,419,0.6791,0.9,0.7545,822.43,6.0403,3.3735,0.2016,0
anirudhc69,1600,897,454,0.5061,0.6,0.8436,1650.88,6.1203,5.1139,0.0896,0
anirudhc69,2400,155,33,0.2129,0.28,0.7604,2460.61,3.5264,1.8474,0.0749,0
anirudhc69,2000,347,139,0.4006,0.42,0.9538,2044.6,4.9416,4.0473,0.0191,0
anirudhc69,1800,749,388,0.518,0.5,1.036,1847.94,5.9636,5.7088,0.0,0
anirudhc69,2200,214,81,0.3785,0.35,1.0814,2237.04,4.4067,3.7313,0.0,0
anirudhc69,2600,29,9,0.3103,0.22,1.4107,2633.33,2.3026,1.8818,0.0,0
anirudhc69,2800,13,6,0.4615,0.16,2.0,2833.33,1.9459,2.5447,0.0,0
anmichi,3400,9,0,0.0,0.04,0.0,3400.0,0.0,0.0,0.0921,0
anmichi,1000,854,641,0.7506,0.85,0.883,1057.25,6.4646,5.13,0.0899,0
anmichi,800,1455,1180,0.811,0.9,0.9011,822.2,7.0741,4.7171,0.0803,0
anmichi,1200,1142,854,0.7478,0.78,0.9587,1250.0,6.7511,6.3107,0.0292,0
anmichi,1600,2108,1213,0.5754,0.6,0.959,1657.21,7.1017,6.7722,0.0232,0
anmichi,1400,1324,988,0.7462,0.7,1.066,1450.81,6.8967,7.4666,0.0,0
anmichi,1800,2244,1245,0.5548,0.5,1.1096,1857.59,7.1277,7.3459,0.0,0
anmichi,2000,2527,1164,0.4606,0.42,1.0967,2047.94,7.0605,6.6604,0.0,0
anmichi,2200,2287,924,0.404,0.35,1.1544,2249.57,6.8298,6.2074,0.0,0
anmichi,2400,2275,745,0.3275,0.28,1.1695,2439.06,6.6147,5.2833,0.0,0
anmichi,2600,1087,331,0.3045,0.22,1.3841,2643.2,5.8051,4.6724,0.0,0
anmichi,2800,621,196,0.3156,0.16,1.9726,2839.29,5.2832,4.7345,0.0,0
anmichi,3000,308,55,0.1786,0.11,1.6234,3025.45,4.0254,2.1747,0.0,0
anmichi,3200,82,11,0.1341,0.07,1.9164,3200.0,2.4849,1.0667,0.0,0
annyeong1,2800,6,0,0.0,0.16,0.0,2800.0,0.0,0.0,0.3113,0
annyeong1,1200,731,404,0.5527,0.78,0.7085,1251.73,6.0039,4.1534,0.2141,1
annyeong1,1800,1474,435,0.2951,0.5,0.5902,1855.63,6.0776,3.3283,0.2112,1
annyeong1,1600,1029,420,0.4082,0.6,0.6803,1659.05,6.0426,4.0918,0.189,1
annyeong1,1000,600,390,0.65,0.85,0.7647,1061.28,5.9687,4.1174,0.1836,0
annyeong1,1400,804,414,0.5149,0.7,0.7356,1443.72,6.0283,4.4815,0.1762,1
annyeong1,2400,609,101,0.1658,0.28,0.5923,2442.57,4.625,1.8735,0.1302,1
annyeong1,2000,913,280,0.3067,0.42,0.7302,2046.07,5.6384,3.538,0.1164,1
annyeong1,2200,611,173,0.2831,0.35,0.809,2252.6,5.1591,3.2905,0.0697,0
annyeong1,2600,114,19,0.1667,0.22,0.7576,2621.05,2.9957,1.3087,0.0633,0
annyeong1,800,903,751,0.8317,0.9,0.9241,816.38,6.6227,4.4966,0.061,0
annyeong1,3000,6,1,0.1667,0.11,1.5152,3000.0,0.6931,0.3466,0.0,0
anpaio,1000,468,236,0.5043,0.85,0.5933,1045.34,5.4681,2.8824,0.3288,1
anpaio,1400,506,231,0.4565,0.7,0.6522,1444.59,5.4467,3.592,0.2352,1
anpaio,1200,403,218,0.5409,0.78,0.6935,1243.12,5.3891,3.6239,0.2246,1
anpaio,1800,749,269,0.3591,0.5,0.7183,1844.61,5.5984,3.7089,0.1413,1
anpaio,2600,734,79,0.1076,0.22,0.4892,2637.97,4.382,1.2442,0.1378,1
anpaio,800,527,411,0.7799,0.9,0.8665,817.52,6.021,3.8388,0.1073,0
anpaio,2200,638,184,0.2884,0.35,0.824,2253.26,5.2204,3.3924,0.064,0
anpaio,2400,927,211,0.2276,0.28,0.8129,2446.45,5.3566,2.9828,0.0563,0
anpaio,2000,706,268,0.3796,0.42,0.9038,2049.25,5.5947,4.3521,0.0402,0
anpaio,1600,521,301,0.5777,0.6,0.9629,1662.13,5.7104,5.4835,0.0208,0
anpaio,2800,265,41,0.1547,0.16,0.967,2829.27,3.7377,1.6361,0.0062,0
anpaio,3000,37,8,0.2162,0.11,1.9656,3000.0,2.1972,1.4252,0.0,0
anpaio,3200,4,4,1.0,0.07,2.0,3300.0,1.6094,5.3111,0.0,0
anshwww,2400,12,0,0.0,0.28,0.0,2400.0,0.0,0.0,0.7182,0
anshwww,2600,5,0,0.0,0.22,0.0,2600.0,0.0,0.0,0.3942,0
anshwww,1600,25,7,0.28,0.6,0.4667,1657.14,2.0794,0.9649,0.3386,1
anshwww,1000,63,36,0.5714,0.85,0.6723,1044.44,3.6109,2.1551,0.2513,1
anshwww,2000,87,23,0.2644,0.42,0.6294,2043.48,3.1781,1.7169,0.1668,1
anshwww,2800,1,0,0.0,0.16,0.0,2800.0,0.0,0.0,0.1109,0
anshwww,800,77,62,0.8052,0.9,0.8947,819.35,4.1431,2.7334,0.0803,0
anshwww,1200,27,23,0.8519,0.78,1.0921,1282.61,3.1781,3.4723,0.0,0
anshwww,1400,59,48,0.8136,0.7,1.1622,1454.17,3.8918,4.6042,0.0,0
anshwww,1800,40,25,0.625,0.5,1.25,1856.0,3.2581,3.7794,0.0,0
anshwww,2200,3,3,1.0,0.35,2.0,2200.0,1.3863,3.0498,0.0,0
antontrygubO_o,800,1026,869,0.847,0.9,0.9411,823.71,6.7685,4.7221,0.0473,0
antontrygubO_o,1000,579,494,0.8532,0.85,1.0038,1056.68,6.2046,5.5937,0.0,0
antontrygubO_o,1200,852,683,0.8016,0.78,1.0277,1253.73,6.528,6.5609,0.0,0
antontrygubO_o,1400,961,732,0.7617,0.7,1.0882,1450.41,6.5971,7.2884,0.0,0
antontrygubO_o,1600,1317,924,0.7016,0.6,1.1693,1656.93,6.8298,7.9396,0.0,0
antontrygubO_o,1800,1475,988,0.6698,0.5,1.3397,1850.91,6.8967,8.5505,0.0,0
antontrygubO_o,2000,1519,844,0.5556,0.42,1.3229,2046.45,6.7393,7.6631,0.0,0
antontrygubO_o,2200,1560,751,0.4814,0.35,1.3755,2245.81,6.6227,7.1602,0.0,0
antontrygubO_o,2400,1856,835,0.4499,0.28,1.6068,2446.35,6.7286,7.4055,0.0,0
antontrygubO_o,2600,924,438,0.474,0.22,2.0,2644.29,6.0845,7.6267,0.0,0
antontrygubO_o,2800,811,255,0.3144,0.16,1.9652,2847.45,5.5452,4.9647,0.0,0
antontrygubO_o,3000,556,134,0.241,0.11,2.0,3047.01,4.9053,3.6022,0.0,0
antontrygubO_o,3200,244,61,0.25,0.07,2.0,3267.21,4.1271,3.3711,0.0,0
antontrygubO_o,3400,422,42,0.0995,0.04,2.0,3473.81,3.7612,1.3004,0.0,0
aqxa,800,456,312,0.6842,0.9,0.7602,817.63,5.7462,3.2146,0.1959,0
aqxa,1400,342,173,0.5058,0.7,0.7226,1431.21,5.1591,3.735,0.184,1
aqxa,1200,210,124,0.5905,0.78,0.757,1266.94,4.8283,3.612,0.174,0
aqxa,1800,315,108,0.3429,0.5,0.6857,1848.15,4.6913,2.9727,0.1589,1
aqxa,1000,201,138,0.6866,0.85,0.8077,1046.38,4.9345,3.545,0.1462,0
aqxa,3000,51,2,0.0392,0.11,0.3565,3050.0,1.0986,0.1314,0.1333,1
aqxa,2400,209,44,0.2105,0.28,0.7519,2456.82,3.8067,1.9689,0.0773,0
aqxa,1600,325,181,0.5569,0.6,0.9282,1660.22,5.204,4.8117,0.0402,0
aqxa,2000,304,116,0.3816,0.42,0.9085,2037.07,4.7622,3.7017,0.0381,0
aqxa,2200,135,59,0.437,0.35,1.2487,2244.07,4.0943,4.0155,0.0,0
aqxa,2600,45,18,0.4,0.22,1.8182,2627.78,2.9444,3.0949,0.0,0
aqxa,2800,14,6,0.4286,0.16,2.0,2900.0,1.9459,2.4185,0.0,0
aqxa,3200,7,3,0.4286,0.07,2.0,3300.0,1.3863,1.9606,0.0,0
aqxa,3400,24,6,0.25,0.04,2.0,3466.67,1.9459,1.6865,0.0,0
aru123,1000,589,304,0.5161,0.85,0.6072,1062.5,5.7203,3.1369,0.317,1
aru123,1400,704,421,0.598,0.7,0.8543,1453.68,6.045,5.255,0.0949,0
aru123,1200,468,325,0.6944,0.78,0.8903,1256.62,5.7869,5.0499,0.0775,0
aru123,800,479,390,0.8142,0.9,0.9047,821.28,5.9687,3.9912,0.076,0
aru123,1600,660,346,0.5242,0.6,0.8737,1652.6,5.8493,5.0676,0.0718,0
aru123,1800,962,549,0.5707,0.5,1.1414,1869.76,6.3099,6.733,0.0,0
aru123,2000,939,687,0.7316,0.42,1.742,2050.36,6.5338,9.8014,0.0,0
aru123,2200,322,202,0.6273,0.35,1.7924,2238.12,5.3132,7.4599,0.0,0
aru123,2400,103,63,0.6117,0.28,2.0,2442.86,4.1589,6.2141,0.0,0
aru123,2600,15,6,0.4,0.22,1.8182,2600.0,1.9459,2.0237,0.0,0
aru123,2800,9,9,1.0,0.16,2.0,2800.0,2.3026,6.4472,0.0,0
arvindf734,2800,4,0,0.0,0.16,0.0,2800.0,0.0,0.0,0.2575,0
arvindf734,3000,9,0,0.0,0.11,0.0,3000.0,0.0,0.0,0.2533,0
arvindf734,2000,62,20,0.3226,0.42,0.768,2030.0,3.0445,1.9937,0.0998,0
arvindf734,2400,73,16,0.2192,0.28,0.7828,2425.0,2.8332,1.5059,0.0683,0
arvindf734,1600,22,13,0.5909,0.6,0.9848,1646.15,2.6391,2.5671,0.0078,0
arvindf734,800,24,22,0.9167,0.9,1.0185,822.73,3.1355,2.3647,0.0,0
arvindf734,1000,10,10,1.0,0.85,1.1765,1100.0,2.3979,2.6377,0.0,0
arvindf734,1200,36,29,0.8056,0.78,1.0328,1265.52,3.4012,3.4673,0.0,0
arvindf734,1800,14,14,1.0,0.5,2.0,1900.0,2.7081,5.1453,0.0,0
arvindf734,2200,6,6,1.0,0.35,2.0,2300.0,1.9459,4.4756,0.0,0
askd,800,819,754,0.9206,0.9,1.0229,822.68,6.6267,5.019,0.0,0
askd,1000,486,428,0.8807,0.85,1.0361,1052.8,6.0615,5.6199,0.0,0
askd,1200,596,495,0.8305,0.78,1.0648,1247.47,6.2066,6.4305,0.0,0
askd,1400,778,602,0.7738,0.7,1.1054,1446.18,6.4019,7.1639,0.0,0
askd,1600,841,661,0.786,0.6,1.3099,1654.01,6.4953,8.4438,0.0,0
askd,1800,1173,772,0.6581,0.5,1.3163,1854.66,6.6503,8.1175,0.0,0
askd,2000,1070,697,0.6514,0.42,1.551,2049.35,6.5482,8.7416,0.0,0
askd,2200,1299,709,0.5458,0.35,1.5594,2245.7,6.5653,8.0471,0.0,0
askd,2400,2093,984,0.4701,0.28,1.6791,2462.4,6.8926,7.9794,0.0,0
askd,2600,1128,354,0.3138,0.22,1.4265,2642.66,5.8721,4.87,0.0,0
askd,2800,290,132,0.4552,0.16,2.0,2830.3,4.8903,6.3001,0.0,0
askd,3000,106,31,0.2925,0.11,2.0,3022.58,3.4657,3.0636,0.0,0
askd,3200,100,13,0.13,0.07,1.8571,3200.0,2.6391,1.0978,0.0,0
askr_58,800,242,197,0.814,0.9,0.9045,815.74,5.2883,3.5117,0.0751,0
askr_58,1800,334,143,0.4281,0.5,0.8563,1846.85,4.9698,3.9297,0.07,0
askr_58,1400,202,129,0.6386,0.7,0.9123,1455.04,4.8675,4.523,0.0556,0
askr_58,1600,230,135,0.587,0.6,0.9783,1666.67,4.9127,4.8059,0.012,0
askr_58,1000,102,92,0.902,0.85,1.0611,1060.87,4.5326,4.3371,0.0,0
askr_58,1200,150,126,0.84,0.78,1.0769,1246.83,4.8442,5.0735,0.0,0
askr_58,2000,265,113,0.4264,0.42,1.0153,2061.95,4.7362,4.1643,0.0,0
askr_58,2200,279,124,0.4444,0.35,1.2698,2249.19,4.8283,4.8266,0.0,0
askr_58,2400,162,80,0.4938,0.28,1.7637,2445.0,4.3944,5.3059,0.0,0
askr_58,2600,107,29,0.271,0.22,1.2319,2641.38,3.4012,2.4349,0.0,0
askr_58,2800,41,11,0.2683,0.16,1.6768,2900.0,2.4849,1.9334,0.0,0
aslashkin2010,1000,632,295,0.4668,0.85,0.5491,1043.73,5.6904,2.7722,0.3695,1
aslashkin2010,2600,4,0,0.0,0.22,0.0,2600.0,0.0,0.0,0.3541,0
aslashkin2010,1400,563,213,0.3783,0.7,0.5405,1446.01,5.366,2.9356,0.3201,1
aslashkin2010,1200,730,329,0.4507,0.78,0.5778,1251.98,5.7991,3.2721,0.3194,1
aslashkin2010,2200,135,15,0.1111,0.35,0.3175,2246.67,2.7726,0.6921,0.3111,1
aslashkin2010,800,1222,732,0.599,0.9,0.6656,815.3,6.5971,3.2219,0.2816,1
aslashkin2010,1800,201,50,0.2488,0.5,0.4975,1844.0,3.9318,1.8036,0.2704,1
aslashkin2010,2800,3,0,0.0,0.16,0.0,2800.0,0.0,0.0,0.2218,0
aslashkin2010,1600,226,96,0.4248,0.6,0.708,1637.5,4.5747,3.1821,0.1705,1
aslashkin2010,3400,8,0,0.0,0.04,0.0,3400.0,0.0,0.0,0.0879,0
aslashkin2010,2000,112,45,0.4018,0.42,0.9566,2048.89,3.8286,3.1518,0.0178,0
aslashkin2010,2400,36,11,0.3056,0.28,1.0913,2463.64,2.4849,1.8706,0.0,0
atkubo,800,433,233,0.5381,0.9,0.5979,822.32,5.4553,2.4139,0.3405,1
atkubo,1200,223,113,0.5067,0.78,0.6496,1265.49,4.7362,3.0371,0.2578,1
atkubo,1000,167,96,0.5749,0.85,0.6763,1065.62,4.5747,2.8024,0.2529,1
atkubo,1400,292,134,0.4589,0.7,0.6556,1446.27,4.9053,3.2556,0.2319,1
atkubo,1600,341,144,0.4223,0.6,0.7038,1652.08,4.9767,3.472,0.1735,1
atkubo,1800,309,149,0.4822,0.5,0.9644,1847.65,5.0106,4.4642,0.017,0
atkubo,2000,237,107,0.4515,0.42,1.0749,2054.21,4.6821,4.3423,0.0,0
atkubo,2200,64,54,0.8438,0.35,2.0,2237.04,4.0073,7.5638,0.0,0
atkubo,2400,105,74,0.7048,0.28,2.0,2435.14,4.3175,7.4096,0.0,0
atkubo,2600,7,7,1.0,0.22,2.0,2600.0,2.0794,5.4065,0.0,0
atkubo,2800,18,10,0.5556,0.16,2.0,2870.0,2.3979,3.8233,0.0,0
atkubo,3000,6,4,0.6667,0.11,2.0,3050.0,1.6094,3.2725,0.0,0
atkubo,3200,12,5,0.4167,0.07,2.0,3300.0,1.7918,2.4637,0.0,0
autumoon,1200,390,196,0.5026,0.78,0.6443,1262.76,5.2832,3.3528,0.2635,1
autumoon,1400,430,201,0.4674,0.7,0.6678,1450.25,5.3083,3.5985,0.2236,1
autumoon,1000,244,160,0.6557,0.85,0.7715,1058.75,5.0814,3.5278,0.1757,0
autumoon,800,396,296,0.7475,0.9,0.8305,821.96,5.6937,3.4982,0.1364,0
autumoon,1600,563,259,0.46,0.6,0.7667,1660.62,5.5607,4.248,0.1352,0
autumoon,1800,947,368,0.3886,0.5,0.7772,1851.63,5.9108,4.253,0.1105,0
autumoon,2000,1162,398,0.3425,0.42,0.8155,2052.01,5.989,4.2093,0.0783,0
autumoon,2400,3179,888,0.2793,0.28,0.9976,2452.14,6.7901,4.651,0.0007,0
autumoon,2200,1673,599,0.358,0.35,1.023,2259.43,6.3969,5.1749,0.0,0
autumoon,2600,2533,775,0.306,0.22,1.3907,2649.16,6.6542,5.3935,0.0,0
autumoon,2800,1892,498,0.2632,0.16,1.6451,2842.77,6.2126,4.6486,0.0,0
autumoon,3000,1013,317,0.3129,0.11,2.0,3030.6,5.7621,5.4646,0.0,0
autumoon,3200,581,166,0.2857,0.07,2.0,3253.61,5.118,4.7577,0.0,0
autumoon,3400,449,94,0.2094,0.04,2.0,3445.74,4.5539,3.2851,0.0,0
awoo,1200,1274,798,0.6264,0.78,0.803,1250.38,6.6834,5.2344,0.143,0
awoo,1000,848,590,0.6958,0.85,0.8185,1056.95,6.3818,4.693,0.1409,0
awoo,1400,1683,934,0.555,0.7,0.7928,1455.14,6.8405,5.5241,0.1374,0
awoo,1600,2225,1105,0.4966,0.6,0.8277,1654.93,7.0085,5.7602,0.0995,0
awoo,1800,3301,1327,0.402,0.5,0.804,1854.41,7.1914,5.361,0.0969,0
awoo,800,1052,841,0.7994,0.9,0.8883,826.16,6.7358,4.4487,0.0905,0
awoo,2000,2523,1174,0.4653,0.42,1.1079,2049.74,7.069,6.7423,0.0,0
awoo,2200,2284,1128,0.4939,0.35,1.4111,2248.32,7.0291,7.8049,0.0,0
awoo,2400,2979,1066,0.3578,0.28,1.278,2441.28,6.9726,6.0911,0.0,0
awoo,2600,1716,476,0.2774,0.22,1.2609,2643.28,6.1675,4.5221,0.0,0
awoo,2800,1432,309,0.2158,0.16,1.3486,2829.77,5.7366,3.5028,0.0,0
awoo,3000,414,68,0.1643,0.11,1.4932,3044.12,4.2341,2.1171,0.0,0
awoo,3200,214,33,0.1542,0.07,2.0,3218.18,3.5264,1.75,0.0,0
awoo,3400,71,14,0.1972,0.04,2.0,3442.86,2.7081,1.8384,0.0,0
ayingna,1000,394,198,0.5025,0.85,0.5912,1057.58,5.2933,2.8132,0.3301,1
ayingna,800,620,386,0.6226,0.9,0.6918,822.28,5.9584,3.0503,0.2564,1
ayingna,1200,317,163,0.5142,0.78,0.6592,1255.21,5.0999,3.2916,0.2511,1
ayingna,1400,525,236,0.4495,0.7,0.6422,1442.37,5.4681,3.5454,0.2426,1
ayingna,1600,613,233,0.3801,0.6,0.6335,1653.22,5.4553,3.428,0.2187,1
ayingna,2000,1554,383,0.2465,0.42,0.5868,2044.91,5.9506,2.9991,0.1835,1
ayingna,1800,727,261,0.359,0.5,0.718,1861.3,5.5683,3.7209,0.1415,1
ayingna,2400,1604,260,0.1621,0.28,0.5789,2433.46,5.5645,2.1949,0.1326,1
ayingna,2600,480,60,0.125,0.22,0.5682,2646.67,4.1109,1.36,0.1148,1
ayingna,2200,1457,361,0.2478,0.35,0.7079,2246.81,5.8916,3.2798,0.1081,1
ayingna,3000,267,28,0.1049,0.11,0.9534,3067.86,3.3673,1.0833,0.0066,0
ayingna,2800,286,46,0.1608,0.16,1.0052,2828.26,3.8501,1.7514,0.0,0
ayingna,3200,89,18,0.2022,0.07,2.0,3238.89,2.9444,1.9288,0.0,0
ayingna,3400,60,8,0.1333,0.04,2.0,3450.0,2.1972,1.0107,0.0,0
badtreap,1000,77,52,0.6753,0.85,0.7945,1061.54,3.9703,2.8462,0.1531,0
badtreap,3400,5,0,0.0,0.04,0.0,3400.0,0.0,0.0,0.0717,0
badtreap,1200,83,58,0.6988,0.78,0.8959,1265.52,4.0775,3.6059,0.0709,0
badtreap,800,71,58,0.8169,0.9,0.9077,817.24,4.0775,2.7222,0.07,0
badtreap,2800,91,10,0.1099,0.16,0.6868,2800.0,2.3979,0.7378,0.0667,1
badtreap,1400,87,61,0.7011,0.7,1.0016,1437.7,4.1271,4.1603,0.0,0
badtreap,1600,86,56,0.6512,0.6,1.0853,1641.07,4.0431,4.3204,0.0,0
badtreap,1800,95,52,0.5474,0.5,1.0947,1861.54,3.9703,4.0455,0.0,0
badtreap,2000,75,63,0.84,0.42,2.0,2057.14,4.1589,7.1865,0.0,0
badtreap,2200,65,28,0.4308,0.35,1.2308,2289.29,3.3673,3.3207,0.0,0
badtreap,2400,170,70,0.4118,0.28,1.4706,2454.29,4.2627,4.3078,0.0,0
badtreap,2600,15,5,0.3333,0.22,1.5152,2600.0,1.7918,1.5529,0.0,0
badtreap,3000,7,4,0.5714,0.11,2.0,3100.0,1.6094,2.851,0.0,0
badtreap,3200,70,7,0.1,0.07,1.4286,3257.14,2.0794,0.6773,0.0,0
baodat,1000,177,88,0.4972,0.85,0.5849,1037.5,4.4886,2.3153,0.3331,1
baodat,1200,133,65,0.4887,0.78,0.6266,1243.08,4.1897,2.5453,0.2749,1
baodat,800,307,213,0.6938,0.9,0.7709,815.02,5.366,3.0343,0.1856,0
baodat,1400,189,121,0.6402,0.7,0.9146,1446.28,4.804,4.4482,0.0541,0
baodat,1600,121,69,0.5702,0.6,0.9504,1657.97,4.2485,4.0168,0.0272,0
baodat,1800,223,111,0.4978,0.5,0.9955,1858.56,4.7185,4.3651,0.0021,0
baodat,2000,112,79,0.7054,0.42,1.6794,2060.76,4.382,6.3696,0.0,0
baodat,2200,166,105,0.6325,0.35,1.8072,2238.1,4.6634,6.6019,0.0,0
baodat,2400,192,55,0.2865,0.28,1.0231,2445.45,4.0254,2.8198,0.0,0
baodat,2600,43,19,0.4419,0.22,2.0,2615.79,2.9957,3.4625,0.0,0
baodat,2800,12,8,0.6667,0.16,2.0,2850.0,2.1972,4.1747,0.0,0
baodat,3000,34,17,0.5,0.11,2.0,3005.88,2.8904,4.3441,0.0,0
baodat,3200,3,1,0.3333,0.07,2.0,3200.0,0.6931,0.7394,0.0,0
baodat,3400,11,4,0.3636,0.04,2.0,3500.0,1.6094,2.0484,0.0,0
barbie,1400,747,249,0.3333,0.7,0.4762,1458.23,5.5215,2.6839,0.3721,1
barbie,1600,1325,375,0.283,0.6,0.4717,1670.4,5.9296,2.8032,0.3289,1
barbie,1200,414,199,0.4807,0.78,0.6163,1247.24,5.2983,3.1764,0.2865,1
barbie,800,453,312,0.6887,0.9,0.7653,818.27,5.7462,3.2384,0.1916,0
barbie,1000,249,160,0.6426,0.85,0.756,1060.0,5.0814,3.4611,0.1883,0
barbie,2000,1213,326,0.2688,0.42,0.6399,2052.76,5.79,3.1943,0.1582,1
barbie,2600,701,69,0.0984,0.22,0.4474,2642.03,4.2485,1.1049,0.1518,1
barbie,1800,1134,398,0.351,0.5,0.7019,1852.01,5.989,3.8928,0.15,1
barbie,2200,1421,313,0.2203,0.35,0.6293,2251.12,5.7494,2.8508,0.1395,1
barbie,2400,1428,226,0.1583,0.28,0.5652,2436.28,5.425,2.0917,0.1376,1
barbie,3000,188,7,0.0372,0.11,0.3385,3000.0,2.0794,0.2323,0.1239,1
barbie,2800,117,17,0.1453,0.16,0.9081,2858.82,2.8904,1.2006,0.018,0
barbie,3200,61,11,0.1803,0.07,2.0,3263.64,2.4849,1.4624,0.0,0
barbie,3400,6,2,0.3333,0.04,2.0,3500.0,1.0986,1.2817,0.0,0
bdfs_then_CSDN,1400,244,98,0.4016,0.7,0.5738,1435.71,4.5951,2.6497,0.2934,1
bdfs_then_CSDN,1200,142,68,0.4789,0.78,0.6139,1252.94,4.2341,2.5405,0.2855,1
bdfs_then_CSDN,1000,138,88,0.6377,0.85,0.7502,1053.41,4.4886,3.0152,0.1909,0
bdfs_then_CSDN,1800,338,111,0.3284,0.5,0.6568,1836.04,4.7185,2.8451,0.1748,1
bdfs_then_CSDN,800,209,149,0.7129,0.9,0.7921,810.07,5.0106,2.8937,0.1664,0
bdfs_then_CSDN,2200,1079,247,0.2289,0.35,0.654,2244.13,5.5134,2.8323,0.1298,1
bdfs_then_CSDN,1600,206,97,0.4709,0.6,0.7848,1664.95,4.585,3.5945,0.1233,0
bdfs_then_CSDN,2000,501,194,0.3872,0.42,0.922,2067.53,5.273,4.2216,0.0325,0
bdfs_then_CSDN,2400,433,205,0.4734,0.28,1.6909,2436.59,5.3279,6.1461,0.0,0
bdfs_then_CSDN,2600,366,118,0.3224,0.22,1.4655,2648.31,4.7791,4.0805,0.0,0
bdfs_then_CSDN,2800,427,124,0.2904,0.16,1.815,2845.97,4.8283,3.9904,0.0,0
bdfs_then_CSDN,3000,187,111,0.5936,0.11,2.0,3028.83,4.7185,8.4832,0.0,0
bdfs_then_CSDN,3200,168,58,0.3452,0.07,2.0,3253.45,4.0775,4.5799,0.0,0
bdfs_then_CSDN,3400,59,25,0.4237,0.04,2.0,3452.0,3.2581,4.7657,0.0,0
bdzzj,1800,133,35,0.2632,0.5,0.5263,1842.86,3.5835,1.7379,0.2531,1
bdzzj,1600,67,29,0.4328,0.6,0.7214,1675.86,3.4012,2.4671,0.1603,1
bdzzj,1000,31,23,0.7419,0.85,0.8729,1078.26,3.1781,2.5424,0.0896,0
bdzzj,800,47,42,0.8936,0.9,0.9929,807.14,3.7612,2.7129,0.0052,0
bdzzj,1200,62,48,0.7742,0.78,0.9926,1268.75,3.8918,3.8228,0.0049,0
bdzzj,1400,12,12,1.0,0.7,1.4286,1483.33,2.5649,3.8047,0.0,0
bdzzj,2000,123,66,0.5366,0.42,1.2776,2092.42,4.2047,4.7209,0.0,0
bdzzj,2200,108,54,0.5,0.35,1.4286,2251.85,4.0073,4.512,0.0,0
bdzzj,2400,181,72,0.3978,0.28,1.4207,2470.83,4.2905,4.217,0.0,0
bdzzj,2600,322,87,0.2702,0.22,1.2281,2644.83,4.4773,3.1995,0.0,0
bdzzj,2800,122,42,0.3443,0.16,2.0,2850.0,3.7612,3.6903,0.0,0
bdzzj,3000,324,67,0.2068,0.11,1.8799,3044.78,4.2195,2.6567,0.0,0
bdzzj,3200,479,82,0.1712,0.07,2.0,3245.12,4.4188,2.4548,0.0,0
bdzzj,3400,74,16,0.2162,0.04,2.0,3456.25,2.8332,2.1173,0.0,0
benben181,800,448,263,0.5871,0.9,0.6523,819.77,5.5759,2.6834,0.2906,1
benben181,1000,195,107,0.5487,0.85,0.6456,1063.55,4.6821,2.7324,0.2799,1
benben181,1200,248,128,0.5161,0.78,0.6617,1261.72,4.8598,3.1648,0.2485,1
benben181,1400,288,148,0.5139,0.7,0.7341,1445.95,5.0039,3.7182,0.1756,1
benben181,1600,367,158,0.4305,0.6,0.7175,1654.43,5.0689,3.6104,0.165,1
benben181,1800,346,175,0.5058,0.5,1.0116,1841.71,5.1705,4.8163,0.0,0
benben181,2000,309,164,0.5307,0.42,1.2637,2052.44,5.1059,5.562,0.0,0
benben181,2200,179,133,0.743,0.35,2.0,2221.05,4.8978,8.0828,0.0,0
benben181,2400,131,91,0.6947,0.28,2.0,2442.86,4.5218,7.6732,0.0,0
benben181,2600,15,15,1.0,0.22,2.0,2626.67,2.7726,7.2827,0.0,0
benben181,2800,28,20,0.7143,0.16,2.0,2850.0,3.0445,6.1978,0.0,0
benben181,3000,11,7,0.6364,0.11,2.0,3000.0,2.0794,3.9698,0.0,0
benben181,3200,15,8,0.5333,0.07,2.0,3262.5,2.1972,3.8232,0.0,0
benben181,3400,2,2,1.0,0.04,2.0,3450.0,1.0986,3.7902,0.0,0
bezime,1400,335,145,0.4328,0.7,0.6183,1460.0,4.9836,3.1493,0.2597,1
bezime,800,377,241,0.6393,0.9,0.7103,813.69,5.4889,2.8551,0.2385,1
bezime,2200,527,91,0.1727,0.35,0.4934,2248.35,4.5218,1.7555,0.2013,1
bezime,1000,255,161,0.6314,0.85,0.7428,1066.46,5.0876,3.4256,0.1991,1
bezime,1800,573,183,0.3194,0.5,0.6387,1849.18,5.2149,3.0798,0.1846,1
bezime,1200,279,167,0.5986,0.78,0.7674,1244.31,5.124,3.8163,0.1669,0
bezime,2000,302,87,0.2881,0.42,0.6859,2035.63,4.4773,2.6256,0.1376,1
bezime,1600,252,132,0.5238,0.6,0.873,1645.45,4.8903,4.215,0.0716,0
bezime,2400,163,44,0.2699,0.28,0.9641,2422.73,3.8067,2.4895,0.0107,0
bezime,2600,28,8,0.2857,0.22,1.2987,2600.0,2.1972,1.6322,0.0,0
bezime,3200,12,2,0.1667,0.07,2.0,3300.0,1.0986,0.6042,0.0,0
bismispis,1600,18,6,0.3333,0.6,0.5556,1700.0,1.9459,1.1027,0.2665,0
bismispis,3000,1,0,0.0,0.11,0.0,3000.0,0.0,0.0,0.0762,0
bismispis,1400,27,17,0.6296,0.7,0.8995,1488.24,2.8904,2.7084,0.0603,0
bismispis,800,18,18,1.0,0.9,1.1111,822.22,2.9444,2.421,0.0,0
bismispis,1000,11,11,1.0,0.85,1.1765,1054.55,2.4849,2.6204,0.0,0
bismispis,1200,8,8,1.0,0.78,1.2821,1262.5,2.1972,2.774,0.0,0
bismispis,1800,14,14,1.0,0.5,2.0,1835.71,2.7081,4.9712,0.0,0
bismispis,2000,7,7,1.0,0.42,2.0,2100.0,2.0794,4.3668,0.0,0
bismispis,2200,29,15,0.5172,0.35,1.4778,2200.0,2.7726,3.155,0.0,0
bismispis,2400,4,4,1.0,0.28,2.0,2400.0,1.6094,3.8627,0.0,0
bismispis,2600,13,9,0.6923,0.22,2.0,2644.44,2.3026,4.2155,0.0,0
bismispis,3200,6,3,0.5,0.07,2.0,3300.0,1.3863,2.2874,0.0,0
blackyuki,3400,6,0,0.0,0.04,0.0,3400.0,0.0,0.0,0.0778,0
blackyuki,1800,251,120,0.4781,0.5,0.9562,1855.83,4.7958,4.2551,0.0209,0
blackyuki,1200,79,60,0.7595,0.78,0.9737,1258.33,4.1109,3.9287,0.0176,0
blackyuki,800,60,53,0.8833,0.9,0.9815,818.87,3.989,2.8854,0.0137,0
blackyuki,2800,329,50,0.152,0.16,0.9498,2832.0,3.9318,1.6922,0.0094,0
blackyuki,2600,433,95,0.2194,0.22,0.9973,2635.79,4.5643,2.6395,0.0007,0
blackyuki,1000,25,25,1.0,0.85,1.1765,1056.0,3.2581,3.4405,0.0,0
blackyuki,1400,71,63,0.8873,0.7,1.2676,1431.75,4.1589,5.2835,0.0,0
blackyuki,1600,150,100,0.6667,0.6,1.1111,1650.0,4.6151,5.0766,0.0,0
blackyuki,2000,137,80,0.5839,0.42,1.3903,2042.5,4.3944,5.2413,0.0,0
blackyuki,2200,171,83,0.4854,0.35,1.3868,2250.6,4.4308,4.8402,0.0,0
blackyuki,2400,418,141,0.3373,0.28,1.2047,2451.77,4.9558,4.0986,0.0,0
blackyuki,3000,36,9,0.25,0.11,2.0,3044.44,2.3026,1.7525,0.0,0
blackyuki,3200,13,3,0.2308,0.07,2.0,3200.0,1.3863,1.0237,0.0,0
bladewaltz,1200,255,142,0.5569,0.78,0.7139,1250.0,4.9628,3.4545,0.2075,1
bladewaltz,1000,111,82,0.7387,0.85,0.8691,1054.88,4.4188,3.4435,0.0969,0
bladewaltz,1600,521,260,0.499,0.6,0.8317,1675.38,5.5645,4.6524,0.0962,0
bladewaltz,1800,1227,502,0.4091,0.5,0.8183,1846.22,6.2206,4.6986,0.0895,0
bladewaltz,800,221,178,0.8054,0.9,0.8949,823.6,5.1874,3.441,0.0826,0
bladewaltz,2800,127,13,0.1024,0.16,0.6398,2823.08,2.6391,0.7626,0.0768,1
bladewaltz,3400,3,0,0.0,0.04,0.0,3400.0,0.0,0.0,0.0555,0
bladewaltz,2000,1119,429,0.3834,0.42,0.9128,2069.23,6.0638,4.8104,0.0364,0
bladewaltz,2400,860,220,0.2558,0.28,0.9136,2450.0,5.3982,3.3833,0.0255,0
bladewaltz,1400,158,122,0.7722,0.7,1.1031,1448.36,4.8122,5.3817,0.0,0
bladewaltz,2200,1128,435,0.3856,0.35,1.1018,2261.61,6.0776,5.3007,0.0,0
bladewaltz,2600,579,136,0.2349,0.22,1.0677,2627.21,4.92,3.0361,0.0,0
bladewaltz,3000,74,10,0.1351,0.11,1.2285,3000.0,2.3979,0.9721,0.0,0
block_in_mc,2800,12,0,0.0,0.16,0.0,2800.0,0.0,0.0,0.4104,0
block_in_mc,2400,67,4,0.0597,0.28,0.2132,2400.0,1.6094,0.2306,0.3562,1
block_in_mc,1400,42,16,0.381,0.7,0.5442,1425.0,2.8332,1.538,0.3131,1
block_in_mc,1200,29,20,0.6897,0.78,0.8842,1235.0,3.0445,2.5931,0.076,0
block_in_mc,1800,50,23,0.46,0.5,0.92,1886.96,3.1781,2.7586,0.0376,0
block_in_mc,2200,45,15,0.3333,0.35,0.9524,2233.33,2.7726,2.064,0.0169,0
block_in_mc,800,29,26,0.8966,0.9,0.9962,815.38,3.2958,2.4094,0.0027,0
block_in_mc,1000,23,21,0.913,0.85,1.0742,1076.19,3.091,3.0373,0.0,0
block_in_mc,1600,36,26,0.7222,0.6,1.2037,1646.15,3.2958,3.9184,0.0,0
block_in_mc,2000,27,13,0.4815,0.42,1.1464,2000.0,2.6391,2.5413,0.0,0
bnnpuu,1600,158,28,0.1772,0.6,0.2954,1660.71,3.3673,0.991,0.4907,1
bnnpuu,1400,45,15,0.3333,0.7,0.4762,1460.0,2.7726,1.3493,0.3721,1
bnnpuu,2200,88,8,0.0909,0.35,0.2597,2300.0,2.1972,0.4594,0.3637,1
bnnpuu,1800,74,16,0.2162,0.5,0.4324,1875.0,2.8332,1.1486,0.3196,1
bnnpuu,1000,66,34,0.5152,0.85,0.6061,1044.12,3.5553,1.9123,0.3091,1
bnnpuu,800,96,59,0.6146,0.9,0.6829,833.9,4.0943,2.0984,0.2563,1
bnnpuu,1200,19,14,0.7368,0.78,0.9447,1250.0,2.7081,2.4943,0.0349,0
bnnpuu,2000,16,13,0.8125,0.42,1.9345,2053.85,2.6391,4.4039,0.0,0
bnnpuu,2600,18,4,0.2222,0.22,1.0101,2700.0,1.6094,0.9657,0.0,0
bnnpuu,2800,6,3,0.5,0.16,2.0,2800.0,1.3863,1.9408,0.0,0
bnnpuu,3200,2,1,0.5,0.07,2.0,3200.0,0.6931,1.109,0.0,0
bonopo,3000,64,0,0.0,0.11,0.0,3000.0,0.0,0.0,0.4592,1
bonopo,1000,553,328,0.5931,0.85,0.6978,1055.18,5.7961,3.6275,0.2388,1
bonopo,1200,547,307,0.5612,0.78,0.7195,1252.77,5.7301,4.0289,0.205,1
bonopo,1400,866,459,0.53,0.7,0.7572,1455.34,6.1312,4.7294,0.1612,0
bonopo,800,854,647,0.7576,0.9,0.8418,821.02,6.4739,4.0269,0.1286,0
bonopo,1600,1011,477,0.4718,0.6,0.7864,1658.07,6.1696,4.8265,0.1237,0
bonopo,2000,2075,633,0.3051,0.42,0.7263,2048.18,6.452,4.0314,0.1178,1
bonopo,1800,1132,435,0.3843,0.5,0.7686,1850.11,6.0776,4.3209,0.115,0
bonopo,2600,248,35,0.1411,0.22,0.6415,2642.86,3.5835,1.3366,0.0949,1
bonopo,3200,2,0,0.0,0.07,0.0,3200.0,0.0,0.0,0.0769,0
bonopo,2200,1782,551,0.3092,0.35,0.8834,2238.66,6.3135,4.3702,0.0418,0
bonopo,2400,1590,419,0.2635,0.28,0.9412,2443.91,6.0403,3.8901,0.0173,0
bonopo,2800,125,23,0.184,0.16,1.15,2821.74,3.1781,1.65,0.0,0
bookcat,1600,440,196,0.4455,0.6,0.7424,1650.0,5.2832,3.8832,0.1498,1
bookcat,1800,579,209,0.361,0.5,0.7219,1860.77,5.3471,3.5915,0.1394,1
bookcat,2000,545,156,0.2862,0.42,0.6815,2033.97,5.0562,2.9438,0.1392,1
bookcat,1000,165,117,0.7091,0.85,0.8342,1064.96,4.7707,3.6026,0.1248,0
bookcat,2200,635,157,0.2472,0.35,0.7064,2249.68,5.0626,2.8159,0.1094,1
bookcat,1200,172,118,0.686,0.78,0.8795,1255.93,4.7791,4.1178,0.0838,0
bookcat,800,224,186,0.8304,0.9,0.9226,817.74,5.2311,3.552,0.0605,0
bookcat,1400,232,149,0.6422,0.7,0.9175,1464.43,5.0106,4.7126,0.0524,0
bookcat,2800,303,36,0.1188,0.16,0.7426,2827.78,3.6109,1.2132,0.0511,1
bookcat,2400,551,155,0.2813,0.28,1.0047,2447.74,5.0499,3.4772,0.0,0
bookcat,2600,298,80,0.2685,0.22,1.2203,2641.25,4.3944,3.1159,0.0,0
bookcat,3000,118,19,0.161,0.11,1.4638,3052.63,2.9957,1.4725,0.0,0
bookcat,3200,38,3,0.0789,0.07,1.1278,3200.0,1.3863,0.3502,0.0,0
bugfeature,2400,29,0,0.0,0.28,0.0,2400.0,0.0,0.0,0.9523,1
bugfeature,1200,7,3,0.4286,0.78,0.5495,1300.0,1.3863,0.7724,0.3062,0
bugfeature,2800,3,0,0.0,0.16,0.0,2800.0,0.0,0.0,0.2218,0
bugfeature,1000,12,8,0.6667,0.85,0.7843,1075.0,2.1972,1.5747,0.1471,0
bugfeature,800,9,7,0.7778,0.9,0.8642,814.29,2.0794,1.317,0.0914,0
bugfeature,1400,8,6,0.75,0.7,1.0714,1400.0,1.9459,2.0432,0.0,0
bugfeature,1800,21,12,0.5714,0.5,1.1429,1800.0,2.5649,2.6382,0.0,0
bugfeature,2200,19,19,1.0,0.35,2.0,2200.0,2.9957,6.5906,0.0,0
bugfeature,2600,4,4,1.0,0.22,2.0,2700.0,1.6094,4.3455,0.0,0
bunH2O,800,472,250,0.5297,0.9,0.5885,820.8,5.5255,2.4022,0.3495,1
bunH2O,1200,282,150,0.5319,0.78,0.6819,1240.0,5.0173,3.3093,0.2328,1
bunH2O,1400,332,157,0.4729,0.7,0.6756,1438.85,5.0626,3.4447,0.2176,1
bunH2O,1600,381,160,0.4199,0.6,0.6999,1662.5,5.0814,3.5476,0.176,1
bunH2O,2600,152,15,0.0987,0.22,0.4486,2620.0,2.7726,0.7169,0.1618,1
bunH2O,1000,147,99,0.6735,0.85,0.7923,1035.35,4.6052,3.2111,0.1574,0
bunH2O,2000,534,185,0.3464,0.42,0.8249,2049.73,5.2257,3.7109,0.0742,0
bunH2O,1800,461,204,0.4425,0.5,0.885,1843.63,5.323,4.3427,0.0558,0
bunH2O,2200,384,133,0.3464,0.35,0.9896,2254.89,4.8978,3.8252,0.0037,0
bunH2O,2400,321,120,0.3738,0.28,1.3351,2441.67,4.7958,4.3775,0.0,0
bunH2O,2800,104,27,0.2596,0.16,1.6226,2859.26,3.3322,2.4735,0.0,0
bunH2O,3000,149,21,0.1409,0.11,1.2813,3057.14,3.091,1.3318,0.0,0
bunH2O,3200,43,9,0.2093,0.07,2.0,3200.0,2.3026,1.5422,0.0,0
bunH2O,3400,160,16,0.1,0.04,2.0,3481.25,2.8332,0.9863,0.0,0
caoshurui,1000,475,231,0.4863,0.85,0.5721,1058.44,5.4467,2.8036,0.3478,1
caoshurui,1200,1045,462,0.4421,0.78,0.5668,1267.1,6.1377,3.4383,0.3291,1
caoshurui,800,775,444,0.5729,0.9,0.6366,820.27,6.0981,2.8657,0.3066,1
caoshurui,1400,782,322,0.4118,0.7,0.5882,1454.66,5.7777,3.4607,0.2834,1
caoshurui,1600,1325,450,0.3396,0.6,0.566,1652.0,6.1115,3.4289,0.2632,1
caoshurui,1800,1866,655,0.351,0.5,0.702,1857.86,6.4862,4.2299,0.1499,1
caoshurui,2000,1950,548,0.281,0.42,0.6691,2049.27,6.3081,3.6328,0.1441,1
caoshurui,2200,1371,413,0.3012,0.35,0.8607,2242.37,6.0259,4.0704,0.0501,0
caoshurui,2400,1027,406,0.3953,0.28,1.4119,2448.52,6.0088,5.8163,0.0,0
caoshurui,2600,841,281,0.3341,0.22,1.5188,2641.99,5.6419,4.9804,0.0,0
caoshurui,2800,620,148,0.2387,0.16,1.4919,2822.97,5.0039,3.372,0.0,0
caoshurui,3000,398,107,0.2688,0.11,2.0,3020.56,4.6821,3.8022,0.0,0
caoshurui,3200,108,30,0.2778,0.07,2.0,3213.33,3.434,3.0652,0.0,0
caoshurui,3400,42,24,0.5714,0.04,2.0,3487.5,3.2189,6.4148,0.0,0
carboxylBase,1400,684,283,0.4137,0.7,0.5911,1450.88,5.649,3.391,0.2811,1
carboxylBase,1200,538,278,0.5167,0.78,0.6625,1256.47,5.6312,3.6561,0.2497,1
carboxylBase,1000,396,238,0.601,0.85,0.7071,1060.08,5.4765,3.4892,0.2301,1
carboxylBase,1600,891,334,0.3749,0.6,0.6248,1658.98,5.8141,3.6157,0.2245,1
carboxylBase,2000,1241,353,0.2844,0.42,0.6773,2051.27,5.8693,3.4246,0.1406,1
carboxylBase,1800,1078,390,0.3618,0.5,0.7236,1856.41,5.9687,4.0087,0.1385,1
carboxylBase,800,604,456,0.755,0.9,0.8389,815.57,6.1247,3.7711,0.1304,0
carboxylBase,2200,1608,490,0.3047,0.35,0.8706,2251.63,6.1964,4.2516,0.0464,0
carboxylBase,2400,2001,624,0.3118,0.28,1.1137,2446.31,6.4378,4.9112,0.0,0
carboxylBase,2600,792,182,0.2298,0.22,1.0445,2642.86,5.2095,3.1638,0.0,0
carboxylBase,2800,568,124,0.2183,0.16,1.3644,2835.48,4.8283,2.9888,0.0,0
carboxylBase,3000,107,12,0.1121,0.11,1.0195,3058.33,2.5649,0.8798,0.0,0
carboxylBase,3200,9,3,0.3333,0.07,2.0,3200.0,1.3863,1.4787,0.0,0
carcinisation,1400,444,170,0.3829,0.7,0.547,1442.35,5.1417,2.8395,0.3149,1
carcinisation,1000,299,160,0.5351,0.85,0.6295,1056.88,5.0814,2.8738,0.2953,1
carcinisation,1800,840,250,0.2976,0.5,0.5952,1846.8,5.5255,3.037,0.2089,1
carcinisation,800,488,332,0.6803,0.9,0.7559,816.57,5.8081,3.2266,0.1998,0
carcinisation,1200,417,249,0.5971,0.78,0.7655,1249.8,5.5215,4.1206,0.1692,0
carcinisation,1600,469,204,0.435,0.6,0.7249,1653.92,5.323,3.8294,0.1606,1
carcinisation,2400,810,141,0.1741,0.28,0.6217,2446.1,4.9558,2.1102,0.1191,1
carcinisation,3000,88,4,0.0455,0.11,0.4132,3100.0,1.6094,0.2268,0.111,1
carcinisation,2600,304,43,0.1414,0.22,0.6429,2639.53,3.7842,1.4128,0.0939,1
carcinisation,2000,592,198,0.3345,0.42,0.7963,2065.66,5.2933,3.657,0.0868,0
carcinisation,2200,354,151,0.4266,0.35,1.2187,2252.32,5.0239,4.8266,0.0,0
carcinisation,2800,117,22,0.188,0.16,1.1752,2836.36,3.1355,1.6723,0.0,0
carcinisation,3200,7,7,1.0,0.07,2.0,3242.86,2.0794,6.7433,0.0,0
cdx123456,1400,268,130,0.4851,0.7,0.693,1443.08,4.8752,3.4126,0.2047,1
cdx123456,1800,832,267,0.3209,0.5,0.6418,1862.55,5.591,3.3418,0.1827,1
cdx123456,1000,185,124,0.6703,0.85,0.7886,1045.16,4.8283,3.3824,0.1611,0
cdx123456,1200,296,187,0.6318,0.78,0.8099,1268.98,5.2364,4.198,0.1353,0
cdx123456,1600,354,165,0.4661,0.6,0.7768,1646.06,5.112,3.9221,0.1286,0
cdx123456,2000,784,263,0.3355,0.42,0.7987,2054.37,5.5759,3.8427,0.0857,0
cdx123456,800,219,177,0.8082,0.9,0.898,820.34,5.1818,3.4356,0.0801,0
cdx123456,2200,961,291,0.3028,0.35,0.8652,2253.26,5.6768,3.8733,0.0485,0
cdx123456,2400,860,278,0.3233,0.28,1.1545,2451.08,5.6312,4.4618,0.0,0
cdx123456,2600,627,156,0.2488,0.22,1.1309,2637.18,5.0562,3.3176,0.0,0
cdx123456,2800,545,140,0.2569,0.16,1.6055,2834.29,4.9488,3.6031,0.0,0
cdx123456,3000,367,87,0.2371,0.11,2.0,3021.84,4.4773,3.2073,0.0,0
cdx123456,3200,349,57,0.1633,0.07,2.0,3249.12,4.0604,2.1547,0.0,0
cdx123456,3400,349,43,0.1232,0.04,2.0,3425.58,3.7842,1.5972,0.0,0
cf_ljy05,1400,114,44,0.386,0.7,0.5514,1440.91,3.8067,2.117,0.31,1
cf_ljy05,2400,63,6,0.0952,0.28,0.3401,2433.33,1.9459,0.451,0.2608,1
cf_ljy05,2000,136,39,0.2868,0.42,0.6828,2048.72,3.6889,2.1672,0.1398,1
cf_ljy05,800,134,103,0.7687,0.9,0.8541,819.42,4.6444,2.9253,0.1141,0
cf_ljy05,2800,66,6,0.0909,0.16,0.5682,2850.0,1.9459,0.5042,0.0986,1
cf_ljy05,1000,74,57,0.7703,0.85,0.9062,1052.63,4.0604,3.2923,0.068,0
cf_ljy05,1800,189,94,0.4974,0.5,0.9947,1850.0,4.5539,4.19,0.0025,0
cf_ljy05,1200,69,65,0.942,0.78,1.2077,1264.62,4.1897,4.9912,0.0,0
cf_ljy05,1600,90,57,0.6333,0.6,1.0556,1654.39,4.0604,4.2544,0.0,0
cf_ljy05,2200,143,57,0.3986,0.35,1.1389,2233.33,4.0604,3.6146,0.0,0
cf_ljy05,2600,6,3,0.5,0.22,2.0,2700.0,1.3863,1.8715,0.0,0
chen-xi,2600,18,0,0.0,0.22,0.0,2600.0,0.0,0.0,0.6478,0
chen-xi,1000,525,211,0.4019,0.85,0.4728,1063.03,5.3566,2.2885,0.4417,1
chen-xi,1200,439,180,0.41,0.78,0.5257,1248.89,5.1985,2.662,0.3633,1
chen-xi,1600,390,106,0.2718,0.6,0.453,1660.38,4.6728,2.1088,0.3453,1
chen-xi,1400,509,192,0.3772,0.7,0.5389,1454.69,5.2627,2.8878,0.3213,1
chen-xi,1800,396,86,0.2172,0.5,0.4343,1866.28,4.4659,1.81,0.3096,1
chen-xi,800,580,367,0.6328,0.9,0.7031,816.08,5.9081,3.0508,0.2462,1
chen-xi,2400,64,9,0.1406,0.28,0.5022,2500.0,2.3026,0.8095,0.1762,1
chen-xi,2200,171,57,0.3333,0.35,0.9524,2236.84,4.0604,3.0275,0.017,0
chen-xi,2000,85,41,0.4824,0.42,1.1485,2051.22,3.7377,3.6981,0.0,0
chenlinxuan0226,1000,266,123,0.4624,0.85,0.544,1062.6,4.8203,2.3685,0.3721,1
chenlinxuan0226,1400,424,157,0.3703,0.7,0.529,1445.22,5.0626,2.7092,0.3291,1
chenlinxuan0226,800,361,209,0.5789,0.9,0.6433,815.31,5.3471,2.524,0.298,1
chenlinxuan0226,1200,264,132,0.5,0.78,0.641,1253.79,4.8903,3.0657,0.2652,1
chenlinxuan0226,1800,582,166,0.2852,0.5,0.5704,1859.64,5.118,2.7146,0.2236,1
chenlinxuan0226,1600,392,161,0.4107,0.6,0.6845,1648.45,5.0876,3.4445,0.1857,1
chenlinxuan0226,2200,632,143,0.2263,0.35,0.6465,2252.45,4.9698,2.5329,0.1337,1
chenlinxuan0226,2000,574,182,0.3171,0.42,0.7549,2046.15,5.2095,3.3798,0.1053,0
chenlinxuan0226,2400,874,189,0.2162,0.28,0.7723,2435.45,5.247,2.7634,0.0691,0
chenlinxuan0226,2600,508,100,0.1969,0.22,0.8948,2666.0,4.6151,2.422,0.0257,0
chenlinxuan0226,2800,609,95,0.156,0.16,0.975,2849.47,4.5643,2.0288,0.0046,0
chenlinxuan0226,3000,573,118,0.2059,0.11,1.8721,3048.31,4.7791,3.0001,0.0,0
chenlinxuan0226,3200,182,41,0.2253,0.07,2.0,3241.46,3.7377,2.7293,0.0,0
chenlinxuan0226,3400,495,52,0.1051,0.04,2.0,3467.31,3.9703,1.4461,0.0,0
chennie,1000,654,302,0.4618,0.85,0.5433,1065.89,5.7137,2.8123,0.375,1
chennie,1200,803,376,0.4682,0.78,0.6003,1256.12,5.9322,3.4892,0.3008,1
chennie,1400,877,364,0.4151,0.7,0.5929,1441.76,5.8999,3.5305,0.2799,1
chennie,1600,917,387,0.422,0.6,0.7034,1655.81,5.961,4.1656,0.1744,1
chennie,1800,1479,489,0.3306,0.5,0.6613,1859.3,6.1944,3.8079,0.1719,1
chennie,800,734,539,0.7343,0.9,0.8159,816.7,6.2916,3.7732,0.15,0
chennie,2000,1516,425,0.2803,0.42,0.6675,2043.29,6.0544,3.4681,0.145,1
chennie,2200,1403,360,0.2566,0.35,0.7331,2252.22,5.8889,3.4032,0.0983,1
chennie,2600,444,61,0.1374,0.22,0.6245,2636.07,4.1271,1.4947,0.0983,1
chennie,2400,1167,230,0.1971,0.28,0.7039,2444.35,5.4424,2.6219,0.0909,1
chennie,2800,325,43,0.1323,0.16,0.8269,2827.91,3.7842,1.4159,0.0335,0
chennie,3000,18,5,0.2778,0.11,2.0,3100.0,1.7918,1.5429,0.0,0
chennie,3200,12,5,0.4167,0.07,2.0,3200.0,1.7918,2.389,0.0,0
chennie,3400,18,2,0.1111,0.04,2.0,3500.0,1.0986,0.4272,0.0,0
chinerist,1200,464,338,0.7284,0.78,0.9339,1256.51,5.826,5.3325,0.0464,0
chinerist,1000,317,257,0.8107,0.85,0.9538,1054.47,5.553,4.7472,0.0345,0
chinerist,1600,903,509,0.5637,0.6,0.9395,1659.53,6.2344,5.8319,0.0342,0
chinerist,2000,1350,521,0.3859,0.42,0.9189,2050.48,6.2577,4.9519,0.0338,0
chinerist,800,512,445,0.8691,0.9,0.9657,819.78,6.1003,4.3465,0.0271,0
chinerist,2200,1395,473,0.3391,0.35,0.9688,2248.41,6.1612,4.6971,0.0111,0
chinerist,1400,568,401,0.706,0.7,1.0086,1446.88,5.9965,6.1252,0.0,0
chinerist,1800,1008,565,0.5605,0.5,1.121,1854.34,6.3386,6.5882,0.0,0
chinerist,2400,1643,542,0.3299,0.28,1.1782,2441.51,6.2971,5.0718,0.0,0
chinerist,2600,660,241,0.3652,0.22,1.6598,2626.56,5.4889,5.2644,0.0,0
chinerist,2800,359,104,0.2897,0.16,1.8106,2830.77,4.654,3.8165,0.0,0
chinerist,3000,231,54,0.2338,0.11,2.0,3055.56,4.0073,2.8624,0.0,0
chinerist,3200,78,12,0.1538,0.07,2.0,3283.33,2.5649,1.2956,0.0,0
chinerist,3400,38,5,0.1316,0.04,2.0,3420.0,1.7918,0.8063,0.0,0
choic_e,1000,12,6,0.5,0.85,0.5882,1100.0,1.9459,1.0703,0.3047,0
choic_e,2000,42,12,0.2857,0.42,0.6803,2100.0,2.5649,1.539,0.1417,1
choic_e,1800,24,10,0.4167,0.5,0.8333,1800.0,2.3979,1.7984,0.0789,0
choic_e,800,21,17,0.8095,0.9,0.8995,811.76,2.8904,1.8994,0.0719,0
choic_e,1200,17,14,0.8235,0.78,1.0558,1242.86,2.7081,2.7718,0.0,0
choic_e,1400,2,2,1.0,0.7,1.4286,1500.0,1.0986,1.6479,0.0,0
choic_e,1600,19,13,0.6842,0.6,1.1404,1646.15,2.6391,2.9724,0.0,0
choic_e,2200,5,5,1.0,0.35,2.0,2200.0,1.7918,3.9419,0.0,0
choic_e,2400,12,4,0.3333,0.28,1.1905,2400.0,1.6094,1.2876,0.0,0
cike_bilibili,1000,84,48,0.5714,0.85,0.6723,1060.42,3.8918,2.3583,0.253,1
cike_bilibili,2000,1041,246,0.2363,0.42,0.5626,2048.37,5.5094,2.6668,0.1961,1
cike_bilibili,1400,133,66,0.4962,0.7,0.7089,1457.58,4.2047,3.0413,0.1917,1
cike_bilibili,1200,93,54,0.5806,0.78,0.7444,1242.59,4.0073,2.8913,0.1809,1
cike_bilibili,1800,552,189,0.3424,0.5,0.6848,1861.9,5.247,3.345,0.1593,1
cike_bilibili,1600,238,105,0.4412,0.6,0.7353,1641.9,4.6634,3.3781,0.1536,1
cike_bilibili,800,130,101,0.7769,0.9,0.8632,822.77,4.625,2.9564,0.1067,0
cike_bilibili,2400,1265,284,0.2245,0.28,0.8018,2450.35,5.6525,3.1095,0.0596,0
cike_bilibili,2200,1006,312,0.3101,0.35,0.8861,2249.68,5.7462,4.0092,0.0409,0
cike_bilibili,2600,803,242,0.3014,0.22,1.3699,2650.0,5.4931,4.3869,0.0,0
cike_bilibili,2800,1454,267,0.1836,0.16,1.1477,2832.58,5.591,2.9082,0.0,0
cike_bilibili,3000,374,108,0.2888,0.11,2.0,3037.04,4.6913,4.1143,0.0,0
cike_bilibili,3200,287,47,0.1638,0.07,2.0,3229.79,3.8712,2.0476,0.0,0
cike_bilibili,3400,377,47,0.1247,0.04,2.0,3451.06,3.8712,1.6655,0.0,0
ciuim,800,732,484,0.6612,0.9,0.7347,816.74,6.1841,3.3396,0.2193,1
ciuim,1200,465,255,0.5484,0.78,0.7031,1249.8,5.5452,3.8005,0.2174,1
ciuim,1000,333,205,0.6156,0.85,0.7243,1061.95,5.3279,3.4831,0.2152,1
ciuim,1400,501,264,0.5269,0.7,0.7528,1435.61,5.5797,4.221,0.1636,0
ciuim,1600,611,272,0.4452,0.6,0.742,1662.87,5.6095,4.1525,0.1503,1
ciuim,1800,964,357,0.3703,0.5,0.7407,1841.74,5.8805,4.0108,0.1295,1
ciuim,2000,1030,315,0.3058,0.42,0.7282,2046.67,5.7557,3.6026,0.1173,1
ciuim,2200,1110,405,0.3649,0.35,1.0425,2263.7,6.0064,4.9609,0.0,0
ciuim,2400,2091,616,0.2946,0.28,1.0521,2442.86,6.4249,4.6237,0.0,0
ciuim,2600,1128,373,0.3307,0.22,1.5031,2647.18,5.9243,5.1858,0.0,0
ciuim,2800,1026,252,0.2456,0.16,1.5351,2830.95,5.5334,3.8475,0.0,0
ciuim,3000,668,179,0.268,0.11,2.0,3031.84,5.193,4.2189,0.0,0
ciuim,3200,264,89,0.3371,0.07,2.0,3241.57,4.4998,4.9174,0.0,0
ciuim,3400,197,40,0.203,0.04,2.0,3432.5,3.7136,2.5882,0.0,0
clarinha,1400,350,188,0.5371,0.7,0.7673,1453.72,5.2417,4.0931,0.1529,0
clarinha,1200,263,167,0.635,0.78,0.8141,1255.09,5.124,4.0836,0.132,0
clarinha,1800,432,187,0.4329,0.5,0.8657,1857.75,5.2364,4.211,0.0653,0
clarinha,800,368,307,0.8342,0.9,0.9269,824.43,5.7301,3.941,0.0578,0
clarinha,1000,191,153,0.801,0.85,0.9424,1062.09,5.037,4.2854,0.0426,0
clarinha,1600,363,232,0.6391,0.6,1.0652,1661.64,5.451,5.7889,0.0,0
clarinha,2000,367,161,0.4387,0.42,1.0445,2059.01,5.0876,4.5955,0.0,0
clarinha,2200,743,325,0.4374,0.35,1.2498,2276.0,5.7869,5.7612,0.0,0
clarinha,2400,1003,349,0.348,0.28,1.2427,2441.26,5.8579,4.976,0.0,0
clarinha,2600,129,66,0.5116,0.22,2.0,2636.36,4.2047,5.6714,0.0,0
clarinha,2800,165,48,0.2909,0.16,1.8182,2833.33,3.8918,3.2078,0.0,0
clarinha,3000,21,5,0.2381,0.11,2.0,3060.0,1.7918,1.3054,0.0,0
clarinha,3200,12,4,0.3333,0.07,2.0,3200.0,1.6094,1.7167,0.0,0
clarinha,3400,32,4,0.125,0.04,2.0,3400.0,1.6094,0.684,0.0,0
clawson19,800,136,90,0.6618,0.9,0.7353,813.33,4.5109,2.4279,0.2127,1
clawson19,1000,75,58,0.7733,0.85,0.9098,1058.62,4.0775,3.3381,0.0654,0
clawson19,1600,86,46,0.5349,0.6,0.8915,1643.48,3.8501,3.3845,0.06,0
clawson19,1200,57,45,0.7895,0.78,1.0121,1268.89,3.8286,3.8354,0.0,0
clawson19,1400,52,45,0.8654,0.7,1.2363,1448.89,3.8286,4.8005,0.0,0
clawson19,1800,100,75,0.75,0.5,1.5,1848.0,4.3307,6.0024,0.0,0
clawson19,2000,70,61,0.8714,0.42,2.0,2063.93,4.1271,7.4229,0.0,0
clawson19,2200,157,75,0.4777,0.35,1.3649,2246.67,4.3307,4.648,0.0,0
clawson19,2400,77,60,0.7792,0.28,2.0,2465.0,4.1109,7.8961,0.0,0
clawson19,2600,57,43,0.7544,0.22,2.0,2662.79,3.7842,7.6016,0.0,0
clawson19,2800,39,33,0.8462,0.16,2.0,2845.45,3.5264,8.4904,0.0,0
clawson19,3000,22,18,0.8182,0.11,2.0,3022.22,2.9444,7.2808,0.0,0
clawson19,3200,17,17,1.0,0.07,2.0,3235.29,2.8904,9.3512,0.0,0
clawson19,3400,27,20,0.7407,0.04,2.0,3495.0,3.0445,7.8819,0.0,0
clue_,3400,6,0,0.0,0.04,0.0,3400.0,0.0,0.0,0.0778,0
clue_,800,112,97,0.8661,0.9,0.9623,814.43,4.585,3.234,0.0287,0
clue_,1000,87,73,0.8391,0.85,0.9872,1072.6,4.3041,3.8737,0.0092,0
clue_,1200,74,64,0.8649,0.78,1.1088,1265.62,4.1744,4.5693,0.0,0
clue_,1400,81,57,0.7037,0.7,1.0053,1457.89,4.0604,4.1657,0.0,0
clue_,1600,101,82,0.8119,0.6,1.3531,1664.63,4.4188,5.972,0.0,0
clue_,1800,89,52,0.5843,0.5,1.1685,1830.77,3.9703,4.2469,0.0,0
clue_,2000,71,39,0.5493,0.42,1.3078,2069.23,3.6889,4.1929,0.0,0
clue_,2200,35,23,0.6571,0.35,1.8776,2208.7,3.1781,4.6127,0.0,0
clue_,2400,15,10,0.6667,0.28,2.0,2500.0,2.3979,3.9965,0.0,0
clue_,2600,2,2,1.0,0.22,2.0,2600.0,1.0986,2.8564,0.0,0
clue_,2800,5,5,1.0,0.16,2.0,2900.0,1.7918,5.1961,0.0,0
cn449,1200,352,274,0.7784,0.78,0.998,1255.47,5.6168,5.4891,0.0014,0
cn449,800,336,313,0.9315,0.9,1.0351,813.74,5.7494,4.3582,0.0,0
cn449,1000,216,195,0.9028,0.85,1.0621,1061.03,5.2781,5.0557,0.0,0
cn449,1400,446,341,0.7646,0.7,1.0922,1447.21,5.8348,6.4562,0.0,0
cn449,1600,630,449,0.7127,0.6,1.1878,1663.7,6.1092,7.2438,0.0,0
cn449,1800,811,523,0.6449,0.5,1.2898,1852.01,6.2615,7.4783,0.0,0
cn449,2000,857,469,0.5473,0.42,1.303,2050.11,6.1527,6.903,0.0,0
cn449,2200,877,416,0.4743,0.35,1.3553,2249.52,6.0331,6.4376,0.0,0
cn449,2400,1239,488,0.3939,0.28,1.4067,2445.08,6.1924,5.9635,0.0,0
cn449,2600,1547,349,0.2256,0.22,1.0254,2639.83,5.8579,3.4886,0.0,0
cn449,2800,1368,275,0.201,0.16,1.2564,2840.73,5.6204,3.2095,0.0,0
cn449,3000,610,127,0.2082,0.11,1.8927,3045.67,4.852,3.0767,0.0,0
cn449,3200,437,61,0.1396,0.07,1.9941,3236.07,4.1271,1.8643,0.0,0
cn449,3400,108,17,0.1574,0.04,2.0,3482.35,2.8904,1.5844,0.0,0
cockatooo_2025GM,800,767,664,0.8657,0.9,0.9619,817.32,6.4998,4.599,0.0304,0
cockatooo_2025GM,1400,603,404,0.67,0.7,0.9571,1441.34,6.0039,5.7978,0.0274,0
cockatooo_2025GM,1600,833,490,0.5882,0.6,0.9804,1657.35,6.1964,6.041,0.011,0
cockatooo_2025GM,1000,399,343,0.8596,0.85,1.0114,1065.31,5.8406,5.3488,0.0,0
cockatooo_2025GM,1200,399,352,0.8822,0.78,1.131,1254.26,5.8665,6.4913,0.0,0
cockatooo_2025GM,1800,930,553,0.5946,0.5,1.1892,1858.59,6.3172,6.9815,0.0,0
cockatooo_2025GM,2000,923,460,0.4984,0.42,1.1866,2051.74,6.1334,6.2716,0.0,0
cockatooo_2025GM,2200,1556,600,0.3856,0.35,1.1017,2250.0,6.3986,5.5515,0.0,0
cockatooo_2025GM,2400,2737,871,0.3182,0.28,1.1365,2452.81,6.7708,5.285,0.0,0
cockatooo_2025GM,2600,1223,405,0.3312,0.22,1.5052,2632.84,6.0064,5.2368,0.0,0
cockatooo_2025GM,2800,376,89,0.2367,0.16,1.4794,2834.83,4.4998,3.0194,0.0,0
cockatooo_2025GM,3000,45,20,0.4444,0.11,2.0,3000.0,3.0445,4.0594,0.0,0
codebuzz0001,1400,103,37,0.3592,0.7,0.5132,1440.54,3.6376,1.8824,0.3413,1
codebuzz0001,3000,20,0,0.0,0.11,0.0,3000.0,0.0,0.0,0.3349,1
codebuzz0001,2400,49,4,0.0816,0.28,0.2915,2400.0,1.6094,0.3153,0.2974,1
codebuzz0001,1800,99,27,0.2727,0.5,0.5455,1848.15,3.3322,1.6796,0.2416,1
codebuzz0001,1600,94,37,0.3936,0.6,0.656,1648.65,3.6376,2.3606,0.2027,1
codebuzz0001,800,195,137,0.7026,0.9,0.7806,818.25,4.9273,2.8325,0.1758,0
codebuzz0001,1000,112,76,0.6786,0.85,0.7983,1047.37,4.3438,3.0872,0.1517,0
codebuzz0001,2600,33,4,0.1212,0.22,0.551,2700.0,1.6094,0.5267,0.1335,1
codebuzz0001,1200,77,50,0.6494,0.78,0.8325,1242.0,3.9318,3.171,0.1154,0
codebuzz0001,2000,33,28,0.8485,0.42,2.0,2085.71,3.3673,5.9591,0.0,0
codebuzz0001,2200,52,24,0.4615,0.35,1.3187,2200.0,3.2189,3.2684,0.0,0
codelegend,3400,29,0,0.0,0.04,0.0,3400.0,0.0,0.0,0.136,1
codelegend,1600,2199,1081,0.4916,0.6,0.8193,1652.36,6.9866,5.675,0.1045,0
codelegend,1200,1344,901,0.6704,0.78,0.8595,1250.17,6.8046,5.7029,0.1012,0
codelegend,1000,1003,743,0.7408,0.85,0.8715,1049.13,6.612,5.1387,0.0992,0
codelegend,800,1504,1203,0.7999,0.9,0.8887,828.26,7.0934,4.6994,0.0905,0
codelegend,3200,257,7,0.0272,0.07,0.3891,3200.0,2.0794,0.1812,0.0771,1
codelegend,1400,1649,1033,0.6264,0.7,0.8949,1452.76,6.9412,6.3169,0.0686,0
codelegend,1800,2334,1029,0.4409,0.5,0.8817,1849.47,6.9373,5.6566,0.0578,0
codelegend,2400,1787,459,0.2569,0.28,0.9173,2433.99,6.1312,3.8331,0.0243,0
codelegend,2200,2020,668,0.3307,0.35,0.9448,2241.47,6.5058,4.8223,0.0196,0
codelegend,2000,2017,841,0.417,0.42,0.9928,2049.7,6.7358,5.7566,0.003,0
codelegend,2600,598,157,0.2625,0.22,1.1934,2645.22,5.0626,3.5159,0.0,0
codelegend,2800,290,62,0.2138,0.16,1.3362,2820.97,4.1431,2.4987,0.0,0
codelegend,3000,134,19,0.1418,0.11,1.289,3042.11,2.9957,1.2922,0.0,0
codingforenjoy,1200,34,15,0.4412,0.78,0.5656,1266.67,2.7726,1.5494,0.3193,1
codingforenjoy,1800,77,23,0.2987,0.5,0.5974,1834.78,3.1781,1.7417,0.2099,1
codingforenjoy,1400,34,19,0.5588,0.7,0.7983,1452.63,2.9957,2.4318,0.1256,0
codingforenjoy,1000,39,30,0.7692,0.85,0.905,1046.67,3.434,2.7648,0.0672,0
codingforenjoy,800,46,38,0.8261,0.9,0.9179,815.79,3.6636,2.4689,0.061,0
codingforenjoy,3400,2,0,0.0,0.04,0.0,3400.0,0.0,0.0,0.0439,0
codingforenjoy,1600,40,26,0.65,0.6,1.0833,1646.15,3.2958,3.5265,0.0,0
codingforenjoy,2000,29,19,0.6552,0.42,1.5599,2078.95,2.9957,4.0804,0.0,0
codingforenjoy,2200,56,21,0.375,0.35,1.0714,2223.81,3.091,2.5777,0.0,0
codingforenjoy,2400,32,11,0.3438,0.28,1.2277,2400.0,2.4849,2.05,0.0,0
codingforenjoy,2600,31,11,0.3548,0.22,1.6129,2600.0,2.4849,2.2925,0.0,0
codingforenjoy,2800,3,3,1.0,0.16,2.0,2900.0,1.3863,4.0203,0.0,0
concuuduoc,1400,183,67,0.3661,0.7,0.523,1428.36,4.2195,2.2066,0.3336,1
concuuduoc,800,178,122,0.6854,0.9,0.7615,826.23,4.8122,2.7251,0.1915,0
concuuduoc,1000,66,44,0.6667,0.85,0.7843,1059.09,3.8067,2.6877,0.1604,0
concuuduoc,1800,195,72,0.3692,0.5,0.7385,1856.94,4.2905,2.9417,0.1305,1
concuuduoc,1200,100,66,0.66,0.78,0.8462,1254.55,4.2047,3.4815,0.1064,0
concuuduoc,1600,57,36,0.6316,0.6,1.0526,1661.11,3.6109,3.7883,0.0,0
concuuduoc,2000,100,53,0.53,0.42,1.2619,2067.92,3.989,4.3719,0.0,0
concuuduoc,2200,238,92,0.3866,0.35,1.1044,2259.78,4.5326,3.9594,0.0,0
concuuduoc,2400,182,63,0.3462,0.28,1.2363,2463.49,4.1589,3.5465,0.0,0
concuuduoc,2600,88,53,0.6023,0.22,2.0,2671.7,3.989,6.4186,0.0,0
concuuduoc,2800,36,22,0.6111,0.16,2.0,2818.18,3.1355,5.4,0.0,0
concuuduoc,3000,9,6,0.6667,0.11,2.0,3050.0,1.9459,3.9567,0.0,0
concuuduoc,3200,10,10,1.0,0.07,2.0,3270.0,2.3979,7.8411,0.0,0
concuuduoc,3400,41,10,0.2439,0.04,2.0,3430.0,2.3979,2.006,0.0,0
conqueror_of_tourist,800,522,326,0.6245,0.9,0.6939,817.18,5.79,2.9549,0.254,1
conqueror_of_tourist,1000,356,239,0.6713,0.85,0.7898,1057.74,5.4806,3.8919,0.162,0
conqueror_of_tourist,1800,1035,376,0.3633,0.5,0.7266,1848.94,5.9322,3.9846,0.1369,1
conqueror_of_tourist,1600,655,325,0.4962,0.6,0.827,1654.15,5.7869,4.7497,0.0992,0
conqueror_of_tourist,2000,928,340,0.3664,0.42,0.8723,2047.65,5.8319,4.3752,0.0536,0
conqueror_of_tourist,1200,325,235,0.7231,0.78,0.927,1246.81,5.4638,4.9259,0.051,0
conqueror_of_tourist,1400,482,317,0.6577,0.7,0.9395,1453.0,5.7621,5.5062,0.0387,0
conqueror_of_tourist,2600,1033,196,0.1897,0.22,0.8624,2649.49,5.2832,2.6559,0.0334,0
conqueror_of_tourist,2800,965,136,0.1409,0.16,0.8808,2845.59,4.92,1.9731,0.0221,0
conqueror_of_tourist,2200,908,320,0.3524,0.35,1.0069,2248.44,5.7714,4.5733,0.0,0
conqueror_of_tourist,2400,824,284,0.3447,0.28,1.2309,2446.48,5.6525,4.7662,0.0,0
conqueror_of_tourist,3000,299,81,0.2709,0.11,2.0,3038.27,4.4067,3.6271,0.0,0
conqueror_of_tourist,3200,321,45,0.1402,0.07,2.0,3240.0,3.8286,1.739,0.0,0
conqueror_of_tourist,3400,110,23,0.2091,0.04,2.0,3443.48,3.1781,2.2882,0.0,0
cool_milo,1200,102,55,0.5392,0.78,0.6913,1269.09,4.0254,2.7546,0.2221,1
cool_milo,1000,74,47,0.6351,0.85,0.7472,1053.19,3.8712,2.5895,0.1904,1
cool_milo,2200,335,67,0.2,0.35,0.5714,2255.22,4.2195,1.9032,0.1672,1
cool_milo,1800,243,90,0.3704,0.5,0.7407,1856.67,4.5109,3.1019,0.1293,1
cool_milo,1400,153,87,0.5686,0.7,0.8123,1450.57,4.4773,3.6931,0.1208,0
cool_milo,800,98,83,0.8469,0.9,0.941,809.64,4.4308,3.0383,0.0449,0
cool_milo,2400,681,165,0.2423,0.28,0.8653,2446.06,5.112,3.0297,0.0403,0
cool_milo,2800,389,53,0.1362,0.16,0.8515,2845.28,3.989,1.5464,0.0284,0
cool_milo,2600,570,116,0.2035,0.22,0.925,2626.72,4.7622,2.5457,0.0182,0
cool_milo,1600,82,59,0.7195,0.6,1.1992,1683.05,4.0943,4.9582,0.0,0
cool_milo,2000,183,88,0.4809,0.42,1.1449,2051.14,4.4886,4.4273,0.0,0
cool_milo,3000,70,17,0.2429,0.11,2.0,3035.29,2.8904,2.1306,0.0,0
cool_milo,3200,53,16,0.3019,0.07,2.0,3250.0,2.8332,2.7798,0.0,0
cool_milo,3400,30,17,0.5667,0.04,2.0,3452.94,2.8904,5.6555,0.0,0
countful,1000,449,216,0.4811,0.85,0.566,1062.5,5.3799,2.7499,0.3533,1
countful,1200,593,255,0.43,0.78,0.5513,1252.16,5.5452,2.9858,0.3415,1
countful,1400,827,331,0.4002,0.7,0.5718,1443.5,5.8051,3.3539,0.296,1
countful,1600,1044,363,0.3477,0.6,0.5795,1655.1,5.8972,3.3937,0.2543,1
countful,2000,1595,350,0.2194,0.42,0.5225,2052.57,5.8608,2.6397,0.2156,1
countful,1800,1232,364,0.2955,0.5,0.5909,1854.12,5.8999,3.232,0.211,1
countful,800,490,358,0.7306,0.9,0.8118,818.72,5.8833,3.5192,0.1525,0
countful,2200,1022,222,0.2172,0.35,0.6206,2239.64,5.4072,2.6306,0.1436,1
countful,2400,583,108,0.1852,0.28,0.6616,2462.04,4.6913,2.1397,0.106,1
countful,2800,69,7,0.1014,0.16,0.6341,2842.86,2.0794,0.5997,0.0808,1
countful,2600,175,33,0.1886,0.22,0.8571,2627.27,3.5264,1.7471,0.0359,0
countful,3000,7,3,0.4286,0.11,2.0,3100.0,1.3863,1.8418,0.0,0
countful,3200,4,3,0.75,0.07,2.0,3200.0,1.3863,3.3271,0.0,0
cq__2436,1600,921,291,0.316,0.6,0.5266,1654.98,5.6768,2.9684,0.2904,1
cq__2436,1000,494,285,0.5769,0.85,0.6787,1057.19,5.656,3.4497,0.2546,1
cq__2436,3200,31,0,0.0,0.07,0.0,3200.0,0.0,0.0,0.2426,1
cq__2436,1400,684,317,0.4635,0.7,0.6621,1447.32,5.7621,3.865,0.2284,1
cq__2436,2000,875,188,0.2149,0.42,0.5116,2041.49,5.2417,2.2992,0.2227,1
cq__2436,1200,609,341,0.5599,0.78,0.7179,1246.92,5.8348,4.0738,0.2065,1
cq__2436,1800,903,297,0.3289,0.5,0.6578,1852.19,5.6971,3.4706,0.1739,1
cq__2436,2200,944,189,0.2002,0.35,0.572,2240.21,5.247,2.3534,0.1643,1
cq__2436,3000,3,0,0.0,0.11,0.0,3000.0,0.0,0.0,0.1525,0
cq__2436,800,752,596,0.7926,0.9,0.8806,816.78,6.3919,4.1377,0.0963,0
cq__2436,2400,391,85,0.2174,0.28,0.7764,2463.53,4.4543,2.3855,0.0685,0
cq__2436,2600,161,51,0.3168,0.22,1.4399,2609.8,3.9512,3.2665,0.0,0
cq__2436,2800,48,11,0.2292,0.16,1.4323,2854.55,2.4849,1.6255,0.0,0
cqbzlwz,1400,238,90,0.3782,0.7,0.5402,1452.22,4.5109,2.4772,0.3198,1
cqbzlwz,1600,437,132,0.3021,0.6,0.5034,1653.79,4.8903,2.4429,0.3076,1
cqbzlwz,1000,101,53,0.5248,0.85,0.6174,1064.15,3.989,2.2275,0.3015,1
cqbzlwz,1200,237,115,0.4852,0.78,0.6221,1260.0,4.7536,2.9063,0.2804,1
cqbzlwz,800,197,123,0.6244,0.9,0.6937,817.89,4.8203,2.4615,0.2504,1
cqbzlwz,1800,593,213,0.3592,0.5,0.7184,1846.95,5.366,3.5598,0.1413,1
cqbzlwz,2000,596,186,0.3121,0.42,0.743,2050.0,5.2311,3.3467,0.1107,1
cqbzlwz,2200,723,187,0.2586,0.35,0.739,2242.25,5.2364,3.0368,0.0965,1
cqbzlwz,2400,429,157,0.366,0.28,1.307,2449.04,5.0626,4.5375,0.0,0
cqbzlwz,2600,448,138,0.308,0.22,1.4002,2644.2,4.9345,4.0192,0.0,0
cqbzlwz,2800,529,119,0.225,0.16,1.406,2822.69,4.7875,3.0399,0.0,0
cqbzlwz,3000,364,61,0.1676,0.11,1.5235,3011.48,4.1271,2.0828,0.0,0
cqbzlwz,3200,64,32,0.5,0.07,2.0,3243.75,3.4965,5.6709,0.0,0
cqbzlwz,3400,199,30,0.1508,0.04,2.0,3443.33,3.434,1.7826,0.0,0
cqrcqr,1200,405,202,0.4988,0.78,0.6394,1250.5,5.3132,3.3139,0.2676,1
cqrcqr,800,429,287,0.669,0.9,0.7433,820.91,5.663,3.11,0.2102,1
cqrcqr,1000,218,140,0.6422,0.85,0.7555,1060.0,4.9488,3.3688,0.1882,0
cqrcqr,1400,392,226,0.5765,0.7,0.8236,1443.81,5.425,4.5157,0.1148,0
cqrcqr,1800,619,244,0.3942,0.5,0.7884,1860.25,5.5013,4.034,0.1047,0
cqrcqr,1600,404,208,0.5149,0.6,0.8581,1652.4,5.3423,4.545,0.0806,0
cqrcqr,2000,736,321,0.4361,0.42,1.0384,2056.39,5.7746,5.1791,0.0,0
cqrcqr,2200,890,334,0.3753,0.35,1.0722,2255.09,5.8141,4.9205,0.0,0
cqrcqr,2400,945,277,0.2931,0.28,1.0469,2452.71,5.6276,4.0459,0.0,0
cqrcqr,2600,491,142,0.2892,0.22,1.3146,2631.69,4.9628,3.7772,0.0,0
cqrcqr,2800,242,101,0.4174,0.16,2.0,2840.59,4.625,5.4831,0.0,0
cqrcqr,3000,265,59,0.2226,0.11,2.0,3042.37,4.0943,2.7733,0.0,0
cqrcqr,3200,60,22,0.3667,0.07,2.0,3213.64,3.1355,3.6947,0.0,0
cqrcqr,3400,28,9,0.3214,0.04,2.0,3433.33,2.3026,2.5411,0.0,0
cran,2800,57,1,0.0175,0.16,0.1096,2800.0,0.6931,0.034,0.3416,1
cran,1400,291,143,0.4914,0.7,0.702,1453.15,4.9698,3.5489,0.1984,1
cran,1200,259,158,0.61,0.78,0.7821,1256.33,5.0689,3.8849,0.1557,0
cran,1600,363,172,0.4738,0.6,0.7897,1666.28,5.1533,4.0687,0.1209,0
cran,2000,437,145,0.3318,0.42,0.79,2067.59,4.9836,3.419,0.0896,0
cran,800,351,289,0.8234,0.9,0.9148,820.42,5.6699,3.83,0.0674,0
cran,1000,187,148,0.7914,0.85,0.9311,1065.54,5.0039,4.2199,0.0511,0
cran,1800,363,166,0.4573,0.5,0.9146,1864.46,5.118,4.3637,0.0412,0
cran,2200,488,180,0.3689,0.35,1.0539,2245.56,5.1985,4.3058,0.0,0
cran,2400,470,159,0.3383,0.28,1.2082,2461.64,5.0752,4.2264,0.0,0
cran,2600,189,70,0.3704,0.22,1.6835,2642.86,4.2627,4.1725,0.0,0
cran,3000,30,8,0.2667,0.11,2.0,3037.5,2.1972,1.7798,0.0,0
cran,3200,2,1,0.5,0.07,2.0,3200.0,0.6931,1.109,0.0,0
crazyilian,1600,653,201,0.3078,0.6,0.513,1663.68,5.3083,2.7184,0.3003,1
crazyilian,1400,472,194,0.411,0.7,0.5872,1464.95,5.273,3.175,0.2837,1
crazyilian,1800,728,190,0.261,0.5,0.522,1845.26,5.2523,2.5295,0.252,1
crazyilian,800,270,181,0.6704,0.9,0.7449,829.83,5.204,2.895,0.2074,1
crazyilian,1200,243,140,0.5761,0.78,0.7386,1245.71,4.9488,3.5517,0.1884,1
crazyilian,1000,248,166,0.6694,0.85,0.7875,1046.39,5.118,3.5847,0.1629,0
crazyilian,2600,358,35,0.0978,0.22,0.4444,2640.0,3.5835,0.9249,0.1569,1
crazyilian,2000,619,179,0.2892,0.42,0.6885,2046.93,5.193,3.0738,0.1358,1
crazyilian,2200,334,78,0.2335,0.35,0.6672,2224.36,4.3694,2.2698,0.1261,1
crazyilian,3200,2,0,0.0,0.07,0.0,3200.0,0.0,0.0,0.0769,0
crazyilian,2400,312,72,0.2308,0.28,0.8242,2458.33,4.2905,2.434,0.0535,0
crazyilian,2800,78,13,0.1667,0.16,1.0417,2830.77,2.6391,1.2451,0.0,0
crazyilian,3000,67,8,0.1194,0.11,1.0855,3025.0,2.1972,0.7936,0.0,0
crazyilian,3400,10,2,0.2,0.04,2.0,3500.0,1.0986,0.769,0.0,0
crimson000,1000,69,43,0.6232,0.85,0.7332,1060.47,3.7842,2.5009,0.2014,1
crimson000,1200,72,42,0.5833,0.78,0.7479,1271.43,3.7612,2.7896,0.1772,1
crimson000,1800,240,83,0.3458,0.5,0.6917,1844.58,4.4308,2.8265,0.1557,1
crimson000,1400,130,75,0.5769,0.7,0.8242,1442.67,4.3307,3.6045,0.1126,0
crimson000,1600,92,50,0.5435,0.6,0.9058,1652.0,3.9318,3.5301,0.0519,0
crimson000,800,75,64,0.8533,0.9,0.9481,823.44,4.1744,2.9332,0.0391,0
crimson000,2000,237,103,0.4346,0.42,1.0348,2037.86,4.6444,4.1133,0.0,0
crimson000,2200,348,167,0.4799,0.35,1.3711,2260.48,5.124,5.5583,0.0,0
crimson000,2400,618,182,0.2945,0.28,1.0518,2441.76,5.2095,3.7461,0.0,0
crimson000,2600,322,99,0.3075,0.22,1.3975,2648.48,4.6052,3.7499,0.0,0
crimson000,2800,327,79,0.2416,0.16,1.5099,2831.65,4.382,2.9977,0.0,0
crimson000,3000,371,149,0.4016,0.11,2.0,3038.93,5.0106,6.1154,0.0,0
crimson000,3200,392,89,0.227,0.07,2.0,3252.81,4.4998,3.3232,0.0,0
crimson000,3400,195,31,0.159,0.04,2.0,3435.48,3.4657,1.8928,0.0,0
csp1025,1400,118,61,0.5169,0.7,0.7385,1454.1,4.1271,3.1023,0.1706,1
csp1025,800,90,64,0.7111,0.9,0.7901,810.94,4.1744,2.4072,0.1647,0
csp1025,1800,169,60,0.355,0.5,0.7101,1860.0,4.1109,2.7146,0.1457,1
csp1025,2000,262,77,0.2939,0.42,0.6997,2059.74,4.3567,2.6373,0.1312,1
csp1025,3400,9,0,0.0,0.04,0.0,3400.0,0.0,0.0,0.0921,0
csp1025,1200,69,47,0.6812,0.78,0.8733,1246.81,3.8712,3.2877,0.0862,0
csp1025,1000,29,22,0.7586,0.85,0.8925,1050.0,3.1355,2.4976,0.0752,0
csp1025,1600,94,57,0.6064,0.6,1.0106,1661.4,4.0604,4.0907,0.0,0
csp1025,2200,72,33,0.4583,0.35,1.3095,2236.36,3.5264,3.6145,0.0,0
csp1025,2400,162,51,0.3148,0.28,1.1243,2449.02,3.9512,3.0464,0.0,0
csp1025,2600,50,12,0.24,0.22,1.0909,2608.33,2.5649,1.6057,0.0,0
csp1025,2800,19,10,0.5263,0.16,2.0,2860.0,2.3979,3.6095,0.0,0
csp1025,3000,25,8,0.32,0.11,2.0,3025.0,2.1972,2.1269,0.0,0
cunt,2600,47,4,0.0851,0.22,0.3868,2700.0,1.6094,0.3698,0.2001,1
cunt,800,48,46,0.9583,0.9,1.0648,821.74,3.8501,3.032,0.0,0
cunt,1000,32,32,1.0,0.85,1.1765,1062.5,3.4965,3.715,0.0,0
cunt,1200,37,29,0.7838,0.78,1.0049,1244.83,3.4012,3.3185,0.0,0
cunt,1400,34,28,0.8235,0.7,1.1765,1417.86,3.3673,3.9318,0.0,0
cunt,1600,53,42,0.7925,0.6,1.3208,1671.43,3.7612,4.9818,0.0,0
cunt,1800,47,37,0.7872,0.5,1.5745,1845.95,3.6376,5.2861,0.0,0
cunt,2000,173,75,0.4335,0.42,1.0322,2048.0,4.3307,3.8451,0.0,0
cunt,2200,66,26,0.3939,0.35,1.1255,2250.0,3.2958,2.9213,0.0,0
cunt,2400,89,31,0.3483,0.28,1.244,2445.16,3.4657,2.9517,0.0,0
cunt,2800,19,10,0.5263,0.16,2.0,2880.0,2.3979,3.6347,0.0,0
cunt,3000,4,4,1.0,0.11,2.0,3000.0,1.6094,4.8283,0.0,0
cunt,3200,22,5,0.2273,0.07,2.0,3260.0,1.7918,1.3275,0.0,0
cuom1999,1000,446,307,0.6883,0.85,0.8098,1051.14,5.7301,4.146,0.1466,0
cuom1999,1200,662,432,0.6526,0.78,0.8366,1252.08,6.0707,4.9602,0.1171,0
cuom1999,1400,842,500,0.5938,0.7,0.8483,1452.2,6.2166,5.3609,0.0991,0
cuom1999,1800,1343,604,0.4497,0.5,0.8995,1851.16,6.4052,5.3326,0.0489,0
cuom1999,800,534,453,0.8483,0.9,0.9426,823.4,6.1181,4.2735,0.0456,0
cuom1999,2200,1928,603,0.3128,0.35,0.8936,2251.58,6.4036,4.5094,0.0381,0
cuom1999,2000,1755,671,0.3823,0.42,0.9103,2046.5,6.5103,5.094,0.0375,0
cuom1999,2400,1782,482,0.2705,0.28,0.966,2438.59,6.18,4.0763,0.0099,0
cuom1999,2800,793,121,0.1526,0.16,0.9537,2842.98,4.804,2.084,0.0085,0
cuom1999,1600,997,603,0.6048,0.6,1.008,1658.04,6.4036,6.4216,0.0,0
cuom1999,2600,894,235,0.2629,0.22,1.1948,2631.49,5.4638,3.7795,0.0,0
cuom1999,3000,272,62,0.2279,0.11,2.0,3035.48,4.1431,2.8667,0.0,0
cuom1999,3200,193,27,0.1399,0.07,1.9985,3259.26,3.3322,1.5193,0.0,0
cuom1999,3400,32,2,0.0625,0.04,1.5625,3400.0,1.0986,0.2335,0.0,0
cuteSubtask,1800,186,53,0.2849,0.5,0.5699,1856.6,3.989,2.1103,0.2255,1
cuteSubtask,2800,131,7,0.0534,0.16,0.334,2800.0,2.0794,0.3111,0.169,1
cuteSubtask,2400,239,37,0.1548,0.28,0.5529,2486.49,3.6376,1.4002,0.1479,1
cuteSubtask,2600,189,21,0.1111,0.22,0.5051,2638.1,3.091,0.9061,0.1397,1
cuteSubtask,800,75,58,0.7733,0.9,0.8593,820.69,4.0775,2.5879,0.108,0
cuteSubtask,1400,67,40,0.597,0.7,0.8529,1430.0,3.7136,3.1704,0.0922,0
cuteSubtask,1000,44,34,0.7727,0.85,0.9091,1044.12,3.5553,2.8685,0.0646,0
cuteSubtask,1200,56,42,0.75,0.78,0.9615,1259.52,3.7612,3.553,0.0255,0
cuteSubtask,2000,95,39,0.4105,0.42,0.9774,2051.28,3.6889,3.1064,0.0092,0
cuteSubtask,1600,53,37,0.6981,0.6,1.1635,1654.05,3.6376,4.2004,0.0,0
cuteSubtask,2200,103,39,0.3786,0.35,1.0818,2264.1,3.6889,3.1624,0.0,0
cuteSubtask,3000,11,6,0.5455,0.11,2.0,3000.0,1.9459,3.1842,0.0,0
cuteSubtask,3400,15,4,0.2667,0.04,2.0,3500.0,1.6094,1.5021,0.0,0
cyx,1200,387,223,0.5762,0.78,0.7388,1252.02,5.4116,3.9042,0.1895,1
cyx,800,307,237,0.772,0.9,0.8578,823.21,5.4723,3.4777,0.1133,0
cyx,1400,504,305,0.6052,0.7,0.8645,1466.56,5.7236,5.0797,0.0878,0
cyx,1000,195,151,0.7744,0.85,0.911,1073.51,5.0239,4.1763,0.0663,0
cyx,1600,623,427,0.6854,0.6,1.1423,1653.4,6.0591,6.8664,0.0,0
cyx,1800,993,545,0.5488,0.5,1.0977,1861.65,6.3026,6.4397,0.0,0
cyx,2000,1000,479,0.479,0.42,1.1405,2055.32,6.1738,6.0781,0.0,0
cyx,2200,1189,566,0.476,0.35,1.3601,2246.47,6.3404,6.7803,0.0,0
cyx,2400,1031,439,0.4258,0.28,1.5207,2443.96,6.0868,6.3341,0.0,0
cyx,2600,916,338,0.369,0.22,1.6773,2636.39,5.826,5.6676,0.0,0
cyx,2800,242,85,0.3512,0.16,2.0,2822.35,4.4543,4.4157,0.0,0
cyx,3000,130,46,0.3538,0.11,2.0,3017.39,3.8501,4.1108,0.0,0
cyx,3200,34,15,0.4412,0.07,2.0,3280.0,2.7726,4.0121,0.0,0
cyx,3400,17,7,0.4118,0.04,2.0,3400.0,2.0794,2.9112,0.0,0
czjxyz,800,77,62,0.8052,0.9,0.8947,812.9,4.1431,2.7119,0.0803,0
czjxyz,1200,78,55,0.7051,0.78,0.904,1261.82,4.0254,3.5815,0.0651,0
czjxyz,2600,213,39,0.1831,0.22,0.8323,2671.79,3.6889,1.8046,0.0422,0
czjxyz,1600,126,71,0.5635,0.6,0.9392,1666.2,4.2767,4.0153,0.0335,0
czjxyz,1000,49,40,0.8163,0.85,0.9604,1062.5,3.7136,3.221,0.0279,0
czjxyz,1400,113,90,0.7965,0.7,1.1378,1431.11,4.5109,5.1416,0.0,0
czjxyz,1800,163,90,0.5521,0.5,1.1043,1840.0,4.5109,4.5828,0.0,0
czjxyz,2000,242,116,0.4793,0.42,1.1413,2061.21,4.7622,4.7051,0.0,0
czjxyz,2200,144,75,0.5208,0.35,1.4881,2254.67,4.3307,5.0856,0.0,0
czjxyz,2400,439,126,0.287,0.28,1.0251,2448.41,4.8442,3.4042,0.0,0
czjxyz,2800,149,40,0.2685,0.16,1.6779,2820.0,3.7136,2.8113,0.0,0
czjxyz,3000,68,23,0.3382,0.11,2.0,3030.43,3.1781,3.2575,0.0,0
czjxyz,3200,57,11,0.193,0.07,2.0,3236.36,2.4849,1.552,0.0,0
darheb,800,25,19,0.76,0.9,0.8444,821.05,2.9957,1.8693,0.1142,0
darheb,1200,20,13,0.65,0.78,0.8333,1261.54,2.6391,2.164,0.1088,0
darheb,1600,22,11,0.5,0.6,0.8333,1672.73,2.4849,2.0783,0.09,0
darheb,1800,45,21,0.4667,0.5,0.9333,1819.05,3.091,2.624,0.0312,0
darheb,1000,11,9,0.8182,0.85,0.9626,1066.67,2.3026,2.0095,0.0239,0
darheb,1400,8,8,1.0,0.7,1.4286,1500.0,2.1972,3.2958,0.0,0
darheb,2000,65,29,0.4462,0.42,1.0623,2034.48,3.4012,3.0872,0.0,0
darheb,2200,29,19,0.6552,0.35,1.8719,2263.16,2.9957,4.4419,0.0,0
darheb,2400,25,10,0.4,0.28,1.4286,2450.0,2.3979,2.3499,0.0,0
darheb,2600,5,5,1.0,0.22,2.0,2700.0,1.7918,4.8378,0.0,0
darkkcyan,1400,1567,885,0.5648,0.7,0.8068,1453.22,6.7867,5.5701,0.1278,0
darkkcyan,1000,982,700,0.7128,0.85,0.8386,1047.29,6.5525,4.8917,0.1251,0
darkkcyan,1600,2124,1037,0.4882,0.6,0.8137,1652.36,6.9451,5.6028,0.1078,0
darkkcyan,800,1450,1167,0.8048,0.9,0.8943,822.19,7.063,4.6738,0.0859,0
darkkcyan,1800,2583,1071,0.4146,0.5,0.8293,1853.22,6.9773,5.3614,0.0841,0
darkkcyan,1200,1132,783,0.6917,0.78,0.8868,1249.81,6.6644,5.7613,0.081,0
darkkcyan,2000,3474,1241,0.3572,0.42,0.8505,2045.69,7.1245,5.2064,0.063,0
darkkcyan,2200,3215,1008,0.3135,0.35,0.8958,2248.91,6.9167,4.877,0.0372,0
darkkcyan,2400,3584,895,0.2497,0.28,0.8919,2447.37,6.7979,4.1546,0.0318,0
darkkcyan,2600,2233,474,0.2123,0.22,0.9649,2631.43,6.1633,3.4427,0.0083,0
darkkcyan,3200,117,8,0.0684,0.07,0.9768,3200.0,2.1972,0.4808,0.0024,0
darkkcyan,2800,606,122,0.2013,0.16,1.2583,2832.79,4.8122,2.7444,0.0,0
darkkcyan,3000,233,33,0.1416,0.11,1.2876,3012.12,3.5264,1.5044,0.0,0
darkkcyan,3400,21,3,0.1429,0.04,2.0,3500.0,1.3863,0.6931,0.0,0
darkmatter_druid,1200,9,5,0.5556,0.78,0.7123,1300.0,1.7918,1.294,0.1851,0
darkmatter_druid,2400,46,7,0.1522,0.28,0.5435,2400.0,2.0794,0.7594,0.1598,1
darkmatter_druid,1000,15,11,0.7333,0.85,0.8627,1054.55,2.4849,1.9217,0.0928,0
darkmatter_druid,3400,1,0,0.0,0.04,0.0,3400.0,0.0,0.0,0.0277,0
darkmatter_druid,800,19,17,0.8947,0.9,0.9942,817.65,2.8904,2.1145,0.0041,0
darkmatter_druid,1400,22,19,0.8636,0.7,1.2338,1468.42,2.9957,3.7991,0.0,0
darkmatter_druid,1600,27,27,1.0,0.6,1.6667,1655.56,3.3322,5.5166,0.0,0
darkmatter_druid,1800,31,25,0.8065,0.5,1.6129,1844.0,3.2581,4.8451,0.0,0
darkmatter_druid,2000,17,13,0.7647,0.42,1.8207,2069.23,2.6391,4.1759,0.0,0
darkmatter_druid,2200,25,21,0.84,0.35,2.0,2200.0,3.091,5.7122,0.0,0
darkmatter_druid,2600,11,11,1.0,0.22,2.0,2600.0,2.4849,6.4608,0.0,0
darkmatter_druid,2800,8,8,1.0,0.16,2.0,2900.0,2.1972,6.372,0.0,0
darkmatter_druid,3000,5,5,1.0,0.11,2.0,3000.0,1.7918,5.3753,0.0,0
destructive_criticism,1000,522,366,0.7011,0.85,0.8249,1056.28,5.9054,4.3736,0.1349,0
destructive_criticism,1200,598,398,0.6656,0.78,0.8533,1249.5,5.989,4.9805,0.1047,0
destructive_criticism,1400,809,488,0.6032,0.7,0.8617,1450.2,6.1924,5.417,0.0901,0
destructive_criticism,800,813,652,0.802,0.9,0.8911,823.31,6.4816,4.2796,0.0878,0
destructive_criticism,1600,833,501,0.6014,0.6,1.0024,1653.49,6.2186,6.1843,0.0,0
destructive_criticism,1800,1142,583,0.5105,0.5,1.021,1856.43,6.3699,6.0369,0.0,0
destructive_criticism,2000,1174,508,0.4327,0.42,1.0303,2048.03,6.2324,5.5232,0.0,0
destructive_criticism,2200,1165,505,0.4335,0.35,1.2385,2247.52,6.2265,6.0662,0.0,0
destructive_criticism,2400,1511,499,0.3302,0.28,1.1794,2447.29,6.2146,5.0227,0.0,0
destructive_criticism,2600,826,239,0.2893,0.22,1.3152,2654.39,5.4806,4.2093,0.0,0
destructive_criticism,2800,581,148,0.2547,0.16,1.5921,2837.16,5.0039,3.6164,0.0,0
destructive_criticism,3000,315,104,0.3302,0.11,2.0,3033.65,4.654,4.6613,0.0,0
destructive_criticism,3200,99,34,0.3434,0.07,2.0,3223.53,3.5553,3.936,0.0,0
destructive_criticism,3400,8,4,0.5,0.04,2.0,3400.0,1.6094,2.736,0.0,0
devans,1200,171,117,0.6842,0.78,0.8772,1239.32,4.7707,4.0453,0.0854,0
devans,1000,116,93,0.8017,0.85,0.9432,1049.46,4.5433,3.8226,0.0415,0
devans,800,182,158,0.8681,0.9,0.9646,812.03,5.0689,3.5733,0.0274,0
devans,1400,134,90,0.6716,0.7,0.9595,1440.0,4.5109,4.3627,0.0252,0
devans,1800,340,164,0.4824,0.5,0.9647,1864.63,5.1059,4.5923,0.0169,0
devans,1600,190,138,0.7263,0.6,1.2105,1657.97,4.9345,5.9421,0.0,0
devans,2000,315,171,0.5429,0.42,1.2925,2043.86,5.1475,5.7113,0.0,0
devans,2200,547,202,0.3693,0.35,1.0551,2252.97,5.3132,4.4205,0.0,0
devans,2400,659,232,0.352,0.28,1.2573,2447.41,5.451,4.6967,0.0,0
devans,2600,277,74,0.2671,0.22,1.2143,2651.35,4.3175,3.0581,0.0,0
devans,2800,130,26,0.2,0.16,1.25,2819.23,3.2958,1.8583,0.0,0
devans,3000,7,7,1.0,0.11,2.0,3071.43,2.0794,6.3869,0.0,0
diss_quack,1400,180,75,0.4167,0.7,0.5952,1444.0,4.3307,2.6057,0.2763,1
diss_quack,1600,123,43,0.3496,0.6,0.5827,1651.16,3.7842,2.1844,0.2523,1
diss_quack,1200,141,80,0.5674,0.78,0.7274,1263.75,4.3944,3.1509,0.1953,1
diss_quack,1000,107,78,0.729,0.85,0.8576,1061.54,4.3694,3.3812,0.1055,0
diss_quack,2000,288,96,0.3333,0.42,0.7937,2052.08,4.5747,3.1292,0.0881,0
diss_quack,800,171,138,0.807,0.9,0.8967,820.29,4.9345,3.2666,0.0807,0
diss_quack,2400,221,49,0.2217,0.28,0.7919,2461.22,3.912,2.1348,0.0641,0
diss_quack,1800,295,143,0.4847,0.5,0.9695,1841.96,4.9698,4.4375,0.0145,0
diss_quack,2200,270,106,0.3926,0.35,1.1217,2252.83,4.6728,4.1329,0.0,0
diss_quack,2600,39,16,0.4103,0.22,1.8648,2625.0,2.8332,3.0512,0.0,0
diss_quack,2800,22,16,0.7273,0.16,2.0,2800.0,2.8332,5.7695,0.0,0
diss_quack,3000,12,4,0.3333,0.11,2.0,3100.0,1.6094,1.6631,0.0,0
diss_quack,3200,72,10,0.1389,0.07,1.9841,3260.0,2.3979,1.0857,0.0,0
dlalswp25,800,823,722,0.8773,0.9,0.9748,821.88,6.5834,4.7468,0.0201,0
dlalswp25,1000,432,362,0.838,0.85,0.9858,1051.66,5.8944,5.1944,0.0106,0
dlalswp25,3400,86,3,0.0349,0.04,0.8721,3500.0,1.3863,0.1693,0.0096,0
dlalswp25,1200,681,534,0.7841,0.78,1.0053,1247.57,6.2823,6.1457,0.0,0
dlalswp25,1400,815,621,0.762,0.7,1.0885,1444.93,6.4329,7.0825,0.0,0
dlalswp25,1600,1099,714,0.6497,0.6,1.0828,1658.4,6.5723,7.0812,0.0,0
dlalswp25,1800,1187,769,0.6479,0.5,1.2957,1856.44,6.6464,7.9936,0.0,0
dlalswp25,2000,1306,766,0.5865,0.42,1.3965,2046.61,6.6425,7.9735,0.0,0
dlalswp25,2200,1359,753,0.5541,0.35,1.5831,2252.59,6.6254,8.2693,0.0,0
dlalswp25,2400,1746,767,0.4393,0.28,1.5689,2447.07,6.6438,7.1419,0.0,0
dlalswp25,2600,1188,431,0.3628,0.22,1.6491,2642.92,6.0684,5.8186,0.0,0
dlalswp25,2800,739,239,0.3234,0.16,2.0,2837.66,5.4806,5.0297,0.0,0
dlalswp25,3000,630,92,0.146,0.11,1.3276,3043.48,4.5326,2.0145,0.0,0
dlalswp25,3200,121,28,0.2314,0.07,2.0,3242.86,3.3673,2.5269,0.0,0
dldlzjfs,1000,321,117,0.3645,0.85,0.4288,1056.41,4.7707,1.8369,0.4858,1
dldlzjfs,800,569,308,0.5413,0.9,0.6014,818.18,5.7333,2.5392,0.338,1
dldlzjfs,1400,564,208,0.3688,0.7,0.5268,1444.23,5.3423,2.8455,0.3309,1
dldlzjfs,1200,415,188,0.453,0.78,0.5808,1246.28,5.2417,2.9594,0.3159,1
dldlzjfs,1600,572,200,0.3497,0.6,0.5828,1653.0,5.3033,3.0652,0.2522,1
dldlzjfs,1800,991,273,0.2755,0.5,0.551,1867.03,5.6131,2.887,0.2343,1
dldlzjfs,2000,605,205,0.3388,0.42,0.8068,2049.27,5.3279,3.6996,0.0822,0
dldlzjfs,2200,808,221,0.2735,0.35,0.7815,2234.84,5.4027,3.3025,0.08,0
dldlzjfs,2400,404,113,0.2797,0.28,0.9989,2446.02,4.7362,3.2403,0.0003,0
dldlzjfs,2600,159,36,0.2264,0.22,1.0292,2633.33,3.6109,2.1529,0.0,0
dldlzjfs,2800,55,22,0.4,0.16,2.0,2836.36,3.1355,3.5574,0.0,0
dldlzjfs,3000,127,42,0.3307,0.11,2.0,3050.0,3.7612,3.7938,0.0,0
dldlzjfs,3200,47,12,0.2553,0.07,2.0,3233.33,2.5649,2.1174,0.0,0
dldlzjfs,3400,26,10,0.3846,0.04,2.0,3500.0,2.3979,3.2279,0.0,0
dmraykhan,1000,1461,793,0.5428,0.85,0.6386,1045.02,6.6771,3.7873,0.2916,1
dmraykhan,800,1429,966,0.676,0.9,0.7511,817.7,6.8742,3.7998,0.2067,0
dmraykhan,1400,1496,755,0.5047,0.7,0.721,1451.13,6.628,4.8541,0.1872,1
dmraykhan,1200,1004,596,0.5936,0.78,0.7611,1255.2,6.3919,4.7627,0.1743,0
dmraykhan,1800,2357,913,0.3874,0.5,0.7747,1860.13,6.8178,4.9125,0.1119,0
dmraykhan,1600,1536,748,0.487,0.6,0.8116,1661.23,6.6187,5.3545,0.1089,0
dmraykhan,2000,2567,866,0.3374,0.42,0.8032,2054.62,6.765,4.6891,0.0836,0
dmraykhan,2200,2445,715,0.2924,0.35,0.8355,2242.52,6.5737,4.3109,0.0593,0
dmraykhan,3200,256,9,0.0352,0.07,0.5022,3200.0,2.3026,0.259,0.0585,1
dmraykhan,3000,378,26,0.0688,0.11,0.6253,3015.38,3.2958,0.6836,0.057,1
dmraykhan,2400,2804,666,0.2375,0.28,0.8483,2442.94,6.5028,3.7732,0.045,0
dmraykhan,2600,1645,314,0.1909,0.22,0.8676,2639.81,5.7526,2.8987,0.0319,0
dmraykhan,2800,611,133,0.2177,0.16,1.3605,2833.08,4.8978,3.0205,0.0,0
dmraykhan,3400,23,1,0.0435,0.04,1.087,3500.0,0.6931,0.1055,0.0,0
dyppp,800,925,721,0.7795,0.9,0.8661,817.48,6.582,4.194,0.1086,0
dyppp,1000,425,316,0.7435,0.85,0.8747,1058.54,5.7589,4.5326,0.0954,0
dyppp,2800,329,29,0.0881,0.16,0.5509,2862.07,3.4012,0.8581,0.0947,1
dyppp,2400,935,190,0.2032,0.28,0.7257,2434.21,5.2523,2.598,0.084,1
dyppp,1600,742,383,0.5162,0.6,0.8603,1665.54,5.9506,5.1158,0.0797,0
dyppp,1400,608,376,0.6184,0.7,0.8835,1440.96,5.9322,5.2863,0.0755,0
dyppp,2600,457,73,0.1597,0.22,0.7261,2645.21,4.3041,1.8186,0.0696,1
dyppp,2000,866,306,0.3533,0.42,0.8413,2050.98,5.7268,4.1503,0.067,0
dyppp,2200,867,248,0.286,0.35,0.8173,2248.39,5.5175,3.5485,0.0664,0
dyppp,1200,568,406,0.7148,0.78,0.9164,1254.43,6.0088,5.3878,0.059,0
dyppp,1800,842,387,0.4596,0.5,0.9192,1846.25,5.961,5.0584,0.0391,0
dyppp,3000,24,3,0.125,0.11,1.1364,3000.0,1.3863,0.5199,0.0,0
dyppp,3200,6,3,0.5,0.07,2.0,3200.0,1.3863,2.2181,0.0,0
dyppp,3400,11,1,0.0909,0.04,2.0,3500.0,0.6931,0.2205,0.0,0
ean020920,800,512,287,0.5605,0.9,0.6228,817.07,5.663,2.5937,0.3179,1
ean020920,1200,301,183,0.608,0.78,0.7795,1255.19,5.2149,3.9796,0.1581,0
ean020920,1000,217,153,0.7051,0.85,0.8295,1073.2,5.037,3.8114,0.1293,0
ean020920,1400,314,193,0.6146,0.7,0.8781,1444.04,5.2679,4.6756,0.0783,0
ean020920,1800,582,265,0.4553,0.5,0.9107,1854.72,5.5835,4.7153,0.0432,0
ean020920,2000,442,181,0.4095,0.42,0.975,2046.41,5.204,4.361,0.0103,0
ean020920,1600,343,213,0.621,0.6,1.035,1667.61,5.366,5.5568,0.0,0
ean020920,2200,551,213,0.3866,0.35,1.1045,2249.77,5.366,4.6667,0.0,0
ean020920,2400,446,163,0.3655,0.28,1.3053,2433.74,5.0999,4.5361,0.0,0
ean020920,2600,110,41,0.3727,0.22,1.6942,2612.2,3.7377,3.6391,0.0,0
ean020920,2800,74,17,0.2297,0.16,1.4358,2805.88,2.8904,1.8631,0.0,0
ean020920,3000,5,4,0.8,0.11,2.0,3025.0,1.6094,3.8948,0.0,0
ecnerwala,1000,696,376,0.5402,0.85,0.6356,1052.93,5.9322,3.3744,0.2925,1
ecnerwala,800,1212,741,0.6114,0.9,0.6793,824.97,6.6093,3.3336,0.2693,1
ecnerwala,1200,954,590,0.6184,0.78,0.7929,1248.81,6.3818,4.9288,0.1502,0
ecnerwala,1400,1116,632,0.5663,0.7,0.809,1452.53,6.4505,5.306,0.1259,0
ecnerwala,1600,1179,710,0.6022,0.6,1.0037,1655.49,6.5667,6.5466,0.0,0
ecnerwala,1800,1323,792,0.5986,0.5,1.1973,1852.02,6.6758,7.4014,0.0,0
ecnerwala,2000,1454,771,0.5303,0.42,1.2625,2050.19,6.649,7.2284,0.0,0
ecnerwala,2200,1196,606,0.5067,0.35,1.4477,2248.68,6.4085,7.3018,0.0,0
ecnerwala,2400,1339,658,0.4914,0.28,1.755,2449.09,6.4907,7.8117,0.0,0
ecnerwala,2600,1004,449,0.4472,0.22,2.0,2644.77,6.1092,7.2258,0.0,0
ecnerwala,2800,815,395,0.4847,0.16,2.0,2843.04,5.9814,8.2419,0.0,0
ecnerwala,3000,755,307,0.4066,0.11,2.0,3041.69,5.7301,7.0871,0.0,0
ecnerwala,3200,794,306,0.3854,0.07,2.0,3247.06,5.7268,7.1665,0.0,0
ecnerwala,3400,1209,397,0.3284,0.04,2.0,3472.8,5.9865,6.8267,0.0,0
efishel,2800,58,2,0.0345,0.16,0.2155,2800.0,1.0986,0.1061,0.2439,1
efishel,1000,286,191,0.6678,0.85,0.7857,1059.16,5.2575,3.7189,0.1648,0
efishel,800,417,299,0.717,0.9,0.7967,817.06,5.7038,3.3416,0.1647,0
efishel,1400,428,235,0.5491,0.7,0.7844,1440.43,5.4638,4.3213,0.1415,0
efishel,1600,623,356,0.5714,0.6,0.9524,1657.58,5.8777,5.5673,0.0267,0
efishel,1200,322,244,0.7578,0.78,0.9715,1250.82,5.5013,5.2142,0.0198,0
efishel,1800,739,448,0.6062,0.5,1.2124,1862.05,6.107,6.8937,0.0,0
efishel,2000,703,344,0.4893,0.42,1.1651,2046.8,5.8435,5.8527,0.0,0
efishel,2200,508,215,0.4232,0.35,1.2092,2240.0,5.3753,5.0959,0.0,0
efishel,2400,271,115,0.4244,0.28,1.5156,2428.7,4.7536,4.8992,0.0,0
efishel,2600,239,63,0.2636,0.22,1.1982,2644.44,4.1589,2.899,0.0,0
efishel,3000,8,5,0.625,0.11,2.0,3000.0,1.7918,3.3595,0.0,0
erekle,1400,652,351,0.5383,0.7,0.7691,1453.28,5.8636,4.5875,0.1527,0
erekle,1000,320,224,0.7,0.85,0.8235,1056.7,5.4161,4.0062,0.1349,0
erekle,1200,416,270,0.649,0.78,0.8321,1258.52,5.6021,4.576,0.1197,0
erekle,1600,803,427,0.5318,0.6,0.8863,1657.38,6.0591,5.34,0.0647,0
erekle,800,492,409,0.8313,0.9,0.9237,829.58,6.0162,4.1489,0.0607,0
erekle,3200,68,3,0.0441,0.07,0.6303,3200.0,1.3863,0.1957,0.0459,1
erekle,1800,912,509,0.5581,0.5,1.1162,1853.05,6.2344,6.4477,0.0,0
erekle,2000,556,333,0.5989,0.42,1.426,2043.84,5.8111,7.1134,0.0,0
erekle,2200,478,204,0.4268,0.35,1.2194,2243.63,5.323,5.0969,0.0,0
erekle,2400,617,224,0.363,0.28,1.2966,2443.3,5.4161,4.8043,0.0,0
erekle,2600,237,88,0.3713,0.22,1.6878,2638.64,4.4886,4.3977,0.0,0
erekle,2800,113,34,0.3009,0.16,1.8805,2811.76,3.5553,3.0079,0.0,0
erekle,3400,30,8,0.2667,0.04,2.0,3400.0,2.1972,1.9922,0.0,0
eriri__,1400,184,70,0.3804,0.7,0.5435,1461.43,4.2627,2.37,0.317,1
eriri__,1600,256,100,0.3906,0.6,0.651,1649.0,4.6151,2.9728,0.2069,1
eriri__,1200,105,59,0.5619,0.78,0.7204,1257.63,4.0943,2.8933,0.1996,1
eriri__,2000,1000,240,0.24,0.42,0.5714,2051.25,5.4848,2.7002,0.1918,1
eriri__,1000,83,56,0.6747,0.85,0.7938,1085.71,4.0431,2.9617,0.154,0
eriri__,1800,544,191,0.3511,0.5,0.7022,1861.26,5.2575,3.4357,0.1499,1
eriri__,2200,1285,335,0.2607,0.35,0.7449,2252.54,5.8171,3.416,0.0938,1
eriri__,2400,1501,362,0.2412,0.28,0.8613,2454.7,5.8944,3.4895,0.0412,0
eriri__,800,116,99,0.8534,0.9,0.9483,820.2,4.6052,3.2236,0.0396,0
eriri__,2600,1137,309,0.2718,0.22,1.2353,2645.95,5.7366,4.1251,0.0,0
eriri__,2800,1406,315,0.224,0.16,1.4002,2839.37,5.7557,3.6614,0.0,0
eriri__,3000,1055,163,0.1545,0.11,1.4046,3046.01,5.0999,2.4001,0.0,0
eriri__,3200,522,93,0.1782,0.07,2.0,3234.41,4.5433,2.6181,0.0,0
eriri__,3400,560,58,0.1036,0.04,2.0,3436.21,4.0775,1.4512,0.0,0
eyadhjarray111,1400,1900,640,0.3368,0.7,0.4812,1449.69,6.463,3.156,0.3674,1
eyadhjarray111,1200,1483,618,0.4167,0.78,0.5343,1252.91,6.4281,3.3562,0.3571,1
eyadhjarray111,1600,2134,582,0.2727,0.6,0.4545,1658.76,6.3682,2.8809,0.3405,1
eyadhjarray111,1000,1075,563,0.5237,0.85,0.6161,1055.77,6.3351,3.5028,0.3105,1
eyadhjarray111,1800,3119,791,0.2536,0.5,0.5072,1866.5,6.6746,3.1594,0.2583,1
eyadhjarray111,2200,2483,348,0.1402,0.35,0.4004,2244.54,5.8551,1.8419,0.2393,1
eyadhjarray111,2000,2702,566,0.2095,0.42,0.4987,2049.29,6.3404,2.7218,0.2266,1
eyadhjarray111,800,1623,1109,0.6833,0.9,0.7592,819.03,7.0121,3.9243,0.1999,0
eyadhjarray111,2400,1236,154,0.1246,0.28,0.445,2443.51,5.0434,1.5355,0.1831,1
eyadhjarray111,2600,463,74,0.1598,0.22,0.7265,2654.05,4.3175,1.8314,0.0695,1
eyadhjarray111,3000,37,3,0.0811,0.11,0.7371,3000.0,1.3863,0.3372,0.0441,1
eyadhjarray111,2800,18,4,0.2222,0.16,1.3889,2800.0,1.6094,1.0014,0.0,0
eyadhjarray111,3200,4,2,0.5,0.07,2.0,3200.0,1.0986,1.7578,0.0,0
ezraft,1400,2525,913,0.3616,0.7,0.5165,1454.55,6.8178,3.5858,0.3391,1
ezraft,1200,2211,1060,0.4794,0.78,0.6146,1240.85,6.967,4.1446,0.2906,1
ezraft,1000,1648,945,0.5734,0.85,0.6746,1052.28,6.8522,4.1346,0.2609,1
ezraft,800,3468,2330,0.6719,0.9,0.7465,817.73,7.7541,4.26,0.2124,1
ezraft,1800,2808,944,0.3362,0.5,0.6724,1852.44,6.8512,4.2666,0.1657,1
ezraft,1600,2266,982,0.4334,0.6,0.7223,1654.89,6.8906,4.9417,0.1632,1
ezraft,2200,5239,1119,0.2136,0.35,0.6103,2242.09,7.0211,3.3623,0.1456,1
ezraft,2400,4651,818,0.1759,0.28,0.6281,2441.2,6.7081,2.8801,0.1141,1
ezraft,2000,4851,1496,0.3084,0.42,0.7343,2047.59,7.3112,4.6167,0.114,1
ezraft,2600,1901,245,0.1289,0.22,0.5858,2642.86,5.5053,1.8752,0.1058,1
ezraft,2800,320,78,0.2438,0.16,1.5234,2833.33,4.3694,3.0176,0.0,0
ezraft,3000,293,47,0.1604,0.11,1.4583,3027.66,3.8712,1.8801,0.0,0
ezraft,3200,47,12,0.2553,0.07,2.0,3275.0,2.5649,2.1447,0.0,0
ezraft,3400,6,6,1.0,0.04,2.0,3500.0,1.9459,6.8107,0.0,0
fIower,1600,42,15,0.3571,0.6,0.5952,1653.33,2.7726,1.6371,0.2421,1
fIower,800,17,12,0.7059,0.9,0.7843,808.33,2.5649,1.4635,0.1574,0
fIower,1000,14,14,1.0,0.85,1.1765,1071.43,2.7081,2.9015,0.0,0
fIower,1200,10,10,1.0,0.78,1.2821,1300.0,2.3979,3.1173,0.0,0
fIower,1400,10,10,1.0,0.7,1.4286,1440.0,2.3979,3.453,0.0,0
fIower,1800,38,26,0.6842,0.5,1.3684,1842.31,3.2958,4.1545,0.0,0
fIower,2000,25,19,0.76,0.42,1.8095,2042.11,2.9957,4.6494,0.0,0
fIower,2200,70,34,0.4857,0.35,1.3878,2252.94,3.5553,3.8906,0.0,0
fIower,2400,23,16,0.6957,0.28,2.0,2456.25,2.8332,4.8411,0.0,0
fIower,2600,30,22,0.7333,0.22,2.0,2622.73,3.1355,6.0306,0.0,0
fIower,2800,37,32,0.8649,0.16,2.0,2862.5,3.4965,8.6562,0.0,0
fIower,3000,17,17,1.0,0.11,2.0,3000.0,2.8904,8.6711,0.0,0
fakeapple,1200,72,20,0.2778,0.78,0.3561,1280.0,3.0445,1.0825,0.5328,1
fakeapple,1400,89,32,0.3596,0.7,0.5136,1471.88,3.4965,1.8504,0.3407,1
fakeapple,800,94,60,0.6383,0.9,0.7092,811.67,4.1109,2.1298,0.2332,1
fakeapple,1800,73,23,0.3151,0.5,0.6301,1847.83,3.1781,1.8502,0.1905,1
fakeapple,1000,67,43,0.6418,0.85,0.755,1046.51,3.7842,2.5416,0.1836,0
fakeapple,1600,48,31,0.6458,0.6,1.0764,1648.39,3.4657,3.6896,0.0,0
fakeapple,2000,62,29,0.4677,0.42,1.1137,2068.97,3.4012,3.2915,0.0,0
fakeapple,2200,61,44,0.7213,0.35,2.0,2229.55,3.8067,6.1219,0.0,0
fakeapple,2600,2,2,1.0,0.22,2.0,2700.0,1.0986,2.9663,0.0,0
fallingflower,2400,4,0,0.0,0.28,0.0,2400.0,0.0,0.0,0.4506,0
fallingflower,1400,149,76,0.5101,0.7,0.7287,1460.53,4.3438,3.236,0.1781,1
fallingflower,1600,136,57,0.4191,0.6,0.6985,1654.39,4.0604,2.8154,0.1759,1
fallingflower,1800,139,48,0.3453,0.5,0.6906,1850.0,3.8918,2.4863,0.1563,1
fallingflower,1000,88,61,0.6932,0.85,0.8155,1072.13,4.1271,3.0672,0.1373,0
fallingflower,1200,75,50,0.6667,0.78,0.8547,1280.0,3.9318,3.3552,0.0995,0
fallingflower,800,89,86,0.9663,0.9,1.0737,817.44,4.4659,3.5276,0.0,0
fallingflower,2000,101,54,0.5347,0.42,1.273,2048.15,4.0073,4.3882,0.0,0
fallingflower,2200,59,33,0.5593,0.35,1.5981,2230.3,3.5264,4.399,0.0,0
familiarize,2800,90,3,0.0333,0.16,0.2083,2900.0,1.3863,0.134,0.2394,1
familiarize,2200,175,35,0.2,0.35,0.5714,2240.0,3.5835,1.6054,0.1692,1
familiarize,1200,56,34,0.6071,0.78,0.7784,1244.12,3.5553,2.6856,0.1534,0
familiarize,1400,40,24,0.6,0.7,0.8571,1400.0,3.2189,2.7039,0.088,0
familiarize,800,59,48,0.8136,0.9,0.904,812.5,3.8918,2.5726,0.0723,0
familiarize,3400,4,0,0.0,0.04,0.0,3400.0,0.0,0.0,0.0644,0
familiarize,2600,76,16,0.2105,0.22,0.9569,2662.5,2.8332,1.5881,0.0107,0
familiarize,1000,26,24,0.9231,0.85,1.086,1070.83,3.2189,3.1817,0.0,0
familiarize,1600,37,25,0.6757,0.6,1.1261,1648.0,3.2581,3.6279,0.0,0
familiarize,1800,90,51,0.5667,0.5,1.1333,1866.67,3.9512,4.1795,0.0,0
familiarize,2000,52,32,0.6154,0.42,1.4652,2012.5,3.4965,4.3303,0.0,0
familiarize,2400,76,39,0.5132,0.28,1.8327,2441.03,3.6889,4.6208,0.0,0
familiarize,3000,10,5,0.5,0.11,2.0,3000.0,1.7918,2.6876,0.0,0
fangzx,1200,345,153,0.4435,0.78,0.5686,1254.25,5.037,2.8017,0.3259,1
fangzx,1000,214,110,0.514,0.85,0.6047,1072.73,4.7095,2.5968,0.316,1
fangzx,800,314,184,0.586,0.9,0.6511,817.93,5.2204,2.5021,0.2904,1
fangzx,1400,261,109,0.4176,0.7,0.5966,1446.79,4.7005,2.8401,0.2758,1
fangzx,1800,927,233,0.2513,0.5,0.5027,1863.52,5.4553,2.5552,0.2632,1
fangzx,1600,486,175,0.3601,0.6,0.6001,1659.43,5.1705,3.0895,0.2406,1
fangzx,2000,1022,297,0.2906,0.42,0.6919,2049.49,5.6971,3.3932,0.1339,1
fangzx,2200,1209,338,0.2796,0.35,0.7988,2242.01,5.826,3.6517,0.0732,0
fangzx,2400,1700,400,0.2353,0.28,0.8403,2457.5,5.994,3.4659,0.0476,0
fangzx,2600,838,238,0.284,0.22,1.291,2643.7,5.4765,4.1119,0.0,0
fangzx,2800,1098,230,0.2095,0.16,1.3092,2834.78,5.4424,3.2317,0.0,0
fangzx,3000,374,89,0.238,0.11,2.0,3043.82,4.4998,3.2594,0.0,0
fangzx,3200,304,41,0.1349,0.07,1.9267,3263.41,3.7377,1.6451,0.0,0
fangzx,3400,389,43,0.1105,0.04,2.0,3476.74,3.7842,1.4543,0.0,0
fanhuaxingyu,1200,1078,480,0.4453,0.78,0.5709,1254.58,6.1759,3.45,0.3258,1
fanhuaxingyu,1400,1111,420,0.378,0.7,0.5401,1449.52,6.0426,3.3112,0.3206,1
fanhuaxingyu,1000,780,405,0.5192,0.85,0.6109,1063.7,6.0064,3.3174,0.3144,1
fanhuaxingyu,1600,1305,474,0.3632,0.6,0.6054,1655.27,6.1633,3.7055,0.2372,1
fanhuaxingyu,1800,2148,649,0.3021,0.5,0.6043,1856.55,6.477,3.6332,0.203,1
fanhuaxingyu,2000,1863,469,0.2517,0.42,0.5994,2056.5,6.1527,3.1854,0.1771,1
fanhuaxingyu,800,1028,768,0.7471,0.9,0.8301,817.06,6.6451,4.0562,0.1387,0
fanhuaxingyu,2200,1897,441,0.2325,0.35,0.6642,2241.95,6.0913,3.1747,0.1251,1
fanhuaxingyu,2400,1481,325,0.2194,0.28,0.7837,2444.62,5.7869,3.1044,0.0651,0
fanhuaxingyu,2600,511,121,0.2368,0.22,1.0763,2633.06,4.804,2.9952,0.0,0
fanhuaxingyu,2800,97,37,0.3814,0.16,2.0,2808.11,3.6376,3.8963,0.0,0
fanhuaxingyu,3000,12,5,0.4167,0.11,2.0,3060.0,1.7918,2.2845,0.0,0
fanhuaxingyu,3200,45,11,0.2444,0.07,2.0,3263.64,2.4849,1.9824,0.0,0
fanhuaxingyu,3400,16,4,0.25,0.04,2.0,3500.0,1.6094,1.4083,0.0,0
farkon00,1200,250,135,0.54,0.78,0.6923,1242.96,4.9127,3.2974,0.2243,1
farkon00,1000,154,102,0.6623,0.85,0.7792,1061.76,4.6347,3.2594,0.168,0
farkon00,1400,255,138,0.5412,0.7,0.7731,1444.93,4.9345,3.8586,0.1484,0
farkon00,1600,336,169,0.503,0.6,0.8383,1657.4,5.1358,4.2814,0.092,0
farkon00,1800,606,260,0.429,0.5,0.8581,1857.69,5.5645,4.4351,0.0693,0
farkon00,2200,1316,389,0.2956,0.35,0.8446,2259.38,5.9661,3.9845,0.0561,0
farkon00,800,245,218,0.8898,0.9,0.9887,820.64,5.3891,3.9351,0.0088,0
farkon00,2000,773,319,0.4127,0.42,0.9826,2049.53,5.7683,4.8788,0.0072,0
farkon00,2400,1686,613,0.3636,0.28,1.2985,2450.57,6.42,5.7201,0.0,0
farkon00,2600,698,198,0.2837,0.22,1.2894,2625.25,5.2933,3.9419,0.0,0
farkon00,2800,64,24,0.375,0.16,2.0,2833.33,3.2189,3.4201,0.0,0
farkon00,3000,6,3,0.5,0.11,2.0,3000.0,1.3863,2.0794,0.0,0
farkon00,3200,50,5,0.1,0.07,1.4286,3300.0,1.7918,0.5913,0.0,0
fengqiyuka,1400,201,137,0.6816,0.7,0.9737,1428.47,4.9273,4.7973,0.0165,0
fengqiyuka,1200,138,107,0.7754,0.78,0.9941,1244.86,4.6821,4.5193,0.004,0
fengqiyuka,800,128,127,0.9922,0.9,1.1024,821.26,4.852,3.9536,0.0,0
fengqiyuka,1000,82,72,0.878,0.85,1.033,1056.94,4.2905,3.9818,0.0,0
fengqiyuka,1600,230,177,0.7696,0.6,1.2826,1670.62,5.1818,6.662,0.0,0
fengqiyuka,1800,214,180,0.8411,0.5,1.6822,1863.33,5.1985,8.1476,0.0,0
fengqiyuka,2000,287,180,0.6272,0.42,1.4933,2051.11,5.1985,6.6874,0.0,0
fengqiyuka,2200,245,170,0.6939,0.35,1.9825,2256.47,5.1417,8.0504,0.0,0
fengqiyuka,2400,463,200,0.432,0.28,1.5427,2447.0,5.3033,5.6057,0.0,0
fengqiyuka,2600,344,144,0.4186,0.22,1.9027,2634.72,4.9767,5.4889,0.0,0
fengqiyuka,2800,479,140,0.2923,0.16,1.8267,2840.71,4.9488,4.1088,0.0,0
fengqiyuka,3000,313,78,0.2492,0.11,2.0,3043.59,4.3694,3.3141,0.0,0
fengqiyuka,3200,312,76,0.2436,0.07,2.0,3234.21,4.3438,3.4221,0.0,0
fengqiyuka,3400,506,90,0.1779,0.04,2.0,3480.0,4.5109,2.7921,0.0,0
ffoooo,1400,172,70,0.407,0.7,0.5814,1454.29,4.2627,2.5229,0.2869,1
ffoooo,1600,146,60,0.411,0.6,0.6849,1653.33,4.1109,2.7931,0.1846,1
ffoooo,1800,300,103,0.3433,0.5,0.6867,1855.34,4.6444,2.9585,0.1584,1
ffoooo,1000,62,44,0.7097,0.85,0.8349,1047.73,3.8067,2.8304,0.121,0
ffoooo,2400,860,178,0.207,0.28,0.7392,2454.49,5.1874,2.6353,0.0798,1
ffoooo,2000,701,270,0.3852,0.42,0.9171,2050.74,5.6021,4.425,0.0346,0
ffoooo,2600,789,165,0.2091,0.22,0.9506,2640.61,5.112,2.8229,0.0119,0
ffoooo,2200,433,150,0.3464,0.35,0.9898,2252.67,5.0173,3.9153,0.0036,0
ffoooo,800,90,81,0.9,0.9,1.0,817.28,4.4067,3.2414,0.0,0
ffoooo,1200,53,50,0.9434,0.78,1.2095,1258.0,3.9318,4.6663,0.0,0
ffoooo,2800,560,142,0.2536,0.16,1.5848,2845.77,4.9628,3.5812,0.0,0
ffoooo,3000,1032,135,0.1308,0.11,1.1892,3037.78,4.9127,1.9522,0.0,0
ffoooo,3200,327,74,0.2263,0.07,2.0,3243.24,4.3175,3.1688,0.0,0
ffoooo,3400,383,69,0.1802,0.04,2.0,3457.97,4.2485,2.6467,0.0,0
fireinferno,1200,554,249,0.4495,0.78,0.5762,1257.03,5.5215,3.1195,0.3203,1
fireinferno,1600,754,232,0.3077,0.6,0.5128,1673.28,5.451,2.8065,0.3003,1
fireinferno,1400,546,241,0.4414,0.7,0.6306,1447.72,5.4889,3.5075,0.2513,1
fireinferno,1000,366,220,0.6011,0.85,0.7072,1062.73,5.3982,3.4483,0.2297,1
fireinferno,2200,892,143,0.1603,0.35,0.458,2244.76,4.9698,1.7885,0.2159,1
fireinferno,2000,998,224,0.2244,0.42,0.5344,2048.66,5.4161,2.4904,0.2105,1
fireinferno,800,645,433,0.6713,0.9,0.7459,817.32,6.073,3.3322,0.2092,1
fireinferno,3000,5,0,0.0,0.11,0.0,3000.0,0.0,0.0,0.1971,0
fireinferno,2400,561,68,0.1212,0.28,0.4329,2447.06,4.2341,1.2559,0.1921,1
fireinferno,1800,789,277,0.3511,0.5,0.7022,1849.1,5.6276,3.6533,0.1499,1
fireinferno,3400,25,0,0.0,0.04,0.0,3400.0,0.0,0.0,0.1303,1
fireinferno,2600,249,29,0.1165,0.22,0.5294,2627.59,3.4012,1.0408,0.1299,1
fireinferno,2800,111,10,0.0901,0.16,0.5631,2800.0,2.3979,0.6049,0.0971,1
firewater,2000,93,24,0.2581,0.42,0.6144,2050.0,3.2189,1.7029,0.1744,1
firewater,1400,64,40,0.625,0.7,0.8929,1472.5,3.7136,3.4176,0.0664,0
firewater,1600,50,27,0.54,0.6,0.9,1674.07,3.3322,3.0123,0.0545,0
firewater,800,28,26,0.9286,0.9,1.0317,811.54,3.2958,2.4836,0.0,0
firewater,1000,30,26,0.8667,0.85,1.0196,1061.54,3.2958,3.0322,0.0,0
firewater,1200,21,17,0.8095,0.78,1.0379,1258.82,2.8904,2.9454,0.0,0
firewater,1800,95,51,0.5368,0.5,1.0737,1837.25,3.9512,3.8972,0.0,0
firewater,2200,65,25,0.3846,0.35,1.0989,2252.0,3.2581,2.822,0.0,0
firewater,2400,54,32,0.5926,0.28,2.0,2437.5,3.4965,5.0505,0.0,0
firewater,2600,29,9,0.3103,0.22,1.4107,2655.56,2.3026,1.8976,0.0,0
firewater,2800,124,26,0.2097,0.16,1.3105,2842.31,3.2958,1.9642,0.0,0
firewater,3000,6,6,1.0,0.11,2.0,3000.0,1.9459,5.8377,0.0,0
fishy15,1200,670,349,0.5209,0.78,0.6678,1250.43,5.8579,3.8155,0.2459,1
fishy15,1400,793,368,0.4641,0.7,0.6629,1446.2,5.9108,3.9669,0.228,1
fishy15,800,757,503,0.6645,0.9,0.7383,826.04,6.2226,3.4154,0.2162,1
fishy15,1000,394,274,0.6954,0.85,0.8182,1052.55,5.6168,4.1114,0.1397,0
fishy15,3000,112,5,0.0446,0.11,0.4058,3000.0,1.7918,0.24,0.1107,1
fishy15,1800,904,352,0.3894,0.5,0.7788,1861.65,5.8665,4.2525,0.1097,0
fishy15,1600,790,387,0.4899,0.6,0.8165,1658.4,5.961,4.8428,0.1056,0
fishy15,2000,1059,397,0.3749,0.42,0.8926,2049.37,5.9865,4.5992,0.045,0
fishy15,2200,1309,459,0.3506,0.35,1.0019,2255.99,6.1312,4.8502,0.0,0
fishy15,2400,2466,712,0.2887,0.28,1.0312,2436.8,6.5695,4.6221,0.0,0
fishy15,2600,207,55,0.2657,0.22,1.2077,2647.27,4.0254,2.8314,0.0,0
fishy15,2800,137,25,0.1825,0.16,1.1405,2836.0,3.2581,1.6861,0.0,0
fiza,800,427,344,0.8056,0.9,0.8951,817.44,5.8435,3.8483,0.0836,0
fiza,1000,226,180,0.7965,0.85,0.937,1048.89,5.1985,4.3428,0.0469,0
fiza,1200,174,129,0.7414,0.78,0.9505,1244.19,4.8675,4.4899,0.034,0
fiza,1400,139,107,0.7698,0.7,1.0997,1433.64,4.6821,5.1672,0.0,0
fiza,1600,98,67,0.6837,0.6,1.1395,1649.25,4.2195,4.7577,0.0,0
fiza,1800,154,104,0.6753,0.5,1.3506,1851.92,4.654,5.8205,0.0,0
fiza,2000,92,60,0.6522,0.42,1.5528,2046.67,4.1109,5.4871,0.0,0
fiza,2200,80,45,0.5625,0.35,1.6071,2220.0,3.8286,4.781,0.0,0
fiza,2400,44,29,0.6591,0.28,2.0,2441.38,3.4012,5.4728,0.0,0
fiza,2600,14,14,1.0,0.22,2.0,2600.0,2.7081,7.0409,0.0,0
fiza,3000,20,4,0.2,0.11,1.8182,3100.0,1.6094,0.9979,0.0,0
flakepym,1000,225,102,0.4533,0.85,0.5333,1059.8,4.6347,2.2267,0.3816,1
flakepym,1800,324,63,0.1944,0.5,0.3889,1841.27,4.1589,1.489,0.3426,1
flakepym,1200,276,122,0.442,0.78,0.5667,1245.08,4.8122,2.6484,0.327,1
flakepym,1600,257,78,0.3035,0.6,0.5058,1658.97,4.3694,2.2,0.3066,1
flakepym,2000,166,28,0.1687,0.42,0.4016,2025.0,3.3673,1.1502,0.2945,1
flakepym,1400,279,122,0.4373,0.7,0.6247,1442.62,4.8122,3.0356,0.2547,1
flakepym,800,469,332,0.7079,0.9,0.7865,817.17,5.8081,3.3598,0.1736,0
flakepym,2200,40,23,0.575,0.35,1.6429,2221.74,3.1781,4.06,0.0,0
flakepym,2600,4,4,1.0,0.22,2.0,2700.0,1.6094,4.3455,0.0,0
flashmt,1000,517,373,0.7215,0.85,0.8488,1055.23,5.9243,4.5102,0.116,0
flashmt,1600,1587,912,0.5747,0.6,0.9578,1657.46,6.8167,6.4929,0.0239,0
flashmt,800,619,544,0.8788,0.9,0.9765,820.96,6.3008,4.5459,0.0186,0
flashmt,1400,1087,751,0.6909,0.7,0.987,1449.27,6.6227,6.6313,0.0084,0
flashmt,1200,732,572,0.7814,0.78,1.0018,1253.32,6.3509,6.2199,0.0,0
flashmt,1800,2403,1203,0.5006,0.5,1.0012,1857.19,7.0934,6.5951,0.0,0
flashmt,2000,2994,1317,0.4399,0.42,1.0473,2053.08,7.1839,6.4878,0.0,0
flashmt,2200,3597,1499,0.4167,0.35,1.1907,2250.5,7.3132,6.8588,0.0,0
flashmt,2400,5147,1607,0.3122,0.28,1.1151,2446.67,7.3827,5.6397,0.0,0
flashmt,2600,2320,828,0.3569,0.22,1.6223,2641.18,6.7202,6.3347,0.0,0
flashmt,2800,1290,377,0.2922,0.16,1.8266,2832.63,5.9349,4.9131,0.0,0
flashmt,3000,381,110,0.2887,0.11,2.0,3018.18,4.7095,4.1038,0.0,0
flashmt,3200,65,17,0.2615,0.07,2.0,3270.59,2.8904,2.4724,0.0,0
flashmt,3400,30,7,0.2333,0.04,2.0,3471.43,2.0794,1.6843,0.0,0
flowing_boat,1400,142,34,0.2394,0.7,0.3421,1461.76,3.5553,1.2444,0.5018,1
flowing_boat,1000,48,25,0.5208,0.85,0.6127,1064.0,3.2581,1.8055,0.3009,1
flowing_boat,1200,100,52,0.52,0.78,0.6667,1244.23,3.9703,2.5688,0.2414,1
flowing_boat,1800,515,148,0.2874,0.5,0.5748,1862.84,5.0039,2.6788,0.2212,1
flowing_boat,2000,969,225,0.2322,0.42,0.5529,2044.89,5.4205,2.5738,0.2012,1
flowing_boat,800,89,65,0.7303,0.9,0.8115,818.46,4.1897,2.5044,0.1471,0
flowing_boat,1600,187,87,0.4652,0.6,0.7754,1641.38,4.4773,3.4191,0.1288,0
flowing_boat,2200,1100,284,0.2582,0.35,0.7377,2253.17,5.6525,3.2882,0.0967,1
flowing_boat,2400,903,278,0.3079,0.28,1.0995,2446.4,5.6312,4.2412,0.0,0
flowing_boat,2600,681,191,0.2805,0.22,1.2749,2648.17,5.2575,3.9049,0.0,0
flowing_boat,2800,861,168,0.1951,0.16,1.2195,2833.33,5.1299,2.836,0.0,0
flowing_boat,3000,500,90,0.18,0.11,1.6364,3036.67,4.5109,2.4656,0.0,0
flowing_boat,3200,227,37,0.163,0.07,2.0,3254.05,3.6376,1.9294,0.0,0
flowing_boat,3400,592,52,0.0878,0.04,2.0,3465.38,3.9703,1.2085,0.0,0
flytime,3200,5,0,0.0,0.07,0.0,3200.0,0.0,0.0,0.1254,0
flytime,1200,81,56,0.6914,0.78,0.8864,1258.93,4.0431,3.519,0.0775,0
flytime,1600,197,108,0.5482,0.6,0.9137,1673.15,4.6913,4.3032,0.0481,0
flytime,1400,142,95,0.669,0.7,0.9557,1442.11,4.5643,4.4036,0.0276,0
flytime,1000,79,66,0.8354,0.85,0.9829,1071.21,4.2047,3.7629,0.0123,0
flytime,800,128,118,0.9219,0.9,1.0243,821.19,4.7791,3.6179,0.0,0
flytime,1800,247,128,0.5182,0.5,1.0364,1865.62,4.8598,4.6985,0.0,0
flytime,2000,289,146,0.5052,0.42,1.2028,2068.49,4.9904,5.2149,0.0,0
flytime,2200,209,82,0.3923,0.35,1.121,2263.41,4.4188,3.9241,0.0,0
flytime,2400,207,83,0.401,0.28,1.432,2439.76,4.4308,4.3345,0.0,0
flytime,2600,77,27,0.3506,0.22,1.5939,2637.04,3.3322,3.0812,0.0,0
flytime,2800,13,9,0.6923,0.16,2.0,2855.56,2.3026,4.552,0.0,0
foreverlasting1202,800,53,25,0.4717,0.9,0.5241,828.0,3.2581,1.2725,0.4012,1
foreverlasting1202,2200,108,20,0.1852,0.35,0.5291,2220.0,3.0445,1.2516,0.1912,1
foreverlasting1202,1200,45,26,0.5778,0.78,0.7407,1234.62,3.2958,2.351,0.1802,1
foreverlasting1202,3200,7,0,0.0,0.07,0.0,3200.0,0.0,0.0,0.1456,0
foreverlasting1202,1600,80,36,0.45,0.6,0.75,1652.78,3.6109,2.6856,0.143,0
foreverlasting1202,1800,30,12,0.4,0.5,0.8,1825.0,2.5649,1.8724,0.0963,0
foreverlasting1202,2400,79,18,0.2278,0.28,0.8137,2500.0,2.9444,1.6772,0.0579,0
foreverlasting1202,2000,31,13,0.4194,0.42,0.9985,2038.46,2.6391,2.256,0.0006,0
foreverlasting1202,1000,13,12,0.9231,0.85,1.086,1058.33,2.5649,2.5058,0.0,0
foreverlasting1202,1400,7,7,1.0,0.7,1.4286,1500.0,2.0794,3.1192,0.0,0
francesco,1200,461,215,0.4664,0.78,0.5979,1256.74,5.3753,3.1505,0.3018,1
francesco,2400,707,75,0.1061,0.28,0.3789,2461.33,4.3307,1.1308,0.2141,1
francesco,2600,61,6,0.0984,0.22,0.4471,2633.33,1.9459,0.504,0.1704,1
francesco,1800,849,292,0.3439,0.5,0.6879,1859.25,5.6802,3.6322,0.1576,1
francesco,2200,851,195,0.2291,0.35,0.6547,2256.41,5.2781,2.729,0.1299,1
francesco,1000,296,209,0.7061,0.85,0.8307,1059.33,5.3471,3.9995,0.1291,0
francesco,800,481,388,0.8067,0.9,0.8963,818.56,5.9636,3.9377,0.0828,0
francesco,2000,599,220,0.3673,0.42,0.8745,2042.27,5.3982,4.0491,0.0527,0
francesco,1400,319,208,0.652,0.7,0.9315,1443.75,5.3423,5.0292,0.0436,0
francesco,2800,179,24,0.1341,0.16,0.838,2825.0,3.2189,1.2192,0.0319,0
francesco,1600,436,269,0.617,0.6,1.0283,1661.71,5.5984,5.7397,0.0,0
frankfan,1200,15,9,0.6,0.78,0.7692,1300.0,2.3026,1.796,0.1511,0
frankfan,1800,41,15,0.3659,0.5,0.7317,1853.33,2.7726,1.88,0.1329,1
frankfan,1400,14,8,0.5714,0.7,0.8163,1475.0,2.1972,1.8519,0.1089,0
frankfan,800,26,21,0.8077,0.9,0.8974,819.05,3.091,2.0448,0.0744,0
frankfan,1000,13,11,0.8462,0.85,0.9955,1090.91,2.4849,2.2938,0.0029,0
frankfan,1600,16,13,0.8125,0.6,1.3542,1646.15,2.6391,3.5297,0.0,0
frankfan,2000,2,2,1.0,0.42,2.0,2100.0,1.0986,2.3071,0.0,0
frankfan,2200,5,5,1.0,0.35,2.0,2200.0,1.7918,3.9419,0.0,0
frankfan,2400,4,4,1.0,0.28,2.0,2400.0,1.6094,3.8627,0.0,0
frznhc,1200,226,107,0.4735,0.78,0.607,1241.12,4.6821,2.7513,0.2927,1
frznhc,1400,200,82,0.41,0.7,0.5857,1431.71,4.4188,2.5939,0.2838,1
frznhc,1600,267,92,0.3446,0.6,0.5743,1665.22,4.5326,2.6007,0.2581,1
frznhc,1000,157,100,0.6369,0.85,0.7493,1059.0,4.6151,3.113,0.1921,1
frznhc,1800,548,176,0.3212,0.5,0.6423,1860.8,5.1761,3.0934,0.1827,1
frznhc,800,214,154,0.7196,0.9,0.7996,820.13,5.0434,2.9766,0.1603,0
frznhc,2200,674,153,0.227,0.35,0.6486,2242.48,5.037,2.5641,0.1327,1
frznhc,2000,472,146,0.3093,0.42,0.7365,2053.42,4.9904,3.1698,0.1138,1
frznhc,2400,1044,189,0.181,0.28,0.6466,2444.97,5.247,2.3225,0.1101,1
frznhc,3000,362,31,0.0856,0.11,0.7785,3029.03,3.4657,0.899,0.0322,0
frznhc,2600,351,102,0.2906,0.22,1.3209,2663.73,4.6347,3.5876,0.0,0
frznhc,2800,98,29,0.2959,0.16,1.8495,2844.83,3.4012,2.8633,0.0,0
frznhc,3200,58,7,0.1207,0.07,1.7241,3214.29,2.0794,0.8067,0.0,0
frznhc,3400,14,2,0.1429,0.04,2.0,3400.0,1.0986,0.5336,0.0,0
fuxh,1000,157,87,0.5541,0.85,0.6519,1078.16,4.4773,2.675,0.2735,1
fuxh,1400,157,81,0.5159,0.7,0.737,1451.85,4.4067,3.3008,0.1724,1
fuxh,2000,757,197,0.2602,0.42,0.6196,2040.61,5.2883,2.8083,0.1685,1
fuxh,1800,480,163,0.3396,0.5,0.6792,1862.58,5.0999,3.2257,0.1624,1
fuxh,1600,278,138,0.4964,0.6,0.8273,1634.78,4.9345,4.0044,0.0983,0
fuxh,2200,908,235,0.2588,0.35,0.7395,2242.98,5.4638,3.1718,0.0961,1
fuxh,800,179,148,0.8268,0.9,0.9187,819.59,5.0039,3.3909,0.0633,0
fuxh,2400,819,206,0.2515,0.28,0.8983,2453.4,5.3327,3.2908,0.0302,0
fuxh,3000,212,21,0.0991,0.11,0.9005,3019.05,3.091,0.9244,0.0143,0
fuxh,1200,78,63,0.8077,0.78,1.0355,1236.51,4.1589,4.1536,0.0,0
fuxh,2600,371,123,0.3315,0.22,1.507,2634.96,4.8203,4.2109,0.0,0
fuxh,2800,456,90,0.1974,0.16,1.2336,2846.67,4.5109,2.5344,0.0,0
fuxh,3200,60,5,0.0833,0.07,1.1905,3240.0,1.7918,0.4838,0.0,0
fuxh,3400,44,9,0.2045,0.04,2.0,3422.22,2.3026,1.6118,0.0,0
fydj,1600,140,71,0.5071,0.6,0.8452,1654.93,4.2767,3.5893,0.0871,0
fydj,1400,107,66,0.6168,0.7,0.8812,1419.7,4.2047,3.6821,0.0748,0
fydj,800,97,81,0.8351,0.9,0.9278,813.58,4.4067,2.9938,0.0551,0
fydj,1000,37,29,0.7838,0.85,0.9221,1086.21,3.4012,2.8956,0.0547,0
fydj,1200,90,65,0.7222,0.78,0.9259,1247.69,4.1897,3.7753,0.0502,0
fydj,1800,200,93,0.465,0.5,0.93,1874.19,4.5433,3.9595,0.0335,0
fydj,2000,270,105,0.3889,0.42,0.9259,2061.9,4.6634,3.7394,0.0308,0
fydj,2200,268,105,0.3918,0.35,1.1194,2272.38,4.6634,4.1519,0.0,0
fydj,2400,238,125,0.5252,0.28,1.8758,2466.4,4.8363,6.2648,0.0,0
fydj,2600,217,83,0.3825,0.22,1.7386,2645.78,4.4308,4.4839,0.0,0
fydj,2800,263,110,0.4183,0.16,2.0,2837.27,4.7095,5.5888,0.0,0
fydj,3000,186,76,0.4086,0.11,2.0,3043.42,4.3438,5.4017,0.0,0
fydj,3200,64,31,0.4844,0.07,2.0,3229.03,3.4657,5.4206,0.0,0
fydj,3400,305,66,0.2164,0.04,2.0,3478.79,4.2047,3.1652,0.0,0
garvitgaru,2800,6,0,0.0,0.16,0.0,2800.0,0.0,0.0,0.3113,0
garvitgaru,800,31,19,0.6129,0.9,0.681,815.79,2.9957,1.4979,0.249,1
garvitgaru,3000,5,0,0.0,0.11,0.0,3000.0,0.0,0.0,0.1971,0
garvitgaru,1000,11,7,0.6364,0.85,0.7487,1000.0,2.0794,1.3233,0.1724,0
garvitgaru,1200,8,5,0.625,0.78,0.8013,1300.0,1.7918,1.4558,0.122,0
garvitgaru,1400,16,10,0.625,0.7,0.8929,1500.0,2.3979,2.248,0.0625,0
garvitgaru,1600,10,6,0.6,0.6,1.0,1700.0,1.9459,1.9848,0.0,0
garvitgaru,1800,10,5,0.5,0.5,1.0,1900.0,1.7918,1.7022,0.0,0
garvitgaru,2000,13,6,0.4615,0.42,1.0989,2100.0,1.9459,1.886,0.0,0
garvitgaru,2200,4,4,1.0,0.35,2.0,2200.0,1.6094,3.5408,0.0,0
garvitgaru,2400,4,4,1.0,0.28,2.0,2400.0,1.6094,3.8627,0.0,0
gdgzdyyacm,2000,11,0,0.0,0.42,0.0,2000.0,0.0,0.0,1.0437,0
gdgzdyyacm,800,16,9,0.5625,0.9,0.625,811.11,2.3026,1.0506,0.2895,0
gdgzdyyacm,1200,11,7,0.6364,0.78,0.8159,1300.0,2.0794,1.7203,0.1159,0
gdgzdyyacm,1000,12,12,1.0,0.85,1.1765,1083.33,2.5649,2.7787,0.0,0
gdgzdyyacm,1400,6,6,1.0,0.7,1.4286,1400.0,1.9459,2.7243,0.0,0
gdgzdyyacm,1800,20,18,0.9,0.5,1.8,1816.67,2.9444,4.8142,0.0,0
gdgzdyyacm,2200,36,19,0.5278,0.35,1.5079,2200.0,2.9957,3.4784,0.0,0
gdgzdyyacm,2400,4,4,1.0,0.28,2.0,2400.0,1.6094,3.8627,0.0,0
gdgzdyyacm,2600,9,3,0.3333,0.22,1.5152,2700.0,1.3863,1.2477,0.0,0
geospiza,1200,1019,468,0.4593,0.78,0.5888,1249.79,6.1506,3.5304,0.3107,1
geospiza,1400,1216,493,0.4054,0.7,0.5792,1448.68,6.2025,3.643,0.2905,1
geospiza,1000,741,422,0.5695,0.85,0.67,1055.45,6.0474,3.635,0.2631,1
geospiza,800,1326,833,0.6282,0.9,0.698,821.13,6.7262,3.4696,0.253,1
geospiza,1600,1550,575,0.371,0.6,0.6183,1658.61,6.3561,3.9109,0.2287,1
geospiza,2000,1510,459,0.304,0.42,0.7237,2050.11,6.1312,3.8209,0.1191,1
geospiza,1800,1380,533,0.3862,0.5,0.7725,1853.85,6.2804,4.4969,0.113,0
geospiza,2200,1603,452,0.282,0.35,0.8056,2240.71,6.1159,3.8641,0.0706,0
geospiza,2400,1389,345,0.2484,0.28,0.8871,2440.58,5.8464,3.5441,0.0334,0
geospiza,2600,374,104,0.2781,0.22,1.264,2642.31,4.654,3.4195,0.0,0
geospiza,2800,264,64,0.2424,0.16,1.5152,2832.81,4.1744,2.8667,0.0,0
geospiza,3000,136,43,0.3162,0.11,2.0,3018.6,3.7842,3.6117,0.0,0
geospiza,3200,87,17,0.1954,0.07,2.0,3235.29,2.8904,1.8272,0.0,0
geospiza,3400,7,4,0.5714,0.04,2.0,3475.0,1.6094,3.1959,0.0,0
ggorelov_why,1800,168,34,0.2024,0.5,0.4048,1847.06,3.5553,1.329,0.3352,1
ggorelov_why,2200,22,5,0.2273,0.35,0.6494,2200.0,1.7918,0.8959,0.1378,1
ggorelov_why,2400,89,17,0.191,0.28,0.6822,2476.47,2.8904,1.3672,0.1029,1
ggorelov_why,1000,38,28,0.7368,0.85,0.8669,1064.29,3.3673,2.6407,0.0949,0
ggorelov_why,2000,41,14,0.3415,0.42,0.813,2028.57,2.7081,1.8758,0.0792,0
ggorelov_why,1600,56,30,0.5357,0.6,0.8929,1666.67,3.434,3.0661,0.0586,0
ggorelov_why,800,73,61,0.8356,0.9,0.9285,811.48,4.1271,2.7985,0.054,0
ggorelov_why,1200,49,37,0.7551,0.78,0.9681,1251.35,3.6376,3.4371,0.021,0
ggorelov_why,1400,46,39,0.8478,0.7,1.2112,1474.36,3.6889,4.6111,0.0,0
ggorelov_why,2600,5,5,1.0,0.22,2.0,2700.0,1.7918,4.8378,0.0,0
ghc7hHx,1200,409,181,0.4425,0.78,0.5674,1250.83,5.204,2.8807,0.3272,1
ghc7hHx,1400,410,172,0.4195,0.7,0.5993,1454.07,5.1533,3.1435,0.2743,1
ghc7hHx,1000,261,145,0.5556,0.85,0.6536,1061.38,4.9836,2.9386,0.274,1
ghc7hHx,800,345,247,0.7159,0.9,0.7955,818.62,5.5134,3.2313,0.1652,0
ghc7hHx,1600,555,254,0.4577,0.6,0.7628,1656.69,5.5413,4.2014,0.1375,0
ghc7hHx,2000,377,132,0.3501,0.42,0.8336,2053.79,4.8903,3.5166,0.0704,0
ghc7hHx,1800,692,299,0.4321,0.5,0.8642,1837.12,5.7038,4.5276,0.0663,0
ghc7hHx,2800,68,9,0.1324,0.16,0.8272,2800.0,2.3026,0.8533,0.0354,0
ghc7hHx,2200,372,132,0.3548,0.35,1.0138,2230.3,4.8903,3.8702,0.0,0
ghc7hHx,2400,268,100,0.3731,0.28,1.3326,2467.0,4.6151,4.2483,0.0,0
ghc7hHx,2600,125,39,0.312,0.22,1.4182,2664.1,3.6889,3.0662,0.0,0
gleb.astashkin,3200,30,0,0.0,0.07,0.0,3200.0,0.0,0.0,0.2404,1
gleb.astashkin,2000,2543,646,0.254,0.42,0.6048,2044.43,6.4723,3.3614,0.1742,1
gleb.astashkin,2400,1124,155,0.1379,0.28,0.4925,2433.55,5.0499,1.6947,0.165,1
gleb.astashkin,2200,1737,394,0.2268,0.35,0.6481,2238.32,5.9789,3.0356,0.1317,1
gleb.astashkin,1400,1255,711,0.5665,0.7,0.8093,1450.35,6.5681,5.3968,0.1258,0
gleb.astashkin,2600,268,36,0.1343,0.22,0.6106,2625.0,3.6109,1.2733,0.104,1
gleb.astashkin,2800,184,16,0.087,0.16,0.5435,2837.5,2.8332,0.6991,0.0995,1
gleb.astashkin,1200,890,614,0.6899,0.78,0.8845,1248.86,6.4216,5.5327,0.0825,0
gleb.astashkin,1600,1448,744,0.5138,0.6,0.8564,1652.69,6.6134,5.6159,0.0824,0
gleb.astashkin,800,889,742,0.8346,0.9,0.9274,823.72,6.6107,4.5449,0.0583,0
gleb.astashkin,1800,1793,815,0.4545,0.5,0.9091,1852.76,6.7044,5.6462,0.0442,0
gleb.astashkin,1000,536,452,0.8433,0.85,0.9921,1054.2,6.1159,5.437,0.0059,0
gleb.astashkin,3000,33,6,0.1818,0.11,1.6529,3000.0,1.9459,1.0614,0.0,0
gloria_mundi,1000,115,95,0.8261,0.85,0.9719,1075.79,4.5643,4.0563,0.0204,0
gloria_mundi,1200,123,95,0.7724,0.78,0.9902,1254.74,4.5643,4.4233,0.0066,0
gloria_mundi,800,174,165,0.9483,0.9,1.0536,818.18,5.112,3.9662,0.0,0
gloria_mundi,1400,151,113,0.7483,0.7,1.0691,1433.63,4.7362,5.0812,0.0,0
gloria_mundi,1600,166,135,0.8133,0.6,1.3554,1654.07,4.9127,6.6084,0.0,0
gloria_mundi,1800,269,191,0.71,0.5,1.4201,1856.02,5.2575,6.9286,0.0,0
gloria_mundi,2000,206,165,0.801,0.42,1.9071,2057.58,5.112,8.4249,0.0,0
gloria_mundi,2200,195,130,0.6667,0.35,1.9048,2241.54,4.8752,7.2853,0.0,0
gloria_mundi,2400,222,123,0.5541,0.28,1.9788,2439.02,4.8203,6.5139,0.0,0
gloria_mundi,2600,139,82,0.5899,0.22,2.0,2648.78,4.4188,6.9048,0.0,0
gloria_mundi,2800,202,66,0.3267,0.16,2.0,2860.61,4.2047,3.9299,0.0,0
gloria_mundi,3000,45,15,0.3333,0.11,2.0,3080.0,2.7726,2.8465,0.0,0
gloria_mundi,3200,14,14,1.0,0.07,2.0,3250.0,2.7081,8.8012,0.0,0
gloria_mundi,3400,30,4,0.1333,0.04,2.0,3400.0,1.6094,0.7296,0.0,0
gnwfgg,1400,331,155,0.4683,0.7,0.669,1458.06,5.0499,3.4479,0.2223,1
gnwfgg,1000,174,115,0.6609,0.85,0.7776,1069.57,4.7536,3.3603,0.1697,0
gnwfgg,800,255,190,0.7451,0.9,0.8279,828.42,5.2523,3.242,0.1374,0
gnwfgg,1200,264,168,0.6364,0.78,0.8159,1247.62,5.1299,4.0728,0.1307,0
gnwfgg,1600,502,240,0.4781,0.6,0.7968,1660.42,5.4848,4.354,0.1169,0
gnwfgg,2000,1630,614,0.3767,0.42,0.8969,2057.82,6.4216,4.9777,0.0432,0
gnwfgg,1800,582,328,0.5636,0.5,1.1271,1862.2,5.7961,6.0829,0.0,0
gnwfgg,2200,2681,979,0.3652,0.35,1.0433,2242.08,6.8876,5.639,0.0,0
gnwfgg,2400,3889,1328,0.3415,0.28,1.2196,2443.0,7.1922,5.9999,0.0,0
gnwfgg,2600,1274,404,0.3171,0.22,1.4414,2625.74,6.0039,4.9992,0.0,0
gnwfgg,2800,233,51,0.2189,0.16,1.368,2803.92,3.9512,2.425,0.0,0
gnwfgg,3000,18,3,0.1667,0.11,1.5152,3000.0,1.3863,0.6931,0.0,0
golomb,1200,624,422,0.6763,0.78,0.867,1251.9,6.0474,5.1199,0.0947,0
golomb,1400,655,431,0.658,0.7,0.94,1443.16,6.0684,5.7627,0.0385,0
golomb,2000,1243,482,0.3878,0.42,0.9233,2046.47,6.18,4.9042,0.032,0
golomb,800,755,653,0.8649,0.9,0.961,815.62,6.4831,4.5734,0.0311,0
golomb,2200,1155,385,0.3333,0.35,0.9524,2241.56,5.9558,4.4501,0.0169,0
golomb,1800,1189,591,0.4971,0.5,0.9941,1853.64,6.3835,5.8815,0.0028,0
golomb,1000,407,353,0.8673,0.85,1.0204,1061.19,5.8693,5.4021,0.0,0
golomb,1600,703,446,0.6344,0.6,1.0574,1655.38,6.1026,6.409,0.0,0
golomb,2400,1395,452,0.324,0.28,1.1572,2438.94,6.1159,4.8331,0.0,0
golomb,2600,1162,300,0.2582,0.22,1.1735,2641.33,5.7071,3.8918,0.0,0
golomb,2800,829,156,0.1882,0.16,1.1761,2835.9,5.0562,2.6983,0.0,0
golomb,3000,242,53,0.219,0.11,1.991,3060.38,3.989,2.6736,0.0,0
golomb,3200,218,38,0.1743,0.07,2.0,3226.32,3.6636,2.0603,0.0,0
golomb,3400,187,23,0.123,0.04,2.0,3447.83,3.1781,1.3477,0.0,0
goodpjw2008,1000,343,189,0.551,0.85,0.6483,1060.85,5.247,3.0671,0.2795,1
goodpjw2008,1200,325,192,0.5908,0.78,0.7574,1257.29,5.2627,3.909,0.1749,0
goodpjw2008,1600,389,174,0.4473,0.6,0.7455,1646.55,5.1648,3.8039,0.1478,1
goodpjw2008,1800,358,135,0.3771,0.5,0.7542,1838.52,4.9127,3.4059,0.1223,0
goodpjw2008,1400,300,176,0.5867,0.7,0.8381,1450.0,5.1761,4.4032,0.1047,0
goodpjw2008,800,549,430,0.7832,0.9,0.8703,816.51,6.0661,3.8794,0.1043,0
goodpjw2008,2400,318,68,0.2138,0.28,0.7637,2423.53,4.2341,2.1943,0.0729,0
goodpjw2008,2000,328,136,0.4146,0.42,0.9872,2046.32,4.92,4.1745,0.0053,0
goodpjw2008,2200,325,115,0.3538,0.35,1.011,2229.57,4.7536,3.7502,0.0,0
goodpjw2008,2600,2,2,1.0,0.22,2.0,2600.0,1.0986,2.8564,0.0,0
gopal.thecoder,1000,287,197,0.6864,0.85,0.8075,1055.84,5.2883,3.8326,0.1473,0
gopal.thecoder,800,384,302,0.7865,0.9,0.8738,814.57,5.7137,3.6604,0.1007,0
gopal.thecoder,1200,318,280,0.8805,0.78,1.1289,1260.71,5.6384,6.2589,0.0,0
gopal.thecoder,1400,344,303,0.8808,0.7,1.2583,1453.14,5.717,7.3175,0.0,0
gopal.thecoder,1600,387,303,0.7829,0.6,1.3049,1648.84,5.717,7.3804,0.0,0
gopal.thecoder,1800,399,317,0.7945,0.5,1.589,1855.52,5.7621,8.4943,0.0,0
gopal.thecoder,2000,343,298,0.8688,0.42,2.0,2056.71,5.7004,10.186,0.0,0
gopal.thecoder,2200,383,308,0.8042,0.35,2.0,2246.1,5.7333,10.3559,0.0,0
gopal.thecoder,2400,271,214,0.7897,0.28,2.0,2454.21,5.3706,10.4083,0.0,0
gopal.thecoder,2600,205,139,0.678,0.22,2.0,2639.57,4.9416,8.8443,0.0,0
gopal.thecoder,2800,211,185,0.8768,0.16,2.0,2838.92,5.2257,13.0074,0.0,0
gopal.thecoder,3000,80,76,0.95,0.11,2.0,3035.53,4.3438,12.5264,0.0,0
gopal.thecoder,3200,65,65,1.0,0.07,2.0,3252.31,4.1897,13.626,0.0,0
gopal.thecoder,3400,94,85,0.9043,0.04,2.0,3475.29,4.4543,13.998,0.0,0
grass8sheep,1200,298,184,0.6174,0.78,0.7916,1254.35,5.2204,4.0431,0.149,0
grass8sheep,1400,521,288,0.5528,0.7,0.7897,1447.92,5.6664,4.5353,0.1382,0
grass8sheep,800,320,247,0.7719,0.9,0.8576,821.86,5.5134,3.4976,0.1135,0
grass8sheep,1600,532,261,0.4906,0.6,0.8177,1661.3,5.5683,4.5384,0.1046,0
grass8sheep,1000,194,145,0.7474,0.85,0.8793,1049.66,4.9836,3.9098,0.0904,0
grass8sheep,1800,744,326,0.4382,0.5,0.8763,1865.03,5.79,4.7316,0.0602,0
grass8sheep,2000,770,388,0.5039,0.42,1.1998,2052.58,5.9636,6.168,0.0,0
grass8sheep,2200,873,408,0.4674,0.35,1.3353,2253.19,6.0137,6.3327,0.0,0
grass8sheep,2400,1508,685,0.4542,0.28,1.6223,2445.11,6.5309,7.2537,0.0,0
grass8sheep,2600,1101,517,0.4696,0.22,2.0,2639.07,6.25,7.7452,0.0,0
grass8sheep,2800,760,319,0.4197,0.16,2.0,2846.08,5.7683,6.8909,0.0,0
grass8sheep,3000,994,332,0.334,0.11,2.0,3040.36,5.8081,5.8981,0.0,0
grass8sheep,3200,705,265,0.3759,0.07,2.0,3243.4,5.5835,6.8071,0.0,0
grass8sheep,3400,777,175,0.2252,0.04,2.0,3464.57,5.1705,4.0346,0.0,0
gshbholanath19,800,206,199,0.966,0.9,1.0734,815.58,5.2983,4.1744,0.0,0
gshbholanath19,1000,152,132,0.8684,0.85,1.0217,1065.15,4.8903,4.5236,0.0,0
gshbholanath19,1200,164,151,0.9207,0.78,1.1804,1256.95,5.0239,5.8142,0.0,0
gshbholanath19,1400,185,157,0.8486,0.7,1.2124,1439.49,5.0626,6.1846,0.0,0
gshbholanath19,1600,140,127,0.9071,0.6,1.5119,1657.48,4.852,7.2954,0.0,0
gshbholanath19,1800,264,212,0.803,0.5,1.6061,1855.19,5.3613,7.9871,0.0,0
gshbholanath19,2000,201,183,0.9104,0.42,2.0,2050.27,5.2149,9.7345,0.0,0
gshbholanath19,2200,239,220,0.9205,0.35,2.0,2240.45,5.3982,11.1329,0.0,0
gshbholanath19,2400,199,149,0.7487,0.28,2.0,2455.03,5.0106,9.2105,0.0,0
gshbholanath19,2600,171,141,0.8246,0.22,2.0,2643.26,4.9558,10.8014,0.0,0
gshbholanath19,2800,133,106,0.797,0.16,2.0,2838.68,4.6728,10.5718,0.0,0
gshbholanath19,3000,96,93,0.9688,0.11,2.0,3051.61,4.5433,13.4311,0.0,0
gshbholanath19,3200,61,55,0.9016,0.07,2.0,3263.64,4.0254,11.8451,0.0,0
gshbholanath19,3400,107,95,0.8879,0.04,2.0,3487.37,4.5643,14.1324,0.0,0
gubidubi,2800,12,0,0.0,0.16,0.0,2800.0,0.0,0.0,0.4104,0
gubidubi,800,351,240,0.6838,0.9,0.7597,819.17,5.4848,3.0721,0.1955,0
gubidubi,2600,52,5,0.0962,0.22,0.4371,2600.0,1.7918,0.4479,0.1761,1
gubidubi,1000,171,115,0.6725,0.85,0.7912,1067.83,4.7536,3.4137,0.1588,0
gubidubi,1200,234,167,0.7137,0.78,0.915,1244.91,5.124,4.5524,0.0591,0
gubidubi,1800,444,198,0.4459,0.5,0.8919,1864.65,5.2933,4.4015,0.0524,0
gubidubi,2200,305,96,0.3148,0.35,0.8993,2236.46,4.5747,3.2203,0.0362,0
gubidubi,1600,231,130,0.5628,0.6,0.938,1654.62,4.8752,4.5396,0.0345,0
gubidubi,2000,342,141,0.4123,0.42,0.9816,2048.23,4.9558,4.1849,0.0076,0
gubidubi,1400,242,168,0.6942,0.7,0.9917,1444.05,5.1299,5.1426,0.0052,0
gubidubi,2400,169,51,0.3018,0.28,1.0778,2452.94,3.9512,2.9249,0.0,0
guperman,2200,1595,383,0.2401,0.35,0.6861,2244.91,5.9506,3.2078,0.1166,1
guperman,2600,629,99,0.1574,0.22,0.7154,2635.35,4.6052,1.9102,0.072,1
guperman,2000,1368,488,0.3567,0.42,0.8493,2036.07,6.1924,4.4976,0.0635,0
guperman,1400,568,369,0.6496,0.7,0.9281,1437.4,5.9135,5.522,0.0462,0
guperman,1600,713,394,0.5526,0.6,0.921,1657.11,5.9789,5.4749,0.0446,0
guperman,1000,370,299,0.8081,0.85,0.9507,1060.54,5.7038,4.8883,0.037,0
guperman,800,647,563,0.8702,0.9,0.9669,820.6,6.3351,4.5236,0.0263,0
guperman,1200,475,360,0.7579,0.78,0.9717,1249.17,5.8889,5.5752,0.0198,0
guperman,2800,573,90,0.1571,0.16,0.9817,2834.44,4.5109,2.0082,0.0034,0
guperman,1800,1002,514,0.513,0.5,1.0259,1857.2,6.2442,5.9488,0.0,0
guperman,2400,1404,396,0.2821,0.28,1.0073,2438.13,5.9839,4.115,0.0,0
guperman,3000,157,49,0.3121,0.11,2.0,3071.43,3.912,3.7501,0.0,0
guperman,3200,118,20,0.1695,0.07,2.0,3250.0,3.0445,1.6771,0.0,0
guperman,3400,55,11,0.2,0.04,2.0,3463.64,2.4849,1.7214,0.0,0
gzyo4,800,23,15,0.6522,0.9,0.7246,806.67,2.7726,1.4586,0.2088,1
gzyo4,1400,20,12,0.6,0.7,0.8571,1450.0,2.5649,2.2315,0.0854,0
gzyo4,1200,8,6,0.75,0.78,0.9615,1250.0,1.9459,1.8243,0.0224,0
gzyo4,1000,13,13,1.0,0.85,1.1765,1046.15,2.6391,2.7609,0.0,0
gzyo4,1600,17,14,0.8235,0.6,1.3725,1671.43,2.7081,3.7276,0.0,0
gzyo4,1800,17,12,0.7059,0.5,1.4118,1800.0,2.5649,3.259,0.0,0
gzyo4,2000,7,7,1.0,0.42,2.0,2100.0,2.0794,4.3668,0.0,0
gzyo4,2200,29,19,0.6552,0.35,1.8719,2200.0,2.9957,4.318,0.0,0
hardgonnapass,800,17,10,0.5882,0.9,0.6536,810.0,2.3979,1.1425,0.2652,0
hardgonnapass,2000,19,6,0.3158,0.42,0.7519,2000.0,1.9459,1.229,0.106,0
hardgonnapass,2600,20,4,0.2,0.22,0.9091,2700.0,1.6094,0.8691,0.0233,0
hardgonnapass,1000,16,14,0.875,0.85,1.0294,1071.43,2.7081,2.5388,0.0,0
hardgonnapass,1200,12,10,0.8333,0.78,1.0684,1300.0,2.3979,2.5977,0.0,0
hardgonnapass,1400,6,6,1.0,0.7,1.4286,1400.0,1.9459,2.7243,0.0,0
hardgonnapass,1800,30,18,0.6,0.5,1.2,1833.33,2.9444,3.2389,0.0,0
hardgonnapass,2200,24,13,0.5417,0.35,1.5476,2261.54,2.6391,3.2328,0.0,0
hardgonnapass,2400,8,4,0.5,0.28,1.7857,2400.0,1.6094,1.9313,0.0,0
harurun4635,800,579,393,0.6788,0.9,0.7542,816.54,5.9764,3.3123,0.2018,0
harurun4635,1400,532,270,0.5075,0.7,0.725,1450.37,5.6021,4.1237,0.183,1
harurun4635,1000,350,229,0.6543,0.85,0.7697,1058.08,5.4381,3.7647,0.1782,0
harurun4635,1600,696,296,0.4253,0.6,0.7088,1656.42,5.6937,4.011,0.1709,1
harurun4635,1200,423,254,0.6005,0.78,0.7698,1255.91,5.5413,4.1789,0.166,0
harurun4635,2000,998,303,0.3036,0.42,0.7229,2047.19,5.717,3.5534,0.1197,1
harurun4635,2200,1146,274,0.2391,0.35,0.6831,2249.27,5.6168,3.0206,0.1181,1
harurun4635,1800,757,316,0.4174,0.5,0.8349,1862.66,5.7589,4.4778,0.081,0
harurun4635,3400,3,0,0.0,0.04,0.0,3400.0,0.0,0.0,0.0555,0
harurun4635,2600,808,139,0.172,0.22,0.782,2630.22,4.9416,2.236,0.0541,0
harurun4635,3000,189,14,0.0741,0.11,0.6734,3078.57,2.7081,0.6176,0.0508,1
harurun4635,2400,689,195,0.283,0.28,1.0108,2451.79,5.2781,3.6625,0.0,0
harurun4635,2800,180,48,0.2667,0.16,1.6667,2837.5,3.8918,2.9448,0.0,0
harurun4635,3200,53,10,0.1887,0.07,2.0,3240.0,2.3979,1.4659,0.0,0
hhcy,1400,68,23,0.3382,0.7,0.4832,1421.74,3.1781,1.5283,0.3666,1
hhcy,1200,54,24,0.4444,0.78,0.5698,1250.0,3.2189,1.7883,0.3187,1
hhcy,2200,96,13,0.1354,0.35,0.3869,2261.54,2.6391,0.8082,0.2698,1
hhcy,800,52,35,0.6731,0.9,0.7479,814.29,3.5835,1.964,0.1966,1
hhcy,2000,48,13,0.2708,0.42,0.6448,2100.0,2.6391,1.501,0.1595,1
hhcy,1000,45,30,0.6667,0.85,0.7843,1100.0,3.434,2.5183,0.1583,0
hhcy,1600,41,29,0.7073,0.6,1.1789,1631.03,3.4012,3.9238,0.0,0
hhcy,1800,83,43,0.5181,0.5,1.0361,1895.35,3.7842,3.7158,0.0,0
hhcy,2400,9,9,1.0,0.28,2.0,2400.0,2.3026,5.5262,0.0,0
hihihaha,1000,165,82,0.497,0.85,0.5847,1058.54,4.4188,2.3246,0.333,1
hihihaha,1800,703,199,0.2831,0.5,0.5661,1861.31,5.2983,2.7916,0.2258,1
hihihaha,800,236,159,0.6737,0.9,0.7486,815.72,5.0752,2.7892,0.2037,1
hihihaha,1600,432,191,0.4421,0.6,0.7369,1653.93,5.2575,3.8445,0.1532,1
hihihaha,1400,251,139,0.5538,0.7,0.7911,1441.73,4.9416,3.9454,0.1361,0
hihihaha,1200,155,104,0.671,0.78,0.8602,1249.04,4.654,3.9003,0.0974,0
hihihaha,2000,371,131,0.3531,0.42,0.8407,2038.17,4.8828,3.514,0.0673,0
hihihaha,2400,428,98,0.229,0.28,0.8178,2427.55,4.5951,2.5542,0.0553,0
hihihaha,2600,243,47,0.1934,0.22,0.8792,2623.4,3.8712,1.9643,0.03,0
hihihaha,2200,312,117,0.375,0.35,1.0714,2246.15,4.7707,4.0184,0.0,0
hihihaha,2800,41,19,0.4634,0.16,2.0,2847.37,2.9957,3.9529,0.0,0
hihihaha,3000,43,7,0.1628,0.11,1.4799,3085.71,2.0794,1.0446,0.0,0
hihihaha,3200,33,6,0.1818,0.07,2.0,3216.67,1.9459,1.1381,0.0,0
hihihaha,3400,4,4,1.0,0.04,2.0,3500.0,1.6094,5.633,0.0,0
hitman_py,800,244,158,0.6475,0.9,0.7195,820.25,5.0689,2.6923,0.2288,1
hitman_py,3000,3,0,0.0,0.11,0.0,3000.0,0.0,0.0,0.1525,0
hitman_py,1000,94,67,0.7128,0.85,0.8385,1055.22,4.2195,3.1736,0.1197,0
hitman_py,2200,303,74,0.2442,0.35,0.6978,2239.19,4.3175,2.3611,0.1137,1
hitman_py,1400,208,135,0.649,0.7,0.9272,1455.56,4.9127,4.641,0.046,0
hitman_py,1200,125,91,0.728,0.78,0.9333,1258.24,4.5218,4.142,0.0455,0
hitman_py,1600,259,193,0.7452,0.6,1.242,1661.14,5.2679,6.5208,0.0,0
hitman_py,1800,612,329,0.5376,0.5,1.0752,1857.75,5.7991,5.7915,0.0,0
hitman_py,2000,263,165,0.6274,0.42,1.4938,2036.97,5.112,6.5328,0.0,0
hitman_py,2400,150,80,0.5333,0.28,1.9048,2453.75,4.3944,5.7509,0.0,0
hitman_py,2600,83,35,0.4217,0.22,1.9168,2622.86,3.5835,3.9635,0.0,0
hitman_py,2800,38,23,0.6053,0.16,2.0,2808.7,3.1781,5.4027,0.0,0
hitman_py,3200,29,13,0.4483,0.07,2.0,3200.0,2.6391,3.7857,0.0,0
hitman_py,3400,5,2,0.4,0.04,2.0,3500.0,1.0986,1.5381,0.0,0
hitonanode,1000,400,295,0.7375,0.85,0.8676,1048.47,5.6904,4.4001,0.1008,0
hitonanode,800,677,549,0.8109,0.9,0.901,822.04,6.3099,4.2063,0.0794,0
hitonanode,1200,606,426,0.703,0.78,0.9012,1250.47,6.0568,5.3242,0.07,0
hitonanode,1600,1142,668,0.5849,0.6,0.9749,1651.95,6.5058,6.2865,0.0141,0
hitonanode,1400,808,587,0.7265,0.7,1.0378,1448.38,6.3767,6.7098,0.0,0
hitonanode,1800,1602,869,0.5424,0.5,1.0849,1852.93,6.7685,6.8031,0.0,0
hitonanode,2000,1581,791,0.5003,0.42,1.1912,2051.07,6.6746,6.8493,0.0,0
hitonanode,2200,1873,731,0.3903,0.35,1.1151,2249.11,6.5958,5.7897,0.0,0
hitonanode,2400,2478,902,0.364,0.28,1.3,2445.23,6.8057,6.0576,0.0,0
hitonanode,2600,2397,555,0.2315,0.22,1.0525,2649.37,6.3208,3.8774,0.0,0
hitonanode,2800,1349,310,0.2298,0.16,1.4362,2845.48,5.7398,3.7532,0.0,0
hitonanode,3000,1526,223,0.1461,0.11,1.3285,3042.15,5.4116,2.4058,0.0,0
hitonanode,3200,825,85,0.103,0.07,1.4719,3245.88,4.4543,1.4896,0.0,0
hitonanode,3400,415,39,0.094,0.04,2.0,3451.28,3.6889,1.1964,0.0,0
hiya_arrrrr,2200,101,8,0.0792,0.35,0.2263,2300.0,2.1972,0.4003,0.3917,1
hiya_arrrrr,1400,32,12,0.375,0.7,0.5357,1466.67,2.5649,1.4107,0.3188,1
hiya_arrrrr,1200,16,9,0.5625,0.78,0.7212,1244.44,2.3026,1.6118,0.1866,0
hiya_arrrrr,2600,91,11,0.1209,0.22,0.5495,2654.55,2.4849,0.7974,0.1286,1
hiya_arrrrr,2800,108,10,0.0926,0.16,0.5787,2850.0,2.3979,0.6328,0.0931,1
hiya_arrrrr,800,13,13,1.0,0.9,1.1111,800.0,2.6391,2.1112,0.0,0
hiya_arrrrr,1000,15,13,0.8667,0.85,1.0196,1061.54,2.6391,2.4279,0.0,0
hiya_arrrrr,1600,14,14,1.0,0.6,1.6667,1600.0,2.7081,4.3329,0.0,0
hiya_arrrrr,1800,25,21,0.84,0.5,1.68,1857.14,3.091,4.822,0.0,0
hiya_arrrrr,2000,30,16,0.5333,0.42,1.2698,2100.0,2.8332,3.1732,0.0,0
hiya_arrrrr,2400,4,4,1.0,0.28,2.0,2400.0,1.6094,3.8627,0.0,0
hiya_arrrrr,3200,4,4,1.0,0.07,2.0,3300.0,1.6094,5.3111,0.0,0
hodza,1000,138,95,0.6884,0.85,0.8099,1062.11,4.5643,3.3373,0.1433,0
hodza,800,272,201,0.739,0.9,0.8211,816.92,5.3083,3.2045,0.1432,0
hodza,1200,215,135,0.6279,0.78,0.805,1257.78,4.9127,3.8799,0.1383,0
hodza,1400,169,113,0.6686,0.7,0.9552,1451.33,4.7362,4.5961,0.0281,0
hodza,1800,342,167,0.4883,0.5,0.9766,1853.29,5.124,4.637,0.0111,0
hodza,1600,273,162,0.5934,0.6,0.989,1650.0,5.0938,4.9874,0.0061,0
hodza,2000,319,156,0.489,0.42,1.1644,2048.08,5.0562,5.0642,0.0,0
hodza,2200,283,155,0.5477,0.35,1.5649,2227.1,5.0499,6.1598,0.0,0
hodza,2400,180,120,0.6667,0.28,2.0,2450.83,4.7958,7.8358,0.0,0
hodza,2600,142,50,0.3521,0.22,1.6005,2642.0,3.9318,3.6577,0.0,0
hodza,2800,55,18,0.3273,0.16,2.0,2844.44,2.9444,2.741,0.0,0
hodza,3000,10,5,0.5,0.11,2.0,3000.0,1.7918,2.6876,0.0,0
hodza,3400,9,4,0.4444,0.04,2.0,3500.0,1.6094,2.5036,0.0,0
hos.lyric,800,307,291,0.9479,0.9,1.0532,822.68,5.6768,4.4268,0.0,0
hos.lyric,1000,222,207,0.9324,0.85,1.097,1055.56,5.3375,5.2534,0.0,0
hos.lyric,1200,385,311,0.8078,0.78,1.0356,1252.41,5.743,5.8101,0.0,0
hos.lyric,1400,550,451,0.82,0.7,1.1714,1452.77,6.1137,7.2831,0.0,0
hos.lyric,1600,745,517,0.694,0.6,1.1566,1660.15,6.25,7.2005,0.0,0
hos.lyric,1800,1028,676,0.6576,0.5,1.3152,1856.66,6.5177,7.9575,0.0,0
hos.lyric,2000,1020,640,0.6275,0.42,1.4939,2051.56,6.463,8.3196,0.0,0
hos.lyric,2200,1034,557,0.5387,0.35,1.5391,2252.6,6.3244,7.6742,0.0,0
hos.lyric,2400,1316,628,0.4772,0.28,1.7043,2447.13,6.4441,7.5253,0.0,0
hos.lyric,2600,1044,444,0.4253,0.22,1.9331,2641.44,6.0981,6.8504,0.0,0
hos.lyric,2800,961,406,0.4225,0.16,2.0,2841.63,6.0088,7.2137,0.0,0
hos.lyric,3000,822,314,0.382,0.11,2.0,3051.91,5.7526,6.7064,0.0,0
hos.lyric,3200,648,200,0.3086,0.07,2.0,3254.5,5.3033,5.327,0.0,0
hos.lyric,3400,808,164,0.203,0.04,2.0,3462.2,5.1059,3.5881,0.0,0
howC,1200,291,126,0.433,0.78,0.5551,1237.3,4.8442,2.5952,0.3371,1
howC,1600,266,83,0.312,0.6,0.5201,1651.81,4.4308,2.2837,0.2963,1
howC,800,585,345,0.5897,0.9,0.6553,831.01,5.8464,2.8653,0.2888,1
howC,1400,201,85,0.4229,0.7,0.6041,1461.18,4.4543,2.7524,0.2697,1
howC,1000,335,192,0.5731,0.85,0.6743,1045.83,5.2627,3.1545,0.2572,1
howC,3400,2,0,0.0,0.04,0.0,3400.0,0.0,0.0,0.0439,0
howC,1800,108,61,0.5648,0.5,1.1296,1845.9,4.1271,4.3029,0.0,0
howC,2000,116,54,0.4655,0.42,1.1084,2042.59,4.0073,3.8104,0.0,0
howC,2200,91,34,0.3736,0.35,1.0675,2273.53,3.5553,3.0201,0.0,0
howC,2400,13,5,0.3846,0.28,1.3736,2400.0,1.7918,1.6539,0.0,0
howC,2600,32,9,0.2812,0.22,1.2784,2644.44,2.3026,1.7125,0.0,0
hpqclab,1000,70,30,0.4286,0.85,0.5042,1046.67,3.434,1.5404,0.4051,1
hpqclab,1800,147,45,0.3061,0.5,0.6122,1848.89,3.8286,2.167,0.2006,1
hpqclab,3200,16,0,0.0,0.07,0.0,3200.0,0.0,0.0,0.1983,0
hpqclab,1400,120,64,0.5333,0.7,0.7619,1446.88,4.1744,3.2212,0.1545,0
hpqclab,1600,63,35,0.5556,0.6,0.9259,1674.29,3.5835,3.3332,0.0403,0
hpqclab,800,65,57,0.8769,0.9,0.9744,817.54,4.0604,2.911,0.0191,0
hpqclab,1200,31,24,0.7742,0.78,0.9926,1233.33,3.2189,3.0735,0.0048,0
hpqclab,2000,91,44,0.4835,0.42,1.1512,2081.82,3.8067,3.8318,0.0,0
hpqclab,2200,75,42,0.56,0.35,1.6,2245.24,3.7612,4.7291,0.0,0
hpqclab,2400,28,20,0.7143,0.28,2.0,2470.0,3.0445,5.3714,0.0,0
hpqclab,2600,9,9,1.0,0.22,2.0,2644.44,2.3026,6.0891,0.0,0
hpqclab,2800,18,8,0.4444,0.16,2.0,2800.0,2.1972,2.7343,0.0,0
hpqclab,3000,10,5,0.5,0.11,2.0,3000.0,1.7918,2.6876,0.0,0
hpqclab,3400,2,2,1.0,0.04,2.0,3500.0,1.0986,3.8451,0.0,0
hshhh_,1200,518,348,0.6718,0.78,0.8613,1251.44,5.8551,4.9226,0.0987,0
hshhh_,1400,531,347,0.6535,0.7,0.9335,1436.89,5.8522,5.4951,0.0426,0
hshhh_,1000,369,297,0.8049,0.85,0.9469,1063.3,5.6971,4.8757,0.0398,0
hshhh_,800,647,565,0.8733,0.9,0.9703,817.52,6.3386,4.5252,0.0236,0
hshhh_,1600,661,381,0.5764,0.6,0.9607,1658.01,5.9454,5.6819,0.0221,0
hshhh_,2000,726,297,0.4091,0.42,0.974,2045.79,5.6971,4.768,0.0107,0
hshhh_,1800,975,480,0.4923,0.5,0.9846,1863.12,6.1759,5.6647,0.0074,0
hshhh_,2200,915,321,0.3508,0.35,1.0023,2241.74,5.7746,4.5414,0.0,0
hshhh_,2400,441,198,0.449,0.28,1.6035,2451.52,5.2933,5.8262,0.0,0
hshhh_,2600,203,70,0.3448,0.22,1.5674,2651.43,4.2627,3.8973,0.0,0
hshhh_,2800,155,35,0.2258,0.16,1.4113,2851.43,3.5835,2.3073,0.0,0
hshhh_,3000,41,14,0.3415,0.11,2.0,3014.29,2.7081,2.7873,0.0,0
hshhh_,3200,33,8,0.2424,0.07,2.0,3262.5,2.1972,1.7378,0.0,0
huangallen,1000,132,85,0.6439,0.85,0.7576,1077.65,4.4543,3.091,0.1848,0
huangallen,1800,634,204,0.3218,0.5,0.6435,1859.31,5.323,3.1846,0.1819,1
huangallen,1400,283,145,0.5124,0.7,0.732,1447.59,4.9836,3.6963,0.1771,1
huangallen,2600,252,24,0.0952,0.22,0.4329,2620.83,3.2189,0.8034,0.1636,1
huangallen,2000,606,173,0.2855,0.42,0.6797,2039.31,5.1591,3.0035,0.14,1
huangallen,1600,394,186,0.4721,0.6,0.7868,1652.15,5.2311,4.08,0.1227,0
huangallen,1200,152,105,0.6908,0.78,0.8856,1259.05,4.6634,4.056,0.0792,0
huangallen,800,248,202,0.8145,0.9,0.905,821.29,5.3132,3.5543,0.0747,0
huangallen,2200,389,119,0.3059,0.35,0.874,2243.7,4.7875,3.286,0.0454,0
huangallen,2800,102,13,0.1275,0.16,0.7966,2800.0,2.6391,0.9418,0.0415,0
huangallen,2400,236,95,0.4025,0.28,1.4377,2441.05,4.5643,4.4851,0.0,0
huangallen,3000,2,2,1.0,0.11,2.0,3000.0,1.0986,3.2958,0.0,0
huanjua,1400,282,120,0.4255,0.7,0.6079,1440.83,4.7958,2.9404,0.2673,1
huanjua,1200,238,120,0.5042,0.78,0.6464,1252.5,4.7958,3.0286,0.2606,1
huanjua,2000,219,54,0.2466,0.42,0.5871,2057.41,4.0073,2.0329,0.1868,1
huanjua,2400,107,15,0.1402,0.28,0.5007,2400.0,2.7726,0.9328,0.1735,1
huanjua,1000,149,99,0.6644,0.85,0.7817,1061.62,4.6052,3.2483,0.1659,0
huanjua,800,241,198,0.8216,0.9,0.9129,825.25,5.2933,3.5889,0.0684,0
huanjua,1800,344,158,0.4593,0.5,0.9186,1856.33,5.0689,4.3218,0.0392,0
huanjua,1600,227,127,0.5595,0.6,0.9325,1669.29,4.852,4.5314,0.0376,0
huanjua,2200,68,40,0.5882,0.35,1.6807,2272.5,3.7136,4.9642,0.0,0
huanjua,2600,20,5,0.25,0.22,1.1364,2600.0,1.7918,1.1646,0.0,0
huanjua,2800,6,3,0.5,0.16,2.0,2800.0,1.3863,1.9408,0.0,0
hungcubuso1vn,2800,23,0,0.0,0.16,0.0,2800.0,0.0,0.0,0.5085,1
hungcubuso1vn,1400,252,122,0.4841,0.7,0.6916,1436.07,4.8122,3.3456,0.2055,1
hungcubuso1vn,1000,168,112,0.6667,0.85,0.7843,1075.89,4.7274,3.3908,0.1642,0
hungcubuso1vn,1600,297,135,0.4545,0.6,0.7576,1662.96,4.9127,3.7134,0.1402,0
hungcubuso1vn,1800,804,290,0.3607,0.5,0.7214,1874.83,5.6733,3.8365,0.1397,1
hungcubuso1vn,3200,5,0,0.0,0.07,0.0,3200.0,0.0,0.0,0.1254,0
hungcubuso1vn,800,261,212,0.8123,0.9,0.9025,816.51,5.3613,3.5557,0.0768,0
hungcubuso1vn,1200,224,159,0.7098,0.78,0.91,1252.83,5.0752,4.5133,0.0626,0
hungcubuso1vn,3000,13,1,0.0769,0.11,0.6993,3100.0,0.6931,0.1653,0.0516,0
hungcubuso1vn,2000,575,253,0.44,0.42,1.0476,2046.64,5.5373,4.9865,0.0,0
hungcubuso1vn,2200,619,301,0.4863,0.35,1.3893,2234.55,5.7104,6.2049,0.0,0
hungcubuso1vn,2400,466,163,0.3498,0.28,1.2492,2436.81,5.0999,4.3469,0.0,0
hungcubuso1vn,2600,69,20,0.2899,0.22,1.3175,2655.0,3.0445,2.343,0.0,0
hungcubuso1vn,3400,22,4,0.1818,0.04,2.0,3400.0,1.6094,0.9949,0.0,0
hungcubuso5vn,2000,12,0,0.0,0.42,0.0,2000.0,0.0,0.0,1.0773,0
hungcubuso5vn,1000,52,21,0.4038,0.85,0.4751,1047.62,3.091,1.3077,0.433,1
hungcubuso5vn,2200,96,20,0.2083,0.35,0.5952,2200.0,3.0445,1.3954,0.1602,1
hungcubuso5vn,800,29,24,0.8276,0.9,0.9195,829.17,3.2189,2.2088,0.0584,0
hungcubuso5vn,1400,28,18,0.6429,0.7,0.9184,1461.11,2.9444,2.7657,0.0488,0
hungcubuso5vn,1800,54,26,0.4815,0.5,0.963,1830.77,3.2958,2.9052,0.0173,0
hungcubuso5vn,1200,29,25,0.8621,0.78,1.1052,1260.0,3.2581,3.539,0.0,0
hungcubuso5vn,1600,12,8,0.6667,0.6,1.1111,1650.0,2.1972,2.4169,0.0,0
hungpc1577,1400,60,14,0.2333,0.7,0.3333,1450.0,2.7081,0.9162,0.5174,1
hungpc1577,1200,7,2,0.2857,0.78,0.3663,1200.0,1.0986,0.3767,0.4898,0
hungpc1577,800,79,43,0.5443,0.9,0.6048,813.95,3.7842,1.6765,0.3258,1
hungpc1577,1000,41,21,0.5122,0.85,0.6026,1080.95,3.091,1.7114,0.3086,1
hungpc1577,3000,3,0,0.0,0.11,0.0,3000.0,0.0,0.0,0.1525,0
hungpc1577,1600,12,12,1.0,0.6,1.6667,1700.0,2.5649,4.3604,0.0,0
hungpc1577,1800,33,19,0.5758,0.5,1.1515,1857.89,2.9957,3.2045,0.0,0
hungpc1577,2000,7,3,0.4286,0.42,1.0204,2100.0,1.3863,1.2477,0.0,0
hungpc1577,2200,5,5,1.0,0.35,2.0,2200.0,1.7918,3.9419,0.0,0
hungpc1577,2400,7,7,1.0,0.28,2.0,2500.0,2.0794,5.1986,0.0,0
hushuqi_qwq,1200,132,81,0.6136,0.78,0.7867,1270.37,4.4067,3.4352,0.1505,0
hushuqi_qwq,1600,124,56,0.4516,0.6,0.7527,1639.29,4.0431,2.9932,0.1421,0
hushuqi_qwq,800,212,160,0.7547,0.9,0.8386,817.5,5.0814,3.1351,0.1281,0
hushuqi_qwq,2400,133,29,0.218,0.28,0.7787,2427.59,3.4012,1.8003,0.0689,0
hushuqi_qwq,1400,97,63,0.6495,0.7,0.9278,1468.25,4.1589,3.9659,0.0449,0
hushuqi_qwq,1000,105,92,0.8762,0.85,1.0308,1057.61,4.5326,4.2002,0.0,0
hushuqi_qwq,1800,108,88,0.8148,0.5,1.6296,1844.32,4.4886,6.7454,0.0,0
hushuqi_qwq,2000,221,93,0.4208,0.42,1.0019,2052.69,4.5433,3.9245,0.0,0
hushuqi_qwq,2200,160,67,0.4188,0.35,1.1964,2225.37,4.2195,3.9321,0.0,0
hushuqi_qwq,2600,87,20,0.2299,0.22,1.0449,2645.0,3.0445,1.8512,0.0,0
hushuqi_qwq,2800,40,7,0.175,0.16,1.0938,2828.57,2.0794,1.0293,0.0,0
iakovlev.zakhar,3400,62,0,0.0,0.04,0.0,3400.0,0.0,0.0,0.1657,1
iakovlev.zakhar,1200,393,248,0.631,0.78,0.809,1250.4,5.5175,4.3536,0.1366,0
iakovlev.zakhar,1000,256,183,0.7148,0.85,0.841,1054.64,5.2149,3.9316,0.1207,0
iakovlev.zakhar,800,337,270,0.8012,0.9,0.8902,819.63,5.6021,3.6788,0.0872,0
iakovlev.zakhar,1400,388,309,0.7964,0.7,1.1377,1453.72,5.7366,6.6414,0.0,0
iakovlev.zakhar,1600,559,358,0.6404,0.6,1.0674,1654.47,5.8833,6.2338,0.0,0
iakovlev.zakhar,1800,602,352,0.5847,0.5,1.1694,1849.43,5.8665,6.344,0.0,0
iakovlev.zakhar,2000,669,293,0.438,0.42,1.0428,2051.19,5.6836,5.1059,0.0,0
iakovlev.zakhar,2200,392,209,0.5332,0.35,1.5233,2257.89,5.3471,6.437,0.0,0
iakovlev.zakhar,2400,555,184,0.3315,0.28,1.184,2448.37,5.2204,4.2374,0.0,0
iakovlev.zakhar,2600,352,104,0.2955,0.22,1.343,2633.65,4.654,3.6214,0.0,0
iakovlev.zakhar,2800,221,52,0.2353,0.16,1.4706,2821.15,3.9703,2.6355,0.0,0
iakovlev.zakhar,3000,45,10,0.2222,0.11,2.0,3060.0,2.3979,1.6306,0.0,0
iakovlev.zakhar,3200,26,3,0.1154,0.07,1.6484,3200.0,1.3863,0.5119,0.0,0
idontwannadothisanymore,800,21,14,0.6667,0.9,0.7407,828.57,2.7081,1.4959,0.1945,1
idontwannadothisanymore,1000,11,7,0.6364,0.85,0.7487,1071.43,2.0794,1.4178,0.1724,0
idontwannadothisanymore,1400,16,10,0.625,0.7,0.8929,1440.0,2.3979,2.1581,0.0625,0
idontwannadothisanymore,1200,9,9,1.0,0.78,1.2821,1277.78,2.3026,2.9422,0.0,0
idontwannadothisanymore,1600,15,9,0.6,0.6,1.0,1600.0,2.3026,2.2105,0.0,0
idontwannadothisanymore,1800,8,8,1.0,0.5,2.0,1900.0,2.1972,4.1747,0.0,0
idontwannadothisanymore,2000,11,11,1.0,0.42,2.0,2100.0,2.4849,5.2183,0.0,0
idontwannadothisanymore,2200,13,7,0.5385,0.35,1.5385,2200.0,2.0794,2.4633,0.0,0
idontwannadothisanymore,2400,17,5,0.2941,0.28,1.0504,2400.0,1.7918,1.2648,0.0,0
idontwannadothisanymore,2600,2,2,1.0,0.22,2.0,2600.0,1.0986,2.8564,0.0,0
ihgazi,1000,614,395,0.6433,0.85,0.7568,1064.56,5.9814,4.0964,0.1901,0
ihgazi,3000,3,0,0.0,0.11,0.0,3000.0,0.0,0.0,0.1525,0
ihgazi,1200,654,428,0.6544,0.78,0.839,1257.94,6.0615,4.99,0.1153,0
ihgazi,800,835,691,0.8275,0.9,0.9195,816.93,6.5396,4.4211,0.0647,0
ihgazi,1400,653,428,0.6554,0.7,0.9363,1443.69,6.0615,5.7356,0.0409,0
ihgazi,1800,1406,670,0.4765,0.5,0.9531,1851.19,6.5088,5.7417,0.0227,0
ihgazi,1600,861,498,0.5784,0.6,0.964,1651.81,6.2126,5.9355,0.0202,0
ihgazi,2000,903,368,0.4075,0.42,0.9703,2034.78,5.9108,4.9014,0.0123,0
ihgazi,2200,596,237,0.3977,0.35,1.1361,2247.26,5.4723,4.8902,0.0,0
ihgazi,2400,269,99,0.368,0.28,1.3144,2449.49,4.6052,4.1515,0.0,0
ihgazi,2600,40,14,0.35,0.22,1.5909,2657.14,2.7081,2.5185,0.0,0
iloveMT,1400,132,43,0.3258,0.7,0.4654,1462.79,3.7842,1.8032,0.3825,1
iloveMT,1000,126,58,0.4603,0.85,0.5415,1051.72,4.0775,1.974,0.3718,1
iloveMT,1200,121,53,0.438,0.78,0.5616,1260.38,3.989,2.2022,0.3293,1
iloveMT,800,196,122,0.6224,0.9,0.6916,818.85,4.8122,2.4527,0.2523,1
iloveMT,1600,146,61,0.4178,0.6,0.6963,1642.62,4.1271,2.8325,0.1773,1
iloveMT,1800,111,51,0.4595,0.5,0.9189,1837.25,3.9512,3.3354,0.0386,0
iloveMT,2000,83,38,0.4578,0.42,1.0901,2055.26,3.6636,3.4473,0.0,0
iloveMT,2200,91,51,0.5604,0.35,1.6013,2256.86,3.9512,4.9977,0.0,0
iloveMT,2400,84,33,0.3929,0.28,1.4031,2472.73,3.5264,3.4256,0.0,0
iloveMT,2600,51,28,0.549,0.22,2.0,2639.29,3.3673,4.8793,0.0,0
iloveMT,2800,24,6,0.25,0.16,1.5625,2900.0,1.9459,1.4108,0.0,0
iloveMT,3000,4,4,1.0,0.11,2.0,3100.0,1.6094,4.9893,0.0,0
irmuun,3200,31,0,0.0,0.07,0.0,3200.0,0.0,0.0,0.2426,1
irmuun,1000,2059,1526,0.7411,0.85,0.8719,1051.64,7.3311,5.7139,0.0997,0
irmuun,1400,2214,1328,0.5998,0.7,0.8569,1445.48,7.1922,6.2358,0.0942,0
irmuun,800,2981,2470,0.8286,0.9,0.9206,825.55,7.8124,5.3439,0.0648,0
irmuun,1200,1853,1340,0.7232,0.78,0.9271,1247.91,7.2012,6.4985,0.0522,0
irmuun,1600,2112,1218,0.5767,0.6,0.9612,1653.86,7.1058,6.7774,0.022,0
irmuun,1800,2319,1165,0.5024,0.5,1.0047,1850.64,7.0613,6.565,0.0,0
irmuun,2000,1666,812,0.4874,0.42,1.1605,2037.44,6.7007,6.6541,0.0,0
irmuun,2200,1316,558,0.424,0.35,1.2115,2244.09,6.3261,6.0195,0.0,0
irmuun,2400,1348,577,0.428,0.28,1.5287,2426.17,6.3596,6.6044,0.0,0
irmuun,2600,222,86,0.3874,0.22,1.7609,2648.84,4.4659,4.5826,0.0,0
irmuun,2800,115,29,0.2522,0.16,1.5761,2862.07,3.4012,2.4548,0.0,0
irmuun,3000,77,9,0.1169,0.11,1.0626,3066.67,2.3026,0.8253,0.0,0
irmuun,3400,38,4,0.1053,0.04,2.0,3500.0,1.6094,0.593,0.0,0
is-i,1400,67,14,0.209,0.7,0.2985,1457.14,2.7081,0.8245,0.5588,1
is-i,2200,116,16,0.1379,0.35,0.3941,2281.25,2.8332,0.8915,0.2635,1
is-i,1800,67,20,0.2985,0.5,0.597,1835.0,3.0445,1.6677,0.2102,1
is-i,800,38,26,0.6842,0.9,0.7602,826.92,3.2958,1.8647,0.184,0
is-i,2800,113,6,0.0531,0.16,0.3319,2850.0,1.9459,0.2945,0.1719,1
is-i,2400,123,18,0.1463,0.28,0.5226,2500.0,2.9444,1.0772,0.1633,1
is-i,1000,22,16,0.7273,0.85,0.8556,1050.0,2.8332,2.1635,0.1004,0
is-i,1600,32,16,0.5,0.6,0.8333,1662.5,2.8332,2.3551,0.0912,0
is-i,1200,23,22,0.9565,0.78,1.2263,1272.73,3.1355,3.8171,0.0,0
is-i,2000,35,28,0.8,0.42,1.9048,2042.86,3.3673,5.5031,0.0,0
is-i,2600,14,11,0.7857,0.22,2.0,2663.64,2.4849,5.2006,0.0,0
is_i,1200,1935,441,0.2279,0.78,0.2922,1254.42,6.0913,1.7415,0.5892,1
is_i,1000,985,291,0.2954,0.85,0.3476,1058.42,5.6768,1.7751,0.5726,1
is_i,1400,2382,545,0.2288,0.7,0.3269,1450.83,6.3026,2.0921,0.5018,1
is_i,1600,2057,416,0.2022,0.6,0.3371,1654.09,6.0331,2.0182,0.4315,1
is_i,800,982,494,0.5031,0.9,0.5589,814.98,6.2046,2.5437,0.3796,1
is_i,2000,2690,612,0.2275,0.42,0.5417,2053.92,6.4184,2.9992,0.2049,1
is_i,1800,1612,526,0.3263,0.5,0.6526,1855.32,6.2672,3.7941,0.1765,1
is_i,3000,120,4,0.0333,0.11,0.303,3050.0,1.6094,0.1636,0.1409,1
is_i,2200,1888,444,0.2352,0.35,0.6719,2243.47,6.0981,3.2173,0.122,1
is_i,2400,1804,408,0.2262,0.28,0.8077,2449.02,6.0137,3.3309,0.0576,0
is_i,2600,922,163,0.1768,0.22,0.8036,2603.68,5.0999,2.3475,0.0484,0
is_i,2800,59,14,0.2373,0.16,1.4831,2800.0,2.7081,1.7992,0.0,0
is_i,3200,39,3,0.0769,0.07,1.0989,3200.0,1.3863,0.3412,0.0,0
is_i,3400,8,5,0.625,0.04,2.0,3500.0,1.7918,3.9195,0.0,0
isaf27,800,449,223,0.4967,0.9,0.5518,823.32,5.4116,2.2129,0.3843,1
isaf27,1000,241,153,0.6349,0.85,0.7469,1048.37,5.037,3.3524,0.1956,1
isaf27,1400,491,281,0.5723,0.7,0.8176,1458.01,5.6419,4.7077,0.1192,0
isaf27,1600,694,357,0.5144,0.6,0.8573,1652.38,5.8805,4.9985,0.0814,0
isaf27,1200,304,214,0.7039,0.78,0.9025,1248.13,5.3706,4.7187,0.0683,0
isaf27,1800,646,348,0.5387,0.5,1.0774,1854.31,5.8551,5.8487,0.0,0
isaf27,2000,587,288,0.4906,0.42,1.1682,2054.17,5.6664,5.7108,0.0,0
isaf27,2200,765,310,0.4052,0.35,1.1578,2250.97,5.7398,5.2356,0.0,0
isaf27,2400,760,287,0.3776,0.28,1.3487,2448.78,5.663,5.2367,0.0,0
isaf27,2600,518,157,0.3031,0.22,1.3777,2642.68,5.0626,4.055,0.0,0
isaf27,2800,407,105,0.258,0.16,1.6124,2838.1,4.6634,3.4145,0.0,0
isaf27,3000,283,54,0.1908,0.11,1.7347,3035.19,4.0073,2.3209,0.0,0
isaf27,3200,177,25,0.1412,0.07,2.0,3284.0,3.2581,1.5112,0.0,0
isaf27,3400,143,31,0.2168,0.04,2.0,3464.52,3.4657,2.6029,0.0,0
islingr,1000,543,355,0.6538,0.85,0.7691,1055.21,5.8749,4.0529,0.1798,0
islingr,1400,1036,548,0.529,0.7,0.7557,1446.72,6.3081,4.8273,0.1625,0
islingr,1200,694,437,0.6297,0.78,0.8073,1253.78,6.0822,4.8018,0.1389,0
islingr,800,814,631,0.7752,0.9,0.8613,824.09,6.4489,4.1197,0.1123,0
islingr,1800,1959,758,0.3869,0.5,0.7739,1854.62,6.632,4.7592,0.1123,0
islingr,1600,1224,593,0.4845,0.6,0.8075,1661.05,6.3869,5.1398,0.1112,0
islingr,2200,2246,633,0.2818,0.35,0.8052,2252.92,6.452,4.0967,0.0706,0
islingr,2400,3709,835,0.2251,0.28,0.804,2437.96,6.7286,3.693,0.0584,0
islingr,2000,2073,775,0.3739,0.42,0.8901,2054.32,6.6542,5.1105,0.046,0
islingr,2600,1536,331,0.2155,0.22,0.9795,2641.39,5.8051,3.3043,0.0049,0
islingr,2800,730,119,0.163,0.16,1.0188,2830.25,4.7875,2.2088,0.0,0
islingr,3000,298,63,0.2114,0.11,1.9219,3036.51,4.1589,2.6698,0.0,0
islingr,3200,203,30,0.1478,0.07,2.0,3230.0,3.434,1.6392,0.0,0
islingr,3400,187,11,0.0588,0.04,1.4706,3463.64,2.4849,0.5063,0.0,0
iulianarsenoiu,2800,3,0,0.0,0.16,0.0,2800.0,0.0,0.0,0.2218,0
iulianarsenoiu,1200,247,135,0.5466,0.78,0.7007,1230.37,4.9127,3.3036,0.2177,1
iulianarsenoiu,2000,384,87,0.2266,0.42,0.5394,2055.17,4.4773,2.0848,0.2102,1
iulianarsenoiu,800,356,242,0.6798,0.9,0.7553,821.07,5.4931,3.0659,0.1994,0
iulianarsenoiu,1400,248,124,0.5,0.7,0.7143,1435.48,4.8283,3.4655,0.1893,1
iulianarsenoiu,1000,190,127,0.6684,0.85,0.7864,1060.63,4.852,3.4398,0.163,0
iulianarsenoiu,2400,249,36,0.1446,0.28,0.5164,2422.22,3.6109,1.2645,0.1622,1
iulianarsenoiu,1600,334,146,0.4371,0.6,0.7285,1671.23,4.9904,3.6457,0.1581,1
iulianarsenoiu,2200,272,57,0.2096,0.35,0.5987,2247.37,4.0604,1.9123,0.1557,1
iulianarsenoiu,1800,378,132,0.3492,0.5,0.6984,1863.64,4.8903,3.1826,0.152,1
iulianarsenoiu,2600,110,17,0.1545,0.22,0.7025,2617.65,2.8904,1.1693,0.0792,1
iulianarsenoiu,3000,24,10,0.4167,0.11,2.0,3000.0,2.3979,2.9974,0.0,0
ivandasfs,3000,48,0,0.0,0.11,0.0,3000.0,0.0,0.0,0.4281,1
ivandasfs,2600,262,13,0.0496,0.22,0.2255,2600.0,2.6391,0.3405,0.2609,1
ivandasfs,1400,462,224,0.4848,0.7,0.6926,1455.8,5.4161,3.8229,0.2058,1
ivandasfs,2200,685,124,0.181,0.35,0.5172,2254.84,4.8283,1.9708,0.1893,1
ivandasfs,1000,214,138,0.6449,0.85,0.7587,1044.93,4.9345,3.325,0.1856,0
ivandasfs,2000,653,161,0.2466,0.42,0.587,2035.4,5.0876,2.5531,0.1847,1
ivandasfs,1200,302,191,0.6325,0.78,0.8108,1253.4,5.2575,4.1677,0.1347,0
ivandasfs,1800,787,292,0.371,0.5,0.7421,1848.97,5.6802,3.8967,0.1288,1
ivandasfs,1600,451,212,0.4701,0.6,0.7834,1653.77,5.3613,4.1678,0.1249,0
ivandasfs,800,289,234,0.8097,0.9,0.8997,829.06,5.4596,3.6649,0.0793,0
ivandasfs,2400,269,66,0.2454,0.28,0.8763,2436.36,4.2047,2.5134,0.0373,0
ivandasfs,2800,65,11,0.1692,0.16,1.0577,2800.0,2.4849,1.1775,0.0,0
ivanovmark,1400,70,16,0.2286,0.7,0.3265,1462.5,2.8332,0.9471,0.5242,1
ivanovmark,1600,48,12,0.25,0.6,0.4167,1675.0,2.5649,1.0741,0.3821,1
ivanovmark,1000,45,21,0.4667,0.85,0.549,1038.1,3.091,1.4974,0.3587,1
ivanovmark,1200,33,17,0.5152,0.78,0.6605,1241.18,2.8904,1.8481,0.2401,1
ivanovmark,800,66,42,0.6364,0.9,0.7071,830.95,3.7612,1.9889,0.2328,1
ivanovmark,2000,60,15,0.25,0.42,0.5952,2020.0,2.7726,1.4002,0.1852,1
ivanovmark,3000,3,0,0.0,0.11,0.0,3000.0,0.0,0.0,0.1525,0
ivanovmark,2200,64,15,0.2344,0.35,0.6696,2226.67,2.7726,1.4469,0.1279,1
ivanovmark,1800,65,28,0.4308,0.5,0.8615,1835.71,3.3673,2.6628,0.0664,0
ivanovmark,2400,38,25,0.6579,0.28,2.0,2420.0,3.2581,5.1872,0.0,0
ivanovmark,2600,14,9,0.6429,0.22,2.0,2655.56,2.3026,3.9308,0.0,0
iztrax,1800,98,28,0.2857,0.5,0.5714,1821.43,3.3673,1.7524,0.2255,1
iztrax,2800,84,6,0.0714,0.16,0.4464,2900.0,1.9459,0.4031,0.1336,1
iztrax,1000,16,11,0.6875,0.85,0.8088,1081.82,2.4849,1.8481,0.1321,0
iztrax,1200,19,12,0.6316,0.78,0.8097,1258.33,2.5649,2.0385,0.1247,0
iztrax,800,44,34,0.7727,0.9,0.8586,814.71,3.5553,2.2383,0.1064,0
iztrax,3200,92,4,0.0435,0.07,0.6211,3200.0,1.6094,0.2239,0.0461,1
iztrax,1400,7,7,1.0,0.7,1.4286,1400.0,2.0794,2.9112,0.0,0
iztrax,1600,41,31,0.7561,0.6,1.2602,1651.61,3.4657,4.3279,0.0,0
iztrax,2000,35,23,0.6571,0.42,1.5646,2008.7,3.1781,4.195,0.0,0
iztrax,2200,39,25,0.641,0.35,1.8315,2280.0,3.2581,4.7618,0.0,0
iztrax,2400,184,53,0.288,0.28,1.0287,2450.94,3.989,2.8161,0.0,0
iztrax,2600,9,3,0.3333,0.22,1.5152,2600.0,1.3863,1.2015,0.0,0
j.w,2000,556,108,0.1942,0.42,0.4625,2041.67,4.6913,1.8605,0.2508,1
j.w,3200,15,0,0.0,0.07,0.0,3200.0,0.0,0.0,0.1941,0
j.w,1200,184,105,0.5707,0.78,0.7316,1263.81,4.6634,3.3633,0.193,1
j.w,1000,143,91,0.6364,0.85,0.7487,1052.75,4.5218,3.0293,0.1923,1
j.w,1600,335,147,0.4388,0.6,0.7313,1666.67,4.9972,3.6547,0.1564,1
j.w,1800,530,189,0.3566,0.5,0.7132,1855.56,5.247,3.4719,0.144,1
j.w,2400,676,105,0.1553,0.28,0.5547,2435.24,4.6634,1.764,0.1435,1
j.w,3000,2,0,0.0,0.11,0.0,3000.0,0.0,0.0,0.1208,0
j.w,2200,377,98,0.2599,0.35,0.7427,2251.02,4.5951,2.6888,0.0955,1
j.w,800,240,194,0.8083,0.9,0.8981,817.01,5.273,3.4824,0.0801,0
j.w,1400,354,232,0.6554,0.7,0.9362,1469.4,5.451,5.2493,0.0406,0
j.w,2600,62,16,0.2581,0.22,1.173,2656.25,2.8332,1.9421,0.0,0
j.w,2800,29,5,0.1724,0.16,1.0776,2800.0,1.7918,0.865,0.0,0
jackson.souza,1400,1668,800,0.4796,0.7,0.6852,1457.0,6.6859,4.6721,0.2128,1
jackson.souza,1600,2294,968,0.422,0.6,0.7033,1661.57,6.8763,4.8212,0.1749,1
jackson.souza,1200,1011,600,0.5935,0.78,0.7609,1249.83,6.3986,4.7461,0.1745,0
jackson.souza,1000,749,499,0.6662,0.85,0.7838,1059.92,6.2146,4.3884,0.1686,0
jackson.souza,1800,2384,956,0.401,0.5,0.802,1848.43,6.8638,5.0877,0.0979,0
jackson.souza,2000,2719,888,0.3266,0.42,0.7776,2062.95,6.7901,4.5748,0.0948,0
jackson.souza,800,1179,939,0.7964,0.9,0.8849,819.6,6.8459,4.4687,0.0934,0
jackson.souza,2200,2433,651,0.2676,0.35,0.7645,2233.49,6.48,3.8726,0.0859,0
jackson.souza,2400,2132,532,0.2495,0.28,0.8912,2432.52,6.2785,3.811,0.0321,0
jackson.souza,2600,686,173,0.2522,0.22,1.1463,2645.09,5.1591,3.4414,0.0,0
jackson.souza,2800,451,74,0.1641,0.16,1.0255,2843.24,4.3175,2.0142,0.0,0
jackson.souza,3000,257,42,0.1634,0.11,1.4857,3026.19,3.7612,1.8601,0.0,0
jackson.souza,3200,31,16,0.5161,0.07,2.0,3200.0,2.8332,4.6794,0.0,0
jackson.souza,3400,46,10,0.2174,0.04,2.0,3500.0,2.3979,1.8245,0.0,0
janY_,1000,731,390,0.5335,0.85,0.6277,1063.33,5.9687,3.3861,0.2995,1
janY_,800,1040,804,0.7731,0.9,0.859,821.02,6.6908,4.2468,0.1147,0
janY_,1800,2158,831,0.3851,0.5,0.7702,1855.84,6.7238,4.8051,0.1142,0
janY_,1400,897,527,0.5875,0.7,0.8393,1448.77,6.2691,5.3361,0.1052,0
janY_,1600,1555,775,0.4984,0.6,0.8307,1655.1,6.6542,5.4889,0.0976,0
janY_,2000,2659,914,0.3437,0.42,0.8184,2069.26,6.8189,4.8502,0.0769,0
janY_,1200,759,543,0.7154,0.78,0.9172,1249.54,6.2989,5.6309,0.0587,0
janY_,2200,1374,473,0.3443,0.35,0.9836,2244.82,6.1612,4.7613,0.0058,0
janY_,2400,1108,424,0.3827,0.28,1.3667,2443.16,6.0521,5.6583,0.0,0
janY_,2600,399,98,0.2456,0.22,1.1164,2640.82,4.5951,2.9805,0.0,0
janY_,2800,357,88,0.2465,0.16,1.5406,2835.23,4.4886,3.137,0.0,0
janY_,3000,37,22,0.5946,0.11,2.0,3018.18,3.1355,5.6269,0.0,0
janY_,3200,42,7,0.1667,0.07,2.0,3300.0,2.0794,1.1437,0.0,0
jeroenodb,800,947,747,0.7888,0.9,0.8765,812.72,6.6174,4.2423,0.1001,0
jeroenodb,1000,489,364,0.7444,0.85,0.8757,1057.42,5.8999,4.6439,0.0948,0
jeroenodb,1200,613,427,0.6966,0.78,0.893,1256.44,6.0591,5.303,0.0759,0
jeroenodb,1600,1155,615,0.5325,0.6,0.8874,1660.0,6.4232,5.6775,0.0642,0
jeroenodb,1400,705,454,0.644,0.7,0.92,1446.92,6.1203,5.7027,0.0516,0
jeroenodb,2000,1675,682,0.4072,0.42,0.9694,2046.19,6.5265,5.4374,0.0127,0
jeroenodb,1800,1253,629,0.502,0.5,1.004,1855.17,6.4457,6.0028,0.0,0
jeroenodb,2200,1765,721,0.4085,0.35,1.1671,2257.56,6.582,6.07,0.0,0
jeroenodb,2400,3457,1214,0.3512,0.28,1.2542,2450.82,7.1025,6.1128,0.0,0
jeroenodb,2600,3114,950,0.3051,0.22,1.3867,2640.74,6.8575,5.5245,0.0,0
jeroenodb,2800,2671,692,0.2591,0.16,1.6192,2839.16,6.541,4.8114,0.0,0
jeroenodb,3000,1572,467,0.2971,0.11,2.0,3040.04,6.1485,5.5528,0.0,0
jeroenodb,3200,851,166,0.1951,0.07,2.0,3238.55,5.118,3.2332,0.0,0
jeroenodb,3400,604,69,0.1142,0.04,2.0,3446.38,4.2485,1.6727,0.0,0
jhdfarrell_,2800,204,0,0.0,0.16,0.0,2800.0,0.0,0.0,0.8517,1
jhdfarrell_,2000,428,67,0.1565,0.42,0.3727,2058.21,4.2195,1.3595,0.306,1
jhdfarrell_,1000,158,83,0.5253,0.85,0.618,1055.42,4.4308,2.4566,0.303,1
jhdfarrell_,1200,199,102,0.5126,0.78,0.6571,1255.88,4.6347,2.9835,0.2515,1
jhdfarrell_,2200,713,104,0.1459,0.35,0.4168,2229.81,4.654,1.5137,0.2372,1
jhdfarrell_,1400,255,122,0.4784,0.7,0.6835,1459.02,4.8122,3.3591,0.2114,1
jhdfarrell_,1800,409,137,0.335,0.5,0.6699,1851.82,4.9273,3.0563,0.1675,1
jhdfarrell_,1600,223,108,0.4843,0.6,0.8072,1660.19,4.6913,3.772,0.11,0
jhdfarrell_,800,264,207,0.7841,0.9,0.8712,819.32,5.3375,3.429,0.102,0
jhdfarrell_,2400,150,56,0.3733,0.28,1.3333,2451.79,4.0431,3.7007,0.0,0
jhdfarrell_,2600,93,27,0.2903,0.22,1.3196,2633.33,3.3322,2.5475,0.0,0
jhdfarrell_,3200,54,5,0.0926,0.07,1.3228,3240.0,1.7918,0.5375,0.0,0
jhvjh,1000,358,177,0.4944,0.85,0.5817,1062.15,5.1818,2.7212,0.3384,1
jhvjh,1200,337,153,0.454,0.78,0.5821,1251.63,5.037,2.8622,0.3144,1
jhvjh,1400,482,204,0.4232,0.7,0.6046,1454.41,5.323,3.2766,0.2705,1
jhvjh,1600,659,229,0.3475,0.6,0.5792,1662.88,5.4381,3.1424,0.2546,1
jhvjh,1800,907,238,0.2624,0.5,0.5248,1846.64,5.4765,2.6537,0.2499,1
jhvjh,2000,1382,290,0.2098,0.42,0.4996,2058.62,5.6733,2.4508,0.2278,1
jhvjh,800,361,263,0.7285,0.9,0.8095,811.41,5.5759,3.2961,0.1536,0
jhvjh,2200,1371,288,0.2101,0.35,0.6002,2229.86,5.6664,2.6543,0.1516,1
jhvjh,2600,286,41,0.1434,0.22,0.6516,2646.34,3.7377,1.418,0.0916,1
jhvjh,2400,622,150,0.2412,0.28,0.8613,2430.0,5.0173,2.9402,0.0415,0
jhvjh,2800,279,48,0.172,0.16,1.0753,2837.5,3.8918,1.8999,0.0,0
jhvjh,3000,42,12,0.2857,0.11,2.0,3050.0,2.5649,2.2352,0.0,0
jhvjh,3200,12,6,0.5,0.07,2.0,3200.0,1.9459,3.1135,0.0,0
jhvjh,3400,19,5,0.2632,0.04,2.0,3500.0,1.7918,1.6503,0.0,0
ji_114514,1400,746,338,0.4531,0.7,0.6473,1448.82,5.826,3.8244,0.2393,1
ji_114514,1000,489,299,0.6115,0.85,0.7194,1061.54,5.7038,3.7022,0.2204,1
ji_114514,1600,1078,446,0.4137,0.6,0.6895,1652.47,6.1026,4.1722,0.1832,1
ji_114514,1200,646,396,0.613,0.78,0.7859,1256.57,5.9839,4.6093,0.1548,0
ji_114514,2000,2007,563,0.2805,0.42,0.6679,2054.71,6.3351,3.6514,0.1446,1
ji_114514,1800,1685,605,0.3591,0.5,0.7181,1849.09,6.4069,4.2536,0.1414,1
ji_114514,800,649,507,0.7812,0.9,0.868,820.12,6.2305,3.9917,0.1064,0
ji_114514,2200,2315,648,0.2799,0.35,0.7998,2247.53,6.4754,4.0738,0.0726,0
ji_114514,2400,2047,586,0.2863,0.28,1.0224,2444.71,6.375,4.4616,0.0,0
ji_114514,2600,1142,309,0.2706,0.22,1.2299,2628.8,5.7366,4.0804,0.0,0
ji_114514,2800,424,111,0.2618,0.16,1.6362,2828.83,4.7185,3.4944,0.0,0
ji_114514,3000,145,44,0.3034,0.11,2.0,3009.09,3.8067,3.4759,0.0,0
ji_114514,3200,37,7,0.1892,0.07,2.0,3271.43,2.0794,1.287,0.0,0
jiangbowen,1000,347,228,0.6571,0.85,0.773,1057.02,5.4337,3.7739,0.1755,0
jiangbowen,1400,601,317,0.5275,0.7,0.7535,1439.12,5.7621,4.3738,0.1633,0
jiangbowen,1600,919,416,0.4527,0.6,0.7544,1661.78,6.0331,4.5383,0.143,0
jiangbowen,800,572,428,0.7483,0.9,0.8314,817.29,6.0615,3.7068,0.1365,0
jiangbowen,1200,393,249,0.6336,0.78,0.8123,1249.4,5.5215,4.3708,0.1342,0
jiangbowen,1800,1174,436,0.3714,0.5,0.7428,1862.16,6.0799,4.2047,0.1284,1
jiangbowen,2000,1795,609,0.3393,0.42,0.8078,2052.55,6.4135,4.4662,0.0816,0
jiangbowen,2200,1292,353,0.2732,0.35,0.7806,2271.95,5.8693,3.6433,0.0801,0
jiangbowen,2400,1294,355,0.2743,0.28,0.9798,2440.85,5.8749,3.934,0.0059,0
jiangbowen,2600,1242,344,0.277,0.22,1.259,2661.63,5.8435,4.3078,0.0,0
jiangbowen,2800,1642,467,0.2844,0.16,1.7776,2850.96,6.1485,4.9854,0.0,0
jiangbowen,3000,1083,268,0.2475,0.11,2.0,3035.07,5.5947,4.202,0.0,0
jiangbowen,3200,1128,223,0.1977,0.07,2.0,3259.19,5.4116,3.4869,0.0,0
jiangbowen,3400,438,86,0.1963,0.04,2.0,3450.0,4.4659,3.0252,0.0,0
jiangly,1000,1350,1104,0.8178,0.85,0.9621,1057.07,7.0076,6.0577,0.029,0
jiangly,800,2380,2082,0.8748,0.9,0.972,820.12,7.6416,5.4823,0.0227,0
jiangly,1200,1691,1339,0.7918,0.78,1.0152,1251.9,7.2004,7.1378,0.0,0
jiangly,1400,1911,1432,0.7493,0.7,1.0705,1449.37,7.2675,7.8931,0.0,0
jiangly,1600,2173,1619,0.7451,0.6,1.2418,1655.9,7.3902,9.1175,0.0,0
jiangly,1800,2750,1901,0.6913,0.5,1.3825,1855.65,7.5507,9.6857,0.0,0
jiangly,2000,2469,1695,0.6865,0.42,1.6346,2047.96,7.436,10.4547,0.0,0
jiangly,2200,2786,1785,0.6407,0.35,1.8306,2248.01,7.4877,10.7846,0.0,0
jiangly,2400,2927,1795,0.6133,0.28,2.0,2449.08,7.4933,11.2543,0.0,0
jiangly,2600,2360,1275,0.5403,0.22,2.0,2647.92,7.1515,10.2306,0.0,0
jiangly,2800,1898,948,0.4995,0.16,2.0,2842.51,6.8554,9.733,0.0,0
jiangly,3000,1385,628,0.4534,0.11,2.0,3039.49,6.4441,8.8813,0.0,0
jiangly,3200,1108,472,0.426,0.07,2.0,3250.21,6.1591,8.5277,0.0,0
jiangly,3400,1123,426,0.3793,0.04,2.0,3472.3,6.0568,7.9779,0.0,0
jinnan814,2200,60,5,0.0833,0.35,0.2381,2300.0,1.7918,0.3434,0.3927,1
jinnan814,1200,60,34,0.5667,0.78,0.7265,1285.29,3.5553,2.5895,0.1925,1
jinnan814,1000,39,26,0.6667,0.85,0.7843,1069.23,3.2958,2.3493,0.1574,0
jinnan814,800,54,42,0.7778,0.9,0.8642,800.0,3.7612,2.3403,0.1029,0
jinnan814,1800,93,42,0.4516,0.5,0.9032,1869.05,3.7612,3.1748,0.0462,0
jinnan814,1400,30,26,0.8667,0.7,1.2381,1465.38,3.2958,4.1857,0.0,0
jinnan814,1600,28,28,1.0,0.6,1.6667,1617.86,3.3673,5.4478,0.0,0
jinnan814,2000,33,20,0.6061,0.42,1.443,2000.0,3.0445,3.6903,0.0,0
jinnan814,2400,10,5,0.5,0.28,1.7857,2400.0,1.7918,2.1501,0.0,0
jjang36524,2600,230,20,0.087,0.22,0.3953,2625.0,3.0445,0.6949,0.179,1
jjang36524,2000,685,214,0.3124,0.42,0.7438,2053.74,5.3706,3.4458,0.1103,1
jjang36524,800,352,275,0.7812,0.9,0.8681,816.73,5.6204,3.5862,0.1052,0
jjang36524,3200,215,5,0.0233,0.07,0.3322,3300.0,1.7918,0.1375,0.09,1
jjang36524,1600,423,215,0.5083,0.6,0.8471,1653.95,5.3753,4.5188,0.087,0
jjang36524,1400,377,234,0.6207,0.7,0.8867,1455.56,5.4596,4.9325,0.0729,0
jjang36524,2400,439,94,0.2141,0.28,0.7647,2436.17,4.5539,2.3755,0.0722,0
jjang36524,1000,194,149,0.768,0.85,0.9036,1050.34,5.0106,4.0421,0.0719,0
jjang36524,1200,336,237,0.7054,0.78,0.9043,1249.79,5.4723,4.8241,0.0671,0
jjang36524,2200,510,177,0.3471,0.35,0.9916,2252.54,5.1818,4.0509,0.003,0
jjang36524,1800,611,308,0.5041,0.5,1.0082,1851.62,5.7333,5.3514,0.0,0
jjang36524,2800,77,19,0.2468,0.16,1.5422,2810.53,2.9957,2.0776,0.0,0
jjang36524,3000,115,19,0.1652,0.11,1.502,3084.21,2.9957,1.5265,0.0,0
jjyakioi,1000,87,35,0.4023,0.85,0.4733,1054.29,3.5835,1.5199,0.4373,1
jjyakioi,1200,90,35,0.3889,0.78,0.4986,1248.57,3.5835,1.74,0.3849,1
jjyakioi,1400,147,68,0.4626,0.7,0.6608,1423.53,4.2341,2.7882,0.2267,1
jjyakioi,800,120,85,0.7083,0.9,0.787,817.65,4.4543,2.5798,0.1685,0
jjyakioi,2000,682,179,0.2625,0.42,0.6249,2044.69,5.193,2.7868,0.166,1
jjyakioi,1800,234,99,0.4231,0.5,0.8462,1872.73,4.6052,3.6487,0.0749,0
jjyakioi,2200,485,138,0.2845,0.35,0.813,2248.55,4.9345,3.157,0.0682,0
jjyakioi,2600,548,100,0.1825,0.22,0.8295,2659.0,4.6151,2.2393,0.0421,0
jjyakioi,3000,1727,172,0.0996,0.11,0.9054,3029.65,5.1533,1.5549,0.0126,0
jjyakioi,1600,28,24,0.8571,0.6,1.4286,1675.0,3.2189,4.6214,0.0,0
jjyakioi,2400,521,149,0.286,0.28,1.0214,2455.03,5.0106,3.518,0.0,0
jjyakioi,2800,694,117,0.1686,0.16,1.0537,2845.3,4.7707,2.2884,0.0,0
jjyakioi,3200,873,124,0.142,0.07,2.0,3249.19,4.8283,2.2283,0.0,0
jjyakioi,3400,126,26,0.2063,0.04,2.0,3473.08,3.2958,2.362,0.0,0
jlass_,800,958,772,0.8058,0.9,0.8954,815.93,6.6503,4.3727,0.0845,0
jlass_,1000,477,372,0.7799,0.85,0.9175,1062.9,5.9216,4.9086,0.0625,0
jlass_,1400,593,384,0.6476,0.7,0.9251,1439.32,5.9532,5.5487,0.0482,0
jlass_,1200,645,477,0.7395,0.78,0.9481,1249.69,6.1696,5.7019,0.0365,0
jlass_,1600,806,464,0.5757,0.6,0.9595,1656.25,6.142,5.8563,0.0228,0
jlass_,1800,1416,710,0.5014,0.5,1.0028,1855.77,6.5667,6.1103,0.0,0
jlass_,2000,1302,611,0.4693,0.42,1.1173,2052.54,6.4167,6.1807,0.0,0
jlass_,2200,2111,831,0.3937,0.35,1.1247,2250.54,6.7238,5.9569,0.0,0
jlass_,2400,1825,630,0.3452,0.28,1.2329,2440.16,6.4473,5.4309,0.0,0
jlass_,2600,685,296,0.4321,0.22,1.9642,2644.93,5.6937,6.5075,0.0,0
jlass_,2800,418,95,0.2273,0.16,1.4205,2850.53,4.5643,2.957,0.0,0
jlass_,3000,178,40,0.2247,0.11,2.0,3012.5,3.7136,2.514,0.0,0
jlass_,3200,73,10,0.137,0.07,1.9569,3200.0,2.3979,1.0511,0.0,0
jlass_,3400,3,3,1.0,0.04,2.0,3500.0,1.3863,4.852,0.0,0
jn_275,800,53,33,0.6226,0.9,0.6918,830.3,3.5264,1.8231,0.2444,1
jn_275,2800,3,0,0.0,0.16,0.0,2800.0,0.0,0.0,0.2218,0
jn_275,3000,6,0,0.0,0.11,0.0,3000.0,0.0,0.0,0.2141,0
jn_275,2400,85,21,0.2471,0.28,0.8824,2461.9,3.091,1.8801,0.0359,0
jn_275,1000,41,38,0.9268,0.85,1.0904,1060.53,3.6636,3.601,0.0,0
jn_275,1200,22,22,1.0,0.78,1.2821,1286.36,3.1355,4.0334,0.0,0
jn_275,1400,9,9,1.0,0.7,1.4286,1500.0,2.3026,3.4539,0.0,0
jn_275,1600,19,13,0.6842,0.6,1.1404,1676.92,2.6391,3.028,0.0,0
jn_275,1800,27,21,0.7778,0.5,1.5556,1838.1,3.091,4.419,0.0,0
jn_275,2000,26,26,1.0,0.42,2.0,2065.38,3.2958,6.8072,0.0,0
jn_275,2200,16,16,1.0,0.35,2.0,2200.0,2.8332,6.2331,0.0,0
jn_275,2600,14,5,0.3571,0.22,1.6234,2600.0,1.7918,1.6638,0.0,0
jootw,1000,33,23,0.697,0.85,0.82,1047.83,3.1781,2.3209,0.1292,0
jootw,1800,143,64,0.4476,0.5,0.8951,1857.81,4.1744,3.4709,0.0504,0
jootw,1400,45,29,0.6444,0.7,0.9206,1410.34,3.4012,3.0913,0.0483,0
jootw,800,54,48,0.8889,0.9,0.9877,814.58,3.8918,2.818,0.0091,0
jootw,1200,51,50,0.9804,0.78,1.2569,1260.0,3.9318,4.857,0.0,0
jootw,1600,85,60,0.7059,0.6,1.1765,1663.33,4.1109,4.8266,0.0,0
jootw,2000,371,177,0.4771,0.42,1.1359,2042.37,5.1818,5.0491,0.0,0
jootw,2200,238,84,0.3529,0.35,1.0084,2263.1,4.4427,3.5485,0.0,0
jootw,2400,193,100,0.5181,0.28,1.8505,2451.0,4.6151,5.861,0.0,0
jootw,2600,225,51,0.2267,0.22,1.0303,2605.88,3.9512,2.3339,0.0,0
jootw,2800,104,32,0.3077,0.16,1.9231,2818.75,3.4965,3.0325,0.0,0
jootw,3200,18,8,0.4444,0.07,2.0,3200.0,2.1972,3.1249,0.0,0
jtrh,1400,627,287,0.4577,0.7,0.6539,1456.45,5.663,3.7753,0.2343,1
jtrh,800,576,389,0.6753,0.9,0.7504,825.71,5.9661,3.327,0.205,0
jtrh,1600,848,345,0.4068,0.6,0.6781,1660.0,5.8464,3.9484,0.1903,1
jtrh,1200,337,203,0.6024,0.78,0.7723,1252.71,5.3181,4.0131,0.1637,0
jtrh,1000,312,226,0.7244,0.85,0.8522,1058.41,5.425,4.1591,0.1124,0
jtrh,1800,1155,479,0.4147,0.5,0.8294,1851.36,6.1738,4.7402,0.0838,0
jtrh,2000,1514,667,0.4406,0.42,1.0489,2066.42,6.5043,5.9213,0.0,0
jtrh,2200,2362,984,0.4166,0.35,1.1903,2252.95,6.8926,6.4692,0.0,0
jtrh,2400,3243,1199,0.3697,0.28,1.3204,2447.96,7.0901,6.4169,0.0,0
jtrh,2600,526,214,0.4068,0.22,1.8493,2621.96,5.3706,5.729,0.0,0
jtrh,2800,243,71,0.2922,0.16,1.8261,2814.08,4.2767,3.5164,0.0,0
jtrh,3000,19,9,0.4737,0.11,2.0,3000.0,2.3026,3.2721,0.0,0
jumpmelon,1200,99,54,0.5455,0.78,0.6993,1253.7,4.0073,2.7404,0.2157,1
jumpmelon,800,171,116,0.6784,0.9,0.7537,817.24,4.7622,2.6401,0.198,0
jumpmelon,1000,104,81,0.7788,0.85,0.9163,1048.15,4.4067,3.5974,0.0612,0
jumpmelon,2000,212,89,0.4198,0.42,0.9996,2024.72,4.4998,3.8248,0.0002,0
jumpmelon,1400,152,109,0.7171,0.7,1.0244,1445.87,4.7005,4.8737,0.0,0
jumpmelon,1600,123,80,0.6504,0.6,1.084,1658.75,4.3944,4.741,0.0,0
jumpmelon,1800,151,126,0.8344,0.5,1.6689,1863.49,4.8442,7.5326,0.0,0
jumpmelon,2200,205,96,0.4683,0.35,1.338,2252.08,4.5747,4.8246,0.0,0
jumpmelon,2400,238,106,0.4454,0.28,1.5906,2446.23,4.6728,5.091,0.0,0
jumpmelon,2600,160,61,0.3812,0.22,1.733,2632.79,4.1271,4.1426,0.0,0
jumpmelon,2800,135,25,0.1852,0.16,1.1574,2832.0,3.2581,1.7087,0.0,0
jumpmelon,3000,24,6,0.25,0.11,2.0,3033.33,1.9459,1.4756,0.0,0
jumpmelon,3200,15,6,0.4,0.07,2.0,3300.0,1.9459,2.5686,0.0,0
jumpmelon,3400,15,11,0.7333,0.04,2.0,3500.0,2.4849,6.3779,0.0,0
jununu0811,2600,16,0,0.0,0.22,0.0,2600.0,0.0,0.0,0.6233,0
jununu0811,1400,561,215,0.3832,0.7,0.5475,1443.72,5.3753,2.9741,0.3146,1
jununu0811,3000,5,0,0.0,0.11,0.0,3000.0,0.0,0.0,0.1971,0
jununu0811,1000,319,203,0.6364,0.85,0.7487,1058.62,5.3181,3.5826,0.195,1
jununu0811,2000,380,100,0.2632,0.42,0.6266,2044.0,4.6151,2.4824,0.166,1
jununu0811,1200,289,179,0.6194,0.78,0.7941,1259.78,5.193,4.0519,0.1471,0
jununu0811,2400,149,24,0.1611,0.28,0.5753,2454.17,3.2189,1.2724,0.1412,1
jununu0811,1800,524,192,0.3664,0.5,0.7328,1844.27,5.2627,3.5563,0.1336,1
jununu0811,800,437,345,0.7895,0.9,0.8772,817.1,5.8464,3.7714,0.0982,0
jununu0811,1600,268,140,0.5224,0.6,0.8706,1652.86,4.9488,4.2729,0.073,0
jununu0811,2200,134,50,0.3731,0.35,1.0661,2232.0,3.9318,3.2746,0.0,0
k1r1t0,1000,625,442,0.7072,0.85,0.832,1058.6,6.0936,4.5619,0.1296,0
k1r1t0,1400,965,560,0.5803,0.7,0.829,1439.46,6.3297,5.2874,0.1122,0
k1r1t0,800,1403,1113,0.7933,0.9,0.8814,816.89,7.0157,4.5465,0.0965,0
k1r1t0,1200,821,566,0.6894,0.78,0.8839,1253.18,6.3404,5.4777,0.0828,0
k1r1t0,1600,1249,649,0.5196,0.6,0.866,1662.4,6.477,5.5949,0.0767,0
k1r1t0,1800,1498,719,0.48,0.5,0.9599,1854.1,6.5793,5.855,0.0193,0
k1r1t0,2000,1107,574,0.5185,0.42,1.2346,2052.61,6.3544,6.7631,0.0,0
k1r1t0,2200,1621,633,0.3905,0.35,1.1157,2249.76,6.452,5.6683,0.0,0
k1r1t0,2400,1982,648,0.3269,0.28,1.1677,2451.39,6.4754,5.1898,0.0,0
k1r1t0,2600,932,334,0.3584,0.22,1.629,2641.62,5.8141,5.5041,0.0,0
k1r1t0,2800,555,169,0.3045,0.16,1.9032,2834.91,5.1358,4.4334,0.0,0
k1r1t0,3000,489,141,0.2883,0.11,2.0,3053.19,4.9558,4.363,0.0,0
k1r1t0,3200,379,66,0.1741,0.07,2.0,3243.94,4.2047,2.3753,0.0,0
k1r1t0,3400,94,26,0.2766,0.04,2.0,3465.38,3.2958,3.1591,0.0,0
k4k7us,1200,233,127,0.5451,0.78,0.6988,1251.97,4.852,3.311,0.219,1
k4k7us,1000,251,158,0.6295,0.85,0.7406,1058.86,5.0689,3.3786,0.2009,1
k4k7us,800,525,366,0.6971,0.9,0.7746,810.66,5.9054,3.3374,0.1841,0
k4k7us,2000,136,54,0.3971,0.42,0.9454,2061.11,4.0073,3.2795,0.0225,0
k4k7us,1400,244,190,0.7787,0.7,1.1124,1451.58,5.2523,5.9368,0.0,0
k4k7us,1600,133,81,0.609,0.6,1.015,1643.21,4.4067,4.41,0.0,0
k4k7us,1800,152,122,0.8026,0.5,1.6053,1829.51,4.8122,7.0663,0.0,0
k4k7us,2200,70,57,0.8143,0.35,2.0,2226.32,4.0604,7.361,0.0,0
k4k7us,2400,31,23,0.7419,0.28,2.0,2452.17,3.1781,5.782,0.0,0
k4k7us,2600,80,36,0.45,0.22,2.0,2644.44,3.6109,4.297,0.0,0
k4k7us,2800,3,3,1.0,0.16,2.0,2900.0,1.3863,4.0203,0.0,0
k4k7us,3000,5,5,1.0,0.11,2.0,3000.0,1.7918,5.3753,0.0,0
k4k7us,3200,3,3,1.0,0.07,2.0,3300.0,1.3863,4.5748,0.0,0
k4k7us,3400,3,1,0.3333,0.04,2.0,3500.0,0.6931,0.8087,0.0,0
kafamcokkaristi,1400,1300,436,0.3354,0.7,0.4791,1439.68,6.0799,2.9357,0.3693,1
kafamcokkaristi,1200,744,321,0.4315,0.78,0.5531,1250.16,5.7746,3.1147,0.3403,1
kafamcokkaristi,1000,752,373,0.496,0.85,0.5835,1060.32,5.9243,3.1157,0.3386,1
kafamcokkaristi,1600,1427,418,0.2929,0.6,0.4882,1654.07,6.0379,2.9254,0.3169,1
kafamcokkaristi,800,1282,797,0.6217,0.9,0.6908,814.43,6.6821,3.3833,0.2593,1
kafamcokkaristi,2200,1444,231,0.16,0.35,0.4571,2249.35,5.4467,1.9599,0.2145,1
kafamcokkaristi,2000,1147,269,0.2345,0.42,0.5584,2047.96,5.5984,2.6889,0.198,1
kafamcokkaristi,1800,1136,349,0.3072,0.5,0.6144,1843.84,5.8579,3.3183,0.1978,1
kafamcokkaristi,2400,942,134,0.1423,0.28,0.508,2426.12,4.9053,1.6929,0.1598,1
kafamcokkaristi,2600,737,69,0.0936,0.22,0.4256,2640.58,4.2485,1.0503,0.159,1
kafamcokkaristi,3000,115,5,0.0435,0.11,0.3953,3000.0,1.7918,0.2337,0.1133,1
kafamcokkaristi,3400,16,0,0.0,0.04,0.0,3400.0,0.0,0.0,0.1133,0
kafamcokkaristi,2800,217,26,0.1198,0.16,0.7488,2850.0,3.2958,1.1254,0.0504,1
kalimm,1000,586,309,0.5273,0.85,0.6204,1052.75,5.7366,3.1845,0.3054,1
kalimm,1200,858,430,0.5012,0.78,0.6425,1256.05,6.0661,3.8185,0.2666,1
kalimm,1400,1133,508,0.4484,0.7,0.6405,1452.17,6.2324,4.058,0.2447,1
kalimm,1600,1373,565,0.4115,0.6,0.6858,1658.76,6.3386,4.3267,0.1856,1
kalimm,2000,2639,679,0.2573,0.42,0.6126,2049.93,6.5221,3.44,0.1704,1
kalimm,1800,1851,626,0.3382,0.5,0.6764,1855.59,6.4409,4.042,0.1636,1
kalimm,800,662,512,0.7734,0.9,0.8593,825.98,6.2403,3.9864,0.1136,0
kalimm,2400,2554,493,0.193,0.28,0.6894,2447.26,6.2025,2.9301,0.0947,1
kalimm,2200,2098,566,0.2698,0.35,0.7708,2252.3,6.3404,3.8526,0.0836,0
kalimm,3400,102,2,0.0196,0.04,0.4902,3400.0,1.0986,0.0732,0.045,1
kalimm,2600,1418,258,0.1819,0.22,0.827,2639.92,5.5568,2.6691,0.0421,0
kalimm,2800,1441,183,0.127,0.16,0.7937,2831.15,5.2149,1.875,0.0386,0
kalimm,3000,841,104,0.1237,0.11,1.1242,3035.58,4.654,1.747,0.0,0
kalimm,3200,383,27,0.0705,0.07,1.0071,3244.44,3.3322,0.7621,0.0,0
kamyak,1200,739,423,0.5724,0.78,0.7338,1254.14,6.0497,4.3429,0.1946,1
kamyak,1000,590,381,0.6458,0.85,0.7597,1064.83,5.9454,4.0882,0.1877,0
kamyak,1600,1169,493,0.4217,0.6,0.7029,1659.84,6.2025,4.3418,0.1749,1
kamyak,1400,850,451,0.5306,0.7,0.758,1458.98,6.1137,4.7327,0.1607,0
kamyak,800,829,616,0.7431,0.9,0.8256,812.99,6.4249,3.8813,0.1421,0
kamyak,2600,111,14,0.1261,0.22,0.5733,2642.86,2.7081,0.9027,0.1195,1
kamyak,1800,1355,572,0.4221,0.5,0.8443,1856.99,6.3509,4.9785,0.0764,0
kamyak,2200,914,257,0.2812,0.35,0.8034,2231.52,5.553,3.4843,0.0716,0
kamyak,2000,1081,420,0.3885,0.42,0.9251,2038.33,6.0426,4.7855,0.0312,0
kamyak,2400,219,56,0.2557,0.28,0.9132,2423.21,4.0431,2.5052,0.026,0
kamyak,2800,29,6,0.2069,0.16,1.2931,2800.0,1.9459,1.1273,0.0,0
karthik789murugan,1200,17,5,0.2941,0.78,0.3771,1260.0,1.7918,0.664,0.503,0
karthik789murugan,1600,65,17,0.2615,0.6,0.4359,1658.82,2.8904,1.254,0.3645,1
karthik789murugan,1400,34,13,0.3824,0.7,0.5462,1446.15,2.6391,1.4592,0.3103,1
karthik789murugan,2200,52,8,0.1538,0.35,0.4396,2200.0,2.1972,0.7437,0.2436,1
karthik789murugan,1800,25,12,0.48,0.5,0.96,1800.0,2.5649,2.2161,0.0183,0
karthik789murugan,800,43,38,0.8837,0.9,0.9819,813.16,3.6636,2.6327,0.0132,0
karthik789murugan,1000,16,14,0.875,0.85,1.0294,1042.86,2.7081,2.4711,0.0,0
karthik789murugan,2000,7,7,1.0,0.42,2.0,2100.0,2.0794,4.3668,0.0,0
karthik789murugan,2600,4,4,1.0,0.22,2.0,2700.0,1.6094,4.3455,0.0,0
kcatsuh,1000,52,25,0.4808,0.85,0.5656,1096.0,3.2581,1.7168,0.3443,1
kcatsuh,1200,62,29,0.4677,0.78,0.5997,1220.69,3.4012,1.942,0.2939,1
kcatsuh,2000,162,34,0.2099,0.42,0.4997,2055.88,3.5553,1.5341,0.235,1
kcatsuh,1600,93,35,0.3763,0.6,0.6272,1657.14,3.5835,2.2349,0.2217,1
kcatsuh,1400,69,34,0.4928,0.7,0.7039,1450.0,3.5553,2.5403,0.1933,1
kcatsuh,800,61,45,0.7377,0.9,0.8197,820.0,3.8286,2.316,0.1387,0
kcatsuh,1800,124,56,0.4516,0.5,0.9032,1853.57,4.0431,3.3844,0.0463,0
kcatsuh,2800,23,3,0.1304,0.16,0.8152,2800.0,1.3863,0.5063,0.0394,0
kcatsuh,2200,123,48,0.3902,0.35,1.115,2233.33,3.8918,3.3919,0.0,0
kcatsuh,2400,96,31,0.3229,0.28,1.1533,2483.87,3.4657,2.7798,0.0,0
kcatsuh,2600,3,3,1.0,0.22,2.0,2600.0,1.3863,3.6044,0.0,0
kcatsuh,3000,9,1,0.1111,0.11,1.0101,3000.0,0.6931,0.231,0.0,0
kdy8128,800,225,165,0.7333,0.9,0.8148,816.97,5.112,3.0626,0.1478,0
kdy8128,1000,135,99,0.7333,0.85,0.8627,1066.67,4.6052,3.6023,0.1023,0
kdy8128,1200,154,104,0.6753,0.78,0.8658,1254.81,4.654,3.9438,0.0934,0
kdy8128,2000,223,81,0.3632,0.42,0.8648,2053.09,4.4067,3.2863,0.0568,0
kdy8128,1600,174,96,0.5517,0.6,0.9195,1651.04,4.5747,4.1672,0.0447,0
kdy8128,1400,189,124,0.6561,0.7,0.9373,1462.9,4.8283,4.6342,0.0395,0
kdy8128,1800,179,88,0.4916,0.5,0.9832,1852.27,4.4886,4.0874,0.0079,0
kdy8128,2200,129,50,0.3876,0.35,1.1074,2252.0,3.9318,3.432,0.0,0
kdy8128,2400,79,26,0.3291,0.28,1.1754,2446.15,3.2958,2.6534,0.0,0
kdy8128,2600,10,5,0.5,0.22,2.0,2600.0,1.7918,2.3293,0.0,0
keisuke6,1200,358,210,0.5866,0.78,0.752,1240.48,5.3519,3.8943,0.1791,0
keisuke6,2000,928,248,0.2672,0.42,0.6363,2041.13,5.5175,3.0096,0.1602,1
keisuke6,1800,681,235,0.3451,0.5,0.6902,1846.38,5.4638,3.4813,0.1564,1
keisuke6,800,528,396,0.75,0.9,0.8333,818.94,5.9839,3.6754,0.1347,0
keisuke6,1600,606,284,0.4686,0.6,0.7811,1659.15,5.6525,4.3951,0.1265,0
keisuke6,3400,9,0,0.0,0.04,0.0,3400.0,0.0,0.0,0.0921,0
keisuke6,1400,358,225,0.6285,0.7,0.8978,1445.33,5.4205,4.9239,0.0655,0
keisuke6,1000,228,185,0.8114,0.85,0.9546,1052.43,5.2257,4.4625,0.0337,0
keisuke6,2400,625,165,0.264,0.28,0.9429,2438.79,5.112,3.2913,0.0169,0
keisuke6,2800,332,50,0.1506,0.16,0.9413,2840.0,3.9318,1.6817,0.0111,0
keisuke6,2600,393,83,0.2112,0.22,0.96,2636.14,4.4308,2.4668,0.0097,0
keisuke6,2200,502,180,0.3586,0.35,1.0245,2261.11,5.1985,4.2147,0.0,0
keisuke6,3000,136,16,0.1176,0.11,1.0695,3062.5,2.8332,1.0208,0.0,0
keisuke6,3200,64,7,0.1094,0.07,1.5625,3257.14,2.0794,0.7408,0.0,0
kevin,1000,592,392,0.6622,0.85,0.779,1055.1,5.9738,4.1736,0.172,0
kevin,1400,1065,580,0.5446,0.7,0.778,1453.45,6.3648,5.038,0.1471,0
kevin,1800,2065,750,0.3632,0.5,0.7264,1851.87,6.6214,4.4535,0.137,1
kevin,1200,782,498,0.6368,0.78,0.8164,1254.62,6.2126,4.9637,0.1323,0
kevin,2000,2498,737,0.295,0.42,0.7025,2048.85,6.6039,3.992,0.1286,1
kevin,800,1128,861,0.7633,0.9,0.8481,817.65,6.7593,4.2185,0.1238,0
kevin,1600,1437,713,0.4962,0.6,0.827,1654.84,6.5709,5.3953,0.0997,0
kevin,3400,4,0,0.0,0.04,0.0,3400.0,0.0,0.0,0.0644,0
kevin,2200,2843,903,0.3176,0.35,0.9075,2255.04,6.8068,4.8754,0.033,0
kevin,2400,3014,755,0.2505,0.28,0.8946,2442.65,6.628,4.0556,0.031,0
kevin,2800,1022,145,0.1419,0.16,0.8867,2834.48,4.9836,2.0042,0.021,0
kevin,2600,2252,459,0.2038,0.22,0.9264,2639.22,6.1312,3.2981,0.0175,0
kevin,3000,175,35,0.2,0.11,1.8182,3037.14,3.5835,2.1767,0.0,0
kevin,3200,43,7,0.1628,0.07,2.0,3300.0,2.0794,1.1171,0.0,0
kevinyang,1000,905,707,0.7812,0.85,0.9191,1058.98,6.5624,5.4291,0.0619,0
kevinyang,1400,1294,868,0.6708,0.7,0.9583,1446.31,6.7673,6.5655,0.027,0
kevinyang,800,1526,1329,0.8709,0.9,0.9677,819.41,7.1929,5.1331,0.026,0
kevinyang,1200,1117,843,0.7547,0.78,0.9676,1251.25,6.7382,6.3629,0.0229,0
kevinyang,1600,1520,922,0.6066,0.6,1.011,1656.83,6.8276,6.8618,0.0,0
kevinyang,1800,2003,1036,0.5172,0.5,1.0344,1856.47,6.9441,6.6678,0.0,0
kevinyang,2000,1668,907,0.5438,0.42,1.2947,2046.86,6.8112,7.581,0.0,0
kevinyang,2200,3241,1138,0.3511,0.35,1.0032,2250.88,7.0379,5.5624,0.0,0
kevinyang,2400,3263,958,0.2936,0.28,1.0486,2446.56,6.8659,4.9317,0.0,0
kevinyang,2600,2136,580,0.2715,0.22,1.2343,2648.97,6.3648,4.5781,0.0,0
kevinyang,2800,1595,342,0.2144,0.16,1.3401,2834.21,5.8377,3.5477,0.0,0
kevinyang,3000,432,144,0.3333,0.11,2.0,3039.58,4.9767,5.0424,0.0,0
kevinyang,3200,54,31,0.5741,0.07,2.0,3232.26,3.4657,6.4309,0.0,0
kevinyang,3400,13,1,0.0769,0.04,1.9231,3500.0,0.6931,0.1866,0.0,0
khanhdang2109,1000,219,137,0.6256,0.85,0.736,1055.47,4.9273,3.2533,0.2042,1
khanhdang2109,800,278,214,0.7698,0.9,0.8553,815.89,5.3706,3.3731,0.1151,0
khanhdang2109,1200,215,148,0.6884,0.78,0.8825,1258.78,5.0039,4.336,0.082,0
khanhdang2109,1400,244,157,0.6434,0.7,0.9192,1441.4,5.0626,4.6953,0.0513,0
khanhdang2109,1600,224,134,0.5982,0.6,0.997,1639.55,4.9053,4.8111,0.0016,0
khanhdang2109,1800,257,145,0.5642,0.5,1.1284,1848.28,4.9836,5.1969,0.0,0
khanhdang2109,2000,214,105,0.4907,0.42,1.1682,2054.29,4.6634,4.7005,0.0,0
khanhdang2109,2200,95,58,0.6105,0.35,1.7444,2217.24,4.0775,5.5197,0.0,0
khanhdang2109,2400,46,32,0.6957,0.28,2.0,2459.38,3.4965,5.9821,0.0,0
khanhdang2109,2600,10,10,1.0,0.22,2.0,2620.0,2.3979,6.2825,0.0,0
khanhdang2109,2800,10,6,0.6,0.16,2.0,2833.33,1.9459,3.308,0.0,0
khoianh,2600,122,8,0.0656,0.22,0.2981,2612.5,2.1972,0.3764,0.2324,1
khoianh,800,545,357,0.655,0.9,0.7278,824.65,5.8805,3.1766,0.2244,1
khoianh,1400,420,208,0.4952,0.7,0.7075,1456.25,5.3423,3.8528,0.1951,1
khoianh,1800,872,298,0.3417,0.5,0.6835,1860.4,5.7004,3.6242,0.1599,1
khoianh,1200,367,224,0.6104,0.78,0.7825,1244.2,5.4161,4.113,0.1562,0
khoianh,1000,225,153,0.68,0.85,0.8,1058.82,5.037,3.6266,0.1526,0
khoianh,2400,226,43,0.1903,0.28,0.6795,2420.93,3.7842,1.7431,0.1018,1
khoianh,3200,187,7,0.0374,0.07,0.5348,3200.0,2.0794,0.2491,0.0554,1
khoianh,1600,483,273,0.5652,0.6,0.942,1654.58,5.6131,5.2494,0.0325,0
khoianh,2000,512,205,0.4004,0.42,0.9533,2047.8,5.3279,4.3684,0.0193,0
khoianh,2200,303,111,0.3663,0.35,1.0467,2254.95,4.7185,3.8978,0.0,0
khoianh,2800,35,6,0.1714,0.16,1.0714,2800.0,1.9459,0.934,0.0,0
khoianh,3000,28,8,0.2857,0.11,2.0,3000.0,2.1972,1.8833,0.0,0
kidw0124,2800,24,0,0.0,0.16,0.0,2800.0,0.0,0.0,0.515,1
kidw0124,1800,531,118,0.2222,0.5,0.4444,1836.44,4.7791,1.9504,0.3017,1
kidw0124,2000,532,93,0.1748,0.42,0.4162,2048.39,4.5433,1.6269,0.2777,1
kidw0124,2200,396,50,0.1263,0.35,0.3608,2270.0,3.9318,1.1269,0.2715,1
kidw0124,1600,400,163,0.4075,0.6,0.6792,1666.87,5.0999,3.4641,0.1892,1
kidw0124,1200,238,140,0.5882,0.78,0.7541,1261.43,4.9488,3.6721,0.1765,0
kidw0124,1400,214,111,0.5187,0.7,0.741,1452.25,4.7185,3.5543,0.1703,1
kidw0124,2400,104,16,0.1538,0.28,0.5495,2418.75,2.8332,1.0543,0.1532,1
kidw0124,1000,139,99,0.7122,0.85,0.8379,1066.67,4.6052,3.4986,0.1215,0
kidw0124,800,310,250,0.8065,0.9,0.8961,819.6,5.5255,3.6521,0.0823,0
kidw0124,3000,1,0,0.0,0.11,0.0,3000.0,0.0,0.0,0.0762,0
kidw0124,2600,19,5,0.2632,0.22,1.1962,2600.0,1.7918,1.2259,0.0,0
kindmango,1000,288,211,0.7326,0.85,0.8619,1064.45,5.3566,4.1774,0.1046,0
kindmango,1400,509,306,0.6012,0.7,0.8588,1460.13,5.7268,5.027,0.0916,0
kindmango,1800,1516,618,0.4077,0.5,0.8153,1868.28,6.4281,4.8957,0.0911,0
kindmango,1200,325,225,0.6923,0.78,0.8876,1248.89,5.4205,4.6867,0.079,0
kindmango,1600,971,511,0.5263,0.6,0.8771,1658.51,6.2383,5.4449,0.0701,0
kindmango,800,457,379,0.8293,0.9,0.9215,815.83,5.9402,4.019,0.0624,0
kindmango,2000,1278,623,0.4875,0.42,1.1607,2060.83,6.4362,6.4659,0.0,0
kindmango,2200,1481,706,0.4767,0.35,1.362,2263.31,6.561,7.0789,0.0,0
kindmango,2400,1384,575,0.4155,0.28,1.4838,2424.52,6.3561,6.4025,0.0,0
kindmango,2600,49,17,0.3469,0.22,1.577,2623.53,2.8904,2.6308,0.0,0
kindmango,2800,24,9,0.375,0.16,2.0,2833.33,2.3026,2.4465,0.0,0
kingmessi,1000,740,441,0.5959,0.85,0.7011,1057.82,6.0913,3.84,0.2367,1
kingmessi,1800,2997,855,0.2853,0.5,0.5706,1853.68,6.7523,3.5708,0.2217,1
kingmessi,1200,949,541,0.5701,0.78,0.7309,1251.76,6.2953,4.4923,0.1973,1
kingmessi,1600,2025,856,0.4227,0.6,0.7045,1662.97,6.7534,4.7474,0.1741,1
kingmessi,1400,1082,572,0.5287,0.7,0.7552,1453.67,6.3509,4.8806,0.1629,0
kingmessi,800,901,666,0.7392,0.9,0.8213,821.62,6.5028,3.9493,0.1459,0
kingmessi,2000,3169,938,0.296,0.42,0.7047,2044.46,6.8448,4.1421,0.1274,1
kingmessi,2200,1442,490,0.3398,0.35,0.9709,2249.8,6.1964,4.7371,0.0103,0
kingmessi,2400,1480,430,0.2905,0.28,1.0376,2434.42,6.0661,4.2905,0.0,0
kingmessi,2600,418,97,0.2321,0.22,1.0548,2634.02,4.585,2.8025,0.0,0
kingmessi,2800,154,39,0.2532,0.16,1.5828,2812.82,3.6889,2.6277,0.0,0
kingmessi,3000,3,3,1.0,0.11,2.0,3000.0,1.3863,4.1589,0.0,0
kishanreddy1230,1000,89,40,0.4494,0.85,0.5288,1055.0,3.7136,1.7608,0.3824,1
kishanreddy1230,800,159,87,0.5472,0.9,0.608,812.64,4.4773,1.9909,0.3269,1
kishanreddy1230,2400,54,4,0.0741,0.28,0.2646,2400.0,1.6094,0.2861,0.3162,1
kishanreddy1230,1200,56,26,0.4643,0.78,0.5952,1265.38,3.2958,1.9363,0.2971,1
kishanreddy1230,1600,56,24,0.4286,0.6,0.7143,1641.67,3.2189,2.2647,0.1643,1
kishanreddy1230,2200,89,29,0.3258,0.35,0.931,2213.79,3.4012,2.4534,0.0247,0
kishanreddy1230,1400,21,17,0.8095,0.7,1.1565,1476.47,2.8904,3.4547,0.0,0
kishanreddy1230,1800,33,20,0.6061,0.5,1.2121,1800.0,3.0445,3.3213,0.0,0
kishanreddy1230,2000,22,10,0.4545,0.42,1.0823,2060.0,2.3979,2.2453,0.0,0
kishanreddy1230,2600,3,3,1.0,0.22,2.0,2700.0,1.3863,3.743,0.0,0
kit27.am23,2400,28,0,0.0,0.28,0.0,2400.0,0.0,0.0,0.9428,1
kit27.am23,1000,123,40,0.3252,0.85,0.3826,1062.5,3.7136,1.2831,0.5367,1
kit27.am23,1600,67,15,0.2239,0.6,0.3731,1680.0,2.7726,1.0428,0.4207,1
kit27.am23,1200,86,33,0.3837,0.78,0.4919,1254.55,3.5264,1.6976,0.391,1
kit27.am23,1400,55,18,0.3273,0.7,0.4675,1450.0,2.9444,1.3973,0.3804,1
kit27.am23,1800,135,25,0.1852,0.5,0.3704,1836.0,3.2581,1.1078,0.3632,1
kit27.am23,800,93,49,0.5269,0.9,0.5854,802.04,3.912,1.6531,0.3451,1
kit27.am23,2000,62,13,0.2097,0.42,0.4992,2100.0,2.6391,1.162,0.2395,1
kit27.am23,2200,26,13,0.5,0.35,1.4286,2200.0,2.6391,2.903,0.0,0
kizen,1400,341,196,0.5748,0.7,0.8211,1451.53,5.2832,4.4078,0.1163,0
kizen,1600,606,318,0.5248,0.6,0.8746,1660.38,5.7652,5.0231,0.0713,0
kizen,800,289,240,0.8304,0.9,0.9227,830.42,5.4848,3.7824,0.0608,0
kizen,1200,328,234,0.7134,0.78,0.9146,1246.15,5.4596,4.8537,0.0597,0
kizen,1000,194,154,0.7938,0.85,0.9339,1055.84,5.0434,4.2271,0.049,0
kizen,2000,658,260,0.3951,0.42,0.9408,2053.08,5.5645,4.5142,0.0246,0
kizen,2200,623,206,0.3307,0.35,0.9447,2247.09,5.3327,3.9623,0.0197,0
kizen,2400,734,198,0.2698,0.28,0.9634,2448.48,5.2933,3.4962,0.0107,0
kizen,1800,563,322,0.5719,0.5,1.1439,1854.04,5.7777,6.1266,0.0,0
kizen,2600,574,146,0.2544,0.22,1.1562,2647.26,4.9904,3.3603,0.0,0
kizen,2800,467,126,0.2698,0.16,1.6863,2853.17,4.8442,3.7291,0.0,0
kizen,3000,481,111,0.2308,0.11,2.0,3024.32,4.7185,3.2931,0.0,0
kizen,3200,178,23,0.1292,0.07,1.8459,3247.83,3.1781,1.3337,0.0,0
kizen,3400,3,1,0.3333,0.04,2.0,3500.0,0.6931,0.8087,0.0,0
kkykky,1200,183,62,0.3388,0.78,0.4344,1238.71,4.1431,1.7388,0.4474,1
kkykky,1400,102,33,0.3235,0.7,0.4622,1439.39,3.5264,1.6422,0.3855,1
kkykky,1000,45,28,0.6222,0.85,0.732,1057.14,3.3673,2.2149,0.1997,1
kkykky,2000,221,74,0.3348,0.42,0.7972,2060.81,4.3175,2.9793,0.0865,0
kkykky,1600,98,52,0.5306,0.6,0.8844,1653.85,3.9703,3.4841,0.0642,0
kkykky,1800,139,61,0.4388,0.5,0.8777,1875.41,4.1271,3.3967,0.0589,0
kkykky,800,87,76,0.8736,0.9,0.9706,811.84,4.3438,3.0806,0.0222,0
kkykky,2200,225,97,0.4311,0.35,1.2317,2249.48,4.585,4.4464,0.0,0
kkykky,2400,226,82,0.3628,0.28,1.2958,2437.8,4.4188,3.9085,0.0,0
kkykky,2600,246,56,0.2276,0.22,1.0347,2632.14,4.0431,2.4225,0.0,0
kkykky,2800,310,79,0.2548,0.16,1.5927,2817.72,4.382,3.1466,0.0,0
kkykky,3000,222,78,0.3514,0.11,2.0,3023.08,4.3694,4.6411,0.0,0
kkykky,3200,204,67,0.3284,0.07,2.0,3267.16,4.2195,4.5277,0.0,0
kkykky,3400,178,35,0.1966,0.04,2.0,3474.29,3.5835,2.4481,0.0,0
kl0989e,1000,124,65,0.5242,0.85,0.6167,1070.77,4.1897,2.3516,0.3031,1
kl0989e,1400,138,79,0.5725,0.7,0.8178,1444.3,4.382,3.6231,0.1169,0
kl0989e,1600,283,136,0.4806,0.6,0.8009,1658.82,4.92,3.9221,0.114,0
kl0989e,800,125,102,0.816,0.9,0.9067,826.47,4.6347,3.1257,0.0721,0
kl0989e,1200,115,84,0.7304,0.78,0.9365,1246.43,4.4427,4.0447,0.0433,0
kl0989e,1800,267,124,0.4644,0.5,0.9288,1856.45,4.8283,4.1628,0.0341,0
kl0989e,2000,244,129,0.5287,0.42,1.2588,2045.74,4.8675,5.2645,0.0,0
kl0989e,2200,244,152,0.623,0.35,1.7799,2241.45,5.0304,7.0241,0.0,0
kl0989e,2400,373,149,0.3995,0.28,1.4267,2427.52,5.0106,4.8588,0.0,0
kl0989e,2600,91,51,0.5604,0.22,2.0,2641.18,3.9512,5.8487,0.0,0
kl0989e,2800,55,30,0.5455,0.16,2.0,2836.67,3.434,5.3133,0.0,0
kl0989e,3000,11,11,1.0,0.11,2.0,3054.55,2.4849,7.5903,0.0,0
kl0989e,3200,6,6,1.0,0.07,2.0,3200.0,1.9459,6.2269,0.0,0
kmjp,1000,2056,1640,0.7977,0.85,0.9384,1057.01,7.4031,6.2418,0.0475,0
kmjp,2000,6261,2435,0.3889,0.42,0.926,2049.03,7.7981,6.2143,0.0309,0
kmjp,1400,3202,2139,0.668,0.7,0.9543,1450.82,7.6686,7.4322,0.0298,0
kmjp,800,2999,2644,0.8816,0.9,0.9796,823.56,7.8804,5.7218,0.0166,0
kmjp,2400,8605,2363,0.2746,0.28,0.9807,2447.52,7.7681,5.221,0.0056,0
kmjp,1200,2525,1963,0.7774,0.78,0.9967,1251.2,7.5827,7.3758,0.0023,0
kmjp,1600,4038,2414,0.5978,0.6,0.9964,1654.1,7.7895,7.7026,0.0021,0
kmjp,1800,4846,2588,0.534,0.5,1.0681,1855.83,7.859,7.7891,0.0,0
kmjp,2200,6477,2373,0.3664,0.35,1.0468,2246.94,7.7723,6.3983,0.0,0
kmjp,2600,6200,1455,0.2347,0.22,1.0667,2645.84,7.2834,4.5224,0.0,0
kmjp,2800,4700,852,0.1813,0.16,1.133,2836.15,6.7488,3.4697,0.0,0
kmjp,3000,2024,349,0.1724,0.11,1.5676,3031.23,5.8579,3.0618,0.0,0
kmjp,3200,645,109,0.169,0.07,2.0,3226.61,4.7005,2.563,0.0,0
kmjp,3400,171,12,0.0702,0.04,1.7544,3441.67,2.5649,0.6195,0.0,0
knightL,1200,526,335,0.6369,0.78,0.8165,1251.34,5.8171,4.636,0.1316,0
knightL,3200,4,0,0.0,0.07,0.0,3200.0,0.0,0.0,0.1127,0
knightL,800,455,373,0.8198,0.9,0.9109,825.47,5.9243,4.009,0.0709,0
knightL,1000,249,221,0.8876,0.85,1.0442,1051.13,5.4027,5.0403,0.0,0
knightL,1400,591,443,0.7496,0.7,1.0708,1450.11,6.0958,6.626,0.0,0
knightL,1600,997,602,0.6038,0.6,1.0064,1651.99,6.4019,6.3859,0.0,0
knightL,1800,1295,677,0.5228,0.5,1.0456,1846.38,6.5191,6.2926,0.0,0
knightL,2000,1009,485,0.4807,0.42,1.1445,2047.22,6.1862,6.0875,0.0,0
knightL,2200,1086,482,0.4438,0.35,1.2681,2243.98,6.18,6.155,0.0,0
knightL,2400,911,344,0.3776,0.28,1.3486,2435.76,5.8435,5.3746,0.0,0
knightL,2600,317,104,0.3281,0.22,1.4913,2622.12,4.654,4.0036,0.0,0
knightL,2800,164,55,0.3354,0.16,2.0,2838.18,4.0254,3.8314,0.0,0
knightL,3000,47,17,0.3617,0.11,2.0,3082.35,2.8904,3.2225,0.0,0
ko_osaga,1200,455,306,0.6725,0.78,0.8622,1251.96,5.7268,4.8219,0.0978,0
ko_osaga,1400,614,369,0.601,0.7,0.8585,1452.85,5.9135,5.1632,0.092,0
ko_osaga,800,275,221,0.8036,0.9,0.8929,832.13,5.4027,3.6129,0.0846,0
ko_osaga,1000,261,204,0.7816,0.85,0.9195,1056.86,5.323,4.3971,0.0602,0
ko_osaga,1600,778,485,0.6234,0.6,1.039,1651.34,6.1862,6.3683,0.0,0
ko_osaga,1800,1040,596,0.5731,0.5,1.1462,1853.52,6.3919,6.7896,0.0,0
ko_osaga,2000,1107,518,0.4679,0.42,1.1141,2050.39,6.2519,5.9983,0.0,0
ko_osaga,2200,1123,523,0.4657,0.35,1.3306,2253.92,6.2615,6.5726,0.0,0
ko_osaga,2400,1393,548,0.3934,0.28,1.405,2450.55,6.3081,6.0812,0.0,0
ko_osaga,2600,1059,315,0.2975,0.22,1.352,2640.0,5.7557,4.5198,0.0,0
ko_osaga,2800,932,307,0.3294,0.16,2.0,2842.67,5.7301,5.3655,0.0,0
ko_osaga,3000,829,197,0.2376,0.11,2.0,3041.12,5.2883,3.8217,0.0,0
ko_osaga,3200,464,125,0.2694,0.07,2.0,3244.0,4.8363,4.2265,0.0,0
ko_osaga,3400,344,81,0.2355,0.04,2.0,3451.85,4.4067,3.5817,0.0,0
kolorVXL,3000,35,0,0.0,0.11,0.0,3000.0,0.0,0.0,0.3942,1
kolorVXL,1400,246,149,0.6057,0.7,0.8653,1436.91,5.0106,4.3609,0.0864,0
kolorVXL,1200,249,173,0.6948,0.78,0.8907,1258.96,5.1591,4.5126,0.0764,0
kolorVXL,1000,189,150,0.7937,0.85,0.9337,1062.67,5.0173,4.2315,0.0491,0
kolorVXL,2400,434,113,0.2604,0.28,0.9299,2439.82,4.7362,3.0087,0.0208,0
kolorVXL,1800,379,183,0.4828,0.5,0.9657,1850.27,5.2149,4.659,0.0164,0
kolorVXL,800,272,245,0.9007,0.9,1.0008,813.88,5.5053,4.0359,0.0,0
kolorVXL,1600,302,192,0.6358,0.6,1.0596,1651.56,5.2627,5.5258,0.0,0
kolorVXL,2000,341,186,0.5455,0.42,1.2987,2047.85,5.2311,5.8432,0.0,0
kolorVXL,2200,349,164,0.4699,0.35,1.3426,2254.27,5.1059,5.4088,0.0,0
kolorVXL,2600,78,24,0.3077,0.22,1.3986,2625.0,3.2189,2.5999,0.0,0
kolorVXL,2800,87,18,0.2069,0.16,1.2931,2827.78,2.9444,1.7227,0.0,0
kondasujay2,1000,274,152,0.5547,0.85,0.6526,1048.03,5.0304,2.9246,0.275,1
kondasujay2,1600,711,272,0.3826,0.6,0.6376,1661.76,5.6095,3.5661,0.2161,1
kondasujay2,800,425,288,0.6776,0.9,0.7529,818.06,5.6664,3.1412,0.2019,0
kondasujay2,1400,344,174,0.5058,0.7,0.7226,1437.36,5.1648,3.755,0.1841,1
kondasujay2,1200,274,175,0.6387,0.78,0.8188,1244.0,5.1705,4.1081,0.1286,0
kondasujay2,2000,1305,419,0.3211,0.42,0.7645,2059.67,6.0403,3.9944,0.1008,0
kondasujay2,1800,720,321,0.4458,0.5,0.8917,1858.26,5.7746,4.7841,0.0526,0
kondasujay2,2200,1482,494,0.3333,0.35,0.9524,2259.51,6.2046,4.6731,0.0169,0
kondasujay2,2400,2136,578,0.2706,0.28,0.9664,2451.38,6.3613,4.2197,0.0098,0
kondasujay2,2600,1286,336,0.2613,0.22,1.1876,2639.88,5.8201,4.0143,0.0,0
kondasujay2,2800,783,154,0.1967,0.16,1.2292,2833.77,5.0434,2.8109,0.0,0
kondasujay2,3000,373,75,0.2011,0.11,1.8279,3042.67,4.3307,2.6495,0.0,0
kondasujay2,3200,202,29,0.1436,0.07,2.0,3251.72,3.4012,1.5878,0.0,0
kondasujay2,3400,43,3,0.0698,0.04,1.7442,3400.0,1.3863,0.3288,0.0,0
konghaojie,1600,1857,1048,0.5644,0.6,0.9406,1653.72,6.9556,6.4915,0.0337,0
konghaojie,1000,1086,885,0.8149,0.85,0.9587,1059.44,6.7867,5.8593,0.0315,0
konghaojie,800,1777,1565,0.8807,0.9,0.9786,819.11,7.3563,5.3067,0.0173,0
konghaojie,1200,1247,968,0.7763,0.78,0.9952,1250.62,6.8763,6.6755,0.0034,0
konghaojie,1400,1433,1037,0.7237,0.7,1.0338,1449.08,6.9451,7.2829,0.0,0
konghaojie,1800,1952,1062,0.5441,0.5,1.0881,1853.11,6.9689,7.026,0.0,0
konghaojie,2000,1956,1046,0.5348,0.42,1.2732,2047.42,6.9537,7.6135,0.0,0
konghaojie,2200,2017,931,0.4616,0.35,1.3188,2250.59,6.8373,7.1028,0.0,0
konghaojie,2400,1168,481,0.4118,0.28,1.4708,2426.82,6.1779,6.1742,0.0,0
konghaojie,2600,42,15,0.3571,0.22,1.6234,2600.0,2.7726,2.5745,0.0,0
konichi,1200,33,9,0.2727,0.78,0.3497,1300.0,2.3026,0.8164,0.5416,1
konichi,800,18,12,0.6667,0.9,0.7407,800.0,2.5649,1.368,0.1927,0
konichi,1000,29,22,0.7586,0.85,0.8925,1045.45,3.1355,2.4868,0.0752,0
konichi,3400,1,0,0.0,0.04,0.0,3400.0,0.0,0.0,0.0277,0
konichi,1400,8,8,1.0,0.7,1.4286,1450.0,2.1972,3.186,0.0,0
konichi,1600,4,4,1.0,0.6,1.6667,1700.0,1.6094,2.736,0.0,0
konichi,1800,16,16,1.0,0.5,2.0,1818.75,2.8332,5.1529,0.0,0
konichi,2200,20,14,0.7,0.35,2.0,2200.0,2.7081,4.1704,0.0,0
konichi,2400,16,10,0.625,0.28,2.0,2400.0,2.3979,3.5968,0.0,0
konichi,2600,6,6,1.0,0.22,2.0,2600.0,1.9459,5.0594,0.0,0
kostylevGO,1200,275,163,0.5927,0.78,0.7599,1240.49,5.0999,3.7498,0.1726,0
kostylevGO,1000,182,130,0.7143,0.85,0.8403,1061.54,4.8752,3.6966,0.1203,0
kostylevGO,1400,333,195,0.5856,0.7,0.8366,1441.54,5.2781,4.4555,0.1059,0
kostylevGO,2400,686,140,0.2041,0.28,0.7289,2456.43,4.9488,2.4809,0.0834,1
kostylevGO,2000,500,170,0.34,0.42,0.8095,2058.24,5.1417,3.5981,0.081,0
kostylevGO,800,357,289,0.8095,0.9,0.8995,823.88,5.6699,3.7815,0.0798,0
kostylevGO,3400,2,0,0.0,0.04,0.0,3400.0,0.0,0.0,0.0439,0
kostylevGO,1600,320,183,0.5719,0.6,0.9531,1656.83,5.2149,4.9412,0.0261,0
kostylevGO,2600,231,48,0.2078,0.22,0.9445,2639.58,3.8918,2.1346,0.0136,0
kostylevGO,2200,515,175,0.3398,0.35,0.9709,2266.29,5.1705,3.9818,0.0103,0
kostylevGO,1800,387,235,0.6072,0.5,1.2145,1854.47,5.4638,6.1528,0.0,0
kostylevGO,2800,209,45,0.2153,0.16,1.3457,2837.78,3.8286,2.3393,0.0,0
kostylevGO,3000,41,7,0.1707,0.11,1.5521,3042.86,2.0794,1.0803,0.0,0
kotatsugame,800,1732,1656,0.9561,0.9,1.0624,819.63,7.4128,5.8091,0.0,0
kotatsugame,1000,1093,940,0.86,0.85,1.0118,1058.09,6.8469,6.2305,0.0,0
kotatsugame,1200,1357,1139,0.8394,0.78,1.0761,1253.64,7.0388,7.4065,0.0,0
kotatsugame,1400,1444,1250,0.8657,0.7,1.2366,1450.24,7.1317,8.9531,0.0,0
kotatsugame,1600,1945,1397,0.7183,0.6,1.1971,1657.27,7.2428,8.6214,0.0,0
kotatsugame,1800,2058,1555,0.7556,0.5,1.5112,1855.5,7.3499,10.3045,0.0,0
kotatsugame,2000,2130,1370,0.6432,0.42,1.5314,2048.47,7.2233,9.5171,0.0,0
kotatsugame,2200,2322,1429,0.6154,0.35,1.7583,2247.03,7.2654,10.0471,0.0,0
kotatsugame,2400,2790,1398,0.5011,0.28,1.7896,2449.21,7.2435,8.8895,0.0,0
kotatsugame,2600,1970,698,0.3543,0.22,1.6105,2643.98,6.5497,6.1357,0.0,0
kotatsugame,2800,1349,499,0.3699,0.16,2.0,2840.28,6.2146,6.5293,0.0,0
kotatsugame,3000,809,204,0.2522,0.11,2.0,3030.39,5.323,4.0676,0.0,0
kotatsugame,3200,147,56,0.381,0.07,2.0,3251.79,4.0431,5.0084,0.0,0
kotatsugame,3400,53,4,0.0755,0.04,1.8868,3475.0,1.6094,0.4221,0.0,0
ksun48,1000,699,499,0.7139,0.85,0.8399,1054.71,6.2146,4.6792,0.1236,0
ksun48,800,948,745,0.7859,0.9,0.8732,822.42,6.6147,4.2752,0.1028,0
ksun48,1200,975,676,0.6933,0.78,0.8889,1249.41,6.5177,5.646,0.0794,0
ksun48,1600,1564,918,0.587,0.6,0.9783,1651.85,6.8233,6.6156,0.0123,0
ksun48,1400,1199,845,0.7048,0.7,1.0068,1449.94,6.7405,6.8878,0.0,0
ksun48,1800,1746,1025,0.5871,0.5,1.1741,1851.12,6.9334,7.5346,0.0,0
ksun48,2000,1761,808,0.4588,0.42,1.0925,2051.86,6.6958,6.3038,0.0,0
ksun48,2200,1475,805,0.5458,0.35,1.5593,2247.08,6.6921,8.207,0.0,0
ksun48,2400,1749,854,0.4883,0.28,1.7439,2448.83,6.7511,8.0724,0.0,0
ksun48,2600,1761,559,0.3174,0.22,1.4429,2643.65,6.3279,5.3103,0.0,0
ksun48,2800,1054,434,0.4118,0.16,2.0,2841.71,6.0753,7.1088,0.0,0
ksun48,3000,1056,308,0.2917,0.11,2.0,3043.83,5.7333,5.09,0.0,0
ksun48,3200,1299,287,0.2209,0.07,2.0,3250.87,5.663,4.0674,0.0,0
ksun48,3400,1313,241,0.1835,0.04,2.0,3467.22,5.4889,3.4932,0.0,0
kunzaZa183,1200,343,195,0.5685,0.78,0.7289,1254.87,5.2781,3.7655,0.1968,1
kunzaZa183,800,2158,1502,0.696,0.9,0.7733,831.69,7.3152,4.2346,0.1883,0
kunzaZa183,1000,531,346,0.6516,0.85,0.7666,1025.43,5.8493,3.9084,0.1818,0
kunzaZa183,1400,463,247,0.5335,0.7,0.7621,1453.85,5.5134,4.2762,0.157,0
kunzaZa183,3000,161,7,0.0435,0.11,0.3953,3000.0,2.0794,0.2712,0.1099,1
kunzaZa183,1600,1421,703,0.4947,0.6,0.8245,1662.3,6.5568,5.3922,0.1011,0
kunzaZa183,1800,1229,501,0.4076,0.5,0.8153,1847.31,6.2186,4.6829,0.091,0
kunzaZa183,2000,1488,536,0.3602,0.42,0.8577,2039.93,6.286,4.619,0.0599,0
kunzaZa183,2600,399,70,0.1754,0.22,0.7974,2661.43,4.2627,1.9903,0.0507,0
kunzaZa183,2800,65,8,0.1231,0.16,0.7692,2887.5,2.1972,0.7809,0.0484,0
kunzaZa183,2200,750,264,0.352,0.35,1.0057,2239.02,5.5797,4.3976,0.0,0
kunzaZa183,2400,498,162,0.3253,0.28,1.1618,2432.1,5.0938,4.03,0.0,0
kylin0610,1000,107,67,0.6262,0.85,0.7367,1077.61,4.2195,2.8472,0.2008,1
kylin0610,1400,157,79,0.5032,0.7,0.7188,1437.97,4.382,3.1707,0.1851,1
kylin0610,2000,279,88,0.3154,0.42,0.751,2055.68,4.4886,2.9104,0.1074,0
kylin0610,1600,122,61,0.5,0.6,0.8333,1654.1,4.1271,3.4133,0.0939,0
kylin0610,800,151,123,0.8146,0.9,0.9051,815.45,4.8203,3.2018,0.0737,0
kylin0610,2200,362,103,0.2845,0.35,0.8129,2241.75,4.6444,2.9624,0.0684,0
kylin0610,1800,206,89,0.432,0.5,0.8641,1840.45,4.4998,3.578,0.0659,0
kylin0610,1200,103,77,0.7476,0.78,0.9584,1253.25,4.3567,4.0818,0.0281,0
kylin0610,2400,96,42,0.4375,0.28,1.5625,2452.38,3.7612,4.0355,0.0,0
kylin0610,2600,9,6,0.6667,0.22,2.0,2650.0,1.9459,3.4378,0.0,0
kylin0610,2800,27,11,0.4074,0.16,2.0,2900.0,2.4849,2.9359,0.0,0
l1l_pr1nce,1000,102,42,0.4118,0.85,0.4844,1080.95,3.7612,1.6741,0.4266,1
l1l_pr1nce,800,154,71,0.461,0.9,0.5123,814.08,4.2767,1.6051,0.4196,1
l1l_pr1nce,1200,76,28,0.3684,0.78,0.4723,1289.29,3.3673,1.5995,0.4094,1
l1l_pr1nce,1600,98,26,0.2653,0.6,0.4422,1611.54,3.2958,1.4091,0.358,1
l1l_pr1nce,1400,61,23,0.377,0.7,0.5386,1465.22,3.1781,1.7557,0.319,1
l1l_pr1nce,2000,77,22,0.2857,0.42,0.6803,2063.64,3.1355,1.8487,0.1415,1
l1l_pr1nce,2400,44,12,0.2727,0.28,0.974,2466.67,2.5649,1.7255,0.0078,0
l1l_pr1nce,1800,31,18,0.5806,0.5,1.1613,1866.67,2.9444,3.1914,0.0,0
l1l_pr1nce,2800,22,4,0.1818,0.16,1.1364,2900.0,1.6094,0.8486,0.0,0
lagrange_i_f,1400,289,126,0.436,0.7,0.6228,1457.94,4.8442,3.0792,0.2561,1
lagrange_i_f,1200,271,146,0.5387,0.78,0.6907,1252.74,4.9904,3.3681,0.2258,1
lagrange_i_f,1000,192,121,0.6302,0.85,0.7414,1058.68,4.804,3.2052,0.1993,1
lagrange_i_f,800,265,195,0.7358,0.9,0.8176,817.95,5.2781,3.1768,0.146,0
lagrange_i_f,1600,352,179,0.5085,0.6,0.8475,1650.84,5.193,4.3594,0.0867,0
lagrange_i_f,2000,647,241,0.3725,0.42,0.8869,2043.15,5.4889,4.1774,0.0474,0
lagrange_i_f,1800,334,181,0.5419,0.5,1.0838,1850.83,5.204,5.2196,0.0,0
lagrange_i_f,2200,501,228,0.4551,0.35,1.3003,2248.68,5.4337,5.5606,0.0,0
lagrange_i_f,2400,1041,370,0.3554,0.28,1.2694,2446.49,5.9162,5.1444,0.0,0
lagrange_i_f,2600,615,208,0.3382,0.22,1.5373,2620.67,5.3423,4.7351,0.0,0
lagrange_i_f,2800,171,67,0.3918,0.16,2.0,2835.82,4.2195,4.6883,0.0,0
lagrange_i_f,3000,134,60,0.4478,0.11,2.0,3056.67,4.1109,5.6264,0.0,0
lagrange_i_f,3200,75,24,0.32,0.07,2.0,3233.33,3.2189,3.3305,0.0,0
lagrange_i_f,3400,156,18,0.1154,0.04,2.0,3433.33,2.9444,1.1665,0.0,0
lbm47,1400,513,259,0.5049,0.7,0.7212,1459.85,5.5607,4.0984,0.1857,1
lbm47,1000,307,202,0.658,0.85,0.7741,1065.35,5.3132,3.7244,0.1743,0
lbm47,800,566,433,0.765,0.9,0.85,818.48,6.073,3.8026,0.121,0
lbm47,1200,308,206,0.6688,0.78,0.8575,1256.31,5.3327,4.4809,0.1006,0
lbm47,1600,604,321,0.5315,0.6,0.8858,1644.86,5.7746,5.048,0.0648,0
lbm47,1800,695,308,0.4432,0.5,0.8863,1854.55,5.7333,4.7121,0.0552,0
lbm47,3000,240,25,0.1042,0.11,0.947,3016.0,3.2581,1.0236,0.0075,0
lbm47,2000,691,306,0.4428,0.42,1.0544,2046.41,5.7268,5.1898,0.0,0
lbm47,2200,533,223,0.4184,0.35,1.1954,2246.19,5.4116,5.0857,0.0,0
lbm47,2400,653,224,0.343,0.28,1.2251,2448.21,5.4161,4.5485,0.0,0
lbm47,2600,668,181,0.271,0.22,1.2316,2651.38,5.204,3.7386,0.0,0
lbm47,2800,252,69,0.2738,0.16,1.7113,2837.68,4.2485,3.301,0.0,0
lbm47,3200,22,15,0.6818,0.07,2.0,3226.67,2.7726,6.0997,0.0,0
lbm47,3400,22,3,0.1364,0.04,2.0,3500.0,1.3863,0.6616,0.0,0
lbq_star,1000,299,154,0.5151,0.85,0.6059,1073.38,5.0434,2.7882,0.3161,1
lbq_star,1800,610,141,0.2311,0.5,0.4623,1836.88,4.9558,2.1042,0.2896,1
lbq_star,1600,483,169,0.3499,0.6,0.5832,1665.68,5.1358,2.9932,0.252,1
lbq_star,2200,158,28,0.1772,0.35,0.5063,2257.14,3.3673,1.3469,0.2005,1
lbq_star,1400,273,136,0.4982,0.7,0.7117,1454.41,4.92,3.5647,0.1914,1
lbq_star,1200,233,138,0.5923,0.78,0.7593,1255.07,4.9345,3.668,0.1726,0
lbq_star,2400,157,27,0.172,0.28,0.6142,2418.52,3.3322,1.3859,0.1262,1
lbq_star,800,339,271,0.7994,0.9,0.8882,816.97,5.6058,3.6611,0.0888,0
lbq_star,3000,34,2,0.0588,0.11,0.5348,3000.0,1.0986,0.1939,0.0867,1
lbq_star,2000,112,46,0.4107,0.42,0.9779,2041.3,3.8501,3.2279,0.0091,0
lbq_star,2600,50,11,0.22,0.22,1.0,2681.82,2.4849,1.4661,0.0,0
lchmax37,1000,456,324,0.7105,0.85,0.8359,1026.23,5.7838,4.2174,0.1259,0
lchmax37,1400,202,128,0.6337,0.7,0.9052,1441.41,4.8598,4.4388,0.0601,0
lchmax37,1200,201,148,0.7363,0.78,0.944,1245.27,5.0039,4.5882,0.0386,0
lchmax37,800,942,883,0.9374,0.9,1.0415,810.53,6.7845,5.1546,0.0,0
lchmax37,1600,192,118,0.6146,0.6,1.0243,1641.53,4.7791,4.8214,0.0,0
lchmax37,1800,222,116,0.5225,0.5,1.045,1850.0,4.7622,4.6034,0.0,0
lchmax37,2000,117,57,0.4872,0.42,1.16,2040.35,4.0604,4.0361,0.0,0
lchmax37,2200,45,21,0.4667,0.35,1.3333,2266.67,3.091,3.2696,0.0,0
lchmax37,2400,10,10,1.0,0.28,2.0,2430.0,2.3979,5.8269,0.0,0
lchmax37,2600,4,4,1.0,0.22,2.0,2700.0,1.6094,4.3455,0.0,0
lcyxds,3000,50,4,0.08,0.11,0.7273,3050.0,1.6094,0.3927,0.0452,1
lcyxds,1400,324,211,0.6512,0.7,0.9303,1447.87,5.3566,5.0507,0.0444,0
lcyxds,800,413,351,0.8499,0.9,0.9443,820.23,5.8636,4.0875,0.044,0
lcyxds,1000,228,187,0.8202,0.85,0.9649,1062.03,5.2364,4.5612,0.026,0
lcyxds,1200,321,249,0.7757,0.78,0.9945,1255.42,5.5215,5.377,0.0038,0
lcyxds,1600,360,264,0.7333,0.6,1.2222,1653.03,5.5797,6.7639,0.0,0
lcyxds,1800,605,320,0.5289,0.5,1.0579,1853.12,5.7714,5.657,0.0,0
lcyxds,2000,481,241,0.501,0.42,1.193,2045.23,5.4889,5.6247,0.0,0
lcyxds,2200,556,237,0.4263,0.35,1.2179,2232.49,5.4723,5.2075,0.0,0
lcyxds,2400,635,196,0.3087,0.28,1.1024,2451.02,5.2832,3.9969,0.0,0
lcyxds,2600,272,88,0.3235,0.22,1.4706,2637.5,4.4886,3.8302,0.0,0
lcyxds,2800,244,58,0.2377,0.16,1.4857,2850.0,4.0775,2.7624,0.0,0
lcyxds,3200,16,3,0.1875,0.07,2.0,3200.0,1.3863,0.8318,0.0,0
leaf1415,1000,1144,912,0.7972,0.85,0.9379,1054.39,6.8167,5.7299,0.0476,0
leaf1415,800,1697,1544,0.9098,0.9,1.0109,824.29,7.3428,5.5069,0.0,0
leaf1415,1200,1508,1197,0.7938,0.78,1.0176,1251.8,7.0884,7.0433,0.0,0
leaf1415,1400,1935,1369,0.7075,0.7,1.0107,1452.15,7.2226,7.4204,0.0,0
leaf1415,1600,2803,1727,0.6161,0.6,1.0269,1654.2,7.4547,7.5978,0.0,0
leaf1415,1800,3355,1817,0.5416,0.5,1.0832,1854.87,7.5055,7.5397,0.0,0
leaf1415,2000,3855,1710,0.4436,0.42,1.0561,2047.66,7.4448,6.7621,0.0,0
leaf1415,2200,4009,1604,0.4001,0.35,1.1431,2250.62,7.3809,6.6463,0.0,0
leaf1415,2400,5208,1542,0.2961,0.28,1.0574,2447.34,7.3415,5.3198,0.0,0
leaf1415,2600,3006,771,0.2565,0.22,1.1659,2647.08,6.649,4.5143,0.0,0
leaf1415,2800,1196,303,0.2533,0.16,1.5834,2830.69,5.717,4.0999,0.0,0
leaf1415,3000,558,98,0.1756,0.11,1.5966,3029.59,4.5951,2.445,0.0,0
leaf1415,3200,147,30,0.2041,0.07,2.0,3230.0,3.434,2.2636,0.0,0
leaf1415,3400,7,1,0.1429,0.04,2.0,3500.0,0.6931,0.3466,0.0,0
leduchuy,2400,86,0,0.0,0.28,0.0,2400.0,0.0,0.0,1.2505,1
leduchuy,2800,105,0,0.0,0.16,0.0,2800.0,0.0,0.0,0.7462,1
leduchuy,1200,280,90,0.3214,0.78,0.4121,1256.67,4.5109,1.8221,0.4692,1
leduchuy,1600,208,49,0.2356,0.6,0.3926,1653.06,3.912,1.5234,0.3963,1
leduchuy,1400,253,80,0.3162,0.7,0.4517,1446.25,4.3944,2.0096,0.394,1
leduchuy,1000,218,101,0.4633,0.85,0.5451,1055.45,4.625,2.2616,0.3705,1
leduchuy,2600,26,1,0.0385,0.22,0.1748,2600.0,0.6931,0.0693,0.3534,1
leduchuy,800,647,347,0.5363,0.9,0.5959,817.0,5.8522,2.5643,0.3436,1
leduchuy,2000,131,27,0.2061,0.42,0.4907,2062.96,3.3322,1.4168,0.2411,1
leduchuy,1800,182,66,0.3626,0.5,0.7253,1843.94,4.2047,2.8116,0.1375,1
leduchuy,2200,84,23,0.2738,0.35,0.7823,2200.0,3.1781,1.9144,0.081,0
leg,1000,628,287,0.457,0.85,0.5377,1057.49,5.663,2.7368,0.3801,1
leg,1200,699,395,0.5651,0.78,0.7245,1253.42,5.9814,4.2366,0.2017,1
leg,1400,611,312,0.5106,0.7,0.7295,1442.95,5.7462,4.2339,0.1801,1
leg,800,658,502,0.7629,0.9,0.8477,819.92,6.2206,3.8912,0.1232,0
leg,1800,783,341,0.4355,0.5,0.871,1852.2,5.8348,4.7066,0.0629,0
leg,2000,686,252,0.3673,0.42,0.8746,2046.83,5.5334,4.1605,0.0526,0
leg,1600,537,309,0.5754,0.6,0.959,1644.66,5.7366,5.4289,0.0229,0
leg,2200,672,224,0.3333,0.35,0.9524,2243.75,5.4161,4.0508,0.0169,0
leg,2400,1027,421,0.4099,0.28,1.464,2449.64,6.045,6.0703,0.0,0
leg,2600,541,164,0.3031,0.22,1.3779,2644.51,5.1059,4.0933,0.0,0
leg,2800,33,11,0.3333,0.16,2.0,2818.18,2.4849,2.3343,0.0,0
leg,3000,3,3,1.0,0.11,2.0,3000.0,1.3863,4.1589,0.0,0
leidexuan,1400,51,27,0.5294,0.7,0.7563,1459.26,3.3322,2.5743,0.1556,0
leidexuan,2400,442,68,0.1538,0.28,0.5495,2438.24,4.2341,1.5883,0.1469,1
leidexuan,1800,89,33,0.3708,0.5,0.7416,1857.58,3.5264,2.4288,0.1285,1
leidexuan,800,43,35,0.814,0.9,0.9044,808.57,3.5835,2.3585,0.071,0
leidexuan,1600,62,34,0.5484,0.6,0.914,1664.71,3.5553,3.2457,0.0469,0
leidexuan,2200,150,48,0.32,0.35,0.9143,2258.33,3.8918,2.8125,0.0308,0
leidexuan,1000,26,23,0.8846,0.85,1.0407,1065.22,3.1781,2.9947,0.0,0
leidexuan,1200,42,35,0.8333,0.78,1.0684,1254.29,3.5835,3.7456,0.0,0
leidexuan,2000,96,45,0.4688,0.42,1.1161,2046.67,3.8286,3.6731,0.0,0
leidexuan,2600,82,38,0.4634,0.22,2.0,2623.68,3.6636,4.4544,0.0,0
leidexuan,2800,90,30,0.3333,0.16,2.0,2823.33,3.434,3.2318,0.0,0
leidexuan,3000,101,26,0.2574,0.11,2.0,3026.92,3.2958,2.5681,0.0,0
leidexuan,3200,4,3,0.75,0.07,2.0,3200.0,1.3863,3.3271,0.0,0
leidexuan,3400,18,3,0.1667,0.04,2.0,3400.0,1.3863,0.7856,0.0,0
leinad2,800,397,284,0.7154,0.9,0.7949,817.96,5.6525,3.3075,0.1661,0
leinad2,1000,219,155,0.7078,0.85,0.8327,1050.97,5.0499,3.7563,0.1268,0
leinad2,1400,459,289,0.6296,0.7,0.8995,1446.71,5.6699,5.1647,0.0647,0
leinad2,1200,372,268,0.7204,0.78,0.9236,1250.75,5.5947,5.0413,0.0535,0
leinad2,1800,773,361,0.467,0.5,0.934,1856.51,5.8916,5.1081,0.0318,0
leinad2,1600,537,322,0.5996,0.6,0.9994,1663.04,5.7777,5.7615,0.0003,0
leinad2,2000,735,372,0.5061,0.42,1.2051,2051.61,5.9216,6.1488,0.0,0
leinad2,2200,688,311,0.452,0.35,1.2915,2260.45,5.743,5.8682,0.0,0
leinad2,2400,765,320,0.4183,0.28,1.4939,2444.69,5.7714,5.902,0.0,0
leinad2,2600,379,163,0.4301,0.22,1.9549,2631.9,5.0999,5.7727,0.0,0
leinad2,2800,413,132,0.3196,0.16,1.9976,2846.97,4.8903,4.4499,0.0,0
leinad2,3000,290,48,0.1655,0.11,1.5047,3077.08,3.8918,1.9821,0.0,0
leinad2,3200,222,34,0.1532,0.07,2.0,3247.06,3.5553,1.7681,0.0,0
leinad2,3400,41,7,0.1707,0.04,2.0,3457.14,2.0794,1.2274,0.0,0
lethan3,800,1243,821,0.6605,0.9,0.7339,814.01,6.7117,3.6086,0.2213,1
lethan3,1200,786,444,0.5649,0.78,0.7242,1242.79,6.0981,4.2811,0.2021,1
lethan3,1000,513,328,0.6394,0.85,0.7522,1055.49,5.7961,3.9115,0.1935,0
lethan3,1600,1263,518,0.4101,0.6,0.6836,1652.51,6.2519,4.2372,0.187,1
lethan3,1800,1158,399,0.3446,0.5,0.6891,1849.12,5.9915,3.8174,0.1569,1
lethan3,1400,649,371,0.5716,0.7,0.8166,1440.43,5.9189,4.8737,0.1202,0
lethan3,2000,1665,515,0.3093,0.42,0.7365,2040.19,6.2461,3.9416,0.1133,1
lethan3,2200,1178,352,0.2988,0.35,0.8537,2256.82,5.8665,3.9561,0.0527,0
lethan3,2400,1497,405,0.2705,0.28,0.9662,2434.57,6.0064,3.9561,0.0099,0
lethan3,2600,439,136,0.3098,0.22,1.4082,2635.29,4.92,4.0167,0.0,0
lethan3,2800,145,54,0.3724,0.16,2.0,2827.78,4.0073,4.2201,0.0,0
lethan3,3000,87,27,0.3103,0.11,2.0,3037.04,3.3322,3.1407,0.0,0
lethan3,3200,28,12,0.4286,0.07,2.0,3225.0,2.5649,3.5451,0.0,0
lethan3,3400,15,5,0.3333,0.04,2.0,3500.0,1.7918,2.0904,0.0,0
lftroq,1400,1395,614,0.4401,0.7,0.6288,1450.81,6.4216,4.1006,0.2535,1
lftroq,1000,1129,673,0.5961,0.85,0.7013,1060.33,6.5132,4.1168,0.2376,1
lftroq,1200,1201,650,0.5412,0.78,0.6939,1246.15,6.4785,4.3694,0.2264,1
lftroq,800,2173,1458,0.671,0.9,0.7455,817.97,7.2855,3.9985,0.2124,1
lftroq,1600,1506,600,0.3984,0.6,0.664,1653.5,6.3986,4.2152,0.1994,1
lftroq,2000,1345,422,0.3138,0.42,0.747,2048.58,6.0474,3.887,0.1086,1
lftroq,1800,1396,554,0.3968,0.5,0.7937,1853.79,6.319,4.6487,0.1021,0
lftroq,2200,989,280,0.2831,0.35,0.8089,2248.21,5.6384,3.5888,0.0695,0
lftroq,2400,298,93,0.3121,0.28,1.1146,2441.94,4.5433,3.4624,0.0,0
lftroq,2600,110,27,0.2455,0.22,1.1157,2625.93,3.3322,2.1478,0.0,0
lftroq,2800,36,9,0.25,0.16,1.5625,2833.33,2.3026,1.631,0.0,0
lftroq,3000,6,2,0.3333,0.11,2.0,3000.0,1.0986,1.0986,0.0,0
lg_zhou,1000,122,67,0.5492,0.85,0.6461,1049.25,4.2195,2.4314,0.2773,1
lg_zhou,1800,704,206,0.2926,0.5,0.5852,1856.8,5.3327,2.8974,0.2148,1
lg_zhou,1400,214,107,0.5,0.7,0.7143,1434.58,4.6821,3.3584,0.189,1
lg_zhou,2600,265,25,0.0943,0.22,0.4288,2640.0,3.2581,0.8115,0.1648,1
lg_zhou,2000,488,135,0.2766,0.42,0.6587,2049.63,4.9127,2.7855,0.1501,1
lg_zhou,800,288,222,0.7708,0.9,0.8565,814.41,5.4072,3.3945,0.1142,0
lg_zhou,2200,587,154,0.2624,0.35,0.7496,2242.86,5.0434,2.9676,0.0925,1
lg_zhou,2400,520,111,0.2135,0.28,0.7624,2444.14,4.7185,2.4618,0.0728,0
lg_zhou,1200,201,147,0.7313,0.78,0.9376,1257.82,4.9972,4.5969,0.0431,0
lg_zhou,1600,125,83,0.664,0.6,1.1067,1650.6,4.4308,4.8562,0.0,0
lg_zhou,2800,211,35,0.1659,0.16,1.0367,2831.43,3.5835,1.6831,0.0,0
lg_zhou,3000,4,1,0.25,0.11,2.0,3100.0,0.6931,0.5372,0.0,0
lg_zhou,3200,41,3,0.0732,0.07,1.0453,3300.0,1.3863,0.3347,0.0,0
lg_zhou,3400,16,2,0.125,0.04,2.0,3500.0,1.0986,0.4806,0.0,0
liaoz123,1000,267,177,0.6629,0.85,0.7799,1061.58,5.1818,3.6467,0.1692,0
liaoz123,1400,375,196,0.5227,0.7,0.7467,1435.71,5.2832,3.9645,0.1674,1
liaoz123,1200,370,235,0.6351,0.78,0.8143,1254.04,5.4638,4.3519,0.1326,0
liaoz123,800,464,360,0.7759,0.9,0.8621,818.61,5.8889,3.7402,0.1107,0
liaoz123,1800,909,388,0.4268,0.5,0.8537,1858.76,5.9636,4.7315,0.0716,0
liaoz123,2000,951,334,0.3512,0.42,0.8362,2058.98,5.8141,4.2044,0.0692,0
liaoz123,1600,463,249,0.5378,0.6,0.8963,1652.21,5.5215,4.9061,0.0586,0
liaoz123,2200,1097,425,0.3874,0.35,1.1069,2252.0,6.0544,5.2823,0.0,0
liaoz123,2400,1265,515,0.4071,0.28,1.454,2450.29,6.2461,6.2308,0.0,0
liaoz123,2600,1331,503,0.3779,0.22,1.7178,2643.54,6.2226,6.2165,0.0,0
liaoz123,2800,743,271,0.3647,0.16,2.0,2841.33,5.6058,5.8095,0.0,0
liaoz123,3000,305,124,0.4066,0.11,2.0,3024.19,4.8283,5.9365,0.0,0
liaoz123,3200,115,65,0.5652,0.07,2.0,3249.23,4.1897,7.6944,0.0,0
liaoz123,3400,218,50,0.2294,0.04,2.0,3454.0,3.9318,3.1148,0.0,0
libobil,3200,62,0,0.0,0.07,0.0,3200.0,0.0,0.0,0.29,1
libobil,1000,397,225,0.5668,0.85,0.6668,1056.89,5.4205,3.2469,0.2641,1
libobil,1200,490,277,0.5653,0.78,0.7248,1244.04,5.6276,3.9577,0.2007,1
libobil,1400,438,222,0.5068,0.7,0.7241,1435.14,5.4072,3.9332,0.1834,1
libobil,1800,637,212,0.3328,0.5,0.6656,1855.66,5.3613,3.311,0.1697,1
libobil,1600,637,276,0.4333,0.6,0.7221,1662.68,5.624,4.0516,0.1625,1
libobil,2600,335,34,0.1015,0.22,0.4613,2632.35,3.5553,0.9499,0.1513,1
libobil,3000,58,2,0.0345,0.11,0.3135,3000.0,1.0986,0.1136,0.1467,1
libobil,800,511,383,0.7495,0.9,0.8328,817.75,5.9506,3.6472,0.1351,0
libobil,3400,16,0,0.0,0.04,0.0,3400.0,0.0,0.0,0.1133,0
libobil,2400,659,123,0.1866,0.28,0.6666,2427.64,4.8203,2.1841,0.1041,1
libobil,2200,784,202,0.2577,0.35,0.7362,2258.91,5.3132,3.0924,0.0975,1
libobil,2000,769,273,0.355,0.42,0.8453,2052.01,5.6131,4.089,0.0653,0
libobil,2800,108,15,0.1389,0.16,0.8681,2800.0,2.7726,1.0782,0.0263,0
licnn,1400,451,137,0.3038,0.7,0.434,1449.64,4.9273,2.1697,0.4087,1
licnn,1200,343,128,0.3732,0.78,0.4784,1242.97,4.8598,2.2542,0.4055,1
licnn,1800,1127,214,0.1899,0.5,0.3798,1853.27,5.3706,1.89,0.3421,1
licnn,2000,1127,163,0.1446,0.42,0.3444,2044.79,5.0999,1.5082,0.3173,1
licnn,1000,183,96,0.5246,0.85,0.6172,1076.04,4.5747,2.5823,0.3044,1
licnn,800,380,223,0.5868,0.9,0.652,817.04,5.4116,2.5947,0.2903,1
licnn,1600,353,122,0.3456,0.6,0.576,1640.98,4.8122,2.7292,0.2569,1
licnn,2200,1391,198,0.1423,0.35,0.4067,2252.53,5.2933,1.6972,0.2388,1
licnn,2400,1255,135,0.1076,0.28,0.3842,2454.07,4.9127,1.2969,0.2081,1
licnn,2600,994,85,0.0855,0.22,0.3887,2640.0,4.4543,1.0056,0.1702,1
licnn,2800,318,58,0.1824,0.16,1.1399,2846.55,4.0775,2.117,0.0,0
licnn,3000,54,8,0.1481,0.11,1.3468,3050.0,2.1972,0.9928,0.0,0
licnn,3200,48,8,0.1667,0.07,2.0,3287.5,2.1972,1.2039,0.0,0
licnn,3400,8,6,0.75,0.04,2.0,3433.33,1.9459,5.0107,0.0,0
lightseba,1400,889,464,0.5219,0.7,0.7456,1445.47,6.142,4.6338,0.1693,1
lightseba,800,552,422,0.7645,0.9,0.8494,825.36,6.0474,3.8158,0.1214,0
lightseba,1000,365,269,0.737,0.85,0.867,1052.42,5.5984,4.3422,0.1011,0
lightseba,1600,823,421,0.5115,0.6,0.8526,1664.13,6.045,5.146,0.0843,0
lightseba,1200,494,342,0.6923,0.78,0.8876,1259.36,5.8377,5.0897,0.0796,0
lightseba,2400,1716,379,0.2209,0.28,0.7888,2441.69,5.9402,3.2034,0.0635,0
lightseba,2200,1140,356,0.3123,0.35,0.8922,2245.79,5.8777,4.1221,0.0386,0
lightseba,2000,1559,606,0.3887,0.42,0.9255,2052.48,6.4085,5.1128,0.0311,0
lightseba,1800,1169,547,0.4679,0.5,0.9358,1859.05,6.3063,5.4858,0.031,0
lightseba,2600,1013,217,0.2142,0.22,0.9737,2635.48,5.3845,3.0399,0.0063,0
lightseba,2800,476,125,0.2626,0.16,1.6413,2835.2,4.8363,3.6008,0.0,0
lightseba,3000,322,68,0.2112,0.11,1.9198,3033.82,4.2341,2.7127,0.0,0
lightseba,3200,204,29,0.1422,0.07,2.0,3255.17,3.4012,1.5739,0.0,0
lightseba,3400,72,13,0.1806,0.04,2.0,3453.85,2.6391,1.6457,0.0,0
lihaochen,1200,273,115,0.4212,0.78,0.5401,1257.39,4.7536,2.5178,0.35,1
lihaochen,1400,326,117,0.3589,0.7,0.5127,1450.43,4.7707,2.4834,0.3422,1
lihaochen,1000,153,89,0.5817,0.85,0.6844,1071.91,4.4998,2.8058,0.2457,1
lihaochen,800,204,136,0.6667,0.9,0.7407,824.26,4.92,2.7036,0.2098,1
lihaochen,1800,850,295,0.3471,0.5,0.6941,1855.93,5.6904,3.6653,0.1542,1
lihaochen,1600,542,241,0.4446,0.6,0.7411,1649.38,5.4889,4.0256,0.1508,1
lihaochen,2000,1140,356,0.3123,0.42,0.7435,2066.85,5.8777,3.7937,0.1103,1
lihaochen,2400,1083,215,0.1985,0.28,0.709,2440.47,5.3753,2.6043,0.0893,1
lihaochen,2200,1146,394,0.3438,0.35,0.9823,2241.37,5.9789,4.6073,0.0063,0
lihaochen,2600,189,66,0.3492,0.22,1.5873,2628.79,4.2047,3.8599,0.0,0
lihaochen,2800,141,23,0.1631,0.16,1.0195,2834.78,3.1781,1.4696,0.0,0
lihaochen,3000,59,18,0.3051,0.11,2.0,3038.89,2.9444,2.7298,0.0,0
lihaochen,3200,2,2,1.0,0.07,2.0,3200.0,1.0986,3.5156,0.0,0
lihaochen,3400,1,1,1.0,0.04,2.0,3400.0,0.6931,2.3567,0.0,0
linyue,1400,12,6,0.5,0.7,0.7143,1400.0,1.9459,1.3621,0.1741,0
linyue,2000,46,13,0.2826,0.42,0.6729,2076.92,2.6391,1.549,0.1454,1
linyue,1000,26,20,0.7692,0.85,0.905,1050.0,3.0445,2.459,0.0658,0
linyue,2400,112,27,0.2411,0.28,0.861,2477.78,3.3322,1.9904,0.0425,0
linyue,800,29,29,1.0,0.9,1.1111,834.48,3.4012,2.8382,0.0,0
linyue,1200,38,30,0.7895,0.78,1.0121,1246.67,3.434,3.3798,0.0,0
linyue,1600,21,17,0.8095,0.6,1.3492,1682.35,2.8904,3.9364,0.0,0
linyue,1800,15,13,0.8667,0.5,1.7333,1823.08,2.6391,4.1697,0.0,0
linyue,2200,36,14,0.3889,0.35,1.1111,2271.43,2.7081,2.3921,0.0,0
linyue,2600,18,8,0.4444,0.22,2.0,2600.0,2.1972,2.539,0.0,0
linyue,2800,23,9,0.3913,0.16,2.0,2855.56,2.3026,2.5729,0.0,0
linyue,3000,49,9,0.1837,0.11,1.6698,3033.33,2.3026,1.2829,0.0,0
linyue,3200,71,15,0.2113,0.07,2.0,3246.67,2.7726,1.9018,0.0,0
linyue,3400,51,16,0.3137,0.04,2.0,3406.25,2.8332,3.0276,0.0,0
literalchild,800,675,310,0.4593,0.9,0.5103,816.13,5.7398,2.1514,0.4261,1
literalchild,1000,200,112,0.56,0.85,0.6588,1058.93,4.7274,2.8033,0.2685,1
literalchild,1200,194,124,0.6392,0.78,0.8195,1241.13,4.8283,3.8303,0.1274,0
literalchild,1600,432,229,0.5301,0.6,0.8835,1657.21,5.4381,4.7772,0.0659,0
literalchild,1400,229,145,0.6332,0.7,0.9046,1443.45,4.9836,4.5549,0.0607,0
literalchild,2000,786,323,0.4109,0.42,0.9784,2046.44,5.7807,4.8614,0.0089,0
literalchild,1800,500,281,0.562,0.5,1.124,1851.25,5.6419,5.8698,0.0,0
literalchild,2200,902,371,0.4113,0.35,1.1752,2267.39,5.9189,5.5199,0.0,0
literalchild,2400,865,301,0.348,0.28,1.2428,2451.16,5.7104,4.8707,0.0,0
literalchild,2600,356,118,0.3315,0.22,1.5066,2644.07,4.7791,4.1884,0.0,0
literalchild,2800,346,144,0.4162,0.16,2.0,2847.22,4.9767,5.8973,0.0,0
literalchild,3000,354,72,0.2034,0.11,1.849,3027.78,4.2905,2.6421,0.0,0
literalchild,3200,25,13,0.52,0.07,2.0,3300.0,2.6391,4.5286,0.0,0
literalchild,3400,17,5,0.2941,0.04,2.0,3500.0,1.7918,1.8445,0.0,0
littleju,1200,44,16,0.3636,0.78,0.4662,1262.5,2.8332,1.3007,0.4135,1
littleju,1600,11,3,0.2727,0.6,0.4545,1600.0,1.3863,0.6049,0.3408,0
littleju,1000,15,8,0.5333,0.85,0.6275,1050.0,2.1972,1.2304,0.2746,0
littleju,1400,7,3,0.4286,0.7,0.6122,1400.0,1.3863,0.8318,0.2365,0
littleju,800,16,13,0.8125,0.9,0.9028,823.08,2.6391,1.7649,0.0681,0
littleju,1800,42,31,0.7381,0.5,1.4762,1870.97,3.4657,4.786,0.0,0
littleju,2200,28,13,0.4643,0.35,1.3265,2276.92,2.6391,2.7899,0.0,0
littleju,2400,40,24,0.6,0.28,2.0,2445.83,3.2189,4.7237,0.0,0
littleju,2800,37,24,0.6486,0.16,2.0,2845.83,3.2189,5.9419,0.0,0
littleju,3000,28,4,0.1429,0.11,1.2987,3100.0,1.6094,0.7128,0.0,0
littleju,3200,35,12,0.3429,0.07,2.0,3266.67,2.5649,2.8727,0.0,0
littleju,3400,50,3,0.06,0.04,1.5,3400.0,1.3863,0.2828,0.0,0
liuweih,800,369,189,0.5122,0.9,0.5691,829.63,5.247,2.2296,0.3671,1
liuweih,1400,820,294,0.3585,0.7,0.5122,1456.12,5.687,2.969,0.3427,1
liuweih,1000,276,145,0.5254,0.85,0.6181,1053.79,4.9836,2.759,0.3051,1
liuweih,1600,828,272,0.3285,0.6,0.5475,1662.5,5.6095,3.0635,0.276,1
liuweih,1200,383,205,0.5352,0.78,0.6862,1241.46,5.3279,3.5403,0.2302,1
liuweih,1800,1031,333,0.323,0.5,0.646,1860.36,5.8111,3.4918,0.1803,1
liuweih,2000,1184,452,0.3818,0.42,0.9089,2053.76,6.1159,4.7951,0.038,0
liuweih,2200,747,433,0.5797,0.35,1.6561,2246.65,6.073,7.9088,0.0,0
liuweih,2400,534,240,0.4494,0.28,1.6051,2434.58,5.4848,6.0014,0.0,0
liuweih,2600,69,36,0.5217,0.22,2.0,2630.56,3.6109,4.9559,0.0,0
liuweih,2800,50,26,0.52,0.16,2.0,2830.77,3.2958,4.8515,0.0,0
liuweih,3000,4,4,1.0,0.11,2.0,3100.0,1.6094,4.9893,0.0,0
liuweih,3200,6,4,0.6667,0.07,2.0,3200.0,1.6094,3.4335,0.0,0
liuweih,3400,4,4,1.0,0.04,2.0,3500.0,1.6094,5.633,0.0,0
liyouran,800,64,42,0.6562,0.9,0.7292,816.67,3.7612,2.0158,0.2137,1
liyouran,1200,51,29,0.5686,0.78,0.729,1244.83,3.4012,2.4075,0.1898,1
liyouran,1000,35,25,0.7143,0.85,0.8403,1060.0,3.2581,2.4668,0.1142,0
liyouran,2000,298,93,0.3121,0.42,0.743,2045.16,4.5433,2.8998,0.111,1
liyouran,1800,122,57,0.4672,0.5,0.9344,1873.68,4.0604,3.5546,0.0312,0
liyouran,1600,70,40,0.5714,0.6,0.9524,1665.0,3.7136,3.5332,0.0258,0
liyouran,1400,39,30,0.7692,0.7,1.0989,1456.67,3.434,3.8478,0.0,0
liyouran,2200,207,111,0.5362,0.35,1.5321,2268.47,4.7185,5.7397,0.0,0
liyouran,2400,636,199,0.3129,0.28,1.1175,2446.73,5.2983,4.0562,0.0,0
liyouran,2600,1075,290,0.2698,0.22,1.2262,2645.86,5.6733,4.0494,0.0,0
liyouran,2800,912,253,0.2774,0.16,1.7338,2844.66,5.5373,4.3698,0.0,0
liyouran,3000,818,236,0.2885,0.11,2.0,3032.63,5.4681,4.7842,0.0,0
liyouran,3200,542,143,0.2638,0.07,2.0,3252.45,4.9698,4.2647,0.0,0
liyouran,3400,307,97,0.316,0.04,2.0,3444.33,4.585,4.9897,0.0,0
lldxjw,1000,188,102,0.5426,0.85,0.6383,1072.55,4.6347,2.697,0.286,1
lldxjw,1800,677,250,0.3693,0.5,0.7386,1845.2,5.5255,3.765,0.1306,1
lldxjw,2000,650,213,0.3277,0.42,0.7802,2040.85,5.366,3.5886,0.0939,0
lldxjw,800,248,198,0.7984,0.9,0.8871,820.71,5.2933,3.4684,0.0891,0
lldxjw,1200,199,136,0.6834,0.78,0.8762,1252.21,4.92,4.2104,0.0864,0
lldxjw,1400,196,121,0.6173,0.7,0.8819,1447.93,4.804,4.2942,0.0752,0
lldxjw,2200,808,225,0.2785,0.35,0.7956,2257.78,5.4205,3.408,0.0746,0
lldxjw,2400,1111,263,0.2367,0.28,0.8454,2447.53,5.5759,3.2306,0.0462,0
lldxjw,1600,296,180,0.6081,0.6,1.0135,1661.11,5.1985,5.2512,0.0,0
lldxjw,2600,567,175,0.3086,0.22,1.4029,2650.29,5.1705,4.2294,0.0,0
lldxjw,2800,696,139,0.1997,0.16,1.2482,2841.73,4.9416,2.8045,0.0,0
lldxjw,3000,451,114,0.2528,0.11,2.0,3036.84,4.7449,3.6423,0.0,0
lldxjw,3200,235,47,0.2,0.07,2.0,3229.79,3.8712,2.5006,0.0,0
lldxjw,3400,48,22,0.4583,0.04,2.0,3450.0,3.1355,4.958,0.0,0
longago_06,1000,818,357,0.4364,0.85,0.5134,1048.46,5.8805,2.6908,0.4032,1
longago_06,1400,946,395,0.4175,0.7,0.5965,1450.38,5.9814,3.6224,0.2773,1
longago_06,1600,780,273,0.35,0.6,0.5833,1647.62,5.6131,3.2369,0.2518,1
longago_06,1200,686,355,0.5175,0.78,0.6635,1258.03,5.8749,3.8247,0.2494,1
longago_06,800,732,467,0.638,0.9,0.7089,815.63,6.1485,3.1994,0.2418,1
longago_06,1800,344,148,0.4302,0.5,0.8605,1829.73,5.0039,3.9392,0.0679,0
longago_06,2000,285,101,0.3544,0.42,0.8438,2042.57,4.625,3.3478,0.066,0
longago_06,2200,83,59,0.7108,0.35,2.0,2249.15,4.0943,6.546,0.0,0
longago_06,2400,58,27,0.4655,0.28,1.6626,2455.56,3.3322,3.8091,0.0,0
longago_06,2600,22,8,0.3636,0.22,1.6529,2637.5,2.1972,2.1073,0.0,0
longago_06,2800,8,6,0.75,0.16,2.0,2833.33,1.9459,4.1351,0.0,0
lookcook,1200,804,424,0.5274,0.78,0.6761,1254.01,6.0521,4.0024,0.2397,1
lookcook,1600,1790,668,0.3732,0.6,0.622,1659.28,6.5058,4.0285,0.2264,1
lookcook,1000,505,310,0.6139,0.85,0.7222,1048.06,5.7398,3.6928,0.2182,1
lookcook,1800,3516,1031,0.2932,0.5,0.5865,1855.87,6.9393,3.7763,0.2127,1
lookcook,2600,391,28,0.0716,0.22,0.3255,2685.71,3.3673,0.6476,0.2029,1
lookcook,1400,960,473,0.4927,0.7,0.7039,1453.49,6.1612,4.4123,0.1988,1
lookcook,2200,4149,754,0.1817,0.35,0.5192,2234.48,6.6267,2.6909,0.1838,1
lookcook,2400,1789,229,0.128,0.28,0.4572,2437.55,5.4381,1.6968,0.1768,1
lookcook,2000,4350,1100,0.2529,0.42,0.6021,2061.09,7.004,3.6504,0.1749,1
lookcook,3400,34,0,0.0,0.04,0.0,3400.0,0.0,0.0,0.1422,1
lookcook,800,627,516,0.823,0.9,0.9144,818.8,6.248,4.2102,0.0685,0
lookcook,2800,48,6,0.125,0.16,0.7812,2800.0,1.9459,0.6811,0.0462,0
love_seeker,1200,221,70,0.3167,0.78,0.4061,1271.43,4.2627,1.7166,0.4756,1
love_seeker,1000,112,44,0.3929,0.85,0.4622,1061.36,3.8067,1.5872,0.4496,1
love_seeker,1800,287,55,0.1916,0.5,0.3833,1847.27,4.0254,1.425,0.3475,1
love_seeker,1600,281,80,0.2847,0.6,0.4745,1652.5,4.3944,2.0674,0.3298,1
love_seeker,800,156,85,0.5449,0.9,0.6054,815.29,4.4543,1.9788,0.3292,1
love_seeker,1400,228,87,0.3816,0.7,0.5451,1459.77,4.4773,2.494,0.3159,1
love_seeker,2000,141,32,0.227,0.42,0.5404,2015.62,3.4965,1.5995,0.2128,1
love_seeker,3200,5,0,0.0,0.07,0.0,3200.0,0.0,0.0,0.1254,0
love_seeker,3400,1,0,0.0,0.04,0.0,3400.0,0.0,0.0,0.0277,0
love_seeker,2200,136,72,0.5294,0.35,1.5126,2251.39,4.2905,5.1138,0.0,0
love_seeker,2400,194,55,0.2835,0.28,1.0125,2429.09,4.0254,2.7721,0.0,0
love_seeker,2600,191,56,0.2932,0.22,1.3327,2612.5,4.0431,3.0969,0.0,0
love_seeker,2800,68,14,0.2059,0.16,1.2868,2878.57,2.7081,1.6049,0.0,0
love_seeker,3000,17,8,0.4706,0.11,2.0,3062.5,2.1972,3.1666,0.0,0
low_cortisol,800,17,17,1.0,0.9,1.1111,817.65,2.8904,2.3633,0.0,0
low_cortisol,1000,12,12,1.0,0.85,1.1765,1083.33,2.5649,2.7787,0.0,0
low_cortisol,1200,10,10,1.0,0.78,1.2821,1280.0,2.3979,3.0693,0.0,0
low_cortisol,1400,6,6,1.0,0.7,1.4286,1400.0,1.9459,2.7243,0.0,0
low_cortisol,1600,3,3,1.0,0.6,1.6667,1700.0,1.3863,2.3567,0.0,0
low_cortisol,1800,26,18,0.6923,0.5,1.3846,1816.67,2.9444,3.7032,0.0,0
low_cortisol,2000,12,12,1.0,0.42,2.0,2075.0,2.5649,5.3223,0.0,0
low_cortisol,2200,71,25,0.3521,0.35,1.006,2200.0,3.2581,2.5239,0.0,0
low_cortisol,2400,45,24,0.5333,0.28,1.9048,2450.0,3.2189,4.206,0.0,0
low_cortisol,2600,30,14,0.4667,0.22,2.0,2700.0,2.7081,3.4121,0.0,0
low_cortisol,2800,50,14,0.28,0.16,1.75,2900.0,2.7081,2.1989,0.0,0
low_cortisol,3000,28,18,0.6429,0.11,2.0,3000.0,2.9444,5.6786,0.0,0
low_cortisol,3200,13,8,0.6154,0.07,2.0,3237.5,2.1972,4.3775,0.0,0
low_cortisol,3400,15,11,0.7333,0.04,2.0,3500.0,2.4849,6.3779,0.0,0
luckym_123,2400,25,0,0.0,0.28,0.0,2400.0,0.0,0.0,0.9123,1
luckym_123,2800,3,0,0.0,0.16,0.0,2800.0,0.0,0.0,0.2218,0
luckym_123,800,21,14,0.6667,0.9,0.7407,807.14,2.7081,1.4572,0.1945,1
luckym_123,1200,12,8,0.6667,0.78,0.8547,1300.0,2.1972,1.9043,0.0909,0
luckym_123,1000,19,15,0.7895,0.85,0.9288,1066.67,2.7726,2.3348,0.0481,0
luckym_123,3400,1,0,0.0,0.04,0.0,3400.0,0.0,0.0,0.0277,0
luckym_123,1400,6,6,1.0,0.7,1.4286,1400.0,1.9459,2.7243,0.0,0
luckym_123,1600,3,3,1.0,0.6,1.6667,1600.0,1.3863,2.2181,0.0,0
luckym_123,1800,21,12,0.5714,0.5,1.1429,1800.0,2.5649,2.6382,0.0,0
luckym_123,2000,8,4,0.5,0.42,1.1905,2000.0,1.6094,1.6094,0.0,0
luckym_123,2200,25,13,0.52,0.35,1.4857,2200.0,2.6391,3.0191,0.0,0
luckym_123,2600,13,9,0.6923,0.22,2.0,2700.0,2.3026,4.3041,0.0,0
lucri,3000,42,0,0.0,0.11,0.0,3000.0,0.0,0.0,0.4137,1
lucri,1400,390,170,0.4359,0.7,0.6227,1451.76,5.1417,3.2538,0.2567,1
lucri,1800,961,300,0.3122,0.5,0.6243,1844.33,5.7071,3.2859,0.1924,1
lucri,3200,8,0,0.0,0.07,0.0,3200.0,0.0,0.0,0.1538,0
lucri,1600,517,241,0.4662,0.6,0.7769,1652.28,5.4889,4.2276,0.1289,0
lucri,2200,856,199,0.2325,0.35,0.6642,2250.75,5.2983,2.7723,0.126,1
lucri,2800,112,10,0.0893,0.16,0.558,2850.0,2.3979,0.6102,0.0984,1
lucri,1000,202,150,0.7426,0.85,0.8736,1055.33,5.0173,3.9319,0.0949,0
lucri,800,415,335,0.8072,0.9,0.8969,817.61,5.8171,3.8393,0.0821,0
lucri,2000,533,201,0.3771,0.42,0.8979,2042.29,5.3083,4.0883,0.0427,0
lucri,2400,599,145,0.2421,0.28,0.8645,2440.0,4.9836,2.9436,0.0405,0
lucri,2600,322,67,0.2081,0.22,0.9458,2619.4,4.2195,2.2998,0.0132,0
lucri,1200,310,244,0.7871,0.78,1.0091,1247.13,5.5013,5.4001,0.0,0
lucri,3400,12,4,0.3333,0.04,2.0,3400.0,1.6094,1.824,0.0,0
luguanshijiandaole,1000,25,13,0.52,0.85,0.6118,1084.62,2.6391,1.4884,0.2955,1
luguanshijiandaole,1400,54,26,0.4815,0.7,0.6878,1419.23,3.2958,2.2522,0.2038,1
luguanshijiandaole,2400,28,4,0.1429,0.28,0.5102,2400.0,1.6094,0.5518,0.177,1
luguanshijiandaole,1200,33,23,0.697,0.78,0.8936,1247.83,3.1781,2.7639,0.0701,0
luguanshijiandaole,2000,24,10,0.4167,0.42,0.9921,2000.0,2.3979,1.9982,0.0032,0
luguanshijiandaole,800,29,26,0.8966,0.9,0.9962,826.92,3.2958,2.4435,0.0027,0
luguanshijiandaole,1600,37,23,0.6216,0.6,1.036,1700.0,3.1781,3.3584,0.0,0
luguanshijiandaole,1800,23,20,0.8696,0.5,1.7391,1885.0,3.0445,4.9904,0.0,0
luguanshijiandaole,2200,67,24,0.3582,0.35,1.0235,2233.33,3.2189,2.5751,0.0,0
lumine_scence,1000,131,66,0.5038,0.85,0.5927,1046.97,4.2047,2.2179,0.3248,1
lumine_scence,1600,359,158,0.4401,0.6,0.7335,1663.92,5.0689,3.712,0.1551,1
lumine_scence,800,237,176,0.7426,0.9,0.8251,827.84,5.1761,3.1821,0.1394,0
lumine_scence,1200,196,125,0.6378,0.78,0.8176,1248.8,4.8363,3.8518,0.1288,0
lumine_scence,1800,357,137,0.3838,0.5,0.7675,1854.74,4.9273,3.507,0.1153,0
lumine_scence,2400,413,75,0.1816,0.28,0.6486,2442.67,4.3307,1.921,0.1112,1
lumine_scence,1400,200,117,0.585,0.7,0.8357,1447.86,4.7707,4.0408,0.1057,0
lumine_scence,3000,15,1,0.0667,0.11,0.6061,3100.0,0.6931,0.1433,0.071,0
lumine_scence,2000,252,97,0.3849,0.42,0.9165,2042.27,4.585,3.6043,0.0348,0
lumine_scence,2600,72,15,0.2083,0.22,0.947,2633.33,2.7726,1.5211,0.0133,0
lumine_scence,2200,130,62,0.4769,0.35,1.3626,2233.87,4.1431,4.414,0.0,0
lumine_scence,2800,15,9,0.6,0.16,2.0,2900.0,2.3026,4.0065,0.0,0
m1stzy._.,1800,479,111,0.2317,0.5,0.4635,1844.14,4.7185,2.0164,0.2896,1
m1stzy._.,800,173,112,0.6474,0.9,0.7193,814.29,4.7274,2.4921,0.2275,1
m1stzy._.,1200,147,81,0.551,0.78,0.7064,1269.14,4.4067,3.0817,0.2116,1
m1stzy._.,1000,123,76,0.6179,0.85,0.7269,1053.95,4.3438,2.8288,0.2094,1
m1stzy._.,1600,185,78,0.4216,0.6,0.7027,1667.95,4.3694,3.0728,0.1736,1
m1stzy._.,2600,213,25,0.1174,0.22,0.5335,2632.0,3.2581,1.0065,0.1293,1
m1stzy._.,1400,162,93,0.5741,0.7,0.8201,1455.91,4.5433,3.7973,0.1157,0
m1stzy._.,2200,971,299,0.3079,0.35,0.8798,2245.15,5.7038,3.9433,0.0432,0
m1stzy._.,2400,500,133,0.266,0.28,0.95,2424.81,4.8978,3.1591,0.0148,0
m1stzy._.,2000,278,125,0.4496,0.42,1.0706,2066.4,4.8363,4.4936,0.0,0
m1stzy._.,2800,10,5,0.5,0.16,2.0,2800.0,1.7918,2.5085,0.0,0
m1stzy._.,3200,36,3,0.0833,0.07,1.1905,3200.0,1.3863,0.3697,0.0,0
ma_moutahid,1000,667,346,0.5187,0.85,0.6103,1065.61,5.8493,3.2334,0.3146,1
ma_moutahid,1400,845,368,0.4355,0.7,0.6221,1447.83,5.9108,3.7269,0.258,1
ma_moutahid,1200,759,407,0.5362,0.78,0.6875,1254.3,6.0113,4.0432,0.2306,1
ma_moutahid,800,1054,719,0.6822,0.9,0.758,813.21,6.5793,3.6498,0.2001,0
ma_moutahid,2000,1364,328,0.2405,0.42,0.5725,2041.46,5.7961,2.8453,0.1907,1
ma_moutahid,1800,1258,405,0.3219,0.5,0.6439,1863.7,6.0064,3.6038,0.1814,1
ma_moutahid,1600,878,365,0.4157,0.6,0.6929,1658.63,5.9026,4.07,0.181,1
ma_moutahid,2600,986,95,0.0963,0.22,0.4379,2629.47,4.5643,1.1564,0.1532,1
ma_moutahid,2800,441,26,0.059,0.16,0.3685,2850.0,3.2958,0.5538,0.1433,1
ma_moutahid,2200,1006,256,0.2545,0.35,0.7271,2242.58,5.5491,3.1667,0.1009,1
ma_moutahid,3000,199,18,0.0905,0.11,0.8223,3000.0,2.9444,0.799,0.0263,0
ma_moutahid,2400,893,236,0.2643,0.28,0.9438,2436.86,5.4681,3.5215,0.0165,0
ma_moutahid,3200,66,6,0.0909,0.07,1.2987,3200.0,1.9459,0.5661,0.0,0
ma_moutahid,3400,120,5,0.0417,0.04,1.0417,3500.0,1.7918,0.2613,0.0,0
machine_solution,1000,260,169,0.65,0.85,0.7647,1053.85,5.1358,3.518,0.1814,0
machine_solution,1200,357,218,0.6106,0.78,0.7829,1252.29,5.3891,4.1211,0.1559,0
machine_solution,2000,904,266,0.2942,0.42,0.7006,2040.6,5.5872,3.3548,0.13,1
machine_solution,2600,413,50,0.1211,0.22,0.5503,2648.0,3.9318,1.2605,0.1209,1
machine_solution,3000,126,6,0.0476,0.11,0.4329,3000.0,1.9459,0.278,0.1026,1
machine_solution,1600,518,260,0.5019,0.6,0.8366,1650.38,5.5645,4.6095,0.0934,0
machine_solution,800,472,381,0.8072,0.9,0.8969,815.49,5.9454,3.9136,0.0823,0
machine_solution,1800,580,248,0.4276,0.5,0.8552,1856.05,5.5175,4.3788,0.0707,0
machine_solution,2800,336,38,0.1131,0.16,0.7068,2839.47,3.6636,1.1765,0.0585,1
machine_solution,2400,851,194,0.228,0.28,0.8142,2446.91,5.273,2.9414,0.056,0
machine_solution,2200,618,187,0.3026,0.35,0.8645,2240.11,5.2364,3.5494,0.0489,0
machine_solution,3400,2,0,0.0,0.04,0.0,3400.0,0.0,0.0,0.0439,0
machine_solution,1400,318,225,0.7075,0.7,1.0108,1438.22,5.4205,5.516,0.0,0
machine_solution,3200,10,3,0.3,0.07,2.0,3300.0,1.3863,1.3724,0.0,0
madamadam,1200,371,150,0.4043,0.78,0.5183,1267.33,5.0173,2.5708,0.3695,1
madamadam,1800,556,135,0.2428,0.5,0.4856,1843.7,4.9127,2.1992,0.275,1
madamadam,800,428,269,0.6285,0.9,0.6983,814.5,5.5984,2.8659,0.2494,1
madamadam,2000,617,123,0.1994,0.42,0.4746,2050.41,4.8203,1.9703,0.2436,1
madamadam,1000,272,165,0.6066,0.85,0.7137,1069.09,5.112,3.3153,0.2234,1
madamadam,1400,307,152,0.4951,0.7,0.7073,1457.89,5.0304,3.6311,0.1947,1
madamadam,3400,100,0,0.0,0.04,0.0,3400.0,0.0,0.0,0.1846,1
madamadam,2400,541,102,0.1885,0.28,0.6734,2450.98,4.6347,2.1417,0.1022,1
madamadam,2200,649,172,0.265,0.35,0.7572,2245.93,5.1533,3.0674,0.0894,0
madamadam,2600,418,63,0.1507,0.22,0.6851,2628.57,4.1589,1.6476,0.0811,1
madamadam,2800,88,10,0.1136,0.16,0.7102,2830.0,2.3979,0.7711,0.0612,1
madamadam,1600,240,134,0.5583,0.6,0.9306,1648.51,4.9053,4.5149,0.0387,0
madamadam,3000,34,3,0.0882,0.11,0.8021,3000.0,1.3863,0.367,0.0324,0
magikrap,1600,561,186,0.3316,0.6,0.5526,1655.91,5.2311,2.872,0.2728,1
magikrap,1400,374,167,0.4465,0.7,0.6379,1449.1,5.124,3.3155,0.2453,1
magikrap,1800,558,152,0.2724,0.5,0.5448,1867.76,5.0304,2.5594,0.2388,1
magikrap,1200,206,120,0.5825,0.78,0.7468,1260.83,4.7958,3.5223,0.1817,1
magikrap,1000,178,121,0.6798,0.85,0.7997,1066.12,4.804,3.4816,0.1521,0
magikrap,2000,409,115,0.2812,0.42,0.6695,2059.13,4.7536,2.7522,0.1452,1
magikrap,3200,4,0,0.0,0.07,0.0,3200.0,0.0,0.0,0.1127,0
magikrap,800,239,187,0.7824,0.9,0.8694,817.65,5.2364,3.35,0.1033,0
magikrap,2400,214,51,0.2383,0.28,0.8511,2460.78,3.9512,2.3172,0.0452,0
magikrap,2600,37,7,0.1892,0.22,0.86,2642.86,2.0794,1.0397,0.0364,0
magikrap,2200,233,76,0.3262,0.35,0.9319,2231.58,4.3438,3.1618,0.0243,0
magikrap,2800,33,7,0.2121,0.16,1.3258,2800.0,2.0794,1.2351,0.0,0
magnuseifr,1600,1020,410,0.402,0.6,0.6699,1654.15,6.0186,4.0018,0.1955,1
magnuseifr,1000,567,372,0.6561,0.85,0.7719,1054.57,5.9216,4.0971,0.1777,0
magnuseifr,1400,764,408,0.534,0.7,0.7629,1448.28,6.0137,4.6512,0.1571,0
magnuseifr,1800,996,346,0.3474,0.5,0.6948,1859.54,5.8493,3.7786,0.1538,1
magnuseifr,1200,516,318,0.6163,0.78,0.7901,1247.48,5.7652,4.4323,0.1512,0
magnuseifr,2000,852,262,0.3075,0.42,0.7322,2046.18,5.5722,3.5061,0.1155,1
magnuseifr,2400,432,87,0.2014,0.28,0.7192,2433.33,4.4773,2.1941,0.0871,1
magnuseifr,800,1070,878,0.8206,0.9,0.9117,819.7,6.7788,4.5595,0.0712,0
magnuseifr,2800,40,6,0.15,0.16,0.9375,2850.0,1.9459,0.8319,0.0126,0
magnuseifr,2200,375,137,0.3653,0.35,1.0438,2235.77,4.9273,4.0246,0.0,0
magnuseifr,2600,84,25,0.2976,0.22,1.3528,2648.0,3.2581,2.5677,0.0,0
mahiro_zcy,1400,1202,394,0.3278,0.7,0.4683,1447.97,5.9789,2.8377,0.3783,1
mahiro_zcy,1000,644,319,0.4953,0.85,0.5828,1065.52,5.7683,3.0445,0.339,1
mahiro_zcy,1600,1361,383,0.2814,0.6,0.469,1655.35,5.9506,2.772,0.3308,1
mahiro_zcy,1200,740,370,0.5,0.78,0.641,1252.97,5.9162,3.7064,0.2675,1
mahiro_zcy,1800,1842,457,0.2481,0.5,0.4962,1857.11,6.1269,2.8229,0.2658,1
mahiro_zcy,800,882,616,0.6984,0.9,0.776,817.37,6.4249,3.6677,0.1842,0
mahiro_zcy,2000,1204,315,0.2616,0.42,0.6229,2045.08,5.7557,3.0796,0.1663,1
mahiro_zcy,2200,1400,367,0.2621,0.35,0.749,2238.96,5.9081,3.4676,0.0921,1
mahiro_zcy,2400,810,166,0.2049,0.28,0.7319,2461.45,5.118,2.5817,0.0822,1
mahiro_zcy,2600,359,62,0.1727,0.22,0.785,2632.26,4.1431,1.8835,0.0541,0
mahiro_zcy,2800,146,27,0.1849,0.16,1.1558,2844.44,3.3322,1.7528,0.0,0
mahiro_zcy,3000,9,4,0.4444,0.11,2.0,3100.0,1.6094,2.2174,0.0,0
mahiro_zcy,3200,35,4,0.1143,0.07,1.6327,3200.0,1.6094,0.5886,0.0,0
makeit427,3000,20,0,0.0,0.11,0.0,3000.0,0.0,0.0,0.3349,1
makeit427,1200,9,5,0.5556,0.78,0.7123,1260.0,1.7918,1.2542,0.1851,0
makeit427,1000,12,8,0.6667,0.85,0.7843,1075.0,2.1972,1.5747,0.1471,0
makeit427,1800,26,10,0.3846,0.5,0.7692,1800.0,2.3979,1.6601,0.1119,0
makeit427,800,16,13,0.8125,0.9,0.9028,823.08,2.6391,1.7649,0.0681,0
makeit427,2200,43,13,0.3023,0.35,0.8638,2200.0,2.6391,1.7553,0.0496,0
makeit427,2400,15,4,0.2667,0.28,0.9524,2400.0,1.6094,1.03,0.0142,0
makeit427,1400,6,6,1.0,0.7,1.4286,1400.0,1.9459,2.7243,0.0,0
makeit427,2000,7,7,1.0,0.42,2.0,2100.0,2.0794,4.3668,0.0,0
makeit427,2600,20,12,0.6,0.22,2.0,2700.0,2.5649,4.1552,0.0,0
malachi_toney_goat,1600,1562,625,0.4001,0.6,0.6669,1653.76,6.4394,4.261,0.1976,1
malachi_toney_goat,1200,668,413,0.6183,0.78,0.7926,1253.27,6.0259,4.6691,0.1498,0
malachi_toney_goat,1400,995,543,0.5457,0.7,0.7796,1449.91,6.2989,4.9841,0.1459,0
malachi_toney_goat,1800,1599,634,0.3965,0.5,0.793,1862.46,6.4536,4.7658,0.1024,0
malachi_toney_goat,2000,1880,611,0.325,0.42,0.7738,2047.79,6.4167,4.2705,0.0966,0
malachi_toney_goat,800,696,571,0.8204,0.9,0.9116,820.49,6.3491,4.2738,0.0709,0
malachi_toney_goat,1000,461,356,0.7722,0.85,0.9085,1055.9,5.8777,4.7927,0.0694,0
malachi_toney_goat,2400,1433,382,0.2666,0.28,0.952,2440.31,5.948,3.8693,0.014,0
malachi_toney_goat,2200,1156,439,0.3798,0.35,1.085,2255.13,6.0868,5.2127,0.0,0
malachi_toney_goat,2600,652,173,0.2653,0.22,1.2061,2652.02,5.1591,3.6303,0.0,0
malachi_toney_goat,2800,390,78,0.2,0.16,1.25,2852.56,4.3694,2.4928,0.0,0
malachi_toney_goat,3000,68,21,0.3088,0.11,2.0,3028.57,3.091,2.891,0.0,0
malachi_toney_goat,3200,14,6,0.4286,0.07,2.0,3250.0,1.9459,2.7104,0.0,0
mango.,1200,445,269,0.6045,0.78,0.775,1252.42,5.5984,4.2384,0.1623,0
mango.,3400,20,0,0.0,0.04,0.0,3400.0,0.0,0.0,0.1218,1
mango.,1400,526,303,0.576,0.7,0.8229,1448.51,5.717,4.7703,0.1157,0
mango.,2800,376,32,0.0851,0.16,0.5319,2825.0,3.4965,0.8406,0.0988,1
mango.,800,462,375,0.8117,0.9,0.9019,817.33,5.9296,3.9338,0.0782,0
mango.,1600,676,382,0.5651,0.6,0.9418,1657.33,5.948,5.5706,0.0327,0
mango.,1000,263,214,0.8137,0.85,0.9573,1055.61,5.3706,4.613,0.0318,0
mango.,2600,478,97,0.2029,0.22,0.9224,2623.71,4.585,2.4412,0.0189,0
mango.,1800,791,383,0.4842,0.5,0.9684,1851.7,5.9506,5.3353,0.0152,0
mango.,2000,793,326,0.4111,0.42,0.9788,2043.87,5.79,4.8649,0.0088,0
mango.,2400,1033,281,0.272,0.28,0.9715,2430.25,5.6419,3.7298,0.0083,0
mango.,2200,643,291,0.4526,0.35,1.293,2260.14,5.6768,5.8065,0.0,0
mango.,3000,153,20,0.1307,0.11,1.1884,3080.0,3.0445,1.2258,0.0,0
mango.,3200,103,23,0.2233,0.07,2.0,3273.91,3.1781,2.3234,0.0,0
maomao90,1000,428,250,0.5841,0.85,0.6872,1053.6,5.5255,3.4005,0.247,1
maomao90,1200,702,374,0.5328,0.78,0.683,1244.39,5.9269,3.9293,0.234,1
maomao90,1400,663,357,0.5385,0.7,0.7692,1445.38,5.8805,4.5767,0.1526,0
maomao90,1800,1347,522,0.3875,0.5,0.7751,1858.24,6.2596,4.5076,0.1116,0
maomao90,800,620,488,0.7871,0.9,0.8746,818.24,6.1924,3.9881,0.101,0
maomao90,1600,878,463,0.5273,0.6,0.8789,1658.32,6.1399,5.3693,0.069,0
maomao90,2000,1587,583,0.3674,0.42,0.8747,2047.17,6.3699,4.7905,0.0526,0
maomao90,2400,2600,631,0.2427,0.28,0.8668,2444.53,6.4489,3.8259,0.0394,0
maomao90,2200,1938,615,0.3173,0.35,0.9067,2244.39,6.4232,4.5748,0.0333,0
maomao90,2600,1492,322,0.2158,0.22,0.981,2643.17,5.7777,3.2958,0.0045,0
maomao90,2800,997,180,0.1805,0.16,1.1284,2847.22,5.1985,2.6722,0.0,0
maomao90,3000,465,71,0.1527,0.11,1.3881,3049.3,4.2767,1.9912,0.0,0
maomao90,3200,628,46,0.0732,0.07,1.0464,3234.78,3.8501,0.9123,0.0,0
maomao90,3400,483,42,0.087,0.04,2.0,3423.81,3.7612,1.1198,0.0,0
marc2825,1600,749,308,0.4112,0.6,0.6854,1658.12,5.7333,3.9092,0.1856,1
marc2825,2000,910,230,0.2527,0.42,0.6018,2052.61,5.4424,2.8235,0.1769,1
marc2825,1000,465,306,0.6581,0.85,0.7742,1064.05,5.7268,4.01,0.1753,0
marc2825,1400,574,308,0.5366,0.7,0.7666,1442.86,5.7333,4.4388,0.1542,0
marc2825,2200,614,138,0.2248,0.35,0.6422,2244.2,4.9345,2.4889,0.1355,1
marc2825,2600,140,20,0.1429,0.22,0.6494,2665.0,3.0445,1.1591,0.0944,1
marc2825,1800,921,379,0.4115,0.5,0.823,1853.56,5.9402,4.5309,0.087,0
marc2825,2400,340,72,0.2118,0.28,0.7563,2440.28,4.2905,2.2172,0.0752,0
marc2825,1200,492,347,0.7053,0.78,0.9042,1249.28,5.8522,5.1564,0.0676,0
marc2825,2800,62,7,0.1129,0.16,0.7056,2800.0,2.0794,0.6574,0.0634,1
marc2825,800,701,584,0.8331,0.9,0.9257,817.64,6.3716,4.3401,0.0595,0
maroonrk,800,342,331,0.9678,0.9,1.0754,819.94,5.8051,4.6068,0.0,0
maroonrk,1000,170,163,0.9588,0.85,1.128,1057.67,5.0999,5.1719,0.0,0
maroonrk,1200,348,328,0.9425,0.78,1.2084,1253.35,5.7961,6.847,0.0,0
maroonrk,1400,515,429,0.833,0.7,1.19,1450.58,6.0638,7.3272,0.0,0
maroonrk,1600,624,527,0.8446,0.6,1.4076,1657.5,6.2691,8.7757,0.0,0
maroonrk,1800,828,669,0.808,0.5,1.6159,1855.01,6.5073,9.7531,0.0,0
maroonrk,2000,888,653,0.7354,0.42,1.7509,2052.07,6.4831,9.7831,0.0,0
maroonrk,2200,914,627,0.686,0.35,1.96,2252.31,6.4425,9.9542,0.0,0
maroonrk,2400,1112,728,0.6547,0.28,2.0,2447.39,6.5917,10.5615,0.0,0
maroonrk,2600,849,579,0.682,0.22,2.0,2645.42,6.363,11.4797,0.0,0
maroonrk,2800,932,512,0.5494,0.16,2.0,2842.58,6.2403,9.7447,0.0,0
maroonrk,3000,1032,501,0.4855,0.11,2.0,3049.1,6.2186,9.205,0.0,0
maroonrk,3200,1343,475,0.3537,0.07,2.0,3251.16,6.1654,7.0895,0.0,0
maroonrk,3400,1721,559,0.3248,0.04,2.0,3471.2,6.3279,7.1346,0.0,0
marttians,1200,1120,441,0.3938,0.78,0.5048,1249.21,6.0913,2.9962,0.3825,1
marttians,1000,726,346,0.4766,0.85,0.5607,1054.34,5.8493,2.9392,0.3592,1
marttians,1400,1291,458,0.3548,0.7,0.5068,1452.62,6.1291,3.1585,0.3469,1
marttians,1600,1590,440,0.2767,0.6,0.4612,1654.77,6.089,2.7883,0.3362,1
marttians,800,1438,838,0.5828,0.9,0.6475,820.88,6.7322,3.2205,0.2984,1
marttians,1800,2107,555,0.2634,0.5,0.5268,1855.86,6.3208,3.0899,0.2473,1
marttians,2000,1836,448,0.244,0.42,0.581,2041.07,6.107,3.0415,0.1861,1
marttians,2200,1135,308,0.2714,0.35,0.7753,2252.6,5.7333,3.5047,0.0822,0
marttians,2400,1325,335,0.2528,0.28,0.903,2454.63,5.8171,3.6101,0.0287,0
marttians,2600,373,93,0.2493,0.22,1.1333,2648.39,4.5433,3.0,0.0,0
marttians,2800,214,54,0.2523,0.16,1.5771,2825.93,4.0073,2.8576,0.0,0
marttians,3000,94,18,0.1915,0.11,1.7408,3000.0,2.9444,1.6915,0.0,0
marttians,3200,16,4,0.25,0.07,2.0,3200.0,1.6094,1.2876,0.0,0
marttians,3400,5,1,0.2,0.04,2.0,3500.0,0.6931,0.4852,0.0,0
masonpop,800,536,364,0.6791,0.9,0.7546,821.43,5.8999,3.2912,0.2012,0
masonpop,1000,280,179,0.6393,0.85,0.7521,1063.69,5.193,3.5312,0.1918,0
masonpop,1600,732,300,0.4098,0.6,0.6831,1658.67,5.7071,3.8796,0.187,1
masonpop,1400,345,176,0.5101,0.7,0.7288,1448.3,5.1761,3.8243,0.1797,1
masonpop,1200,383,225,0.5875,0.78,0.7532,1242.67,5.4205,3.9571,0.1784,0
masonpop,2000,1202,483,0.4018,0.42,0.9567,2063.77,6.1821,5.1267,0.0179,0
masonpop,1800,809,418,0.5167,0.5,1.0334,1855.74,6.0379,5.7893,0.0,0
masonpop,2200,1177,447,0.3798,0.35,1.0851,2257.94,6.1048,5.235,0.0,0
masonpop,2400,1506,618,0.4104,0.28,1.4656,2445.95,6.4281,6.452,0.0,0
masonpop,2600,894,384,0.4295,0.22,1.9524,2640.62,5.9532,6.7523,0.0,0
masonpop,2800,724,277,0.3826,0.16,2.0,2841.88,5.6276,6.1189,0.0,0
masonpop,3000,414,134,0.3237,0.11,2.0,3032.09,4.9053,4.814,0.0,0
masonpop,3200,307,63,0.2052,0.07,2.0,3231.75,4.1589,2.7581,0.0,0
masonpop,3400,174,47,0.2701,0.04,2.0,3463.83,3.8712,3.622,0.0,0
maspy,800,3133,2885,0.9208,0.9,1.0232,824.75,7.9676,6.0511,0.0,0
maspy,1000,2103,1889,0.8982,0.85,1.0568,1055.96,7.5443,7.1558,0.0,0
maspy,1200,2667,2296,0.8609,0.78,1.1037,1251.31,7.7394,8.3371,0.0,0
maspy,1400,3136,2573,0.8205,0.7,1.1721,1450.72,7.8532,9.3475,0.0,0
maspy,1600,3798,2950,0.7767,0.6,1.2945,1652.54,7.9899,10.2556,0.0,0
maspy,1800,4570,3265,0.7144,0.5,1.4289,1854.43,8.0913,10.72,0.0,0
maspy,2000,4645,3061,0.659,0.42,1.569,2049.59,8.0268,10.8415,0.0,0
maspy,2200,5164,2988,0.5786,0.35,1.6532,2247.22,8.0027,10.4058,0.0,0
maspy,2400,5798,2980,0.514,0.28,1.8356,2447.45,8.0,10.0633,0.0,0
maspy,2600,4741,2065,0.4356,0.22,1.9798,2648.04,7.6334,8.8042,0.0,0
maspy,2800,3709,1493,0.4025,0.16,2.0,2844.07,7.3092,8.3679,0.0,0
maspy,3000,3320,1037,0.3123,0.11,2.0,3042.53,6.9451,6.6001,0.0,0
maspy,3200,2901,761,0.2623,0.07,2.0,3247.83,6.6359,5.6537,0.0,0
maspy,3400,3149,771,0.2448,0.04,2.0,3466.54,6.649,5.6433,0.0,0
masy2011,1000,436,218,0.5,0.85,0.5882,1063.3,5.3891,2.8651,0.3331,1
masy2011,1200,365,193,0.5288,0.78,0.6779,1245.6,5.2679,3.4696,0.2366,1
masy2011,1400,524,248,0.4733,0.7,0.6761,1456.45,5.5175,3.8033,0.2179,1
masy2011,800,618,417,0.6748,0.9,0.7497,815.11,6.0355,3.3195,0.2058,1
masy2011,1600,505,210,0.4158,0.6,0.6931,1647.62,5.3519,3.6668,0.1805,1
masy2011,1800,444,172,0.3874,0.5,0.7748,1854.07,5.1533,3.7013,0.1116,0
masy2011,2000,243,108,0.4444,0.42,1.0582,2042.59,4.6913,4.2589,0.0,0
masy2011,2200,584,229,0.3921,0.35,1.1204,2252.84,5.4381,4.8039,0.0,0
masy2011,2400,1100,415,0.3773,0.28,1.3474,2447.95,6.0307,5.5696,0.0,0
masy2011,2600,991,333,0.336,0.22,1.5274,2650.45,5.8111,5.1755,0.0,0
masy2011,2800,577,180,0.312,0.16,1.9497,2827.78,5.1985,4.5858,0.0,0
masy2011,3000,135,46,0.3407,0.11,2.0,3039.13,3.8501,3.987,0.0,0
masy2011,3200,37,15,0.4054,0.07,2.0,3260.0,2.7726,3.6643,0.0,0
masy2011,3400,46,6,0.1304,0.04,2.0,3483.33,1.9459,0.8841,0.0,0
mathiasgw,1200,633,392,0.6193,0.78,0.7939,1253.32,5.9738,4.6365,0.1487,0
mathiasgw,1000,402,308,0.7662,0.85,0.9014,1062.66,5.7333,4.668,0.0747,0
mathiasgw,1400,686,429,0.6254,0.7,0.8934,1439.39,6.0638,5.4583,0.069,0
mathiasgw,800,673,574,0.8529,0.9,0.9477,820.03,6.3544,4.4443,0.0417,0
mathiasgw,1600,614,378,0.6156,0.6,1.0261,1655.29,5.9375,6.0507,0.0,0
mathiasgw,1800,855,478,0.5591,0.5,1.1181,1850.42,6.1717,6.3846,0.0,0
mathiasgw,2000,1081,461,0.4265,0.42,1.0154,2051.63,6.1356,5.3682,0.0,0
mathiasgw,2200,1053,465,0.4416,0.35,1.2617,2246.67,6.1442,6.0958,0.0,0
mathiasgw,2400,1175,479,0.4077,0.28,1.4559,2447.39,6.1738,6.1596,0.0,0
mathiasgw,2600,855,280,0.3275,0.22,1.4886,2638.57,5.6384,4.8721,0.0,0
mathiasgw,2800,371,133,0.3585,0.16,2.0,2839.1,4.8978,4.985,0.0,0
mathiasgw,3000,171,35,0.2047,0.11,1.8607,3025.71,3.5835,2.2193,0.0,0
mathiasgw,3200,73,28,0.3836,0.07,2.0,3246.43,3.3673,4.193,0.0,0
mathiasgw,3400,16,7,0.4375,0.04,2.0,3428.57,2.0794,3.1192,0.0,0
mattiasj,2200,40,0,0.0,0.35,0.0,2200.0,0.0,0.0,1.2998,1
mattiasj,1000,95,51,0.5368,0.85,0.6316,1049.02,3.9512,2.2252,0.2887,1
mattiasj,1200,48,26,0.5417,0.78,0.6944,1273.08,3.2958,2.2728,0.2159,1
mattiasj,800,264,190,0.7197,0.9,0.7997,808.95,5.2523,3.0579,0.1609,0
mattiasj,1600,27,13,0.4815,0.6,0.8025,1700.0,2.6391,2.1601,0.1085,0
mattiasj,1400,16,10,0.625,0.7,0.8929,1500.0,2.3979,2.248,0.0625,0
mattiasj,1800,13,10,0.7692,0.5,1.5385,1830.0,2.3979,3.3755,0.0,0
mattiasj,2000,16,12,0.75,0.42,1.7857,2050.0,2.5649,3.9436,0.0,0
mattiasj,2400,17,5,0.2941,0.28,1.0504,2420.0,1.7918,1.2753,0.0,0
mattiasj,2600,6,6,1.0,0.22,2.0,2600.0,1.9459,5.0594,0.0,0
max0000561,1800,569,158,0.2777,0.5,0.5554,1859.49,5.0689,2.6173,0.2325,1
max0000561,1000,136,86,0.6324,0.85,0.7439,1061.63,4.4659,2.9981,0.1959,1
max0000561,1400,267,139,0.5206,0.7,0.7437,1437.41,4.9416,3.6979,0.1688,1
max0000561,1200,235,143,0.6085,0.78,0.7801,1251.05,4.9698,3.7834,0.157,0
max0000561,2000,634,212,0.3344,0.42,0.7962,2051.89,5.3613,3.6785,0.0869,0
max0000561,2400,981,201,0.2049,0.28,0.7318,2454.73,5.3083,2.6698,0.082,1
max0000561,2200,534,153,0.2865,0.35,0.8186,2266.67,5.037,3.2712,0.0661,0
max0000561,1600,336,179,0.5327,0.6,0.8879,1658.66,5.193,4.5887,0.0632,0
max0000561,800,277,230,0.8303,0.9,0.9226,820.43,5.4424,3.7075,0.0609,0
max0000561,2600,360,71,0.1972,0.22,0.8965,2643.66,4.2767,2.2298,0.0254,0
max0000561,2800,84,24,0.2857,0.16,1.7857,2829.17,3.2189,2.6019,0.0,0
max0000561,3000,127,16,0.126,0.11,1.1453,3062.5,2.8332,1.0931,0.0,0
max0000561,3200,12,4,0.3333,0.07,2.0,3300.0,1.6094,1.7704,0.0,0
max0000561,3400,4,2,0.5,0.04,2.0,3500.0,1.0986,1.9226,0.0,0
max67,1400,179,43,0.2402,0.7,0.3432,1441.86,3.7842,1.3107,0.4991,1
max67,1600,364,116,0.3187,0.6,0.5311,1661.21,4.7622,2.5211,0.288,1
max67,800,192,113,0.5885,0.9,0.6539,818.58,4.7362,2.2818,0.2857,1
max67,1200,173,96,0.5549,0.78,0.7114,1253.12,4.5747,3.1811,0.2083,1
max67,2000,712,165,0.2317,0.42,0.5518,2057.58,5.112,2.4375,0.2023,1
max67,1800,480,151,0.3146,0.5,0.6292,1854.97,5.0239,2.9316,0.1901,1
max67,1000,67,47,0.7015,0.85,0.8253,1057.45,3.8712,2.8716,0.1286,0
max67,2200,1023,246,0.2405,0.35,0.6871,2250.0,5.5094,2.9809,0.1166,1
max67,2400,1624,304,0.1872,0.28,0.6685,2454.61,5.7203,2.6284,0.1021,1
max67,2600,888,267,0.3007,0.22,1.3667,2652.06,5.591,4.4583,0.0,0
max67,2800,1121,249,0.2221,0.16,1.3883,2832.53,5.5215,3.4739,0.0,0
max67,3000,808,124,0.1535,0.11,1.3951,3037.9,4.8283,2.251,0.0,0
max67,3200,781,131,0.1677,0.07,2.0,3238.17,4.8828,2.6521,0.0,0
max67,3400,587,96,0.1635,0.04,2.0,3456.25,4.5747,2.5858,0.0,0
maxplus,1800,2360,465,0.197,0.5,0.3941,1843.66,6.1442,2.232,0.3294,1
maxplus,2200,3286,400,0.1217,0.35,0.3478,2254.25,5.994,1.6448,0.2643,1
maxplus,2400,5740,507,0.0883,0.28,0.3155,2444.58,6.2305,1.3453,0.2294,1
maxplus,2000,1968,445,0.2261,0.42,0.5384,2056.63,6.1003,2.8369,0.2071,1
maxplus,1200,523,293,0.5602,0.78,0.7182,1248.81,5.6836,3.9763,0.2059,1
maxplus,2600,5196,305,0.0587,0.22,0.2668,2638.36,5.7236,0.8864,0.2053,1
maxplus,1000,275,191,0.6945,0.85,0.8171,1055.5,5.2575,3.8542,0.1396,0
maxplus,1600,1019,465,0.4563,0.6,0.7605,1656.56,6.1442,4.6446,0.1393,0
maxplus,2800,3316,224,0.0676,0.16,0.4222,2837.95,5.4161,1.0383,0.1168,1
maxplus,1400,572,339,0.5927,0.7,0.8467,1443.07,5.8289,4.9852,0.0998,0
maxplus,3200,2445,129,0.0528,0.07,0.7537,3258.91,4.8675,0.8369,0.0229,0
maxplus,800,348,308,0.8851,0.9,0.9834,816.88,5.7333,4.1451,0.013,0
maxplus,3000,1454,146,0.1004,0.11,0.9128,3041.1,4.9904,1.5239,0.0117,0
maxplus,3400,987,136,0.1378,0.04,2.0,3477.94,4.92,2.3578,0.0,0
medmdg_3,1000,360,167,0.4639,0.85,0.5458,1052.69,5.124,2.5022,0.3713,1
medmdg_3,800,813,452,0.556,0.9,0.6177,815.27,6.1159,2.7721,0.324,1
medmdg_3,2000,481,108,0.2245,0.42,0.5346,2032.41,4.6913,2.1409,0.2122,1
medmdg_3,2200,411,74,0.18,0.35,0.5144,2244.59,4.3175,1.7449,0.1924,1
medmdg_3,1400,426,224,0.5258,0.7,0.7512,1442.86,5.4161,4.1091,0.1644,0
medmdg_3,1800,579,206,0.3558,0.5,0.7116,1853.4,5.3327,3.5165,0.1449,1
medmdg_3,1600,464,209,0.4504,0.6,0.7507,1657.42,5.3471,3.9919,0.1447,0
medmdg_3,1200,327,211,0.6453,0.78,0.8273,1247.39,5.3566,4.3115,0.1228,0
medmdg_3,2800,51,5,0.098,0.16,0.6127,2800.0,1.7918,0.4919,0.0877,1
medmdg_3,2400,184,41,0.2228,0.28,0.7958,2458.54,3.7377,2.0476,0.063,0
medmdg_3,3400,2,0,0.0,0.04,0.0,3400.0,0.0,0.0,0.0439,0
medmdg_3,2600,42,9,0.2143,0.22,0.974,2600.0,2.3026,1.2829,0.0065,0
menborong,1200,825,490,0.5939,0.78,0.7615,1249.8,6.1964,4.5996,0.1737,0
menborong,1000,667,447,0.6702,0.85,0.7884,1062.19,6.1048,4.3457,0.1646,0
menborong,2000,1551,436,0.2811,0.42,0.6693,2044.95,6.0799,3.4951,0.1441,1
menborong,1400,935,512,0.5476,0.7,0.7823,1446.68,6.2403,4.9435,0.144,0
menborong,2200,1734,414,0.2388,0.35,0.6822,2248.31,6.0283,3.2359,0.1181,1
menborong,3200,4,0,0.0,0.07,0.0,3200.0,0.0,0.0,0.1127,0
menborong,1800,1392,549,0.3944,0.5,0.7888,1861.57,6.3099,4.6327,0.1046,0
menborong,2400,851,168,0.1974,0.28,0.7051,2430.95,5.1299,2.4619,0.0909,1
menborong,2600,175,28,0.16,0.22,0.7273,2621.43,3.3673,1.4123,0.071,1
menborong,1600,1003,552,0.5503,0.6,0.9172,1654.17,6.3154,5.7493,0.0469,0
menborong,800,1080,924,0.8556,0.9,0.9506,815.04,6.8298,4.7625,0.0397,0
menborong,2800,43,12,0.2791,0.16,1.7442,2800.0,2.5649,2.0042,0.0,0
menborong,3000,14,2,0.1429,0.11,1.2987,3100.0,1.0986,0.4865,0.0,0
middle_man,1000,420,247,0.5881,0.85,0.6919,1050.61,5.5134,3.4065,0.243,1
middle_man,800,760,515,0.6776,0.9,0.7529,821.55,6.2461,3.4773,0.2036,0
middle_man,1400,595,323,0.5429,0.7,0.7755,1440.87,5.7807,4.5216,0.1481,0
middle_man,3200,6,0,0.0,0.07,0.0,3200.0,0.0,0.0,0.1362,0
middle_man,2000,1301,388,0.2982,0.42,0.7101,2043.3,5.9636,3.6341,0.1254,1
middle_man,1200,479,335,0.6994,0.78,0.8966,1247.16,5.8171,5.0739,0.073,0
middle_man,2400,1162,268,0.2306,0.28,0.8237,2450.0,5.5947,3.1613,0.0528,0
middle_man,1600,719,401,0.5577,0.6,0.9295,1661.35,5.9965,5.5561,0.0398,0
middle_man,1800,763,370,0.4849,0.5,0.9699,1848.92,5.9162,5.3044,0.0145,0
middle_man,2200,787,313,0.3977,0.35,1.1363,2258.79,5.7494,5.165,0.0,0
middle_man,2600,301,107,0.3555,0.22,1.6158,2640.19,4.6821,4.3944,0.0,0
middle_man,2800,177,29,0.1638,0.16,1.024,2862.07,3.4012,1.5949,0.0,0
middle_man,3000,93,14,0.1505,0.11,1.3685,3042.86,2.7081,1.2405,0.0,0
midnight_dream,1200,43,16,0.3721,0.78,0.477,1262.5,2.8332,1.331,0.4027,1
midnight_dream,1000,70,32,0.4571,0.85,0.5378,1059.38,3.4965,1.6933,0.3724,1
midnight_dream,800,144,86,0.5972,0.9,0.6636,809.3,4.4659,2.1585,0.2757,1
midnight_dream,2600,2,0,0.0,0.22,0.0,2600.0,0.0,0.0,0.2417,0
midnight_dream,1600,12,6,0.5,0.6,0.8333,1700.0,1.9459,1.654,0.0871,0
midnight_dream,1400,15,15,1.0,0.7,1.4286,1460.0,2.7726,4.048,0.0,0
midnight_dream,1800,12,12,1.0,0.5,2.0,1800.0,2.5649,4.6169,0.0,0
midnight_dream,2000,6,3,0.5,0.42,1.1905,2100.0,1.3863,1.4556,0.0,0
midnight_dream,2200,17,11,0.6471,0.35,1.8487,2200.0,2.4849,3.5373,0.0,0
mihamag,1400,788,154,0.1954,0.7,0.2792,1454.55,5.0434,1.4337,0.5569,1
mihamag,1800,417,52,0.1247,0.5,0.2494,1844.23,3.9703,0.9131,0.4557,1
mihamag,1000,421,172,0.4086,0.85,0.4806,1065.7,5.1533,2.2437,0.4337,1
mihamag,1200,418,157,0.3756,0.78,0.4815,1250.96,5.0626,2.3787,0.4028,1
mihamag,2000,292,32,0.1096,0.42,0.2609,2037.5,3.4965,0.7807,0.3921,1
mihamag,1600,748,184,0.246,0.6,0.41,1641.85,5.2204,2.1084,0.3767,1
mihamag,3000,23,0,0.0,0.11,0.0,3000.0,0.0,0.0,0.3496,1
mihamag,800,453,302,0.6667,0.9,0.7407,816.23,5.7137,3.1091,0.2126,1
mihamag,2600,16,2,0.125,0.22,0.5682,2700.0,1.0986,0.3708,0.1283,0
mihamag,2200,57,18,0.3158,0.35,0.9023,2238.89,2.9444,2.0818,0.0352,0
mihamag,2400,4,4,1.0,0.28,2.0,2425.0,1.6094,3.9029,0.0,0
minhcool,1200,829,385,0.4644,0.78,0.5954,1249.09,5.9558,3.455,0.3049,1
minhcool,1000,537,301,0.5605,0.85,0.6594,1049.17,5.7104,3.3582,0.2712,1
minhcool,800,844,541,0.641,0.9,0.7122,822.18,6.2953,3.3177,0.2393,1
minhcool,2000,2185,471,0.2156,0.42,0.5132,2055.41,6.157,2.728,0.2197,1
minhcool,1400,749,360,0.4806,0.7,0.6866,1454.44,5.8889,4.1167,0.2108,1
minhcool,1600,1024,408,0.3984,0.6,0.6641,1659.56,6.0137,3.9765,0.1992,1
minhcool,1800,1224,460,0.3758,0.5,0.7516,1857.39,6.1334,4.2814,0.1238,0
minhcool,2600,1159,149,0.1286,0.22,0.5844,2642.28,5.0106,1.7021,0.1073,1
minhcool,2400,1956,381,0.1948,0.28,0.6957,2445.14,5.9454,2.8317,0.093,1
minhcool,2200,1301,358,0.2752,0.35,0.7862,2241.62,5.8833,3.629,0.078,0
minhcool,3000,207,14,0.0676,0.11,0.6148,3014.29,2.7081,0.5521,0.061,1
minhcool,2800,500,61,0.122,0.16,0.7625,2816.39,4.1271,1.4181,0.0461,0
minhcool,3200,114,9,0.0789,0.07,1.1278,3200.0,2.3026,0.5817,0.0,0
minhcool,3400,21,3,0.1429,0.04,2.0,3400.0,1.3863,0.6733,0.0,0
minhnguyenxuan60,1400,1565,661,0.4224,0.7,0.6034,1446.14,6.4953,3.9673,0.2725,1
minhnguyenxuan60,1600,1691,640,0.3785,0.6,0.6308,1657.34,6.463,4.054,0.2207,1
minhnguyenxuan60,1200,1006,576,0.5726,0.78,0.7341,1247.92,6.3578,4.5428,0.1949,1
minhnguyenxuan60,1000,754,490,0.6499,0.85,0.7645,1054.69,6.1964,4.2471,0.1843,0
minhnguyenxuan60,2000,1794,455,0.2536,0.42,0.6039,2047.25,6.1225,3.179,0.175,1
minhnguyenxuan60,2200,1871,384,0.2052,0.35,0.5864,2244.53,5.9532,2.7424,0.1569,1
minhnguyenxuan60,800,1330,996,0.7489,0.9,0.8321,820.18,6.9048,4.241,0.1375,0
minhnguyenxuan60,1800,1487,555,0.3732,0.5,0.7465,1851.71,6.3208,4.3684,0.1265,1
minhnguyenxuan60,2600,706,102,0.1445,0.22,0.6567,2628.43,4.6347,1.76,0.0879,1
minhnguyenxuan60,2400,1383,285,0.2061,0.28,0.736,2442.46,5.656,2.8468,0.0803,1
minhnguyenxuan60,2800,345,34,0.0986,0.16,0.6159,2835.29,3.5553,0.9934,0.0789,1
minhnguyenxuan60,3000,67,10,0.1493,0.11,1.3569,3070.0,2.3979,1.0987,0.0,0
minhnguyenxuan60,3200,14,5,0.3571,0.07,2.0,3280.0,1.7918,2.0989,0.0,0
minhnguyenxuan60,3400,84,4,0.0476,0.04,1.1905,3500.0,1.6094,0.2682,0.0,0
mircea_007,800,385,264,0.6857,0.9,0.7619,815.53,5.5797,3.1203,0.194,0
mircea_007,1200,217,125,0.576,0.78,0.7385,1242.4,4.8363,3.4612,0.1882,1
mircea_007,1000,213,150,0.7042,0.85,0.8285,1062.0,5.0173,3.7524,0.13,0
mircea_007,2000,415,130,0.3133,0.42,0.7458,2042.31,4.8752,3.119,0.1096,1
mircea_007,1400,242,141,0.5826,0.7,0.8323,1449.65,4.9558,4.1858,0.1082,0
mircea_007,2600,293,41,0.1399,0.22,0.6361,2656.1,3.7377,1.3892,0.0961,1
mircea_007,1600,359,183,0.5097,0.6,0.8496,1670.49,5.2149,4.4407,0.0855,0
mircea_007,1800,303,131,0.4323,0.5,0.8647,1853.44,4.8828,3.9127,0.0658,0
mircea_007,2200,506,206,0.4071,0.35,1.1632,2255.83,5.3327,4.8975,0.0,0
mircea_007,2400,493,156,0.3164,0.28,1.1301,2450.64,5.0562,3.9209,0.0,0
mircea_007,2800,116,32,0.2759,0.16,1.7241,2865.62,3.4965,2.764,0.0,0
mircea_007,3000,38,14,0.3684,0.11,2.0,3035.71,2.7081,3.0287,0.0,0
mircea_007,3200,20,2,0.1,0.07,1.4286,3200.0,1.0986,0.3516,0.0,0
mircea_007,3400,27,3,0.1111,0.04,2.0,3500.0,1.3863,0.5391,0.0,0
mircle-,1200,868,401,0.462,0.78,0.5923,1251.37,5.9965,3.4666,0.3076,1
mircle-,1600,1944,691,0.3555,0.6,0.5924,1654.27,6.5396,3.8454,0.2456,1
mircle-,1000,553,332,0.6004,0.85,0.7063,1057.53,5.8081,3.6876,0.2316,1
mircle-,1400,972,456,0.4691,0.7,0.6702,1443.64,6.1247,4.148,0.2229,1
mircle-,800,1033,695,0.6728,0.9,0.7476,820.72,6.5453,3.6142,0.209,1
mircle-,1800,2647,811,0.3064,0.5,0.6128,1851.79,6.6995,3.801,0.1982,1
mircle-,2000,2737,763,0.2788,0.42,0.6637,2042.46,6.6386,3.7799,0.1463,1
mircle-,2200,2452,810,0.3303,0.35,0.9438,2260.25,6.6983,5.0013,0.0199,0
mircle-,2400,2655,942,0.3548,0.28,1.2672,2438.43,6.8491,5.9255,0.0,0
mircle-,2600,634,225,0.3549,0.22,1.6131,2636.44,5.4205,5.0717,0.0,0
mircle-,2800,144,47,0.3264,0.16,2.0,2834.04,3.8712,3.5809,0.0,0
mircle-,3000,9,8,0.8889,0.11,2.0,3000.0,2.1972,5.8593,0.0,0
mircle-,3200,68,7,0.1029,0.07,1.4706,3200.0,2.0794,0.685,0.0,0
mjtai,2200,3658,942,0.2575,0.35,0.7358,2245.54,6.8491,3.9606,0.0967,1
mjtai,2600,720,103,0.1431,0.22,0.6503,2631.07,4.6444,1.7481,0.0897,1
mjtai,1200,1093,773,0.7072,0.78,0.9067,1251.1,6.6516,5.8854,0.0666,0
mjtai,2000,2885,1056,0.366,0.42,0.8715,2046.31,6.9632,5.2155,0.054,0
mjtai,2400,2719,649,0.2387,0.28,0.8525,2435.75,6.477,3.7656,0.0437,0
mjtai,800,1369,1203,0.8787,0.9,0.9764,820.95,7.0934,5.1172,0.019,0
mjtai,1400,1361,948,0.6965,0.7,0.9951,1447.05,6.8554,6.9098,0.0032,0
mjtai,1000,760,644,0.8474,0.85,0.9969,1050.93,6.4693,5.761,0.0023,0
mjtai,1800,2214,1106,0.4995,0.5,0.9991,1858.05,7.0094,6.506,0.0004,0
mjtai,1600,1652,1013,0.6132,0.6,1.022,1657.06,6.9217,7.0331,0.0,0
mjtai,2800,17,7,0.4118,0.16,2.0,2800.0,2.0794,2.3975,0.0,0
mjtai,3000,6,3,0.5,0.11,2.0,3000.0,1.3863,2.0794,0.0,0
mkx2023275_,1200,249,114,0.4578,0.78,0.587,1256.14,4.7449,2.7288,0.3096,1
mkx2023275_,1000,142,89,0.6268,0.85,0.7374,1064.04,4.4998,3.0009,0.2014,1
mkx2023275_,800,266,184,0.6917,0.9,0.7686,818.48,5.2204,2.9556,0.1871,0
mkx2023275_,1800,543,195,0.3591,0.5,0.7182,1856.92,5.2781,3.5197,0.1414,1
mkx2023275_,1400,178,99,0.5562,0.7,0.7945,1457.58,4.6052,3.7333,0.1331,0
mkx2023275_,2000,692,244,0.3526,0.42,0.8395,2045.08,5.5013,3.9669,0.0678,0
mkx2023275_,1600,207,125,0.6039,0.6,1.0064,1671.2,4.8363,4.8807,0.0,0
mkx2023275_,2200,1080,434,0.4019,0.35,1.1481,2245.85,6.0753,5.483,0.0,0
mkx2023275_,2400,1078,395,0.3664,0.28,1.3086,2454.94,5.9814,5.3805,0.0,0
mkx2023275_,2600,795,227,0.2855,0.22,1.2979,2627.75,5.4293,4.0737,0.0,0
mkx2023275_,2800,498,109,0.2189,0.16,1.368,2827.52,4.7005,2.909,0.0,0
mkx2023275_,3000,387,87,0.2248,0.11,2.0,3036.78,4.4773,3.0566,0.0,0
mkx2023275_,3200,89,15,0.1685,0.07,2.0,3213.33,2.7726,1.5016,0.0,0
mkx2023275_,3400,29,9,0.3103,0.04,2.0,3400.0,2.3026,2.4296,0.0,0
mochaowo,1400,301,129,0.4286,0.7,0.6122,1440.31,4.8675,3.0046,0.2642,1
mochaowo,1200,195,121,0.6205,0.78,0.7955,1247.11,4.804,3.7176,0.145,0
mochaowo,2400,320,56,0.175,0.28,0.625,2441.07,4.0431,1.7271,0.1202,1
mochaowo,2000,331,106,0.3202,0.42,0.7625,2035.85,4.6728,3.0465,0.1021,0
mochaowo,2600,55,8,0.1455,0.22,0.6612,2600.0,2.1972,0.831,0.0939,1
mochaowo,1800,331,137,0.4139,0.5,0.8278,1858.39,4.9273,3.79,0.0843,0
mochaowo,800,337,274,0.8131,0.9,0.9034,819.71,5.6168,3.7434,0.0765,0
mochaowo,1000,172,132,0.7674,0.85,0.9029,1055.3,4.8903,3.9606,0.0722,0
mochaowo,3400,1,0,0.0,0.04,0.0,3400.0,0.0,0.0,0.0277,0
mochaowo,1600,194,116,0.5979,0.6,0.9966,1658.62,4.7622,4.7229,0.0019,0
mochaowo,2200,294,128,0.4354,0.35,1.2439,2247.66,4.8598,4.7557,0.0,0
mochaowo,2800,5,5,1.0,0.16,2.0,2800.0,1.7918,5.0169,0.0,0
modongtao,1400,337,142,0.4214,0.7,0.6019,1445.77,4.9628,3.0234,0.2721,1
modongtao,1000,163,95,0.5828,0.85,0.6857,1054.74,4.5643,2.8058,0.2449,1
modongtao,1600,518,267,0.5154,0.6,0.8591,1660.3,5.591,4.7847,0.0802,0
modongtao,800,229,194,0.8472,0.9,0.9413,815.46,5.273,3.6427,0.0458,0
modongtao,1200,161,134,0.8323,0.78,1.067,1257.46,4.9053,5.1338,0.0,0
modongtao,1800,733,400,0.5457,0.5,1.0914,1857.25,5.994,6.0749,0.0,0
modongtao,2000,778,355,0.4563,0.42,1.0864,2047.61,5.8749,5.4891,0.0,0
modongtao,2200,359,201,0.5599,0.35,1.5997,2258.71,5.3083,6.713,0.0,0
modongtao,2400,447,144,0.3221,0.28,1.1505,2452.78,4.9767,3.9324,0.0,0
modongtao,2600,153,62,0.4052,0.22,1.8419,2645.16,4.1431,4.441,0.0,0
modongtao,2800,227,43,0.1894,0.16,1.1839,2846.51,3.7842,2.0405,0.0,0
modongtao,3000,16,11,0.6875,0.11,2.0,3036.36,2.4849,5.1872,0.0,0
modongtao,3200,43,12,0.2791,0.07,2.0,3250.0,2.5649,2.3263,0.0,0
modongtao,3400,47,8,0.1702,0.04,2.0,3500.0,2.1972,1.309,0.0,0
moe.tsuki,3000,64,0,0.0,0.11,0.0,3000.0,0.0,0.0,0.4592,1
moe.tsuki,1400,257,142,0.5525,0.7,0.7893,1461.97,4.9628,4.0089,0.1373,0
moe.tsuki,800,166,124,0.747,0.9,0.83,822.58,4.8283,2.9668,0.1344,0
moe.tsuki,1800,670,267,0.3985,0.5,0.797,1853.93,5.591,4.1307,0.1002,0
moe.tsuki,3400,8,0,0.0,0.04,0.0,3400.0,0.0,0.0,0.0879,0
moe.tsuki,1200,189,133,0.7037,0.78,0.9022,1255.64,4.8978,4.3277,0.0679,0
moe.tsuki,1600,268,142,0.5299,0.6,0.8831,1654.93,4.9628,4.3517,0.0658,0
moe.tsuki,2400,572,140,0.2448,0.28,0.8741,2449.29,4.9488,2.9667,0.0376,0
moe.tsuki,2600,316,63,0.1994,0.22,0.9062,2607.94,4.1589,2.1624,0.023,0
moe.tsuki,1000,75,62,0.8267,0.85,0.9725,1037.1,4.1431,3.552,0.0196,0
moe.tsuki,2000,330,157,0.4758,0.42,1.1328,2042.68,5.0626,4.9199,0.0,0
moe.tsuki,2200,255,137,0.5373,0.35,1.535,2239.42,4.9273,5.9282,0.0,0
moe.tsuki,2800,117,38,0.3248,0.16,2.0,2847.37,3.6636,3.388,0.0,0
moe.tsuki,3200,27,3,0.1111,0.07,1.5873,3200.0,1.3863,0.4929,0.0,0
moksha30,2600,10,0,0.0,0.22,0.0,2600.0,0.0,0.0,0.5275,0
moksha30,2400,5,0,0.0,0.28,0.0,2400.0,0.0,0.0,0.5017,0
moksha30,800,686,360,0.5248,0.9,0.5831,812.5,5.8889,2.5109,0.3558,1
moksha30,1000,243,116,0.4774,0.85,0.5616,1052.59,4.7622,2.3928,0.3555,1
moksha30,1400,141,50,0.3546,0.7,0.5066,1462.0,3.9318,2.0384,0.3471,1
moksha30,1200,121,67,0.5537,0.78,0.7099,1247.76,4.2195,2.9153,0.2083,1
moksha30,1600,97,38,0.3918,0.6,0.6529,1652.63,3.6636,2.3719,0.2047,1
moksha30,1800,72,32,0.4444,0.5,0.8889,1850.0,3.4965,2.8749,0.053,0
moksha30,2000,48,21,0.4375,0.42,1.0417,2100.0,3.091,2.8399,0.0,0
moksha30,2200,23,17,0.7391,0.35,2.0,2200.0,2.8904,4.7,0.0,0
momohara,2800,24,0,0.0,0.16,0.0,2800.0,0.0,0.0,0.515,1
momohara,1400,407,257,0.6314,0.7,0.9021,1452.53,5.553,5.0932,0.0629,0
momohara,2600,240,45,0.1875,0.22,0.8523,2608.89,3.8286,1.8728,0.0369,0
momohara,2000,671,266,0.3964,0.42,0.9439,2045.11,5.5872,4.5298,0.0233,0
momohara,2400,551,151,0.274,0.28,0.9787,2441.72,5.0239,3.3617,0.0062,0
momohara,800,290,261,0.9,0.9,1.0,824.14,5.5683,4.1302,0.0,0
momohara,1000,220,191,0.8682,0.85,1.0214,1053.93,5.2575,4.8106,0.0,0
momohara,1200,269,215,0.7993,0.78,1.0247,1244.65,5.3753,5.3473,0.0,0
momohara,1600,471,288,0.6115,0.6,1.0191,1655.9,5.6664,5.7374,0.0,0
momohara,1800,616,308,0.5,0.5,1.0,1856.82,5.7333,5.3229,0.0,0
momohara,2200,304,133,0.4375,0.35,1.25,2257.89,4.8978,4.8382,0.0,0
momohara,3000,36,7,0.1944,0.11,1.7677,3057.14,2.0794,1.2361,0.0,0
momohara,3400,12,4,0.3333,0.04,2.0,3400.0,1.6094,1.824,0.0,0
morandyg,1200,231,123,0.5325,0.78,0.6827,1268.29,4.8203,3.2553,0.2316,1
morandyg,1400,190,94,0.4947,0.7,0.7068,1441.49,4.5539,3.2476,0.1941,1
morandyg,800,201,146,0.7264,0.9,0.8071,821.92,4.9904,2.9794,0.1539,0
morandyg,2000,773,215,0.2781,0.42,0.6622,2046.98,5.3753,3.0604,0.148,1
morandyg,1000,108,77,0.713,0.85,0.8388,1066.23,4.3567,3.3119,0.12,0
morandyg,1600,209,110,0.5263,0.6,0.8772,1660.0,4.7095,4.1146,0.069,0
morandyg,1800,360,198,0.55,0.5,1.1,1857.07,5.2933,5.4065,0.0,0
morandyg,2200,319,126,0.395,0.35,1.1285,2248.41,4.8442,4.3021,0.0,0
morandyg,2400,360,116,0.3222,0.28,1.1508,2452.59,4.7622,3.7634,0.0,0
morandyg,2600,157,56,0.3567,0.22,1.6213,2625.0,4.0431,3.7855,0.0,0
morandyg,2800,112,36,0.3214,0.16,2.0,2819.44,3.6109,3.2724,0.0,0
morandyg,3000,39,12,0.3077,0.11,2.0,3000.0,2.5649,2.3676,0.0,0
morandyg,3200,22,8,0.3636,0.07,2.0,3225.0,2.1972,2.5767,0.0,0
morandyg,3400,11,11,1.0,0.04,2.0,3500.0,2.4849,8.6972,0.0,0
mrthimote,1000,189,110,0.582,0.85,0.6847,1048.18,4.7095,2.8731,0.2463,1
mrthimote,3000,6,0,0.0,0.11,0.0,3000.0,0.0,0.0,0.2141,0
mrthimote,800,263,199,0.7567,0.9,0.8407,818.59,5.2983,3.2817,0.1269,0
mrthimote,1400,179,119,0.6648,0.7,0.9497,1447.06,4.7875,4.6056,0.0316,0
mrthimote,2400,568,143,0.2518,0.28,0.8991,2427.27,4.9698,3.037,0.03,0
mrthimote,2600,162,34,0.2099,0.22,0.954,2626.47,3.5553,1.9598,0.0113,0
mrthimote,1200,183,141,0.7705,0.78,0.9878,1245.39,4.9558,4.7554,0.0083,0
mrthimote,1600,271,179,0.6605,0.6,1.1009,1666.48,5.193,5.7161,0.0,0
mrthimote,1800,643,387,0.6019,0.5,1.2037,1859.95,5.961,6.673,0.0,0
mrthimote,2000,888,407,0.4583,0.42,1.0913,2051.6,6.0113,5.6525,0.0,0
mrthimote,2200,687,332,0.4833,0.35,1.3807,2253.01,5.8081,6.3239,0.0,0
mrthimote,2800,109,20,0.1835,0.16,1.1468,2840.0,3.0445,1.5865,0.0,0
msab3f,1000,330,173,0.5242,0.85,0.6168,1056.07,5.1591,2.8562,0.3069,1
msab3f,1400,488,192,0.3934,0.7,0.5621,1456.25,5.2627,3.0153,0.3031,1
msab3f,1600,613,233,0.3801,0.6,0.6335,1662.23,5.4553,3.4467,0.2187,1
msab3f,1200,341,195,0.5718,0.78,0.7331,1253.33,5.2781,3.7829,0.1935,1
msab3f,1800,642,223,0.3474,0.5,0.6947,1858.74,5.4116,3.494,0.1539,1
msab3f,800,392,306,0.7806,0.9,0.8673,814.71,5.7268,3.6421,0.106,0
msab3f,2000,900,358,0.3978,0.42,0.9471,2065.92,5.8833,4.8348,0.022,0
msab3f,2200,754,318,0.4218,0.35,1.205,2258.81,5.7652,5.4922,0.0,0
msab3f,2400,776,301,0.3879,0.28,1.3853,2448.5,5.7104,5.4234,0.0,0
msab3f,2600,510,198,0.3882,0.22,1.7647,2648.48,5.2933,5.4428,0.0,0
msab3f,2800,89,42,0.4719,0.16,2.0,2826.19,3.7612,5.0163,0.0,0
msab3f,3000,94,14,0.1489,0.11,1.354,3050.0,2.7081,1.2301,0.0,0
mtsd,3400,10,0,0.0,0.04,0.0,3400.0,0.0,0.0,0.0959,0
mtsd,2600,1112,192,0.1727,0.22,0.7848,2626.56,5.2627,2.3867,0.053,0
mtsd,1000,221,186,0.8416,0.85,0.9902,1051.08,5.2311,4.6275,0.0073,0
mtsd,800,335,307,0.9164,0.9,1.0182,822.48,5.7301,4.319,0.0,0
mtsd,1200,373,301,0.807,0.78,1.0346,1253.49,5.7104,5.7763,0.0,0
mtsd,1400,510,367,0.7196,0.7,1.028,1451.5,5.9081,6.1711,0.0,0
mtsd,1600,535,410,0.7664,0.6,1.2773,1649.51,6.0186,7.6082,0.0,0
mtsd,1800,909,475,0.5226,0.5,1.0451,1857.05,6.1654,5.983,0.0,0
mtsd,2000,977,437,0.4473,0.42,1.065,2044.39,6.0822,5.5618,0.0,0
mtsd,2200,1114,431,0.3869,0.35,1.1054,2246.64,6.0684,5.2747,0.0,0
mtsd,2400,998,438,0.4389,0.28,1.5674,2443.61,6.0845,6.5253,0.0,0
mtsd,2800,351,90,0.2564,0.16,1.6026,2843.33,4.5109,3.2887,0.0,0
mtsd,3000,197,29,0.1472,0.11,1.3383,3031.03,3.4012,1.5176,0.0,0
mtsd,3200,49,5,0.102,0.07,1.4577,3200.0,1.7918,0.5851,0.0,0
mwen,1200,442,295,0.6674,0.78,0.8557,1247.8,5.6904,4.739,0.1025,0
mwen,1000,285,226,0.793,0.85,0.9329,1061.5,5.425,4.5665,0.0502,0
mwen,1800,952,429,0.4506,0.5,0.9013,1863.17,6.0638,5.0912,0.0479,0
mwen,1400,562,368,0.6548,0.7,0.9354,1438.59,5.9108,5.5679,0.0414,0
mwen,1600,802,449,0.5599,0.6,0.9331,1661.69,6.1092,5.6834,0.0378,0
mwen,2200,1215,400,0.3292,0.35,0.9406,2257.0,5.994,4.4538,0.0211,0
mwen,2600,580,125,0.2155,0.22,0.9796,2632.8,4.8363,2.7442,0.0049,0
mwen,800,496,448,0.9032,0.9,1.0036,825.0,6.107,4.5507,0.0,0
mwen,2000,1102,504,0.4574,0.42,1.0889,2051.19,6.2246,5.8393,0.0,0
mwen,2400,965,272,0.2819,0.28,1.0067,2444.85,5.6095,3.8656,0.0,0
mwen,2800,118,21,0.178,0.16,1.1123,2847.62,3.091,1.5665,0.0,0
mwen,3000,39,8,0.2051,0.11,1.8648,3075.0,2.1972,1.3859,0.0,0
mwen,3200,3,3,1.0,0.07,2.0,3200.0,1.3863,4.4361,0.0,0
mwen,3400,2,2,1.0,0.04,2.0,3500.0,1.0986,3.8451,0.0,0
myoi0905,1400,420,211,0.5024,0.7,0.7177,1454.5,5.3566,3.9141,0.1879,1
myoi0905,1800,726,253,0.3485,0.5,0.697,1859.68,5.5373,3.5886,0.1527,1
myoi0905,1200,221,136,0.6154,0.78,0.789,1255.15,4.92,3.8002,0.1502,0
myoi0905,800,324,241,0.7438,0.9,0.8265,819.5,5.4889,3.3459,0.1392,0
myoi0905,1600,424,228,0.5377,0.6,0.8962,1657.46,5.4337,4.8429,0.0586,0
myoi0905,2000,629,236,0.3752,0.42,0.8933,2049.15,5.4681,4.2041,0.0446,0
myoi0905,1000,181,148,0.8177,0.85,0.962,1069.59,5.0039,4.3764,0.028,0
myoi0905,2200,417,160,0.3837,0.35,1.0963,2249.38,5.0814,4.3856,0.0,0
myoi0905,2400,394,141,0.3579,0.28,1.2781,2449.65,4.9558,4.3445,0.0,0
myoi0905,2600,82,39,0.4756,0.22,2.0,2615.38,3.6889,4.5886,0.0,0
myoi0905,2800,92,26,0.2826,0.16,1.7663,2834.62,3.2958,2.6403,0.0,0
myoi0905,3000,27,9,0.3333,0.11,2.0,3000.0,2.3026,2.3026,0.0,0
myoi0905,3200,32,3,0.0938,0.07,1.3393,3300.0,1.3863,0.4289,0.0,0
myoi0905,3400,8,2,0.25,0.04,2.0,3500.0,1.0986,0.9613,0.0,0
mythofys,1400,649,261,0.4022,0.7,0.5745,1442.91,5.5683,3.2312,0.2937,1
mythofys,1600,810,285,0.3519,0.6,0.5864,1655.79,5.656,3.2951,0.2497,1
mythofys,1200,569,304,0.5343,0.78,0.685,1249.34,5.7203,3.8182,0.232,1
mythofys,3000,6,0,0.0,0.11,0.0,3000.0,0.0,0.0,0.2141,0
mythofys,1800,1223,359,0.2935,0.5,0.5871,1854.04,5.8861,3.2034,0.2132,1
mythofys,2000,912,208,0.2281,0.42,0.543,2045.67,5.3423,2.4925,0.2063,1
mythofys,1000,438,281,0.6416,0.85,0.7548,1066.19,5.6419,3.8592,0.191,0
mythofys,2600,43,4,0.093,0.22,0.4228,2625.0,1.6094,0.393,0.1841,1
mythofys,800,785,609,0.7758,0.9,0.862,818.39,6.4135,4.0719,0.1117,0
mythofys,2200,1057,283,0.2677,0.35,0.765,2255.48,5.649,3.4113,0.0862,0
mythofys,2400,346,73,0.211,0.28,0.7535,2434.25,4.3041,2.2105,0.0761,0
naneosmic,1400,506,151,0.2984,0.7,0.4263,1460.26,5.0239,2.1893,0.4152,1
naneosmic,1000,224,103,0.4598,0.85,0.541,1042.72,4.6444,2.2268,0.3744,1
naneosmic,1600,482,134,0.278,0.6,0.4633,1661.94,4.9053,2.2664,0.337,1
naneosmic,800,437,265,0.6064,0.9,0.6738,815.85,5.5835,2.7624,0.2712,1
naneosmic,1200,246,131,0.5325,0.78,0.6827,1251.91,4.8828,3.2552,0.2318,1
naneosmic,1800,335,110,0.3284,0.5,0.6567,1875.45,4.7095,2.9002,0.1749,1
naneosmic,2000,483,146,0.3023,0.42,0.7197,2068.49,4.9904,3.1203,0.1215,1
naneosmic,2200,340,101,0.2971,0.35,0.8487,2222.77,4.625,3.0538,0.0549,0
naneosmic,2400,419,111,0.2649,0.28,0.9461,2430.63,4.7185,3.0383,0.0159,0
naneosmic,2600,69,32,0.4638,0.22,2.0,2687.5,3.4965,4.358,0.0,0
naneosmic,2800,23,10,0.4348,0.16,2.0,2800.0,2.3979,2.9192,0.0,0
naneosmic,3400,9,9,1.0,0.04,2.0,3500.0,2.3026,8.059,0.0,0
natsugiri,800,1138,1031,0.906,0.9,1.0066,824.64,6.9393,5.1843,0.0,0
natsugiri,1000,804,700,0.8706,0.85,1.0243,1055.29,6.5525,6.0203,0.0,0
natsugiri,1200,1147,968,0.8439,0.78,1.082,1254.55,6.8763,7.2803,0.0,0
natsugiri,1400,1362,1101,0.8084,0.7,1.1548,1450.68,7.0049,8.2145,0.0,0
natsugiri,1600,1922,1434,0.7461,0.6,1.2435,1653.0,7.2689,8.9647,0.0,0
natsugiri,1800,2097,1428,0.681,0.5,1.3619,1854.34,7.2647,9.1736,0.0,0
natsugiri,2000,2178,1401,0.6433,0.42,1.5315,2050.68,7.2457,9.5577,0.0,0
natsugiri,2200,2191,1312,0.5988,0.35,1.7109,2247.48,7.1801,9.6631,0.0,0
natsugiri,2400,2657,1216,0.4577,0.28,1.6345,2445.07,7.1041,7.9496,0.0,0
natsugiri,2600,1514,585,0.3864,0.22,1.7563,2636.92,6.3733,6.4937,0.0,0
natsugiri,2800,682,232,0.3402,0.16,2.0,2826.29,5.451,5.2408,0.0,0
natsugiri,3000,343,83,0.242,0.11,2.0,3026.51,4.4308,3.245,0.0,0
natsugiri,3200,108,25,0.2315,0.07,2.0,3228.0,3.2581,2.4345,0.0,0
natsugiri,3400,34,7,0.2059,0.04,2.0,3500.0,2.0794,1.4984,0.0,0
newbie_wrz,1600,35,13,0.3714,0.6,0.619,1646.15,2.6391,1.6136,0.2251,1
newbie_wrz,1200,32,22,0.6875,0.78,0.8814,1259.09,3.1355,2.7142,0.0782,0
newbie_wrz,800,29,26,0.8966,0.9,0.9962,800.0,3.2958,2.3639,0.0027,0
newbie_wrz,1000,22,22,1.0,0.85,1.1765,1081.82,3.1355,3.392,0.0,0
newbie_wrz,1400,17,16,0.9412,0.7,1.3445,1462.5,2.8332,3.8998,0.0,0
newbie_wrz,1800,50,32,0.64,0.5,1.28,1881.25,3.4965,4.2098,0.0,0
newbie_wrz,2000,94,42,0.4468,0.42,1.0638,2035.71,3.7612,3.4211,0.0,0
newbie_wrz,2200,69,34,0.4928,0.35,1.4079,2264.71,3.5553,3.9676,0.0,0
newbie_wrz,2400,86,47,0.5465,0.28,1.9518,2451.06,3.8712,5.1856,0.0,0
newbie_wrz,2600,90,31,0.3444,0.22,1.5657,2654.84,3.4657,3.1692,0.0,0
newbie_wrz,2800,32,7,0.2188,0.16,1.3672,2842.86,2.0794,1.2932,0.0,0
newbie_wrz,3000,10,5,0.5,0.11,2.0,3000.0,1.7918,2.6876,0.0,0
ngocnghia,2400,252,21,0.0833,0.28,0.2976,2471.43,3.091,0.6366,0.266,1
ngocnghia,1400,100,50,0.5,0.7,0.7143,1442.0,3.9318,2.8348,0.1872,1
ngocnghia,1800,180,58,0.3222,0.5,0.6444,1841.38,4.0775,2.4193,0.182,1
ngocnghia,2200,125,29,0.232,0.35,0.6629,2248.28,3.4012,1.7741,0.1297,1
ngocnghia,2600,136,17,0.125,0.22,0.5682,2629.41,2.8904,0.95,0.1201,1
ngocnghia,1000,69,51,0.7391,0.85,0.8696,1056.86,3.9512,3.0866,0.0951,0
ngocnghia,1200,49,33,0.6735,0.78,0.8634,1251.52,3.5264,2.9722,0.0921,0
ngocnghia,800,84,71,0.8452,0.9,0.9392,821.13,4.2767,2.9682,0.0461,0
ngocnghia,2800,21,3,0.1429,0.16,0.8929,2800.0,1.3863,0.5545,0.0222,0
ngocnghia,1600,99,67,0.6768,0.6,1.1279,1664.18,4.2195,4.7523,0.0,0
ngocnghia,2000,132,60,0.4545,0.42,1.0823,2050.0,4.1109,3.8306,0.0,0
ngocnghia,3000,16,4,0.25,0.11,2.0,3000.0,1.6094,1.2071,0.0,0
nguyengiabach1201,1200,275,111,0.4036,0.78,0.5175,1252.25,4.7185,2.385,0.3699,1
nguyengiabach1201,1000,193,93,0.4819,0.85,0.5669,1059.14,4.5433,2.3187,0.3498,1
nguyengiabach1201,1400,499,217,0.4349,0.7,0.6212,1468.2,5.3845,3.4379,0.2581,1
nguyengiabach1201,800,146,95,0.6507,0.9,0.723,824.21,4.5643,2.4479,0.2236,1
nguyengiabach1201,3000,3,0,0.0,0.11,0.0,3000.0,0.0,0.0,0.1525,0
nguyengiabach1201,1600,409,196,0.4792,0.6,0.7987,1675.0,5.2832,4.2408,0.1156,0
nguyengiabach1201,1800,882,339,0.3844,0.5,0.7687,1856.93,5.8289,4.1602,0.1149,0
nguyengiabach1201,3400,2,0,0.0,0.04,0.0,3400.0,0.0,0.0,0.0439,0
nguyengiabach1201,2000,588,237,0.4031,0.42,0.9597,2055.7,5.4723,4.5342,0.0167,0
nguyengiabach1201,2600,19,4,0.2105,0.22,0.9569,2600.0,1.6094,0.881,0.0109,0
nguyengiabach1201,2200,136,47,0.3456,0.35,0.9874,2231.91,3.8712,2.9859,0.0045,0
nguyengiabach1201,2400,32,12,0.375,0.28,1.3393,2441.67,2.5649,2.3485,0.0,0
nguyengiabach1201,2800,9,3,0.3333,0.16,2.0,2900.0,1.3863,1.3401,0.0,0
nhphuc,1000,535,279,0.5215,0.85,0.6135,1061.29,5.6348,3.1186,0.3111,1
nhphuc,1200,646,301,0.4659,0.78,0.5974,1248.84,5.7104,3.3228,0.3029,1
nhphuc,1400,771,329,0.4267,0.7,0.6096,1448.33,5.7991,3.584,0.2672,1
nhphuc,1800,2800,908,0.3243,0.5,0.6486,1848.46,6.8123,4.0835,0.1785,1
nhphuc,1600,1518,641,0.4223,0.6,0.7038,1669.73,6.4646,4.558,0.1744,1
nhphuc,800,1504,1177,0.7826,0.9,0.8695,807.73,7.0716,4.47,0.1064,0
nhphuc,2000,832,292,0.351,0.42,0.8356,2046.23,5.6802,4.0792,0.0695,0
nhphuc,2600,176,34,0.1932,0.22,0.8781,2638.24,3.5553,1.812,0.0305,0
nhphuc,2200,1161,374,0.3221,0.35,0.9204,2262.83,5.9269,4.3204,0.0284,0
nhphuc,2800,56,8,0.1429,0.16,0.8929,2800.0,2.1972,0.8789,0.0217,0
nhphuc,2400,1141,320,0.2805,0.28,1.0016,2455.31,5.7714,3.9743,0.0,0
nhphuc,3000,1,1,1.0,0.11,2.0,3100.0,0.6931,2.1488,0.0,0
nhphuc,3400,14,4,0.2857,0.04,2.0,3500.0,1.6094,1.6094,0.0,0
nigus,3400,48,0,0.0,0.04,0.0,3400.0,0.0,0.0,0.1557,1
nigus,2800,273,24,0.0879,0.16,0.5495,2825.0,3.2189,0.7994,0.0959,1
nigus,1800,1166,474,0.4065,0.5,0.813,1857.81,6.1633,4.6547,0.0922,0
nigus,1200,564,400,0.7092,0.78,0.9093,1256.0,5.994,5.3393,0.0641,0
nigus,2000,1396,505,0.3617,0.42,0.8613,2044.95,6.2265,4.6061,0.0584,0
nigus,3000,340,24,0.0706,0.11,0.6417,3058.33,3.2189,0.6949,0.0545,1
nigus,2400,1517,361,0.238,0.28,0.8499,2437.95,5.8916,3.4181,0.0447,0
nigus,1000,386,311,0.8057,0.85,0.9479,1053.38,5.743,4.8741,0.0391,0
nigus,2200,1103,357,0.3237,0.35,0.9248,2247.34,5.8805,4.2774,0.0268,0
nigus,800,553,481,0.8698,0.9,0.9664,824.32,6.1779,4.4296,0.0266,0
nigus,2600,658,138,0.2097,0.22,0.9533,2643.48,4.9345,2.7357,0.0112,0
nigus,1400,674,465,0.6899,0.7,0.9856,1444.3,6.1442,6.1223,0.0092,0
nigus,3200,102,7,0.0686,0.07,0.9804,3200.0,2.0794,0.4567,0.0021,0
nigus,1600,989,610,0.6168,0.6,1.028,1649.84,6.4151,6.528,0.0,0
nishkarsh,800,520,380,0.7308,0.9,0.812,821.32,5.9428,3.5668,0.1525,0
nishkarsh,1000,353,243,0.6884,0.85,0.8099,1050.62,5.4972,3.9757,0.146,0
nishkarsh,1200,475,312,0.6568,0.78,0.8421,1250.32,5.7462,4.7191,0.1126,0
nishkarsh,1600,628,312,0.4968,0.6,0.828,1651.28,5.7462,4.7141,0.0986,0
nishkarsh,1400,478,313,0.6548,0.7,0.9354,1442.81,5.7494,5.4319,0.0413,0
nishkarsh,2000,784,305,0.389,0.42,0.9263,2046.56,5.7236,4.557,0.0307,0
nishkarsh,1800,709,341,0.481,0.5,0.9619,1859.82,5.8348,5.2192,0.0183,0
nishkarsh,2200,816,325,0.3983,0.35,1.138,2258.77,5.7869,5.2061,0.0,0
nishkarsh,2400,1295,558,0.4309,0.28,1.5389,2447.49,6.3261,6.6715,0.0,0
nishkarsh,2600,1144,430,0.3759,0.22,1.7085,2648.84,6.0661,6.0396,0.0,0
nishkarsh,2800,859,272,0.3166,0.16,1.979,2844.49,5.6095,5.0524,0.0,0
nishkarsh,3000,556,159,0.286,0.11,2.0,3035.22,5.0752,4.4052,0.0,0
nishkarsh,3200,90,46,0.5111,0.07,2.0,3256.52,3.8501,6.4084,0.0,0
nishkarsh,3400,171,25,0.1462,0.04,2.0,3488.0,3.2581,1.6614,0.0,0
nitram,1200,493,207,0.4199,0.78,0.5383,1248.31,5.3375,2.7976,0.3525,1
nitram,1000,286,155,0.542,0.85,0.6376,1060.0,5.0499,2.901,0.2882,1
nitram,800,481,292,0.6071,0.9,0.6745,816.78,5.6802,2.8165,0.2709,1
nitram,1600,618,224,0.3625,0.6,0.6041,1665.62,5.4161,3.2698,0.238,1
nitram,2200,910,183,0.2011,0.35,0.5746,2250.82,5.2149,2.3605,0.1633,1
nitram,1800,591,211,0.357,0.5,0.714,1840.28,5.3566,3.5194,0.1436,1
nitram,2000,827,244,0.295,0.42,0.7025,2041.39,5.5013,3.3134,0.1291,1
nitram,1400,287,164,0.5714,0.7,0.8163,1448.17,5.1059,4.2253,0.1192,0
nitram,3200,150,3,0.02,0.07,0.2857,3200.0,1.3863,0.0887,0.1051,1
nitram,2600,256,44,0.1719,0.22,0.7812,2645.45,3.8067,1.7308,0.0556,0
nitram,2400,398,118,0.2965,0.28,1.0589,2438.98,4.7791,3.4559,0.0,0
nitram,2800,112,21,0.1875,0.16,1.1719,2804.76,3.091,1.6256,0.0,0
nitram,3000,48,15,0.3125,0.11,2.0,3026.67,2.7726,2.6224,0.0,0
nitram,3400,114,14,0.1228,0.04,2.0,3450.0,2.7081,1.1474,0.0,0
niwrad,1000,134,75,0.5597,0.85,0.6585,1050.67,4.3307,2.5467,0.2671,1
niwrad,2600,70,5,0.0714,0.22,0.3247,2600.0,1.7918,0.3328,0.2269,1
niwrad,1400,238,114,0.479,0.7,0.6843,1449.12,4.7449,3.2935,0.2107,1
niwrad,800,211,151,0.7156,0.9,0.7952,811.26,5.0239,2.9167,0.1639,0
niwrad,1600,438,210,0.4795,0.6,0.7991,1654.29,5.3519,4.2448,0.1155,0
niwrad,1200,164,111,0.6768,0.78,0.8677,1250.45,4.7185,3.9935,0.0921,0
niwrad,2000,1050,413,0.3933,0.42,0.9365,2053.75,6.0259,4.8678,0.0264,0
niwrad,1800,373,186,0.4987,0.5,0.9973,1852.69,5.2311,4.8328,0.0013,0
niwrad,2200,510,253,0.4961,0.35,1.4174,2232.41,5.5373,6.1323,0.0,0
niwrad,2400,268,89,0.3321,0.28,1.186,2432.58,4.4998,3.6351,0.0,0
nohandle_5,2600,10,0,0.0,0.22,0.0,2600.0,0.0,0.0,0.5275,0
nohandle_5,2200,73,18,0.2466,0.35,0.7045,2283.33,2.9444,1.6578,0.1129,1
nohandle_5,1000,60,44,0.7333,0.85,0.8627,1054.55,3.8067,2.9438,0.0998,0
nohandle_5,2400,85,17,0.2,0.28,0.7143,2400.0,2.8904,1.3874,0.0916,1
nohandle_5,2000,133,44,0.3308,0.42,0.7877,2022.73,3.8067,2.5473,0.0909,0
nohandle_5,1200,72,50,0.6944,0.78,0.8903,1262.0,3.9318,3.4458,0.0744,0
nohandle_5,1800,113,48,0.4248,0.5,0.8496,1852.08,3.8918,3.0618,0.0728,0
nohandle_5,800,64,57,0.8906,0.9,0.9896,815.79,4.0604,2.9502,0.0077,0
nohandle_5,1400,43,30,0.6977,0.7,0.9967,1440.0,3.434,3.45,0.002,0
nohandle_5,1600,72,50,0.6944,0.6,1.1574,1648.0,3.9318,4.4998,0.0,0
noimi,800,923,734,0.7952,0.9,0.8836,821.12,6.5999,4.3096,0.0941,0
noimi,1200,879,598,0.6803,0.78,0.8722,1249.0,6.3953,5.4342,0.0914,0
noimi,1000,502,401,0.7988,0.85,0.9398,1054.86,5.9965,5.0528,0.0455,0
noimi,2600,3642,659,0.1809,0.22,0.8225,2642.19,6.4922,3.1039,0.0427,0
noimi,2000,2593,1017,0.3922,0.42,0.9338,2051.43,6.9256,5.5723,0.0276,0
noimi,1600,1695,985,0.5811,0.6,0.9685,1653.1,6.8937,6.6224,0.0178,0
noimi,1400,1107,757,0.6838,0.7,0.9769,1452.71,6.6307,6.587,0.0149,0
noimi,1800,2229,1099,0.493,0.5,0.9861,1853.87,7.0031,6.4011,0.0067,0
noimi,2200,2554,970,0.3798,0.35,1.0851,2253.2,6.8783,5.8862,0.0,0
noimi,2400,3500,1031,0.2946,0.28,1.052,2452.76,6.9393,5.0137,0.0,0
noimi,2800,2714,453,0.1669,0.16,1.0432,2835.54,6.1181,2.8956,0.0,0
noimi,3000,1658,237,0.1429,0.11,1.2995,3035.44,5.4723,2.3744,0.0,0
noimi,3200,1427,121,0.0848,0.07,1.2113,3248.76,4.804,1.3234,0.0,0
noimi,3400,369,23,0.0623,0.04,1.5583,3443.48,3.1781,0.6821,0.0,0
not10hour,1400,57,14,0.2456,0.7,0.3509,1435.71,2.7081,0.9549,0.4976,1
not10hour,1600,55,12,0.2182,0.6,0.3636,1625.0,2.5649,0.9094,0.4311,1
not10hour,800,44,38,0.8636,0.9,0.9596,807.89,3.6636,2.5562,0.0297,0
not10hour,1000,24,21,0.875,0.85,1.0294,1066.67,3.091,2.885,0.0,0
not10hour,1200,20,16,0.8,0.78,1.0256,1281.25,2.8332,2.904,0.0,0
not10hour,1800,14,11,0.7857,0.5,1.5714,1872.73,2.4849,3.6564,0.0,0
not10hour,2000,24,14,0.5833,0.42,1.3889,2000.0,2.7081,3.1594,0.0,0
not10hour,2200,4,4,1.0,0.35,2.0,2300.0,1.6094,3.7017,0.0,0
not10hour,2400,8,4,0.5,0.28,1.7857,2400.0,1.6094,1.9313,0.0,0
now_cow,3000,88,1,0.0114,0.11,0.1033,3100.0,0.6931,0.0244,0.2615,1
now_cow,1800,847,240,0.2834,0.5,0.5667,1854.17,5.4848,2.8816,0.2253,1
now_cow,1000,291,178,0.6117,0.85,0.7196,1061.24,5.1874,3.3673,0.2186,1
now_cow,1400,383,183,0.4778,0.7,0.6826,1443.17,5.2149,3.596,0.2127,1
now_cow,1200,331,183,0.5529,0.78,0.7088,1251.37,5.2149,3.6079,0.2122,1
now_cow,2000,560,144,0.2571,0.42,0.6122,2049.31,4.9767,2.6226,0.1725,1
now_cow,2200,632,127,0.2009,0.35,0.5741,2241.73,4.852,2.1857,0.1643,1
now_cow,3200,6,0,0.0,0.07,0.0,3200.0,0.0,0.0,0.1362,0
now_cow,1600,452,217,0.4801,0.6,0.8001,1661.75,5.3845,4.2957,0.1149,0
now_cow,2600,267,40,0.1498,0.22,0.681,2627.5,3.7136,1.4618,0.0833,1
now_cow,2800,86,9,0.1047,0.16,0.6541,2855.56,2.3026,0.6881,0.0748,1
now_cow,2400,355,76,0.2141,0.28,0.7646,2423.68,4.3438,2.2539,0.0725,0
now_cow,800,370,316,0.8541,0.9,0.9489,819.62,5.7589,4.0312,0.0402,0
noya2,800,1279,1209,0.9453,0.9,1.0503,816.71,7.0984,5.48,0.0,0
noya2,1000,684,609,0.8904,0.85,1.0475,1064.7,6.4135,6.0797,0.0,0
noya2,1200,862,741,0.8596,0.78,1.1021,1253.71,6.6093,7.1231,0.0,0
noya2,1400,939,725,0.7721,0.7,1.103,1447.45,6.5876,7.3621,0.0,0
noya2,1600,996,793,0.7962,0.6,1.327,1657.76,6.6771,8.8129,0.0,0
noya2,1800,1337,954,0.7135,0.5,1.4271,1854.09,6.8617,9.0778,0.0,0
noya2,2000,1248,756,0.6058,0.42,1.4423,2047.49,6.6294,8.2224,0.0,0
noya2,2200,1363,756,0.5547,0.35,1.5847,2250.66,6.6294,8.2758,0.0,0
noya2,2400,1302,621,0.477,0.28,1.7034,2440.74,6.4329,7.4888,0.0,0
noya2,2600,760,310,0.4079,0.22,1.8541,2641.61,5.7398,6.1846,0.0,0
noya2,2800,415,126,0.3036,0.16,1.8976,2832.54,4.8442,4.166,0.0,0
noya2,3000,104,43,0.4135,0.11,2.0,3041.86,3.7842,4.7593,0.0,0
noya2,3200,32,14,0.4375,0.07,2.0,3250.0,2.7081,3.8505,0.0,0
noya2,3400,1,1,1.0,0.04,2.0,3500.0,0.6931,2.426,0.0,0
nullbrain_,2400,15,0,0.0,0.28,0.0,2400.0,0.0,0.0,0.7763,0
nullbrain_,800,21,10,0.4762,0.9,0.5291,810.0,2.3979,0.9249,0.3855,1
nullbrain_,1200,12,6,0.5,0.78,0.641,1300.0,1.9459,1.2648,0.2438,0
nullbrain_,1000,16,10,0.625,0.85,0.7353,1060.0,2.3979,1.5886,0.1876,0
nullbrain_,1400,10,6,0.6,0.7,0.8571,1400.0,1.9459,1.6346,0.0814,0
nullbrain_,1600,13,7,0.5385,0.6,0.8974,1600.0,2.0794,1.7915,0.0527,0
nullbrain_,1800,27,15,0.5556,0.5,1.1111,1820.0,2.7726,2.8034,0.0,0
nullbrain_,2000,15,8,0.5333,0.42,1.2698,2025.0,2.1972,2.373,0.0,0
nullbrain_,2200,44,18,0.4091,0.35,1.1688,2244.44,2.9444,2.7035,0.0,0
nullbrain_,2600,8,8,1.0,0.22,2.0,2650.0,2.1972,5.8226,0.0,0
o7ro,800,44,33,0.75,0.9,0.8333,821.21,3.5264,2.1719,0.1261,0
o7ro,2400,117,22,0.188,0.28,0.6716,2481.82,3.1355,1.4632,0.1061,1
o7ro,1800,52,22,0.4231,0.5,0.8462,1872.73,3.1355,2.4843,0.0739,0
o7ro,1600,35,20,0.5714,0.6,0.9524,1670.0,3.0445,2.9053,0.0253,0
o7ro,1000,17,17,1.0,0.85,1.1765,1076.47,2.8904,3.1114,0.0,0
o7ro,1200,21,19,0.9048,0.78,1.16,1263.16,2.9957,3.4237,0.0,0
o7ro,1400,8,8,1.0,0.7,1.4286,1500.0,2.1972,3.2958,0.0,0
o7ro,2000,3,3,1.0,0.42,2.0,2000.0,1.3863,2.7726,0.0,0
o7ro,2200,72,29,0.4028,0.35,1.1508,2234.48,3.4012,3.0611,0.0,0
o7ro,3000,24,4,0.1667,0.11,1.5152,3100.0,1.6094,0.8315,0.0,0
ocharin,1400,566,283,0.5,0.7,0.7143,1440.64,5.649,4.0691,0.1907,1
ocharin,1200,523,306,0.5851,0.78,0.7501,1252.29,5.7268,4.196,0.1814,0
ocharin,1000,272,202,0.7426,0.85,0.8737,1057.92,5.3132,4.1744,0.0954,0
ocharin,800,487,416,0.8542,0.9,0.9491,820.43,6.0331,4.2281,0.0403,0
ocharin,1600,471,288,0.6115,0.6,1.0191,1653.12,5.6664,5.7278,0.0,0
ocharin,1800,721,373,0.5173,0.5,1.0347,1857.64,5.9243,5.6934,0.0,0
ocharin,2000,715,326,0.4559,0.42,1.0856,2050.0,5.79,5.4118,0.0,0
ocharin,2200,738,278,0.3767,0.35,1.0763,2253.96,5.6312,4.7812,0.0,0
ocharin,2400,676,224,0.3314,0.28,1.1834,2448.21,5.4161,4.3938,0.0,0
ocharin,2600,452,130,0.2876,0.22,1.3073,2656.92,4.8752,3.7254,0.0,0
ocharin,2800,162,51,0.3148,0.16,1.9676,2835.29,3.9512,3.5269,0.0,0
ocharin,3000,123,29,0.2358,0.11,2.0,3075.86,3.4012,2.4666,0.0,0
ocharin,3200,51,19,0.3725,0.07,2.0,3257.89,2.9957,3.636,0.0,0
ocharin,3400,24,4,0.1667,0.04,2.0,3500.0,1.6094,0.9388,0.0,0
ococonomy1,1800,1136,333,0.2931,0.5,0.5863,1854.35,5.8111,3.1588,0.2137,1
ococonomy1,2800,48,3,0.0625,0.16,0.3906,2900.0,1.3863,0.2513,0.159,1
ococonomy1,2000,676,199,0.2944,0.42,0.7009,2045.23,5.2983,3.19,0.13,1
ococonomy1,1200,497,320,0.6439,0.78,0.8255,1255.62,5.7714,4.6659,0.1249,0
ococonomy1,2200,635,153,0.2409,0.35,0.6884,2237.91,5.037,2.716,0.1166,1
ococonomy1,1600,697,339,0.4864,0.6,0.8106,1648.67,5.8289,4.674,0.109,0
ococonomy1,1400,435,256,0.5885,0.7,0.8407,1444.92,5.5491,4.7186,0.1035,0
ococonomy1,2600,106,16,0.1509,0.22,0.6861,2637.5,2.8332,1.1279,0.0842,1
ococonomy1,2400,312,70,0.2244,0.28,0.8013,2444.29,4.2627,2.3376,0.0608,0
ococonomy1,3000,39,3,0.0769,0.11,0.6993,3000.0,1.3863,0.3199,0.0511,1
ococonomy1,800,581,513,0.883,0.9,0.9811,818.71,6.2422,4.5125,0.015,0
ococonomy1,1000,286,250,0.8741,0.85,1.0284,1062.8,5.5255,5.1333,0.0,0
octane,1400,425,172,0.4047,0.7,0.5782,1436.63,5.1533,2.9962,0.2906,1
octane,2800,5,0,0.0,0.16,0.0,2800.0,0.0,0.0,0.2867,0
octane,1800,567,159,0.2804,0.5,0.5608,1853.46,5.0752,2.6378,0.2292,1
octane,1200,320,184,0.575,0.78,0.7372,1254.35,5.2204,3.7652,0.1902,1
octane,2000,594,155,0.2609,0.42,0.6213,2035.48,5.0499,2.6822,0.168,1
octane,2200,400,80,0.2,0.35,0.5714,2251.25,4.3944,1.9786,0.1667,1
octane,2400,332,47,0.1416,0.28,0.5056,2425.53,3.8712,1.3293,0.1651,1
octane,800,485,357,0.7361,0.9,0.8179,819.05,5.8805,3.5453,0.1474,0
octane,1600,455,215,0.4725,0.6,0.7875,1661.4,5.3753,4.2199,0.1224,0
octane,2600,22,3,0.1364,0.22,0.6198,2600.0,1.3863,0.4915,0.1099,1
octane,1000,210,162,0.7714,0.85,0.9076,1058.02,5.0938,4.1575,0.069,0
ok12,1400,831,246,0.296,0.7,0.4229,1467.89,5.5094,2.394,0.4173,1
ok12,1000,793,337,0.425,0.85,0.5,1063.2,5.823,2.631,0.4159,1
ok12,1200,1040,400,0.3846,0.78,0.4931,1248.75,5.994,2.8788,0.3928,1
ok12,2000,205,27,0.1317,0.42,0.3136,2025.93,3.3322,0.8891,0.3546,1
ok12,800,1224,647,0.5286,0.9,0.5873,819.32,6.4739,2.8038,0.3534,1
ok12,1600,609,185,0.3038,0.6,0.5063,1635.68,5.2257,2.5966,0.3052,1
ok12,1800,369,91,0.2466,0.5,0.4932,1858.24,4.5218,2.0722,0.2714,1
ok12,2600,2,0,0.0,0.22,0.0,2600.0,0.0,0.0,0.2417,0
ok12,2800,3,0,0.0,0.16,0.0,2800.0,0.0,0.0,0.2218,0
ok12,2400,40,6,0.15,0.28,0.5357,2450.0,1.9459,0.7151,0.1639,1
ok12,3400,2,0,0.0,0.04,0.0,3400.0,0.0,0.0,0.0439,0
ok12,2200,15,9,0.6,0.35,1.7143,2200.0,2.3026,3.0394,0.0,0
omaltsev,1800,305,8,0.0262,0.5,0.0525,1862.5,2.1972,0.1073,0.8481,1
omaltsev,1400,157,14,0.0892,0.7,0.1274,1428.57,2.7081,0.345,0.834,1
omaltsev,2600,21,0,0.0,0.22,0.0,2600.0,0.0,0.0,0.68,1
omaltsev,1200,126,24,0.1905,0.78,0.2442,1250.0,3.2189,0.7664,0.6769,1
omaltsev,1600,111,17,0.1532,0.6,0.2553,1641.18,2.8904,0.7265,0.542,1
omaltsev,2000,94,7,0.0745,0.42,0.1773,2000.0,2.0794,0.3097,0.511,1
omaltsev,2200,82,5,0.061,0.35,0.1742,2200.0,1.7918,0.2404,0.4575,1
omaltsev,1000,38,17,0.4474,0.85,0.5263,1094.12,2.8904,1.4148,0.3792,1
omaltsev,2400,148,9,0.0608,0.28,0.2172,2455.56,2.3026,0.3438,0.3321,1
omaltsev,2800,99,2,0.0202,0.16,0.1263,2900.0,1.0986,0.0644,0.3068,1
omaltsev,800,48,35,0.7292,0.9,0.8102,820.0,3.5835,2.1426,0.1451,0
omsincoconut,2600,419,20,0.0477,0.22,0.217,2625.0,3.0445,0.3815,0.2573,1
omsincoconut,2200,1321,191,0.1446,0.35,0.4131,2242.41,5.2575,1.7046,0.2359,1
omsincoconut,2400,669,65,0.0972,0.28,0.347,2432.31,4.1897,0.9901,0.2293,1
omsincoconut,1600,814,335,0.4115,0.6,0.6859,1662.99,5.8171,3.9812,0.1853,1
omsincoconut,2000,1154,285,0.247,0.42,0.588,2038.25,5.656,2.8471,0.1833,1
omsincoconut,1400,576,298,0.5174,0.7,0.7391,1449.66,5.7004,4.2753,0.1733,1
omsincoconut,1200,545,324,0.5945,0.78,0.7622,1250.93,5.7838,4.3013,0.1723,0
omsincoconut,2800,144,8,0.0556,0.16,0.3472,2800.0,2.1972,0.3418,0.1626,1
omsincoconut,1800,899,318,0.3537,0.5,0.7075,1856.6,5.7652,3.7862,0.1471,1
omsincoconut,800,750,576,0.768,0.9,0.8533,821.01,6.3578,4.0088,0.1188,0
omsincoconut,1000,357,262,0.7339,0.85,0.8634,1059.92,5.5722,4.3344,0.1039,0
omsincoconut,3200,51,3,0.0588,0.07,0.8403,3300.0,1.3863,0.2691,0.0185,0
omsincoconut,3000,20,5,0.25,0.11,2.0,3100.0,1.7918,1.3886,0.0,0
omsincoconut,3400,67,5,0.0746,0.04,1.8657,3500.0,1.7918,0.468,0.0,0
onlyfanz,3000,6,0,0.0,0.11,0.0,3000.0,0.0,0.0,0.2141,0
onlyfanz,2200,83,21,0.253,0.35,0.7229,2219.05,3.091,1.7355,0.105,1
onlyfanz,800,38,32,0.8421,0.9,0.9357,812.5,3.4965,2.3923,0.0472,0
onlyfanz,1000,32,26,0.8125,0.85,0.9559,1076.92,3.2958,2.8839,0.0305,0
onlyfanz,2400,82,22,0.2683,0.28,0.9582,2454.55,3.1355,2.0648,0.0125,0
onlyfanz,1200,25,20,0.8,0.78,1.0256,1260.0,3.0445,3.0689,0.0,0
onlyfanz,1400,15,15,1.0,0.7,1.4286,1500.0,2.7726,4.1589,0.0,0
onlyfanz,1600,20,20,1.0,0.6,1.6667,1635.0,3.0445,4.9778,0.0,0
onlyfanz,1800,35,29,0.8286,0.5,1.6571,1848.28,3.4012,5.2087,0.0,0
onlyfanz,2000,67,30,0.4478,0.42,1.0661,2070.0,3.434,3.1828,0.0,0
onlyfanz,2600,26,8,0.3077,0.22,1.3986,2662.5,2.1972,1.8,0.0,0
oqmsac,3000,12,0,0.0,0.11,0.0,3000.0,0.0,0.0,0.2821,0
oqmsac,2400,171,16,0.0936,0.28,0.3342,2462.5,2.8332,0.6528,0.2504,1
oqmsac,1400,218,107,0.4908,0.7,0.7012,1441.12,4.6821,3.3119,0.1984,1
oqmsac,2600,66,8,0.1212,0.22,0.551,2637.5,2.1972,0.7024,0.1299,1
oqmsac,1000,108,78,0.7222,0.85,0.8497,1067.95,4.3694,3.3701,0.1116,0
oqmsac,1200,176,116,0.6591,0.78,0.845,1256.03,4.7622,3.9423,0.1086,0
oqmsac,1800,338,134,0.3964,0.5,0.7929,1855.97,4.9053,3.6093,0.1022,0
oqmsac,2000,307,101,0.329,0.42,0.7833,2052.48,4.625,3.123,0.0927,0
oqmsac,1600,264,142,0.5379,0.6,0.8965,1657.75,4.9628,4.4252,0.0581,0
oqmsac,800,202,186,0.9208,0.9,1.0231,818.28,5.2311,3.9415,0.0,0
oqmsac,2200,182,67,0.3681,0.35,1.0518,2229.85,4.2195,3.4637,0.0,0
oqmsac,2800,34,6,0.1765,0.16,1.1029,2800.0,1.9459,0.9615,0.0,0
orange_man,800,38,33,0.8684,0.9,0.9649,809.09,3.5264,2.4777,0.0256,0
orange_man,1000,26,26,1.0,0.85,1.1765,1061.54,3.2958,3.4987,0.0,0
orange_man,1200,22,19,0.8636,0.78,1.1072,1273.68,2.9957,3.2953,0.0,0
orange_man,1400,21,21,1.0,0.7,1.4286,1433.33,3.091,4.4305,0.0,0
orange_man,1600,15,15,1.0,0.6,1.6667,1640.0,2.7726,4.547,0.0,0
orange_man,1800,30,30,1.0,0.5,2.0,1850.0,3.434,6.3529,0.0,0
orange_man,2000,43,36,0.8372,0.42,1.9934,2083.33,3.6109,6.2981,0.0,0
orange_man,2200,36,36,1.0,0.35,2.0,2233.33,3.6109,8.0644,0.0,0
orange_man,2400,20,20,1.0,0.28,2.0,2430.0,3.0445,7.3982,0.0,0
orange_man,2600,22,22,1.0,0.22,2.0,2650.0,3.1355,8.3091,0.0,0
orange_man,2800,8,8,1.0,0.16,2.0,2837.5,2.1972,6.2346,0.0,0
orange_man,3000,11,11,1.0,0.11,2.0,3000.0,2.4849,7.4547,0.0,0
orz,800,313,204,0.6518,0.9,0.7242,814.22,5.323,2.8248,0.2257,1
orz,1000,182,129,0.7088,0.85,0.8339,1052.71,4.8675,3.6319,0.1254,0
orz,2200,551,177,0.3212,0.35,0.9178,2256.5,5.1818,3.7561,0.0294,0
orz,2800,327,49,0.1498,0.16,0.9365,2838.78,3.912,1.6641,0.012,0
orz,1200,232,194,0.8362,0.78,1.0721,1251.55,5.273,5.5185,0.0,0
orz,1400,324,237,0.7315,0.7,1.045,1455.7,5.4723,5.827,0.0,0
orz,1600,461,281,0.6095,0.6,1.0159,1660.5,5.6419,5.7104,0.0,0
orz,1800,609,311,0.5107,0.5,1.0213,1850.48,5.743,5.4271,0.0,0
orz,2000,580,284,0.4897,0.42,1.1658,2049.65,5.6525,5.673,0.0,0
orz,2400,467,256,0.5482,0.28,1.9578,2440.62,5.5491,7.4241,0.0,0
orz,2600,340,126,0.3706,0.22,1.6845,2627.78,4.8442,4.7174,0.0,0
orz,3000,256,33,0.1289,0.11,1.1719,3036.36,3.5264,1.3802,0.0,0
orz,3200,136,12,0.0882,0.07,1.2605,3250.0,2.5649,0.7355,0.0,0
orz,3400,22,11,0.5,0.04,2.0,3454.55,2.4849,4.2921,0.0,0
overthinker,1400,1241,458,0.3691,0.7,0.5272,1436.03,6.1291,3.2482,0.3307,1
overthinker,1200,1143,584,0.5109,0.78,0.655,1251.71,6.3716,4.0749,0.257,1
overthinker,2000,1231,242,0.1966,0.42,0.4681,2030.17,5.4931,2.1923,0.2449,1
overthinker,1000,938,562,0.5991,0.85,0.7049,1056.41,6.3333,4.0086,0.2341,1
overthinker,1600,293,109,0.372,0.6,0.62,1661.47,4.7005,2.9053,0.2273,1
overthinker,800,1778,1171,0.6586,0.9,0.7318,819.98,7.0665,3.8162,0.224,1
overthinker,1800,1030,319,0.3097,0.5,0.6194,1881.19,5.7683,3.3607,0.1951,1
overthinker,2400,234,37,0.1581,0.28,0.5647,2440.54,3.6376,1.4037,0.1435,1
overthinker,2200,229,65,0.2838,0.35,0.811,2244.62,4.1897,2.6693,0.0693,0
overthinker,3400,1,0,0.0,0.04,0.0,3400.0,0.0,0.0,0.0277,0
overthinker,2600,82,23,0.2805,0.22,1.2749,2626.09,3.1781,2.3409,0.0,0
overthinker,2800,9,4,0.4444,0.16,2.0,2875.0,1.6094,2.0565,0.0,0
overthinker,3000,15,6,0.4,0.11,2.0,3066.67,1.9459,2.387,0.0,0
oyzr,1200,67,30,0.4478,0.78,0.5741,1266.67,3.434,1.9476,0.3162,1
oyzr,1400,119,47,0.395,0.7,0.5642,1436.17,3.8712,2.1958,0.2998,1
oyzr,1000,71,40,0.5634,0.85,0.6628,1055.0,3.7136,2.2072,0.2601,1
oyzr,800,134,86,0.6418,0.9,0.7131,824.42,4.4659,2.3629,0.2317,1
oyzr,1800,135,40,0.2963,0.5,0.5926,1870.0,3.7136,2.0576,0.2123,1
oyzr,1600,138,60,0.4348,0.6,0.7246,1658.33,4.1109,2.964,0.1595,1
oyzr,2000,190,68,0.3579,0.42,0.8521,2050.0,4.2341,3.1065,0.0623,0
oyzr,2200,361,121,0.3352,0.35,0.9577,2257.85,4.804,3.6356,0.015,0
oyzr,2400,905,271,0.2994,0.28,1.0695,2444.65,5.6058,4.1037,0.0,0
oyzr,2600,884,213,0.241,0.22,1.0952,2641.31,5.366,3.415,0.0,0
oyzr,2800,649,179,0.2758,0.16,1.7238,2817.88,5.193,4.0359,0.0,0
oyzr,3000,434,130,0.2995,0.11,2.0,3025.38,4.8752,4.418,0.0,0
oyzr,3200,83,26,0.3133,0.07,2.0,3226.92,3.2958,3.3316,0.0,0
oyzr,3400,148,38,0.2568,0.04,2.0,3468.42,3.6636,3.2626,0.0,0
pandaforever,2800,33,0,0.0,0.16,0.0,2800.0,0.0,0.0,0.5642,1
pandaforever,3200,4,0,0.0,0.07,0.0,3200.0,0.0,0.0,0.1127,0
pandaforever,1200,79,57,0.7215,0.78,0.925,1240.35,4.0604,3.6338,0.0506,0
pandaforever,800,48,47,0.9792,0.9,1.088,800.0,3.8712,3.0324,0.0,0
pandaforever,1000,32,32,1.0,0.85,1.1765,1059.38,3.4965,3.7041,0.0,0
pandaforever,1400,57,45,0.7895,0.7,1.1278,1444.44,3.8286,4.366,0.0,0
pandaforever,1600,55,47,0.8545,0.6,1.4242,1685.11,3.8712,5.5745,0.0,0
pandaforever,1800,106,68,0.6415,0.5,1.283,1863.24,4.2341,5.061,0.0,0
pandaforever,2000,113,60,0.531,0.42,1.2642,2056.67,4.1109,4.4892,0.0,0
pandaforever,2200,149,77,0.5168,0.35,1.4765,2271.43,4.3567,5.114,0.0,0
pandaforever,2400,123,42,0.3415,0.28,1.2195,2445.24,3.7612,3.1404,0.0,0
pandaforever,2600,89,42,0.4719,0.22,2.0,2640.48,3.7612,4.6867,0.0,0
pandaforever,3000,43,5,0.1163,0.11,1.0571,3100.0,1.7918,0.6459,0.0,0
pangz,1600,1540,497,0.3227,0.6,0.5379,1657.14,6.2106,3.3215,0.2823,1
pangz,1400,940,404,0.4298,0.7,0.614,1450.74,6.0039,3.7435,0.2642,1
pangz,1800,2349,599,0.255,0.5,0.51,1861.27,6.3969,3.0362,0.2571,1
pangz,1000,713,424,0.5947,0.85,0.6996,1063.68,6.0521,3.8282,0.2379,1
pangz,1200,861,487,0.5656,0.78,0.7252,1251.54,6.1903,4.3821,0.2015,1
pangz,2000,1651,392,0.2374,0.42,0.5653,2057.91,5.9738,2.9189,0.194,1
pangz,2400,716,89,0.1243,0.28,0.4439,2443.82,4.4998,1.3669,0.1861,1
pangz,3200,12,0,0.0,0.07,0.0,3200.0,0.0,0.0,0.1795,0
pangz,2600,362,41,0.1133,0.22,0.5148,2656.1,3.7377,1.1244,0.1328,1
pangz,800,1040,818,0.7865,0.9,0.8739,816.75,6.7081,4.3093,0.1023,0
pangz,2200,875,244,0.2789,0.35,0.7967,2240.98,5.5013,3.4378,0.0741,0
pangz,3000,77,8,0.1039,0.11,0.9445,3037.5,2.1972,0.6934,0.0083,0
pangz,2800,15,5,0.3333,0.16,2.0,2800.0,1.7918,1.6723,0.0,0
panospask,1400,272,141,0.5184,0.7,0.7405,1450.35,4.9558,3.726,0.1711,1
panospask,2000,964,265,0.2749,0.42,0.6545,2053.96,5.5835,3.1526,0.1515,1
panospask,1000,122,83,0.6803,0.85,0.8004,1061.45,4.4308,3.1996,0.1503,0
panospask,2200,1001,222,0.2218,0.35,0.6337,2240.54,5.4072,2.6868,0.1383,1
panospask,800,220,176,0.8,0.9,0.8889,819.89,5.1761,3.3951,0.0874,0
panospask,1800,587,246,0.4191,0.5,0.8382,1850.0,5.5094,4.2714,0.0793,0
panospask,1200,116,82,0.7069,0.78,0.9063,1247.56,4.4188,3.897,0.0642,0
panospask,2600,337,56,0.1662,0.22,0.7553,2650.0,4.0431,1.7804,0.0622,0
panospask,2400,379,94,0.248,0.28,0.8858,2439.36,4.5539,2.7552,0.0342,0
panospask,1600,309,194,0.6278,0.6,1.0464,1665.46,5.273,5.5136,0.0,0
panospask,2800,45,15,0.3333,0.16,2.0,2820.0,2.7726,2.6062,0.0,0
panospask,3000,42,9,0.2143,0.11,1.9481,3000.0,2.3026,1.4802,0.0,0
panospask,3200,13,1,0.0769,0.07,1.0989,3200.0,0.6931,0.1706,0.0,0
paracompact,800,1101,975,0.8856,0.9,0.984,817.95,6.8835,4.986,0.0128,0
paracompact,1000,552,464,0.8406,0.85,0.9889,1061.21,6.142,5.4789,0.0083,0
paracompact,1200,660,526,0.797,0.78,1.0218,1253.42,6.2672,6.2606,0.0,0
paracompact,1400,672,485,0.7217,0.7,1.031,1437.73,6.1862,6.4191,0.0,0
paracompact,1600,797,502,0.6299,0.6,1.0498,1654.38,6.2206,6.4821,0.0,0
paracompact,1800,984,626,0.6362,0.5,1.2724,1857.03,6.4409,7.6093,0.0,0
paracompact,2000,771,385,0.4994,0.42,1.1889,2055.06,5.9558,6.1119,0.0,0
paracompact,2200,703,374,0.532,0.35,1.52,2252.94,5.9269,7.1039,0.0,0
paracompact,2400,744,433,0.582,0.28,2.0,2447.11,6.073,8.6492,0.0,0
paracompact,2600,239,119,0.4979,0.22,2.0,2634.45,4.7875,6.2798,0.0,0
paracompact,2800,130,41,0.3154,0.16,1.9712,2843.9,3.7377,3.3524,0.0,0
paracompact,3000,90,32,0.3556,0.11,2.0,3075.0,3.4965,3.8228,0.0,0
paracompact,3200,22,8,0.3636,0.07,2.0,3262.5,2.1972,2.6067,0.0,0
paracompact,3400,43,8,0.186,0.04,2.0,3500.0,2.1972,1.4308,0.0,0
parkky,3000,3,0,0.0,0.11,0.0,3000.0,0.0,0.0,0.1525,0
parkky,800,415,400,0.9639,0.9,1.071,817.25,5.994,4.7215,0.0,0
parkky,1000,148,129,0.8716,0.85,1.0254,1062.02,4.8675,4.5058,0.0,0
parkky,1200,219,193,0.8813,0.78,1.1298,1248.7,5.2679,5.797,0.0,0
parkky,1400,239,218,0.9121,0.7,1.303,1442.2,5.3891,7.0892,0.0,0
parkky,1600,304,253,0.8322,0.6,1.3871,1660.08,5.5373,7.6503,0.0,0
parkky,1800,338,219,0.6479,0.5,1.2959,1861.19,5.3936,6.5043,0.0,0
parkky,2000,322,205,0.6366,0.42,1.5158,2044.39,5.3279,6.9345,0.0,0
parkky,2200,150,116,0.7733,0.35,2.0,2251.72,4.7622,8.2925,0.0,0
parkky,2400,115,65,0.5652,0.28,2.0,2416.92,4.1897,5.7234,0.0,0
parkky,2600,21,11,0.5238,0.22,2.0,2618.18,2.4849,3.4079,0.0,0
parkky,2800,12,4,0.3333,0.16,2.0,2800.0,1.6094,1.5021,0.0,0
patak,1600,379,182,0.4802,0.6,0.8004,1655.49,5.2095,4.1415,0.1146,0
patak,1200,259,172,0.6641,0.78,0.8514,1254.65,5.1533,4.2937,0.1047,0
patak,2000,662,214,0.3233,0.42,0.7697,2059.81,5.3706,3.5761,0.0987,0
patak,1400,331,202,0.6103,0.7,0.8718,1458.42,5.3132,4.7289,0.0825,0
patak,1800,427,181,0.4239,0.5,0.8478,1855.25,5.204,4.0925,0.0743,0
patak,2200,626,179,0.2859,0.35,0.817,2243.58,5.193,3.3315,0.0666,0
patak,800,254,210,0.8268,0.9,0.9186,827.14,5.3519,3.6599,0.0639,0
patak,1000,163,130,0.7975,0.85,0.9383,1042.31,4.8752,4.0527,0.0455,0
patak,2400,487,136,0.2793,0.28,0.9974,2427.94,4.92,3.3359,0.0008,0
patak,2600,216,64,0.2963,0.22,1.3468,2659.38,4.1744,3.2893,0.0,0
patak,2800,177,46,0.2599,0.16,1.6243,2834.78,3.8501,2.8365,0.0,0
patak,3000,49,8,0.1633,0.11,1.4842,3050.0,2.1972,1.0941,0.0,0
patak,3200,53,9,0.1698,0.07,2.0,3200.0,2.3026,1.2512,0.0,0
peace,3000,54,0,0.0,0.11,0.0,3000.0,0.0,0.0,0.4408,1
peace,800,59,55,0.9322,0.9,1.0358,843.64,4.0254,3.1657,0.0,0
peace,1000,24,24,1.0,0.85,1.1765,1054.17,3.2189,3.3932,0.0,0
peace,1200,47,45,0.9574,0.78,1.2275,1266.67,3.8286,4.6432,0.0,0
peace,1400,35,27,0.7714,0.7,1.102,1459.26,3.3322,3.7511,0.0,0
peace,1600,39,24,0.6154,0.6,1.0256,1658.33,3.2189,3.2849,0.0,0
peace,1800,72,49,0.6806,0.5,1.3611,1844.9,3.912,4.9118,0.0,0
peace,2000,73,43,0.589,0.42,1.4025,2051.16,3.7842,4.5721,0.0,0
peace,2200,35,28,0.8,0.35,2.0,2221.43,3.3673,5.9842,0.0,0
peace,2400,69,25,0.3623,0.28,1.294,2424.0,3.2581,2.8615,0.0,0
peace,2600,28,7,0.25,0.22,1.1364,2657.14,2.0794,1.3813,0.0,0
peace,2800,7,7,1.0,0.16,2.0,2857.14,2.0794,5.9413,0.0,0
peace,3200,3,3,1.0,0.07,2.0,3300.0,1.3863,4.5748,0.0,0
pera2008,1400,1377,514,0.3733,0.7,0.5333,1448.44,6.2442,3.376,0.326,1
pera2008,1000,806,416,0.5161,0.85,0.6072,1058.17,6.0331,3.295,0.3177,1
pera2008,1200,943,471,0.4995,0.78,0.6403,1252.87,6.157,3.8528,0.2685,1
pera2008,800,1484,917,0.6179,0.9,0.6866,817.56,6.8222,3.4465,0.2634,1
pera2008,1600,1126,389,0.3455,0.6,0.5758,1653.21,5.9661,3.4075,0.2568,1
pera2008,1800,1362,437,0.3209,0.5,0.6417,1853.32,6.0822,3.6167,0.1826,1
pera2008,2000,972,291,0.2994,0.42,0.7128,2052.23,5.6768,3.4878,0.1243,1
pera2008,2600,563,68,0.1208,0.22,0.549,2642.65,4.2341,1.3515,0.1201,1
pera2008,2200,1393,333,0.2391,0.35,0.683,2247.15,5.8111,3.1217,0.1179,1
pera2008,2400,1170,215,0.1838,0.28,0.6563,2456.28,5.3753,2.4262,0.1067,1
pera2008,2800,45,17,0.3778,0.16,2.0,2811.76,2.8904,3.0702,0.0,0
pera2008,3000,48,9,0.1875,0.11,1.7045,3000.0,2.3026,1.2952,0.0,0
perchuts,1600,1363,538,0.3947,0.6,0.6579,1660.97,6.2897,4.1236,0.2033,1
perchuts,1400,717,361,0.5035,0.7,0.7193,1444.88,5.8916,4.286,0.1875,1
perchuts,1000,473,309,0.6533,0.85,0.7686,1060.84,5.7366,3.9756,0.1799,0
perchuts,1200,596,366,0.6141,0.78,0.7873,1253.55,5.9054,4.5459,0.1536,0
perchuts,800,856,671,0.7839,0.9,0.871,818.78,6.5103,4.1784,0.1044,0
perchuts,1800,1443,594,0.4116,0.5,0.8233,1855.22,6.3886,4.8789,0.087,0
perchuts,2000,1452,517,0.3561,0.42,0.8478,2048.94,6.25,4.5596,0.0642,0
perchuts,2200,1346,445,0.3306,0.35,0.9446,2252.13,6.1003,4.5422,0.0197,0
perchuts,2400,1573,450,0.2861,0.28,1.0217,2441.78,6.1115,4.2691,0.0,0
perchuts,2600,626,169,0.27,0.22,1.2271,2643.79,5.1358,3.6656,0.0,0
perchuts,2800,333,86,0.2583,0.16,1.6141,2826.74,4.4659,3.2602,0.0,0
perchuts,3000,95,32,0.3368,0.11,2.0,3040.62,3.4965,3.5812,0.0,0
perchuts,3200,40,16,0.4,0.07,2.0,3200.0,2.8332,3.6265,0.0,0
perchuts,3400,8,8,1.0,0.04,2.0,3437.5,2.1972,7.553,0.0,0
permutation,1000,172,110,0.6395,0.85,0.7524,1065.45,4.7095,3.2091,0.19,0
permutation,1400,213,136,0.6385,0.7,0.9121,1446.32,4.92,4.5435,0.0557,0
permutation,1200,142,107,0.7535,0.78,0.9661,1241.12,4.6821,4.3788,0.0231,0
permutation,2600,375,76,0.2027,0.22,0.9212,2644.74,4.3438,2.3283,0.0192,0
permutation,1800,349,170,0.4871,0.5,0.9742,1862.35,5.1417,4.6643,0.0123,0
permutation,800,194,183,0.9433,0.9,1.0481,817.49,5.2149,4.0214,0.0,0
permutation,1600,234,145,0.6197,0.6,1.0328,1645.52,4.9836,5.0816,0.0,0
permutation,2000,467,208,0.4454,0.42,1.0605,2049.52,5.3423,4.8767,0.0,0
permutation,2200,262,117,0.4466,0.35,1.2759,2252.99,4.7707,4.7998,0.0,0
permutation,2400,298,147,0.4933,0.28,1.7617,2459.18,4.9972,6.0621,0.0,0
permutation,2800,264,77,0.2917,0.16,1.8229,2850.65,4.3567,3.6223,0.0,0
permutation,3000,106,22,0.2075,0.11,1.8868,3050.0,3.1355,1.9848,0.0,0
permutation,3200,60,20,0.3333,0.07,2.0,3220.0,3.0445,3.2678,0.0,0
permutation,3400,105,21,0.2,0.04,2.0,3461.9,3.091,2.1402,0.0,0
peti1234,800,2773,2333,0.8413,0.9,0.9348,822.63,7.7553,5.3675,0.0531,0
peti1234,1000,1623,1295,0.7979,0.85,0.9387,1054.9,7.167,6.0326,0.0472,0
peti1234,1200,1967,1470,0.7473,0.78,0.9581,1251.7,7.2937,6.8228,0.0299,0
peti1234,1400,2195,1609,0.733,0.7,1.0472,1448.73,7.384,7.8415,0.0,0
peti1234,1600,2682,1774,0.6614,0.6,1.1024,1654.85,7.4816,8.1893,0.0,0
peti1234,1800,3300,2019,0.6118,0.5,1.2236,1855.92,7.6109,8.642,0.0,0
peti1234,2000,3234,1795,0.555,0.42,1.3215,2049.03,7.4933,8.5221,0.0,0
peti1234,2200,3345,1755,0.5247,0.35,1.499,2246.5,7.4708,8.8055,0.0,0
peti1234,2400,3966,1772,0.4468,0.28,1.5957,2450.0,7.4804,8.1885,0.0,0
peti1234,2600,2760,1227,0.4446,0.22,2.0,2647.92,7.1131,8.3734,0.0,0
peti1234,2800,1662,745,0.4483,0.16,2.0,2840.0,6.6147,8.4208,0.0,0
peti1234,3000,1417,473,0.3338,0.11,2.0,3041.01,6.1612,6.2543,0.0,0
peti1234,3200,894,298,0.3333,0.07,2.0,3251.68,5.7004,6.1787,0.0,0
peti1234,3400,638,200,0.3135,0.04,2.0,3472.5,5.3033,5.773,0.0,0
phoenix0423,1600,763,336,0.4404,0.6,0.7339,1670.54,5.8201,4.2815,0.1554,1
phoenix0423,1000,319,222,0.6959,0.85,0.8187,1060.81,5.4072,3.9918,0.1387,0
phoenix0423,800,521,391,0.7505,0.9,0.8339,814.58,5.9713,3.6504,0.1342,0
phoenix0423,1400,407,238,0.5848,0.7,0.8354,1444.12,5.4765,4.6247,0.107,0
phoenix0423,1200,345,240,0.6957,0.78,0.8919,1254.17,5.4848,4.7853,0.076,0
phoenix0423,1800,1186,514,0.4334,0.5,0.8668,1843.97,6.2442,4.9901,0.0651,0
phoenix0423,2000,848,310,0.3656,0.42,0.8704,2050.65,5.7398,4.3028,0.0545,0
phoenix0423,2200,594,272,0.4579,0.35,1.3083,2255.88,5.6095,5.7946,0.0,0
phoenix0423,2400,759,242,0.3188,0.28,1.1387,2454.96,5.4931,4.2996,0.0,0
phoenix0423,2600,424,104,0.2453,0.22,1.1149,2632.69,4.654,3.0053,0.0,0
phoenix0423,2800,149,29,0.1946,0.16,1.2164,2820.69,3.4012,1.8672,0.0,0
phoenix0423,3000,29,8,0.2759,0.11,2.0,3012.5,2.1972,1.826,0.0,0
physics0523,1200,1488,1139,0.7655,0.78,0.9814,1251.1,7.0388,6.7408,0.0132,0
physics0523,800,1865,1662,0.8912,0.9,0.9902,822.56,7.4164,5.4364,0.0079,0
physics0523,1000,1071,903,0.8431,0.85,0.9919,1057.48,6.8068,6.0689,0.0061,0
physics0523,1400,1575,1201,0.7625,0.7,1.0893,1451.04,7.0917,7.8468,0.0,0
physics0523,1600,1987,1344,0.6764,0.6,1.1273,1657.51,7.2041,8.0768,0.0,0
physics0523,1800,2305,1411,0.6121,0.5,1.2243,1854.29,7.2528,8.2326,0.0,0
physics0523,2000,2508,1286,0.5128,0.42,1.2209,2048.83,7.1601,7.5221,0.0,0
physics0523,2200,3069,1147,0.3737,0.35,1.0678,2247.78,7.0458,5.919,0.0,0
physics0523,2400,3000,1010,0.3367,0.28,1.2024,2444.95,6.9187,5.695,0.0,0
physics0523,2600,1549,380,0.2453,0.22,1.1151,2640.0,5.9428,3.8488,0.0,0
physics0523,2800,696,168,0.2414,0.16,1.5086,2848.81,5.1299,3.5275,0.0,0
physics0523,3000,231,45,0.1948,0.11,1.771,3020.0,3.8286,2.2524,0.0,0
physics0523,3200,124,26,0.2097,0.07,2.0,3226.92,3.2958,2.23,0.0,0
physics0523,3400,40,9,0.225,0.04,2.0,3500.0,2.3026,1.8133,0.0,0
piaoyun,3000,1,0,0.0,0.11,0.0,3000.0,0.0,0.0,0.0762,0
piaoyun,800,487,397,0.8152,0.9,0.9058,807.05,5.9865,3.9385,0.0751,0
piaoyun,1200,257,182,0.7082,0.78,0.9079,1258.24,5.2095,4.6419,0.0642,0
piaoyun,1000,130,101,0.7769,0.85,0.914,1060.4,4.625,3.8103,0.0633,0
piaoyun,1600,320,175,0.5469,0.6,0.9115,1673.71,5.1705,4.7326,0.0497,0
piaoyun,1800,650,301,0.4631,0.5,0.9262,1878.74,5.7104,4.9681,0.0356,0
piaoyun,2000,437,183,0.4188,0.42,0.9971,2044.81,5.2149,4.4655,0.0012,0
piaoyun,1400,168,139,0.8274,0.7,1.182,1437.41,4.9416,5.877,0.0,0
piaoyun,2200,491,220,0.4481,0.35,1.2802,2251.36,5.3982,5.4454,0.0,0
piaoyun,2400,1458,587,0.4026,0.28,1.4379,2420.78,6.3767,6.2149,0.0,0
piaoyun,2600,680,349,0.5132,0.22,2.0,2621.2,5.8579,7.8806,0.0,0
piaoyun,2800,111,29,0.2613,0.16,1.6329,2858.62,3.4012,2.5402,0.0,0
piaoyun,3200,12,3,0.25,0.07,2.0,3200.0,1.3863,1.109,0.0,0
pigstd,1200,290,157,0.5414,0.78,0.6941,1254.78,5.0626,3.4391,0.2233,1
pigstd,1000,177,112,0.6328,0.85,0.7444,1051.79,4.7274,3.1463,0.1965,1
pigstd,1400,461,238,0.5163,0.7,0.7375,1454.2,5.4765,4.1115,0.1741,1
pigstd,1600,555,263,0.4739,0.6,0.7898,1661.22,5.5759,4.3894,0.1212,0
pigstd,800,244,187,0.7664,0.9,0.8515,824.6,5.2364,3.3093,0.1179,0
pigstd,2000,1138,385,0.3383,0.42,0.8055,2049.35,5.9558,4.1293,0.0827,0
pigstd,2200,1084,369,0.3404,0.35,0.9726,2255.01,5.9135,4.5393,0.0097,0
pigstd,1800,595,293,0.4924,0.5,0.9849,1852.22,5.6836,5.184,0.0072,0
pigstd,2400,1679,477,0.2841,0.28,1.0146,2451.99,6.1696,4.2978,0.0,0
pigstd,2600,957,328,0.3427,0.22,1.5579,2649.09,5.7961,5.2625,0.0,0
pigstd,2800,1028,293,0.285,0.16,1.7814,2852.9,5.6836,4.6215,0.0,0
pigstd,3000,480,165,0.3438,0.11,2.0,3033.33,5.112,5.3303,0.0,0
pigstd,3200,195,72,0.3692,0.07,2.0,3245.83,4.2905,5.142,0.0,0
pigstd,3400,136,31,0.2279,0.04,2.0,3445.16,3.4657,2.7216,0.0,0
platter,1000,330,251,0.7606,0.85,0.8948,1052.59,5.5294,4.4269,0.0794,0
platter,1400,652,409,0.6273,0.7,0.8961,1445.23,6.0162,5.4542,0.0672,0
platter,1200,534,392,0.7341,0.78,0.9411,1254.85,5.9738,5.5028,0.0414,0
platter,800,429,379,0.8834,0.9,0.9816,815.04,5.9402,4.2772,0.0145,0
platter,1600,726,467,0.6433,0.6,1.0721,1661.24,6.1485,6.5702,0.0,0
platter,1800,1018,585,0.5747,0.5,1.1493,1855.9,6.3733,6.7972,0.0,0
platter,2000,1067,535,0.5014,0.42,1.1938,2047.85,6.2841,6.4526,0.0,0
platter,2200,1023,489,0.478,0.35,1.3657,2257.26,6.1944,6.6837,0.0,0
platter,2400,939,457,0.4867,0.28,1.7382,2444.2,6.1269,7.2883,0.0,0
platter,2600,1185,361,0.3046,0.22,1.3847,2636.84,5.8916,4.7327,0.0,0
platter,2800,1169,294,0.2515,0.16,1.5719,2839.12,5.687,4.0607,0.0,0
platter,3000,923,196,0.2124,0.11,1.9305,3050.51,5.2832,3.4223,0.0,0
platter,3200,466,82,0.176,0.07,2.0,3239.02,4.4188,2.5185,0.0,0
platter,3400,95,14,0.1474,0.04,2.0,3435.71,2.7081,1.3711,0.0,0
pocky9,2600,12,0,0.0,0.22,0.0,2600.0,0.0,0.0,0.5643,0
pocky9,800,26,14,0.5385,0.9,0.5983,807.14,2.7081,1.177,0.3213,1
pocky9,2800,3,0,0.0,0.16,0.0,2800.0,0.0,0.0,0.2218,0
pocky9,1400,16,8,0.5,0.7,0.7143,1425.0,2.1972,1.5655,0.1772,0
pocky9,1600,23,10,0.4348,0.6,0.7246,1660.0,2.3979,1.7307,0.1545,1
pocky9,1200,8,6,0.75,0.78,0.9615,1300.0,1.9459,1.8973,0.0224,0
pocky9,1000,12,10,0.8333,0.85,0.9804,1060.0,2.3979,2.1181,0.0126,0
pocky9,1800,20,15,0.75,0.5,1.5,1820.0,2.7726,3.7846,0.0,0
pocky9,2000,6,6,1.0,0.42,2.0,2000.0,1.9459,3.8918,0.0,0
pocky9,2200,61,27,0.4426,0.35,1.2646,2229.63,3.3322,3.2885,0.0,0
polosatic,1600,1287,341,0.265,0.6,0.4416,1662.17,5.8348,2.5697,0.351,1
polosatic,1400,753,278,0.3692,0.7,0.5274,1432.73,5.6312,2.9786,0.3305,1
polosatic,1200,671,316,0.4709,0.78,0.6038,1254.11,5.7589,3.4013,0.2977,1
polosatic,1000,574,308,0.5366,0.85,0.6313,1053.25,5.7333,3.2402,0.2958,1
polosatic,2200,1565,211,0.1348,0.35,0.3852,2254.98,5.3566,1.6285,0.249,1
polosatic,2600,547,27,0.0494,0.22,0.2244,2659.26,3.3322,0.4374,0.2484,1
polosatic,2400,1187,109,0.0918,0.28,0.328,2451.38,4.7005,1.0581,0.2337,1
polosatic,2800,202,8,0.0396,0.16,0.2475,2825.0,2.1972,0.2458,0.2001,1
polosatic,800,984,682,0.6931,0.9,0.7701,816.57,6.5265,3.6937,0.1895,0
polosatic,1800,2587,816,0.3154,0.5,0.6308,1875.0,6.7056,3.9658,0.1882,1
polosatic,2000,2007,525,0.2616,0.42,0.6228,2012.38,6.2653,3.2981,0.1658,1
polosatic,3200,196,2,0.0102,0.07,0.1458,3300.0,1.0986,0.037,0.1505,1
polosatic,3000,138,9,0.0652,0.11,0.5929,3055.56,2.3026,0.4588,0.0669,1
polosatic,3400,29,1,0.0345,0.04,0.8621,3500.0,0.6931,0.0837,0.0111,0
potato167,800,976,890,0.9119,0.9,1.0132,816.29,6.7923,5.056,0.0,0
potato167,1000,574,503,0.8763,0.85,1.0309,1059.84,6.2226,5.7792,0.0,0
potato167,1200,753,637,0.8459,0.78,1.0846,1253.69,6.4583,6.8494,0.0,0
potato167,1400,825,648,0.7855,0.7,1.1221,1450.0,6.4754,7.3749,0.0,0
potato167,1600,1038,723,0.6965,0.6,1.1609,1661.55,6.5848,7.6207,0.0,0
potato167,1800,1402,905,0.6455,0.5,1.291,1856.57,6.809,8.1602,0.0,0
potato167,2000,1297,801,0.6176,0.42,1.4704,2046.82,6.6871,8.453,0.0,0
potato167,2200,1533,886,0.578,0.35,1.6513,2251.58,6.7878,8.8331,0.0,0
potato167,2400,1880,932,0.4957,0.28,1.7705,2445.71,6.8384,8.2912,0.0,0
potato167,2600,1363,520,0.3815,0.22,1.7341,2642.69,6.2558,6.3072,0.0,0
potato167,2800,940,400,0.4255,0.16,2.0,2839.75,5.994,7.2431,0.0,0
potato167,3000,610,144,0.2361,0.11,2.0,3040.97,4.9767,3.5726,0.0,0
potato167,3200,340,81,0.2382,0.07,2.0,3261.73,4.4067,3.4243,0.0,0
potato167,3400,197,43,0.2183,0.04,2.0,3474.42,3.7842,2.8698,0.0,0
prins,1000,722,411,0.5693,0.85,0.6697,1041.12,6.021,3.5684,0.2632,1
prins,1400,1133,535,0.4722,0.7,0.6746,1448.79,6.2841,4.2991,0.22,1
prins,1200,910,499,0.5484,0.78,0.703,1245.69,6.2146,4.2451,0.2188,1
prins,1600,1379,572,0.4148,0.6,0.6913,1655.94,6.3509,4.3623,0.1822,1
prins,1800,1413,494,0.3496,0.5,0.6992,1852.23,6.2046,4.0178,0.1514,1
prins,800,883,661,0.7486,0.9,0.8318,824.66,6.4953,4.0097,0.1371,0
prins,2200,1361,380,0.2792,0.35,0.7977,2253.68,5.9428,3.7395,0.0736,0
prins,2000,1436,502,0.3496,0.42,0.8323,2052.59,6.2206,4.4636,0.0709,0
prins,2800,594,75,0.1263,0.16,0.7891,2821.33,4.3307,1.5427,0.0404,0
prins,2400,1398,359,0.2568,0.28,0.9171,2439.28,5.8861,3.687,0.0244,0
prins,2600,551,117,0.2123,0.22,0.9652,2647.01,4.7707,2.6815,0.0084,0
prins,3000,82,27,0.3293,0.11,2.0,3029.63,3.3322,3.3241,0.0,0
prins,3200,10,10,1.0,0.07,2.0,3260.0,2.3979,7.8171,0.0,0
prins,3400,2,2,1.0,0.04,2.0,3500.0,1.0986,3.8451,0.0,0
profesor.programiranje,2400,60,0,0.0,0.28,0.0,2400.0,0.0,0.0,1.151,1
profesor.programiranje,1000,29,12,0.4138,0.85,0.4868,1066.67,2.5649,1.1321,0.4162,1
profesor.programiranje,800,30,20,0.6667,0.9,0.7407,820.0,3.0445,1.6643,0.1981,1
profesor.programiranje,2200,15,5,0.3333,0.35,0.9524,2300.0,1.7918,1.3737,0.0166,0
profesor.programiranje,1200,26,20,0.7692,0.78,0.9862,1245.0,3.0445,2.9157,0.0088,0
profesor.programiranje,1400,17,17,1.0,0.7,1.4286,1476.47,2.8904,4.2675,0.0,0
profesor.programiranje,1600,21,14,0.6667,0.6,1.1111,1628.57,2.7081,2.9402,0.0,0
profesor.programiranje,1800,42,30,0.7143,0.5,1.4286,1836.67,3.434,4.5051,0.0,0
profesor.programiranje,2000,15,15,1.0,0.42,2.0,2066.67,2.7726,5.73,0.0,0
profesor.programiranje,2600,6,3,0.5,0.22,2.0,2600.0,1.3863,1.8022,0.0,0
prunv,2000,204,37,0.1814,0.42,0.4318,2059.46,3.6376,1.3587,0.2739,1
prunv,2200,165,35,0.2121,0.35,0.6061,2214.29,3.5835,1.6832,0.1538,1
prunv,1200,39,27,0.6923,0.78,0.8876,1281.48,3.3322,2.9563,0.0747,0
prunv,1600,44,23,0.5227,0.6,0.8712,1656.52,3.1781,2.7519,0.0704,0
prunv,1400,29,19,0.6552,0.7,0.936,1468.42,2.9957,2.8821,0.0382,0
prunv,800,50,44,0.88,0.9,0.9778,815.91,3.8067,2.7332,0.0164,0
prunv,1000,39,35,0.8974,0.85,1.0558,1057.14,3.5835,3.3997,0.0,0
prunv,1800,61,41,0.6721,0.5,1.3443,1841.46,3.7377,4.6261,0.0,0
prunv,2400,3,3,1.0,0.28,2.0,2400.0,1.3863,3.3271,0.0,0
prz1213,2800,4,0,0.0,0.16,0.0,2800.0,0.0,0.0,0.2575,0
prz1213,1000,656,414,0.6311,0.85,0.7425,1062.32,6.0283,4.0415,0.2021,1
prz1213,1200,793,449,0.5662,0.78,0.7259,1250.78,6.1092,4.3265,0.2008,1
prz1213,1600,830,426,0.5133,0.6,0.8554,1656.81,6.0568,5.1505,0.0826,0
prz1213,2200,836,241,0.2883,0.35,0.8237,2240.25,5.4889,3.5448,0.064,0
prz1213,800,934,778,0.833,0.9,0.9255,817.61,6.658,4.5344,0.0599,0
prz1213,2400,294,69,0.2347,0.28,0.8382,2456.52,4.2485,2.4494,0.0491,0
prz1213,1400,645,432,0.6698,0.7,0.9568,1445.83,6.0707,5.8787,0.0277,0
prz1213,3400,1,0,0.0,0.04,0.0,3400.0,0.0,0.0,0.0277,0
prz1213,1800,985,465,0.4721,0.5,0.9442,1861.51,6.1442,5.3994,0.0269,0
prz1213,2000,743,299,0.4024,0.42,0.9581,2045.48,5.7038,4.6951,0.0173,0
prz1213,2600,60,18,0.3,0.22,1.3636,2616.67,2.9444,2.3114,0.0,0
quaha,1000,930,614,0.6602,0.85,0.7767,1056.68,6.4216,4.4799,0.1748,0
quaha,1200,991,617,0.6226,0.78,0.7982,1248.95,6.4265,4.9972,0.1462,0
quaha,1800,1139,432,0.3793,0.5,0.7586,1854.63,6.0707,4.2703,0.1202,0
quaha,2400,293,52,0.1775,0.28,0.6338,2436.54,3.9703,1.7168,0.1172,1
quaha,1600,913,445,0.4874,0.6,0.8123,1649.21,6.1003,4.9036,0.1081,0
quaha,1400,917,556,0.6063,0.7,0.8662,1446.4,6.3226,5.5448,0.0873,0
quaha,800,1552,1298,0.8363,0.9,0.9293,819.8,7.1694,4.9155,0.0573,0
quaha,2000,851,312,0.3666,0.42,0.8729,2066.03,5.7462,4.3525,0.0534,0
quaha,2600,140,25,0.1786,0.22,0.8117,2616.0,3.2581,1.522,0.0481,0
quaha,2200,747,230,0.3079,0.35,0.8797,2234.78,5.4424,3.7448,0.0432,0
quanjun,1200,810,420,0.5185,0.78,0.6648,1249.76,6.0426,3.9158,0.2487,1
quanjun,3000,6,0,0.0,0.11,0.0,3000.0,0.0,0.0,0.2141,0
quanjun,1000,745,480,0.6443,0.85,0.758,1043.12,6.1759,4.1507,0.1896,0
quanjun,1800,2699,884,0.3275,0.5,0.6551,1847.85,6.7856,4.1068,0.175,1
quanjun,800,1859,1360,0.7316,0.9,0.8129,812.5,7.216,4.2892,0.1543,0
quanjun,1600,1153,524,0.4545,0.6,0.7574,1646.56,6.2634,4.687,0.1413,0
quanjun,1400,1223,681,0.5568,0.7,0.7955,1450.95,6.525,5.2718,0.1353,0
quanjun,2000,2176,633,0.2909,0.42,0.6926,2037.28,6.452,3.8238,0.1331,1
quanjun,2400,459,85,0.1852,0.28,0.6614,2438.82,4.4543,2.0117,0.1066,1
quanjun,2200,2926,780,0.2666,0.35,0.7616,2210.13,6.6606,3.9242,0.0869,0
quanjun,2600,177,36,0.2034,0.22,0.9245,2652.78,3.6109,1.9483,0.0187,0
quanjun,2800,2,1,0.5,0.16,2.0,2800.0,0.6931,0.9704,0.0,0
quchen666,1400,84,31,0.369,0.7,0.5272,1448.39,3.4657,1.8525,0.3292,1
quchen666,1000,60,33,0.55,0.85,0.6471,1057.58,3.5264,2.0512,0.2725,1
quchen666,800,72,48,0.6667,0.9,0.7407,810.42,3.8918,2.1027,0.2046,1
quchen666,1600,81,33,0.4074,0.6,0.679,1657.58,3.5264,2.3814,0.1875,1
quchen666,1200,43,25,0.5814,0.78,0.7454,1276.0,3.2581,2.4171,0.1765,1
quchen666,2200,31,8,0.2581,0.35,0.7373,2237.5,2.1972,1.2687,0.0997,1
quchen666,1800,46,25,0.5435,0.5,1.087,1832.0,3.2581,3.2439,0.0,0
quchen666,2000,38,18,0.4737,0.42,1.1278,2061.11,2.9444,2.8747,0.0,0
quchen666,2400,20,8,0.4,0.28,1.4286,2450.0,2.1972,2.1533,0.0,0
qusol,1400,353,179,0.5071,0.7,0.7244,1444.69,5.193,3.8042,0.1828,1
qusol,1600,559,265,0.4741,0.6,0.7901,1654.34,5.5835,4.3789,0.1211,0
qusol,1000,221,158,0.7149,0.85,0.8411,1074.68,5.0689,3.8946,0.1202,0
qusol,3200,4,0,0.0,0.07,0.0,3200.0,0.0,0.0,0.1127,0
qusol,2000,517,168,0.325,0.42,0.7737,2045.24,5.1299,3.4093,0.0969,0
qusol,1200,318,216,0.6792,0.78,0.8708,1257.87,5.3799,4.5966,0.091,0
qusol,3000,232,13,0.056,0.11,0.5094,3000.0,2.6391,0.4436,0.0808,1
qusol,800,326,279,0.8558,0.9,0.9509,817.56,5.6348,3.9426,0.0385,0
qusol,1800,691,322,0.466,0.5,0.932,1863.98,5.7777,5.0184,0.0328,0
qusol,2400,568,147,0.2588,0.28,0.9243,2460.54,4.9972,3.1822,0.0224,0
qusol,2600,258,55,0.2132,0.22,0.969,2630.91,4.0254,2.2576,0.0075,0
qusol,2200,450,158,0.3511,0.35,1.0032,2266.46,5.0689,4.0337,0.0,0
qusol,2800,189,45,0.2381,0.16,1.4881,2828.89,3.8286,2.5788,0.0,0
qwef_,1200,172,111,0.6453,0.78,0.8274,1245.95,4.7185,3.794,0.1213,0
qwef_,800,200,161,0.805,0.9,0.8944,814.91,5.0876,3.3375,0.0828,0
qwef_,1400,168,103,0.6131,0.7,0.8759,1435.92,4.6444,4.0887,0.079,0
qwef_,1000,81,65,0.8025,0.85,0.9441,1043.08,4.1897,3.5069,0.0404,0
qwef_,1600,150,127,0.8467,0.6,1.4111,1664.57,4.852,6.8381,0.0,0
qwef_,1800,227,122,0.5374,0.5,1.0749,1866.39,4.8122,4.827,0.0,0
qwef_,2000,280,131,0.4679,0.42,1.1139,2047.33,4.8828,4.677,0.0,0
qwef_,2200,252,117,0.4643,0.35,1.3265,2268.38,4.7707,5.0244,0.0,0
qwef_,2400,186,82,0.4409,0.28,1.5745,2453.66,4.4188,4.78,0.0,0
qwef_,2600,217,58,0.2673,0.22,1.2149,2670.69,4.0775,2.9106,0.0,0
qwef_,2800,162,77,0.4753,0.16,2.0,2845.45,4.3567,5.8923,0.0,0
qwef_,3000,182,27,0.1484,0.11,1.3487,3037.04,3.3322,1.5013,0.0,0
qwef_,3200,92,14,0.1522,0.07,2.0,3264.29,2.7081,1.3452,0.0,0
qwef_,3400,102,12,0.1176,0.04,2.0,3466.67,2.5649,1.0461,0.0,0
railx,1400,19,12,0.6316,0.7,0.9023,1500.0,2.5649,2.43,0.0575,0
railx,800,26,26,1.0,0.9,1.1111,819.23,3.2958,2.7001,0.0,0
railx,1000,19,19,1.0,0.85,1.1765,1031.58,2.9957,3.0903,0.0,0
railx,1200,22,22,1.0,0.78,1.2821,1286.36,3.1355,4.0334,0.0,0
railx,1600,2,2,1.0,0.6,1.6667,1700.0,1.0986,1.8676,0.0,0
railx,1800,32,20,0.625,0.5,1.25,1830.0,3.0445,3.4822,0.0,0
railx,2000,21,10,0.4762,0.42,1.1338,2040.0,2.3979,2.3294,0.0,0
railx,2200,10,10,1.0,0.35,2.0,2280.0,2.3979,5.4672,0.0,0
railx,2400,10,4,0.4,0.28,1.4286,2400.0,1.6094,1.5451,0.0,0
raresh30,1200,827,373,0.451,0.78,0.5782,1243.7,5.9243,3.3232,0.3192,1
raresh30,1000,624,328,0.5256,0.85,0.6184,1058.54,5.7961,3.225,0.3073,1
raresh30,800,1158,788,0.6805,0.9,0.7561,814.85,6.6708,3.6989,0.2019,0
raresh30,1400,635,316,0.4976,0.7,0.7109,1448.1,5.7589,4.15,0.1933,1
raresh30,1800,1026,340,0.3314,0.5,0.6628,1863.24,5.8319,3.6009,0.1711,1
raresh30,1600,696,309,0.444,0.6,0.7399,1653.07,5.7366,4.2101,0.1516,1
raresh30,2000,939,265,0.2822,0.42,0.6719,2027.92,5.5835,3.1955,0.1433,1
raresh30,3400,4,0,0.0,0.04,0.0,3400.0,0.0,0.0,0.0644,0
raresh30,2200,400,142,0.355,0.35,1.0143,2227.46,4.9628,3.9244,0.0,0
raresh30,2400,101,39,0.3861,0.28,1.3791,2417.95,3.6889,3.4442,0.0,0
raresh30,2800,12,2,0.1667,0.16,1.0417,2800.0,1.0986,0.5127,0.0,0
raresh30,3000,4,2,0.5,0.11,2.0,3100.0,1.0986,1.7028,0.0,0
re-wa-tl-ok,1200,877,309,0.3523,0.78,0.4517,1255.02,5.7366,2.5367,0.4303,1
re-wa-tl-ok,1600,1921,451,0.2348,0.6,0.3913,1661.64,6.1137,2.385,0.3882,1
re-wa-tl-ok,1000,506,257,0.5079,0.85,0.5975,1059.53,5.553,2.9883,0.3252,1
re-wa-tl-ok,1800,1830,379,0.2071,0.5,0.4142,1854.35,5.9402,2.2813,0.3171,1
re-wa-tl-ok,1400,667,258,0.3868,0.7,0.5526,1449.61,5.5568,3.1158,0.3107,1
re-wa-tl-ok,2000,950,187,0.1968,0.42,0.4687,2045.99,5.2364,2.1089,0.2454,1
re-wa-tl-ok,2200,715,106,0.1483,0.35,0.4236,2229.25,4.6728,1.5443,0.2338,1
re-wa-tl-ok,2400,712,73,0.1025,0.28,0.3662,2438.36,4.3041,1.076,0.2198,1
re-wa-tl-ok,800,718,482,0.6713,0.9,0.7459,817.84,6.18,3.393,0.2095,1
re-wa-tl-ok,2600,358,26,0.0726,0.22,0.3301,2615.38,3.2958,0.626,0.2018,1
re-wa-tl-ok,3200,5,0,0.0,0.07,0.0,3200.0,0.0,0.0,0.1254,0
re-wa-tl-ok,3000,60,5,0.0833,0.11,0.7576,3000.0,1.7918,0.4479,0.0393,0
re-wa-tl-ok,2800,12,4,0.3333,0.16,2.0,2900.0,1.6094,1.5558,0.0,0
re-wa-tl-ok,3400,1,1,1.0,0.04,2.0,3500.0,0.6931,2.426,0.0,0
realcomplex,1200,1465,787,0.5372,0.78,0.6887,1247.9,6.6695,4.4711,0.2308,1
realcomplex,1000,1064,671,0.6306,0.85,0.7419,1051.56,6.5103,4.3173,0.2036,1
realcomplex,1400,1597,808,0.5059,0.7,0.7228,1455.82,6.6958,4.9319,0.186,1
realcomplex,800,1381,1024,0.7415,0.9,0.8239,829.3,6.9324,4.2629,0.1445,0
realcomplex,1600,1772,851,0.4802,0.6,0.8004,1652.76,6.7476,5.3558,0.1156,0
realcomplex,1800,2350,904,0.3847,0.5,0.7694,1854.42,6.8079,4.8565,0.1146,0
realcomplex,2000,2468,911,0.3691,0.42,0.8789,2052.91,6.8156,5.1648,0.0508,0
realcomplex,2400,4067,977,0.2402,0.28,0.858,2447.8,6.8855,4.0489,0.0419,0
realcomplex,2200,2354,833,0.3539,0.35,1.011,2242.62,6.7262,5.3378,0.0,0
realcomplex,2600,1833,490,0.2673,0.22,1.2151,2638.37,6.1964,4.3703,0.0,0
realcomplex,2800,956,236,0.2469,0.16,1.5429,2835.17,5.4681,3.8271,0.0,0
realcomplex,3000,671,125,0.1863,0.11,1.6935,3030.4,4.8363,2.7302,0.0,0
realcomplex,3200,281,69,0.2456,0.07,2.0,3221.74,4.2485,3.361,0.0,0
realcomplex,3400,117,18,0.1538,0.04,2.0,3422.22,2.9444,1.5502,0.0,0
reil_st,2400,812,140,0.1724,0.28,0.6158,2437.86,4.9488,2.0801,0.1212,1
reil_st,2600,378,61,0.1614,0.22,0.7335,2611.48,4.1271,1.7393,0.0679,1
reil_st,1000,173,134,0.7746,0.85,0.9113,1074.63,4.9053,4.083,0.0659,0
reil_st,2200,437,133,0.3043,0.35,0.8696,2263.91,4.8978,3.3747,0.0471,0
reil_st,1800,458,213,0.4651,0.5,0.9301,1859.15,5.366,4.6396,0.0336,0
reil_st,800,258,225,0.8721,0.9,0.969,813.33,5.4205,3.8448,0.0242,0
reil_st,2000,402,162,0.403,0.42,0.9595,2056.79,5.0938,4.222,0.0168,0
reil_st,1200,161,139,0.8634,0.78,1.1069,1251.08,4.9416,5.3376,0.0,0
reil_st,1400,237,171,0.7215,0.7,1.0307,1451.46,5.1475,5.3908,0.0,0
reil_st,1600,288,185,0.6424,0.6,1.0706,1655.68,5.2257,5.5578,0.0,0
reil_st,2800,96,41,0.4271,0.16,2.0,2834.15,3.7377,4.5241,0.0,0
reil_st,3000,76,10,0.1316,0.11,1.1962,3040.0,2.3979,0.9592,0.0,0
rep,1000,24,11,0.4583,0.85,0.5392,1054.55,2.4849,1.201,0.3618,1
rep,1600,131,39,0.2977,0.6,0.4962,1643.59,3.6889,1.805,0.3148,1
rep,2400,255,19,0.0745,0.28,0.2661,2436.84,2.9957,0.5439,0.2852,1
rep,1400,74,31,0.4189,0.7,0.5985,1467.74,3.4657,2.131,0.2718,1
rep,1800,12,5,0.4167,0.5,0.8333,1860.0,1.7918,1.3886,0.0766,0
rep,2000,75,27,0.36,0.42,0.8571,2000.0,3.3322,2.3992,0.06,0
rep,2200,88,30,0.3409,0.35,0.974,2273.33,3.434,2.6613,0.0092,0
rep,800,54,48,0.8889,0.9,0.9877,829.17,3.8918,2.8684,0.0091,0
rep,1200,9,7,0.7778,0.78,0.9972,1242.86,2.0794,2.0101,0.0017,0
rep,2600,21,12,0.5714,0.22,2.0,2666.67,2.5649,3.9085,0.0,0
rep,2800,19,10,0.5263,0.16,2.0,2800.0,2.3979,3.5337,0.0,0
restart_to_revive,1400,234,78,0.3333,0.7,0.4762,1451.28,4.3694,2.1138,0.3728,1
restart_to_revive,1200,147,61,0.415,0.78,0.532,1255.74,4.1271,2.1506,0.3558,1
restart_to_revive,1600,210,59,0.281,0.6,0.4683,1635.59,4.0943,1.8814,0.3352,1
restart_to_revive,1800,343,79,0.2303,0.5,0.4606,1845.57,4.382,1.8627,0.2927,1
restart_to_revive,1000,128,82,0.6406,0.85,0.7537,1047.56,4.4188,2.9655,0.1878,0
restart_to_revive,800,224,164,0.7321,0.9,0.8135,817.68,5.1059,3.0567,0.1489,0
restart_to_revive,2000,207,71,0.343,0.42,0.8167,2052.11,4.2767,3.0102,0.0779,0
restart_to_revive,3400,3,0,0.0,0.04,0.0,3400.0,0.0,0.0,0.0555,0
restart_to_revive,2200,173,59,0.341,0.35,0.9744,2235.59,4.0943,3.1216,0.0091,0
restart_to_revive,2400,156,59,0.3782,0.28,1.3507,2445.76,4.0943,3.7873,0.0,0
restart_to_revive,2600,20,11,0.55,0.22,2.0,2663.64,2.4849,3.6404,0.0,0
restart_to_revive,2800,55,18,0.3273,0.16,2.0,2855.56,2.9444,2.7517,0.0,0
restart_to_revive,3000,102,12,0.1176,0.11,1.0695,3000.0,2.5649,0.9053,0.0,0
rgnerdplayer,1000,1400,947,0.6764,0.85,0.7958,1056.39,6.8544,4.8979,0.1601,0
rgnerdplayer,800,2222,1727,0.7772,0.9,0.8636,820.56,7.4547,4.7543,0.1119,0
rgnerdplayer,1400,1932,1124,0.5818,0.7,0.8311,1448.13,7.0255,5.919,0.1115,0
rgnerdplayer,1200,1591,1096,0.6889,0.78,0.8832,1251.19,7.0003,6.0337,0.084,0
rgnerdplayer,1600,2564,1370,0.5343,0.6,0.8905,1657.3,7.2233,6.3964,0.0627,0
rgnerdplayer,1800,2635,1361,0.5165,0.5,1.033,1852.53,7.2167,6.9053,0.0,0
rgnerdplayer,2000,2825,1236,0.4375,0.42,1.0417,2053.24,7.1204,6.3966,0.0,0
rgnerdplayer,2200,3074,1461,0.4753,0.35,1.3579,2247.36,7.2876,7.784,0.0,0
rgnerdplayer,2400,3886,1393,0.3585,0.28,1.2802,2445.3,7.2399,6.3462,0.0,0
rgnerdplayer,2600,1630,667,0.4092,0.22,1.86,2644.23,6.5043,7.0378,0.0,0
rgnerdplayer,2800,1015,275,0.2709,0.16,1.6933,2840.0,5.6204,4.3247,0.0,0
rgnerdplayer,3000,561,173,0.3084,0.11,2.0,3032.37,5.1591,4.8243,0.0,0
rgnerdplayer,3200,432,57,0.1319,0.07,1.8849,3236.84,4.0604,1.7341,0.0,0
rgnerdplayer,3400,74,14,0.1892,0.04,2.0,3407.14,2.7081,1.7456,0.0,0
ricefruit,1600,32,6,0.1875,0.6,0.3125,1700.0,1.9459,0.6203,0.4896,1
ricefruit,800,19,17,0.8947,0.9,0.9942,829.41,2.8904,2.145,0.0041,0
ricefruit,1000,9,9,1.0,0.85,1.1765,1100.0,2.3026,2.5328,0.0,0
ricefruit,1200,20,16,0.8,0.78,1.0256,1256.25,2.8332,2.8474,0.0,0
ricefruit,1400,6,6,1.0,0.7,1.4286,1466.67,1.9459,2.854,0.0,0
ricefruit,1800,13,13,1.0,0.5,2.0,1823.08,2.6391,4.8112,0.0,0
ricefruit,2200,20,10,0.5,0.35,1.4286,2300.0,2.3979,2.7576,0.0,0
ricefruit,2400,15,15,1.0,0.28,2.0,2446.67,2.7726,6.7836,0.0,0
rise_of_lasvegas,1600,85,25,0.2941,0.6,0.4902,1676.0,3.2581,1.606,0.32,1
rise_of_lasvegas,1800,238,85,0.3571,0.5,0.7143,1847.06,4.4543,2.9384,0.1434,1
rise_of_lasvegas,1400,53,29,0.5472,0.7,0.7817,1427.59,3.4012,2.6568,0.1385,0
rise_of_lasvegas,3000,63,3,0.0476,0.11,0.4329,3100.0,1.3863,0.2046,0.1087,1
rise_of_lasvegas,1000,68,50,0.7353,0.85,0.8651,1046.0,3.9318,3.024,0.0985,0
rise_of_lasvegas,2400,126,25,0.1984,0.28,0.7086,2428.0,3.2581,1.5696,0.0928,1
rise_of_lasvegas,800,63,50,0.7937,0.9,0.8818,804.0,3.9318,2.5089,0.0897,0
rise_of_lasvegas,2000,204,85,0.4167,0.42,0.9921,2072.94,4.4543,3.8473,0.0033,0
rise_of_lasvegas,1200,37,34,0.9189,0.78,1.1781,1267.65,3.5553,4.1415,0.0,0
rise_of_lasvegas,2200,250,93,0.372,0.35,1.0629,2251.61,4.5433,3.8055,0.0,0
rise_of_lasvegas,2600,32,16,0.5,0.22,2.0,2681.25,2.8332,3.7983,0.0,0
rise_of_lasvegas,2800,7,4,0.5714,0.16,2.0,2800.0,1.6094,2.5751,0.0,0
risujiroh,800,1210,1095,0.905,0.9,1.0055,821.92,6.9994,5.2062,0.0,0
risujiroh,1000,701,606,0.8645,0.85,1.017,1051.32,6.4085,5.8244,0.0,0
risujiroh,1200,1028,883,0.8589,0.78,1.1012,1253.0,6.7845,7.3019,0.0,0
risujiroh,1400,1207,937,0.7763,0.7,1.109,1452.93,6.8437,7.7192,0.0,0
risujiroh,1600,1649,1172,0.7107,0.6,1.1846,1655.38,7.0673,8.3149,0.0,0
risujiroh,1800,2176,1399,0.6429,0.5,1.2858,1853.61,7.2442,8.6331,0.0,0
risujiroh,2000,2357,1279,0.5426,0.42,1.292,2048.01,7.1546,7.9511,0.0,0
risujiroh,2200,2665,1209,0.4537,0.35,1.2962,2250.87,7.0984,7.2483,0.0,0
risujiroh,2400,3088,1223,0.396,0.28,1.4145,2445.63,7.1099,6.8865,0.0,0
risujiroh,2600,1922,696,0.3621,0.22,1.646,2642.24,6.5468,6.2641,0.0,0
risujiroh,2800,1043,324,0.3106,0.16,1.9415,2830.56,5.7838,5.0857,0.0,0
risujiroh,3000,685,148,0.2161,0.11,1.9642,3027.03,5.0039,3.2727,0.0,0
risujiroh,3200,191,49,0.2565,0.07,2.0,3230.61,3.912,3.2423,0.0,0
risujiroh,3400,113,17,0.1504,0.04,2.0,3400.0,2.8904,1.4784,0.0,0
rlakkh,1400,16,2,0.125,0.7,0.1786,1400.0,1.0986,0.1923,0.7763,0
rlakkh,1600,36,4,0.1111,0.6,0.1852,1700.0,1.6094,0.304,0.6765,1
rlakkh,1200,79,29,0.3671,0.78,0.4706,1272.41,3.4012,1.5887,0.4111,1
rlakkh,800,77,40,0.5195,0.9,0.5772,817.5,3.7136,1.5771,0.3517,1
rlakkh,2400,71,6,0.0845,0.28,0.3018,2500.0,1.9459,0.4111,0.2838,1
rlakkh,1000,43,24,0.5581,0.85,0.6566,1050.0,3.2189,1.8864,0.2618,1
rlakkh,1800,39,20,0.5128,0.5,1.0256,1840.0,3.0445,2.8728,0.0,0
rlakkh,2000,26,11,0.4231,0.42,1.0073,2000.0,2.4849,2.1026,0.0,0
rlakkh,2200,70,34,0.4857,0.35,1.3878,2232.35,3.5553,3.855,0.0,0
rlakkh,2600,69,29,0.4203,0.22,1.9104,2665.52,3.4012,3.8103,0.0,0
rlakkh,2800,46,11,0.2391,0.16,1.4946,2872.73,2.4849,1.707,0.0,0
rlakkh,3000,32,7,0.2188,0.11,1.9886,3014.29,2.0794,1.3711,0.0,0
rlakkh,3200,13,4,0.3077,0.07,2.0,3300.0,1.6094,1.6342,0.0,0
rlakkh,3400,40,11,0.275,0.04,2.0,3500.0,2.4849,2.3917,0.0,0
robert9524,1200,395,215,0.5443,0.78,0.6978,1249.77,5.3753,3.6566,0.2211,1
robert9524,1600,583,228,0.3911,0.6,0.6518,1659.21,5.4337,3.5259,0.2068,1
robert9524,800,430,291,0.6767,0.9,0.7519,823.02,5.6768,3.1618,0.2028,0
robert9524,1000,233,150,0.6438,0.85,0.7574,1054.67,5.0173,3.4066,0.187,0
robert9524,3200,6,0,0.0,0.07,0.0,3200.0,0.0,0.0,0.1362,0
robert9524,1400,462,258,0.5584,0.7,0.7978,1452.71,5.5568,4.508,0.1325,0
robert9524,2000,541,173,0.3198,0.42,0.7614,2042.77,5.1591,3.3701,0.1024,0
robert9524,2600,190,29,0.1526,0.22,0.6938,2627.59,3.4012,1.3641,0.0804,1
robert9524,2200,463,134,0.2894,0.35,0.8269,2247.76,4.9053,3.1911,0.063,0
robert9524,1800,437,235,0.5378,0.5,1.0755,1851.91,5.4638,5.4413,0.0,0
robert9524,2400,352,117,0.3324,0.28,1.1871,2429.06,4.7707,3.8518,0.0,0
robert9524,2800,17,5,0.2941,0.16,1.8382,2800.0,1.7918,1.4756,0.0,0
robertfan,1800,186,39,0.2097,0.5,0.4194,1876.92,3.6889,1.4518,0.3239,1
robertfan,2000,254,59,0.2323,0.42,0.5531,2064.41,4.0943,1.9634,0.2042,1
robertfan,2400,622,128,0.2058,0.28,0.735,2440.62,4.8598,2.4408,0.0815,1
robertfan,1200,55,38,0.6909,0.78,0.8858,1244.74,3.6636,3.1507,0.0769,0
robertfan,800,58,48,0.8276,0.9,0.9195,822.92,3.8918,2.6505,0.0604,0
robertfan,2200,161,49,0.3043,0.35,0.8696,2253.06,3.912,2.6825,0.0473,0
robertfan,1600,117,66,0.5641,0.6,0.9402,1643.94,4.2047,3.8992,0.0329,0
robertfan,2600,255,51,0.2,0.22,0.9091,2629.41,3.9512,2.0779,0.0224,0
robertfan,1000,23,19,0.8261,0.85,0.9719,1094.74,2.9957,2.7092,0.019,0
robertfan,1400,22,19,0.8636,0.7,1.2338,1463.16,2.9957,3.7855,0.0,0
robertfan,2800,94,21,0.2234,0.16,1.3963,2847.62,3.091,1.9664,0.0,0
robertfan,3000,220,49,0.2227,0.11,2.0,3020.41,3.912,2.6317,0.0,0
robertfan,3200,79,19,0.2405,0.07,2.0,3252.63,2.9957,2.3435,0.0,0
robertfan,3400,51,8,0.1569,0.04,2.0,3450.0,2.1972,1.1891,0.0,0
roycf123,1600,954,235,0.2463,0.6,0.4106,1639.57,5.4638,2.2067,0.3754,1
roycf123,1000,315,153,0.4857,0.85,0.5714,1056.86,5.037,2.5856,0.3473,1
roycf123,1200,830,355,0.4277,0.78,0.5483,1221.41,5.8749,3.0691,0.3445,1
roycf123,1400,1103,438,0.3971,0.7,0.5673,1427.17,6.0845,3.4483,0.2996,1
roycf123,1800,299,72,0.2408,0.5,0.4816,1843.06,4.2905,1.9042,0.2794,1
roycf123,2000,163,35,0.2147,0.42,0.5112,2065.71,3.5835,1.5895,0.2284,1
roycf123,800,535,401,0.7495,0.9,0.8328,814.46,5.9965,3.6606,0.1351,0
roycf123,3400,1,0,0.0,0.04,0.0,3400.0,0.0,0.0,0.0277,0
roycf123,2200,21,18,0.8571,0.35,2.0,2227.78,2.9444,5.6225,0.0,0
roycf123,2400,13,11,0.8462,0.28,2.0,2500.0,2.4849,5.2565,0.0,0
rrmpwn_,2000,55,12,0.2182,0.42,0.5195,2033.33,2.5649,1.1379,0.2279,1
rrmpwn_,1800,39,15,0.3846,0.5,0.7692,1826.67,2.7726,1.9479,0.1128,0
rrmpwn_,1600,48,24,0.5,0.6,0.8333,1625.0,3.2189,2.6153,0.0922,0
rrmpwn_,800,47,38,0.8085,0.9,0.8983,818.42,3.6636,2.4242,0.0759,0
rrmpwn_,2200,28,8,0.2857,0.35,0.8163,2262.5,2.1972,1.4203,0.0677,0
rrmpwn_,1200,22,16,0.7273,0.78,0.9324,1225.0,2.8332,2.5241,0.0431,0
rrmpwn_,2600,25,5,0.2,0.22,0.9091,2700.0,1.7918,0.9676,0.0233,0
rrmpwn_,1000,12,10,0.8333,0.85,0.9804,1020.0,2.3979,2.0382,0.0126,0
rrmpwn_,1400,13,12,0.9231,0.7,1.3187,1475.0,2.5649,3.4923,0.0,0
rrmpwn_,2400,12,6,0.5,0.28,1.7857,2500.0,1.9459,2.4324,0.0,0
rrmpwn_,2800,5,5,1.0,0.16,2.0,2800.0,1.7918,5.0169,0.0,0
ryotori,2400,9,0,0.0,0.28,0.0,2400.0,0.0,0.0,0.6447,0
ryotori,2600,13,0,0.0,0.22,0.0,2600.0,0.0,0.0,0.5806,0
ryotori,2200,122,26,0.2131,0.35,0.6089,2238.46,3.2958,1.5723,0.1533,1
ryotori,1400,120,65,0.5417,0.7,0.7738,1461.54,4.1897,3.3168,0.1463,0
ryotori,800,74,58,0.7838,0.9,0.8709,829.31,4.0775,2.6504,0.0988,0
ryotori,1200,88,60,0.6818,0.78,0.8741,1246.67,4.1109,3.4942,0.0862,0
ryotori,1800,186,80,0.4301,0.5,0.8602,1855.0,4.3944,3.5061,0.0678,0
ryotori,1000,24,24,1.0,0.85,1.1765,1058.33,3.2189,3.4066,0.0,0
ryotori,1600,88,63,0.7159,0.6,1.1932,1650.79,4.1589,4.915,0.0,0
ryotori,2000,78,40,0.5128,0.42,1.221,2035.0,3.7136,3.8754,0.0,0
sahasrad,1400,500,222,0.444,0.7,0.6343,1448.2,5.4072,3.4768,0.2484,1
sahasrad,2400,378,36,0.0952,0.28,0.3401,2441.67,3.6109,0.8397,0.2379,1
sahasrad,1800,843,230,0.2728,0.5,0.5457,1850.87,5.4424,2.7483,0.2376,1
sahasrad,1200,423,232,0.5485,0.78,0.7032,1246.98,5.451,3.7281,0.2171,1
sahasrad,1000,359,232,0.6462,0.85,0.7603,1062.5,5.451,3.7428,0.1859,0
sahasrad,1600,633,271,0.4281,0.6,0.7135,1656.46,5.6058,3.9754,0.1679,1
sahasrad,800,526,376,0.7148,0.9,0.7943,817.55,5.9322,3.4669,0.1674,0
sahasrad,2000,499,152,0.3046,0.42,0.7253,2045.39,5.0304,3.1342,0.1189,1
sahasrad,3400,5,0,0.0,0.04,0.0,3400.0,0.0,0.0,0.0717,0
sahasrad,2200,338,96,0.284,0.35,0.8115,2234.38,4.5747,2.9032,0.069,0
sahasrad,2600,39,16,0.4103,0.22,1.8648,2625.0,2.8332,3.0512,0.0,0
sahasrad,2800,20,4,0.2,0.16,1.25,2800.0,1.6094,0.9013,0.0,0
sahaun,3200,54,0,0.0,0.07,0.0,3200.0,0.0,0.0,0.2805,1
sahaun,1800,2702,708,0.262,0.5,0.5241,1854.38,6.5639,3.1894,0.2486,1
sahaun,1400,1877,856,0.456,0.7,0.6515,1446.26,6.7534,4.4543,0.2372,1
sahaun,1000,1222,754,0.617,0.85,0.7259,1062.07,6.6267,4.3426,0.2172,1
sahaun,1600,2282,880,0.3856,0.6,0.6427,1651.25,6.7811,4.3179,0.2131,1
sahaun,2000,2048,468,0.2285,0.42,0.5441,2045.94,6.1506,2.8756,0.2042,1
sahaun,1200,1360,816,0.6,0.78,0.7692,1249.26,6.7056,5.0263,0.1686,0
sahaun,2600,482,44,0.0913,0.22,0.4149,2636.36,3.8067,0.9161,0.1655,1
sahaun,800,1849,1383,0.748,0.9,0.8311,822.05,7.2327,4.4472,0.1389,0
sahaun,2200,1255,283,0.2255,0.35,0.6443,2238.16,5.649,2.851,0.1336,1
sahaun,2400,771,153,0.1984,0.28,0.7087,2445.75,5.037,2.4447,0.0898,1
sahaun,2800,87,24,0.2759,0.16,1.7241,2833.33,3.2189,2.5159,0.0,0
sahaun,3000,34,5,0.1471,0.11,1.3369,3000.0,1.7918,0.7905,0.0,0
sahil2213,2400,18,0,0.0,0.28,0.0,2400.0,0.0,0.0,0.8244,0
sahil2213,1200,21,11,0.5238,0.78,0.6716,1281.82,2.4849,1.6684,0.2272,1
sahil2213,1000,31,22,0.7097,0.85,0.8349,1059.09,3.1355,2.3567,0.1176,0
sahil2213,800,33,27,0.8182,0.9,0.9091,822.22,3.3322,2.2417,0.0666,0
sahil2213,3400,3,0,0.0,0.04,0.0,3400.0,0.0,0.0,0.0555,0
sahil2213,1400,23,23,1.0,0.7,1.4286,1473.91,3.1781,4.6842,0.0,0
sahil2213,1600,18,18,1.0,0.6,1.6667,1672.22,2.9444,4.9238,0.0,0
sahil2213,1800,33,27,0.8182,0.5,1.6364,1825.93,3.3322,4.9781,0.0,0
sahil2213,2000,18,18,1.0,0.42,2.0,2072.22,2.9444,6.1015,0.0,0
sahil2213,2200,27,22,0.8148,0.35,2.0,2231.82,3.1355,5.702,0.0,0
sahil2213,2600,8,4,0.5,0.22,2.0,2700.0,1.6094,2.1727,0.0,0
sahil2213,2800,10,3,0.3,0.16,1.875,2900.0,1.3863,1.2061,0.0,0
sahilsingh177,1000,146,61,0.4178,0.85,0.4915,1055.74,4.1271,1.8205,0.4207,1
sahilsingh177,1400,384,149,0.388,0.7,0.5543,1428.19,5.0106,2.7767,0.309,1
sahilsingh177,1600,137,45,0.3285,0.6,0.5474,1648.89,3.8286,2.0736,0.2771,1
sahilsingh177,1200,107,59,0.5514,0.78,0.7069,1250.85,4.0943,2.8239,0.2101,1
sahilsingh177,800,241,169,0.7012,0.9,0.7792,811.83,5.1358,2.9238,0.1778,0
sahilsingh177,2000,180,67,0.3722,0.42,0.8862,2059.7,4.2195,3.235,0.0476,0
sahilsingh177,1800,274,154,0.562,0.5,1.1241,1834.42,5.0434,5.1999,0.0,0
sahilsingh177,2200,111,63,0.5676,0.35,1.6216,2225.4,4.1589,5.2529,0.0,0
sahilsingh177,2400,138,46,0.3333,0.28,1.1905,2450.0,3.8501,3.1443,0.0,0
sahilsingh177,2600,24,11,0.4583,0.22,2.0,2654.55,2.4849,3.0233,0.0,0
sahilsingh177,2800,42,14,0.3333,0.16,2.0,2821.43,2.7081,2.5469,0.0,0
sahilsingh177,3400,2,1,0.5,0.04,2.0,3500.0,0.6931,1.213,0.0,0
same0620,1600,390,77,0.1974,0.6,0.3291,1653.25,4.3567,1.4221,0.4486,1
same0620,2000,268,35,0.1306,0.42,0.3109,2034.29,3.5835,0.952,0.3532,1
same0620,1000,234,115,0.4915,0.85,0.5782,1066.09,4.7536,2.4906,0.3402,1
same0620,1400,227,84,0.37,0.7,0.5286,1447.62,4.4427,2.3799,0.3291,1
same0620,1800,308,72,0.2338,0.5,0.4675,1856.94,4.2905,1.8624,0.2885,1
same0620,1200,196,102,0.5204,0.78,0.6672,1248.04,4.6347,3.0102,0.2434,1
same0620,2400,125,16,0.128,0.28,0.4571,2456.25,2.8332,0.8908,0.1918,1
same0620,2200,64,14,0.2188,0.35,0.625,2200.0,2.7081,1.3032,0.1478,1
same0620,800,265,201,0.7585,0.9,0.8428,810.45,5.3083,3.2631,0.1253,0
sav,1200,571,200,0.3503,0.78,0.4491,1260.0,5.3033,2.3405,0.4329,1
sav,2800,9,0,0.0,0.16,0.0,2800.0,0.0,0.0,0.3684,0
sav,3000,18,0,0.0,0.11,0.0,3000.0,0.0,0.0,0.3239,0
sav,1400,622,236,0.3794,0.7,0.542,1438.98,5.4681,2.9855,0.3189,1
sav,1600,999,302,0.3023,0.6,0.5038,1646.69,5.7137,2.8443,0.3063,1
sav,800,731,431,0.5896,0.9,0.6551,814.39,6.0684,2.9138,0.2896,1
sav,1000,363,198,0.5455,0.85,0.6417,1062.12,5.2933,3.0666,0.2854,1
sav,2200,360,44,0.1222,0.35,0.3492,2240.91,3.8067,1.0426,0.2791,1
sav,2600,74,4,0.0541,0.22,0.2457,2600.0,1.6094,0.2262,0.2746,1
sav,2000,685,130,0.1898,0.42,0.4519,2046.15,4.8752,1.8931,0.2559,1
sav,1800,943,249,0.2641,0.5,0.5281,1845.78,5.5215,2.6911,0.2478,1
sav,2400,373,49,0.1314,0.28,0.4692,2414.29,3.912,1.2407,0.1793,1
sav,3400,7,7,1.0,0.04,2.0,3500.0,2.0794,7.278,0.0,0
scanhex,1600,490,197,0.402,0.6,0.6701,1658.88,5.2883,3.527,0.1951,1
scanhex,1000,162,103,0.6358,0.85,0.748,1063.11,4.6444,3.1393,0.1933,1
scanhex,1400,353,178,0.5042,0.7,0.7204,1452.81,5.1874,3.8002,0.1857,1
scanhex,800,257,189,0.7354,0.9,0.8171,822.75,5.247,3.1748,0.1463,0
scanhex,1200,208,132,0.6346,0.78,0.8136,1248.48,4.8903,3.8747,0.1319,0
scanhex,1800,630,232,0.3683,0.5,0.7365,1846.55,5.451,3.7067,0.1317,1
scanhex,2200,461,128,0.2777,0.35,0.7933,2250.0,4.8598,3.0361,0.0757,0
scanhex,2600,328,68,0.2073,0.22,0.9424,2623.53,4.2341,2.3029,0.014,0
scanhex,3000,128,13,0.1016,0.11,0.9233,3023.08,2.6391,0.8103,0.0113,0
scanhex,2000,388,175,0.451,0.42,1.0739,2048.57,5.1705,4.7774,0.0,0
scanhex,2400,519,147,0.2832,0.28,1.0116,2439.46,4.9972,3.4528,0.0,0
scanhex,2800,143,27,0.1888,0.16,1.1801,2851.85,3.3322,1.7943,0.0,0
scanhex,3200,43,8,0.186,0.07,2.0,3200.0,2.1972,1.3081,0.0,0
scanhex,3400,77,9,0.1169,0.04,2.0,3400.0,2.3026,0.9151,0.0,0
sevlll777,1400,2189,842,0.3847,0.7,0.5495,1448.93,6.737,3.7547,0.3135,1
sevlll777,1600,2304,855,0.3711,0.6,0.6185,1656.14,6.7523,4.1498,0.2286,1
sevlll777,1200,1539,833,0.5413,0.78,0.6939,1246.82,6.7262,4.5392,0.2268,1
sevlll777,1000,1073,667,0.6216,0.85,0.7313,1056.37,6.5043,4.2711,0.2124,1
sevlll777,800,1633,1102,0.6748,0.9,0.7498,823.23,7.0058,3.892,0.2081,1
sevlll777,1800,2827,868,0.307,0.5,0.6141,1852.53,6.7673,3.8493,0.1974,1
sevlll777,2200,3294,607,0.1843,0.35,0.5265,2243.82,6.4102,2.6505,0.1812,1
sevlll777,2000,2711,720,0.2656,0.42,0.6323,2046.53,6.5806,3.5768,0.161,1
sevlll777,2400,3320,546,0.1645,0.28,0.5873,2445.79,6.3044,2.5358,0.1283,1
sevlll777,2600,2632,301,0.1144,0.22,0.5198,2639.53,5.7104,1.7238,0.124,1
sevlll777,2800,1580,132,0.0835,0.16,0.5222,2828.03,4.8903,1.1554,0.0956,1
sevlll777,3000,1294,110,0.085,0.11,0.7728,3052.73,4.7095,1.2221,0.0314,0
sevlll777,3200,308,36,0.1169,0.07,1.6698,3258.33,3.6109,1.3752,0.0,0
sevlll777,3400,210,13,0.0619,0.04,1.5476,3500.0,2.6391,0.5718,0.0,0
shade34,1600,493,203,0.4118,0.6,0.6863,1653.2,5.3181,3.6202,0.1848,1
shade34,3200,6,0,0.0,0.07,0.0,3200.0,0.0,0.0,0.1362,0
shade34,2800,67,5,0.0746,0.16,0.4664,2800.0,1.7918,0.3744,0.129,1
shade34,1400,378,215,0.5688,0.7,0.8125,1435.35,5.3753,4.3884,0.1222,0
shade34,3000,117,5,0.0427,0.11,0.3885,3040.0,1.7918,0.2328,0.1149,1
shade34,800,563,438,0.778,0.9,0.8644,820.78,6.0845,3.8852,0.1091,0
shade34,1800,604,240,0.3974,0.5,0.7947,1850.83,5.4848,4.0337,0.1014,0
shade34,1000,354,261,0.7373,0.85,0.8674,1062.07,5.5683,4.3603,0.1008,0
shade34,2600,86,12,0.1395,0.22,0.6342,2616.67,2.5649,0.9365,0.1008,1
shade34,2400,309,62,0.2006,0.28,0.7166,2433.87,4.1431,2.0233,0.0885,1
shade34,2200,285,77,0.2702,0.35,0.7719,2240.26,4.3567,2.637,0.0843,0
shade34,1200,393,276,0.7023,0.78,0.9004,1248.55,5.624,4.9314,0.0701,0
shade34,2000,433,169,0.3903,0.42,0.9293,2049.7,5.1358,4.1086,0.0294,0
shade34,3400,63,9,0.1429,0.04,2.0,3500.0,2.3026,1.1513,0.0,0
shinchankosen,3200,1,0,0.0,0.07,0.0,3200.0,0.0,0.0,0.0485,0
shinchankosen,2600,405,87,0.2148,0.22,0.9764,2628.74,4.4773,2.5283,0.0057,0
shinchankosen,800,503,451,0.8966,0.9,0.9962,819.73,6.1137,4.4935,0.003,0
shinchankosen,1000,242,220,0.9091,0.85,1.0695,1056.82,5.3982,5.1863,0.0,0
shinchankosen,1200,305,247,0.8098,0.78,1.0383,1245.34,5.5134,5.5604,0.0,0
shinchankosen,1400,407,289,0.7101,0.7,1.0144,1441.52,5.6699,5.8036,0.0,0
shinchankosen,1600,411,316,0.7689,0.6,1.2814,1662.03,5.7589,7.3591,0.0,0
shinchankosen,1800,708,390,0.5508,0.5,1.1017,1862.05,5.9687,6.1221,0.0,0
shinchankosen,2000,648,309,0.4769,0.42,1.1354,2056.63,5.7366,5.6259,0.0,0
shinchankosen,2200,866,311,0.3591,0.35,1.0261,2255.31,5.743,4.6514,0.0,0
shinchankosen,2400,685,196,0.2861,0.28,1.0219,2453.57,5.2832,3.709,0.0,0
shinchankosen,2800,194,45,0.232,0.16,1.4497,2857.78,3.8286,2.538,0.0,0
shinchankosen,3000,19,6,0.3158,0.11,2.0,3000.0,1.9459,1.8435,0.0,0
shinchankosen,3400,22,6,0.2727,0.04,2.0,3433.33,1.9459,1.8221,0.0,0
shiomusubi496,1200,175,124,0.7086,0.78,0.9084,1251.61,4.8283,4.282,0.0634,0
shiomusubi496,800,230,197,0.8565,0.9,0.9517,820.3,5.2883,3.7156,0.0376,0
shiomusubi496,1000,130,108,0.8308,0.85,0.9774,1050.0,4.6913,4.0923,0.0165,0
shiomusubi496,1600,337,197,0.5846,0.6,0.9743,1660.91,5.2883,5.1345,0.0143,0
shiomusubi496,1400,162,127,0.784,0.7,1.1199,1440.16,4.852,5.478,0.0,0
shiomusubi496,1800,364,230,0.6319,0.5,1.2637,1857.83,5.4424,6.3889,0.0,0
shiomusubi496,2000,337,202,0.5994,0.42,1.4272,2046.04,5.3132,6.5162,0.0,0
shiomusubi496,2200,222,117,0.527,0.35,1.5058,2265.81,4.7707,5.6969,0.0,0
shiomusubi496,2400,282,130,0.461,0.28,1.6464,2444.62,4.8752,5.4941,0.0,0
shiomusubi496,2600,105,64,0.6095,0.22,2.0,2637.5,4.1744,6.7108,0.0,0
shiomusubi496,2800,126,59,0.4683,0.16,2.0,2838.98,4.0943,5.4429,0.0,0
shiomusubi496,3000,82,29,0.3537,0.11,2.0,3051.72,3.4012,3.6708,0.0,0
shiomusubi496,3200,47,15,0.3191,0.07,2.0,3220.0,2.7726,2.8493,0.0,0
shiomusubi496,3400,116,7,0.0603,0.04,1.5086,3457.14,2.0794,0.4338,0.0,0
shqrky,1000,357,176,0.493,0.85,0.58,1072.16,5.1761,2.736,0.3399,1
shqrky,1200,544,242,0.4449,0.78,0.5703,1228.93,5.4931,3.003,0.3252,1
shqrky,1400,296,148,0.5,0.7,0.7143,1446.62,5.0039,3.6194,0.1897,1
shqrky,1600,370,159,0.4297,0.6,0.7162,1640.25,5.0752,3.5773,0.1658,1
shqrky,800,345,248,0.7188,0.9,0.7987,820.56,5.5175,3.2545,0.1625,0
shqrky,1800,795,288,0.3623,0.5,0.7245,1855.9,5.6664,3.8097,0.138,1
shqrky,2000,734,288,0.3924,0.42,0.9342,2053.12,5.6664,4.5648,0.0274,0
shqrky,2200,495,187,0.3778,0.35,1.0794,2250.27,5.2364,4.4515,0.0,0
shqrky,2400,640,239,0.3734,0.28,1.3337,2451.05,5.4806,5.0165,0.0,0
shqrky,2600,326,112,0.3436,0.22,1.5616,2633.93,4.7274,4.2779,0.0,0
shqrky,2800,279,77,0.276,0.16,1.7249,2833.77,4.3567,3.4073,0.0,0
shqrky,3000,109,19,0.1743,0.11,1.5847,3042.11,2.9957,1.5886,0.0,0
shqrky,3200,47,7,0.1489,0.07,2.0,3257.14,2.0794,1.0088,0.0,0
shy_guy_16,1600,33,0,0.0,0.6,0.0,1600.0,0.0,0.0,2.1158,1
shy_guy_16,2600,27,0,0.0,0.22,0.0,2600.0,0.0,0.0,0.7331,1
shy_guy_16,1800,22,2,0.0909,0.5,0.1818,1800.0,1.0986,0.1798,0.6112,1
shy_guy_16,2800,16,0,0.0,0.16,0.0,2800.0,0.0,0.0,0.4533,0
shy_guy_16,1000,56,23,0.4107,0.85,0.4832,1056.52,3.1781,1.379,0.4251,1
shy_guy_16,2000,41,7,0.1707,0.42,0.4065,2100.0,2.0794,0.7456,0.3025,1
shy_guy_16,800,87,51,0.5862,0.9,0.6513,813.73,3.9512,1.8848,0.2838,1
shy_guy_16,1200,35,18,0.5143,0.78,0.6593,1283.33,2.9444,1.9433,0.2414,1
shy_guy_16,3000,6,0,0.0,0.11,0.0,3000.0,0.0,0.0,0.2141,0
shy_guy_16,2200,22,4,0.1818,0.35,0.5195,2300.0,1.6094,0.673,0.2021,1
shy_guy_16,3200,11,0,0.0,0.07,0.0,3200.0,0.0,0.0,0.1739,0
shy_guy_16,1400,35,18,0.5143,0.7,0.7347,1466.67,2.9444,2.2209,0.1687,1
shy_guy_16,3400,9,0,0.0,0.04,0.0,3400.0,0.0,0.0,0.0921,0
shy_guy_16,2400,38,8,0.2105,0.28,0.7519,2462.5,2.1972,1.1391,0.0796,0
sieun_k,1400,54,12,0.2222,0.7,0.3175,1450.0,2.5649,0.8265,0.5371,1
sieun_k,2400,75,4,0.0533,0.28,0.1905,2400.0,1.6094,0.206,0.3762,1
sieun_k,2600,4,0,0.0,0.22,0.0,2600.0,0.0,0.0,0.3541,0
sieun_k,2200,89,13,0.1461,0.35,0.4173,2200.0,2.6391,0.8481,0.2522,1
sieun_k,2800,3,0,0.0,0.16,0.0,2800.0,0.0,0.0,0.2218,0
sieun_k,1200,21,13,0.619,0.78,0.7937,1276.92,2.6391,2.0861,0.1367,0
sieun_k,800,47,35,0.7447,0.9,0.8274,814.29,3.5835,2.173,0.1312,0
sieun_k,2000,21,7,0.3333,0.42,0.7937,2100.0,2.0794,1.4556,0.087,0
sieun_k,1000,42,37,0.881,0.85,1.0364,1062.16,3.6376,3.4037,0.0,0
sieun_k,1600,18,14,0.7778,0.6,1.2963,1664.29,2.7081,3.5054,0.0,0
sieun_k,1800,41,22,0.5366,0.5,1.0732,1827.27,3.1355,3.0743,0.0,0
siganai,1000,619,501,0.8094,0.85,0.9522,1059.08,6.2186,5.3305,0.0362,0
siganai,1200,767,595,0.7757,0.78,0.9946,1251.26,6.3902,6.2028,0.0038,0
siganai,1600,1144,682,0.5962,0.6,0.9936,1659.24,6.5265,6.4558,0.0036,0
siganai,800,998,909,0.9108,0.9,1.012,816.28,6.8134,5.0657,0.0,0
siganai,1400,763,564,0.7392,0.7,1.056,1447.87,6.3368,6.782,0.0,0
siganai,1800,1462,819,0.5602,0.5,1.1204,1858.73,6.7093,6.986,0.0,0
siganai,2000,1445,665,0.4602,0.42,1.0957,2042.86,6.5013,6.1121,0.0,0
siganai,2200,1681,734,0.4366,0.35,1.2476,2251.36,6.5999,6.488,0.0,0
siganai,2400,1956,631,0.3226,0.28,1.1521,2447.39,6.4489,5.0915,0.0,0
siganai,2600,827,260,0.3144,0.22,1.429,2632.31,5.5645,4.605,0.0,0
siganai,2800,594,138,0.2323,0.16,1.452,2836.23,4.9345,3.2514,0.0,0
siganai,3000,78,14,0.1795,0.11,1.6317,3035.71,2.7081,1.4755,0.0,0
siganai,3200,3,3,1.0,0.07,2.0,3200.0,1.3863,4.4361,0.0,0
skkkh,1400,54,33,0.6111,0.7,0.873,1415.15,3.5264,3.0496,0.0787,0
skkkh,1600,83,45,0.5422,0.6,0.9036,1655.56,3.8286,3.4366,0.0531,0
skkkh,1200,91,69,0.7582,0.78,0.9721,1266.67,4.2485,4.0804,0.0187,0
skkkh,2600,340,72,0.2118,0.22,0.9626,2629.17,4.2905,2.3888,0.0091,0
skkkh,1000,39,33,0.8462,0.85,0.9955,1078.79,3.5264,3.2189,0.0031,0
skkkh,800,70,65,0.9286,0.9,1.0317,821.54,4.1897,3.1961,0.0,0
skkkh,1800,124,77,0.621,0.5,1.2419,1876.62,4.3567,5.077,0.0,0
skkkh,2000,129,69,0.5349,0.42,1.2735,2042.03,4.2485,4.6404,0.0,0
skkkh,2200,172,64,0.3721,0.35,1.0631,2259.38,4.1744,3.5094,0.0,0
skkkh,2400,309,115,0.3722,0.28,1.3292,2446.96,4.7536,4.329,0.0,0
skkkh,2800,304,102,0.3355,0.16,2.0,2842.16,4.6347,4.4198,0.0,0
skkkh,3000,290,93,0.3207,0.11,2.0,3038.71,4.5433,4.4274,0.0,0
skkkh,3200,777,210,0.2703,0.07,2.0,3275.24,5.3519,4.7375,0.0,0
skkkh,3400,184,20,0.1087,0.04,2.0,3465.0,3.0445,1.1467,0.0,0
skyhgzsh,1200,456,182,0.3991,0.78,0.5117,1252.75,5.2095,2.6047,0.3757,1
skyhgzsh,1600,511,131,0.2564,0.6,0.4273,1649.62,4.8828,2.0649,0.3644,1
skyhgzsh,2200,434,43,0.0991,0.35,0.2831,2239.53,3.7842,0.8397,0.3186,1
skyhgzsh,1800,700,161,0.23,0.5,0.46,1858.39,5.0876,2.1746,0.2906,1
skyhgzsh,2400,85,7,0.0824,0.28,0.2941,2428.57,2.0794,0.4159,0.2859,1
skyhgzsh,2000,397,73,0.1839,0.42,0.4378,2049.32,4.3041,1.6219,0.2665,1
skyhgzsh,1000,289,172,0.5952,0.85,0.7002,1061.63,5.1533,3.256,0.2348,1
skyhgzsh,1400,365,174,0.4767,0.7,0.681,1431.03,5.1648,3.5234,0.2138,1
skyhgzsh,800,380,276,0.7263,0.9,0.807,816.67,5.624,3.3359,0.1558,0
skyhgzsh,2600,80,15,0.1875,0.22,0.8523,2666.67,2.7726,1.3863,0.0379,0
skyhgzsh,2800,6,3,0.5,0.16,2.0,2800.0,1.3863,1.9408,0.0,0
skyhgzsh,3200,15,3,0.2,0.07,2.0,3200.0,1.3863,0.8872,0.0,0
sleepaka,2400,14,0,0.0,0.28,0.0,2400.0,0.0,0.0,0.7583,0
sleepaka,1000,9,5,0.5556,0.85,0.6536,1040.0,1.7918,1.0352,0.2429,0
sleepaka,1800,12,5,0.4167,0.5,0.8333,1800.0,1.7918,1.3438,0.0766,0
sleepaka,3400,4,0,0.0,0.04,0.0,3400.0,0.0,0.0,0.0644,0
sleepaka,800,23,23,1.0,0.9,1.1111,826.09,3.1781,2.6253,0.0,0
sleepaka,1200,19,17,0.8947,0.78,1.1471,1241.18,2.8904,3.2098,0.0,0
sleepaka,1400,22,17,0.7727,0.7,1.1039,1470.59,2.8904,3.2845,0.0,0
sleepaka,2000,25,19,0.76,0.42,1.8095,2068.42,2.9957,4.7093,0.0,0
sleepaka,2200,3,3,1.0,0.35,2.0,2200.0,1.3863,3.0498,0.0,0
sleepaka,2600,18,4,0.2222,0.22,1.0101,2700.0,1.6094,0.9657,0.0,0
sleepaka,2800,10,5,0.5,0.16,2.0,2800.0,1.7918,2.5085,0.0,0
sleepisweak,2000,7,0,0.0,0.42,0.0,2000.0,0.0,0.0,0.8734,0
sleepisweak,800,15,9,0.6,0.9,0.6667,811.11,2.3026,1.1206,0.2519,0
sleepisweak,2600,20,4,0.2,0.22,0.9091,2700.0,1.6094,0.8691,0.0233,0
sleepisweak,1200,9,7,0.7778,0.78,0.9972,1300.0,2.0794,2.1025,0.0017,0
sleepisweak,1000,12,12,1.0,0.85,1.1765,1083.33,2.5649,2.7787,0.0,0
sleepisweak,1400,6,6,1.0,0.7,1.4286,1400.0,1.9459,2.7243,0.0,0
sleepisweak,1800,18,11,0.6111,0.5,1.2222,1827.27,2.4849,2.7748,0.0,0
sleepisweak,2200,21,13,0.619,0.35,1.7687,2200.0,2.6391,3.5941,0.0,0
sleepisweak,2400,11,4,0.3636,0.28,1.2987,2400.0,1.6094,1.4046,0.0,0
smilences,1200,549,252,0.459,0.78,0.5885,1269.84,5.5334,3.2253,0.31,1
smilences,2000,1276,254,0.1991,0.42,0.474,2044.49,5.5413,2.2552,0.2416,1
smilences,1400,692,321,0.4639,0.7,0.6627,1461.37,5.7746,3.9145,0.228,1
smilences,1800,1159,340,0.2934,0.5,0.5867,1858.82,5.8319,3.1801,0.2134,1
smilences,1000,223,144,0.6457,0.85,0.7597,1065.97,4.9767,3.4257,0.1849,0
smilences,1600,880,363,0.4125,0.6,0.6875,1646.56,5.8972,4.0054,0.1843,1
smilences,2200,970,221,0.2278,0.35,0.651,2242.99,5.4027,2.7609,0.1312,1
smilences,2400,1022,187,0.183,0.28,0.6535,2440.64,5.2364,2.3385,0.1078,1
smilences,800,267,230,0.8614,0.9,0.9571,818.7,5.4424,3.8382,0.0335,0
smilences,2600,530,101,0.1906,0.22,0.8662,2630.69,4.625,2.3186,0.0328,0
smilences,2800,178,45,0.2528,0.16,1.5801,2846.67,3.8286,2.7553,0.0,0
smilences,3000,151,18,0.1192,0.11,1.0837,3000.0,2.9444,1.053,0.0,0
smilences,3200,41,4,0.0976,0.07,1.3937,3275.0,1.6094,0.5142,0.0,0
smilences,3400,9,2,0.2222,0.04,2.0,3500.0,1.0986,0.8545,0.0,0
snowysecret,1000,987,513,0.5198,0.85,0.6115,1051.85,6.2422,3.4127,0.3144,1
snowysecret,800,1751,1091,0.6231,0.9,0.6923,822.18,6.9958,3.5838,0.2587,1
snowysecret,1400,1347,637,0.4729,0.7,0.6756,1457.61,6.4583,4.4518,0.2194,1
snowysecret,1200,1114,615,0.5521,0.78,0.7078,1249.27,6.4232,4.43,0.2154,1
snowysecret,1600,1996,962,0.482,0.6,0.8033,1665.28,6.8701,5.5139,0.114,0
snowysecret,1800,2748,1213,0.4414,0.5,0.8828,1853.92,7.1017,5.8116,0.0573,0
snowysecret,2000,2398,964,0.402,0.42,0.9571,2049.9,6.8721,5.6631,0.0178,0
snowysecret,2400,3466,967,0.279,0.28,0.9964,2441.16,6.8752,4.6825,0.001,0
snowysecret,2200,2617,994,0.3798,0.35,1.0852,2255.23,6.9027,5.9128,0.0,0
snowysecret,2600,1963,436,0.2221,0.22,1.0096,2634.86,6.0799,3.5581,0.0,0
snowysecret,2800,307,67,0.2182,0.16,1.364,2831.34,4.2195,2.6073,0.0,0
snowysecret,3000,122,31,0.2541,0.11,2.0,3035.48,3.4657,2.6732,0.0,0
snowysecret,3200,44,4,0.0909,0.07,1.2987,3200.0,1.6094,0.4682,0.0,0
snuke,1000,122,71,0.582,0.85,0.6847,1049.3,4.2767,2.6116,0.2444,1
snuke,800,149,118,0.7919,0.9,0.8799,822.03,4.7791,3.1112,0.0937,0
snuke,1400,264,173,0.6553,0.7,0.9361,1440.46,5.1591,4.8698,0.0405,0
snuke,1200,178,136,0.764,0.78,0.9795,1261.03,4.92,4.7403,0.014,0
snuke,1800,668,326,0.488,0.5,0.976,1855.21,5.79,5.2422,0.0115,0
snuke,1600,352,238,0.6761,0.6,1.1269,1649.16,5.4765,6.1066,0.0,0
snuke,2000,487,232,0.4764,0.42,1.1343,2044.83,5.451,5.31,0.0,0
snuke,2200,406,225,0.5542,0.35,1.5834,2241.33,5.4205,6.7329,0.0,0
snuke,2400,799,241,0.3016,0.28,1.0772,2441.08,5.4889,4.0415,0.0,0
snuke,2600,380,160,0.4211,0.22,1.9139,2645.62,5.0814,5.6604,0.0,0
snuke,2800,427,147,0.3443,0.16,2.0,2832.65,4.9972,4.8732,0.0,0
snuke,3000,336,79,0.2351,0.11,2.0,3054.43,4.382,3.147,0.0,0
snuke,3200,182,39,0.2143,0.07,2.0,3241.03,3.6889,2.5619,0.0,0
snuke,3400,238,12,0.0504,0.04,1.2605,3416.67,2.5649,0.4419,0.0,0
sorohue,3200,130,0,0.0,0.07,0.0,3200.0,0.0,0.0,0.3413,1
sorohue,1000,98,63,0.6429,0.85,0.7563,1038.1,4.1589,2.7754,0.1845,0
sorohue,1400,134,70,0.5224,0.7,0.7463,1474.29,4.2627,3.2829,0.1655,1
sorohue,800,143,106,0.7413,0.9,0.8236,820.75,4.6728,2.8429,0.1391,0
sorohue,1200,68,45,0.6618,0.78,0.8484,1255.56,3.8286,3.1812,0.1037,0
sorohue,1800,186,88,0.4731,0.5,0.9462,1848.86,4.4886,3.9264,0.0256,0
sorohue,1600,58,44,0.7586,0.6,1.2644,1675.0,3.8067,4.8371,0.0,0
sorohue,2000,104,60,0.5769,0.42,1.3736,2070.0,4.1109,4.9093,0.0,0
sorohue,2200,124,62,0.5,0.35,1.4286,2220.97,4.1431,4.6009,0.0,0
sorohue,2400,105,35,0.3333,0.28,1.1905,2471.43,3.5835,2.9521,0.0,0
sorohue,2600,66,25,0.3788,0.22,1.7218,2644.0,3.2581,3.263,0.0,0
sorohue,2800,58,18,0.3103,0.16,1.9397,2833.33,2.9444,2.5891,0.0,0
sorohue,3000,40,8,0.2,0.11,1.8182,3075.0,2.1972,1.3513,0.0,0
soundinggold,2800,71,0,0.0,0.16,0.0,2800.0,0.0,0.0,0.6843,1
soundinggold,800,42,23,0.5476,0.9,0.6085,800.0,3.1781,1.3923,0.3172,1
soundinggold,1400,13,5,0.3846,0.7,0.5495,1440.0,1.7918,0.9924,0.2981,0
soundinggold,3200,3,0,0.0,0.07,0.0,3200.0,0.0,0.0,0.097,0
soundinggold,1800,35,14,0.4,0.5,0.8,1821.43,2.7081,1.973,0.0966,0
soundinggold,1600,30,15,0.5,0.6,0.8333,1640.0,2.7726,2.2735,0.091,0
soundinggold,2200,494,138,0.2794,0.35,0.7981,2294.93,4.9345,3.1635,0.0739,0
soundinggold,2400,1384,313,0.2262,0.28,0.8077,2402.88,5.7494,3.1244,0.0577,0
soundinggold,2600,647,134,0.2071,0.22,0.9414,2600.0,4.9053,2.6414,0.0141,0
soundinggold,1000,13,12,0.9231,0.85,1.086,1041.67,2.5649,2.4663,0.0,0
soundinggold,1200,13,13,1.0,0.78,1.2821,1230.77,2.6391,3.2481,0.0,0
soundinggold,2000,35,19,0.5429,0.42,1.2925,2036.84,2.9957,3.3124,0.0,0
stan23456,1400,712,312,0.4382,0.7,0.626,1443.91,5.7462,3.6358,0.2549,1
stan23456,1000,478,285,0.5962,0.85,0.7015,1058.6,5.656,3.5699,0.2353,1
stan23456,800,828,557,0.6727,0.9,0.7475,820.29,6.3244,3.4899,0.2085,1
stan23456,1200,635,373,0.5874,0.78,0.7531,1251.21,5.9243,4.3541,0.1796,0
stan23456,1600,756,355,0.4696,0.6,0.7826,1663.1,5.8749,4.588,0.1258,0
stan23456,2000,1021,341,0.334,0.42,0.7952,2050.15,5.8348,3.9952,0.0872,0
stan23456,1800,912,383,0.42,0.5,0.8399,1847.26,5.9506,4.6163,0.0785,0
stan23456,2200,1115,334,0.2996,0.35,0.8559,2248.8,5.8141,3.9166,0.052,0
stan23456,2800,355,43,0.1211,0.16,0.757,2811.63,3.7842,1.2888,0.0477,0
stan23456,2400,1226,321,0.2618,0.28,0.9351,2443.93,5.7746,3.6951,0.0191,0
stan23456,2600,309,92,0.2977,0.22,1.3533,2641.3,4.5326,3.5645,0.0,0
stan23456,3000,43,15,0.3488,0.11,2.0,3020.0,2.7726,2.9209,0.0,0
stan23456,3200,57,7,0.1228,0.07,1.7544,3242.86,2.0794,0.8281,0.0,0
stan23456,3400,5,3,0.6,0.04,2.0,3400.0,1.3863,2.828,0.0,0
sto_lgvc_orz,1000,155,75,0.4839,0.85,0.5693,1068.0,4.3307,2.238,0.3468,1
sto_lgvc_orz,1200,213,93,0.4366,0.78,0.5598,1260.22,4.5433,2.4999,0.3324,1
sto_lgvc_orz,1800,179,51,0.2849,0.5,0.5698,1860.78,3.9512,2.0948,0.2256,1
sto_lgvc_orz,1400,122,61,0.5,0.7,0.7143,1450.82,4.1271,2.9939,0.1877,1
sto_lgvc_orz,2400,170,22,0.1294,0.28,0.4622,2431.82,3.1355,0.9868,0.1872,1
sto_lgvc_orz,800,243,172,0.7078,0.9,0.7865,819.19,5.1533,2.9881,0.1717,0
sto_lgvc_orz,2200,78,16,0.2051,0.35,0.5861,2243.75,2.8332,1.304,0.1651,1
sto_lgvc_orz,1600,153,74,0.4837,0.6,0.8061,1656.76,4.3175,3.4596,0.1102,0
sto_lgvc_orz,2000,84,39,0.4643,0.42,1.1054,2048.72,3.6889,3.5088,0.0,0
sto_lgvc_orz,2600,2,2,1.0,0.22,2.0,2600.0,1.0986,2.8564,0.0,0
sto_lgvc_orz,2800,12,5,0.4167,0.16,2.0,2900.0,1.7918,2.165,0.0,0
sto_lgvc_orz,3000,24,6,0.25,0.11,2.0,3000.0,1.9459,1.4594,0.0,0
strapple,800,259,164,0.6332,0.9,0.7036,828.66,5.1059,2.6791,0.243,1
strapple,1000,139,91,0.6547,0.85,0.7702,1057.14,4.5218,3.1295,0.1748,0
strapple,1200,200,139,0.695,0.78,0.891,1243.17,4.9416,4.2696,0.0759,0
strapple,1600,390,203,0.5205,0.6,0.8675,1668.47,5.3181,4.6186,0.0751,0
strapple,1400,287,187,0.6516,0.7,0.9308,1455.61,5.2364,4.9664,0.044,0
strapple,1800,577,315,0.5459,0.5,1.0919,1849.84,5.7557,5.8126,0.0,0
strapple,2000,639,316,0.4945,0.42,1.1774,2043.67,5.7589,5.8202,0.0,0
strapple,2200,724,364,0.5028,0.35,1.4365,2256.04,5.8999,6.692,0.0,0
strapple,2400,977,379,0.3879,0.28,1.3854,2460.42,5.9402,5.6696,0.0,0
strapple,2600,1801,700,0.3887,0.22,1.7667,2652.43,6.5525,6.7552,0.0,0
strapple,2800,1020,483,0.4735,0.16,2.0,2828.99,6.1821,8.2816,0.0,0
strapple,3000,1236,364,0.2945,0.11,2.0,3043.41,5.8999,5.288,0.0,0
strapple,3200,845,275,0.3254,0.07,2.0,3240.36,5.6204,5.927,0.0,0
strapple,3400,1052,210,0.1996,0.04,2.0,3469.52,5.3519,3.7066,0.0,0
studyyyzz,800,43,24,0.5581,0.9,0.6202,850.0,3.2189,1.5271,0.3066,1
studyyyzz,1600,42,16,0.381,0.6,0.6349,1687.5,2.8332,1.8214,0.2149,1
studyyyzz,1200,22,14,0.6364,0.78,0.8159,1242.86,2.7081,2.1418,0.1215,0
studyyyzz,2000,75,24,0.32,0.42,0.7619,2025.0,3.2189,2.0858,0.1027,0
studyyyzz,1800,55,25,0.4545,0.5,0.9091,1828.0,3.2581,2.7072,0.043,0
studyyyzz,1000,9,8,0.8889,0.85,1.0458,1062.5,2.1972,2.0752,0.0,0
studyyyzz,1400,20,17,0.85,0.7,1.2143,1441.18,2.8904,3.5407,0.0,0
studyyyzz,2200,88,33,0.375,0.35,1.0714,2236.36,3.5264,2.9573,0.0,0
studyyyzz,2400,223,70,0.3139,0.28,1.1211,2447.14,4.2627,3.2744,0.0,0
studyyyzz,2600,307,81,0.2638,0.22,1.1993,2674.07,4.4067,3.1091,0.0,0
studyyyzz,2800,172,65,0.3779,0.16,2.0,2844.62,4.1897,4.5039,0.0,0
studyyyzz,3000,73,28,0.3836,0.11,2.0,3078.57,3.3673,3.9762,0.0,0
studyyyzz,3200,69,25,0.3623,0.07,2.0,3260.0,3.2581,3.8483,0.0,0
studyyyzz,3400,58,19,0.3276,0.04,2.0,3468.42,2.9957,3.4038,0.0,0
superguymj,1000,141,118,0.8369,0.85,0.9846,1064.41,4.7791,4.2571,0.0113,0
superguymj,800,338,300,0.8876,0.9,0.9862,820.0,5.7071,4.1537,0.0108,0
superguymj,1200,246,221,0.8984,0.78,1.1518,1250.23,5.4027,6.0681,0.0,0
superguymj,1400,282,219,0.7766,0.7,1.1094,1446.58,5.3936,6.0592,0.0,0
superguymj,1600,315,257,0.8159,0.6,1.3598,1656.42,5.553,7.5044,0.0,0
superguymj,1800,480,329,0.6854,0.5,1.3708,1856.84,5.7991,7.3806,0.0,0
superguymj,2000,509,366,0.7191,0.42,1.712,2055.46,5.9054,8.7281,0.0,0
superguymj,2200,675,363,0.5378,0.35,1.5365,2258.95,5.8972,7.1639,0.0,0
superguymj,2400,1218,497,0.408,0.28,1.4573,2450.7,6.2106,6.2106,0.0,0
superguymj,2600,910,336,0.3692,0.22,1.6783,2651.49,5.8201,5.6979,0.0,0
superguymj,2800,648,228,0.3519,0.16,2.0,2845.18,5.4337,5.4396,0.0,0
superguymj,3000,326,116,0.3558,0.11,2.0,3039.66,4.7622,5.1507,0.0,0
superguymj,3200,357,69,0.1933,0.07,2.0,3230.43,4.2485,2.6526,0.0,0
superguymj,3400,56,13,0.2321,0.04,2.0,3446.15,2.6391,2.1112,0.0,0
superi0r,1000,28,13,0.4643,0.85,0.5462,1046.15,2.6391,1.2818,0.3569,1
superi0r,1800,10,2,0.2,0.5,0.4,1800.0,1.0986,0.3955,0.3428,0
superi0r,800,46,27,0.587,0.9,0.6522,818.52,3.3322,1.6009,0.2782,1
superi0r,1600,35,14,0.4,0.6,0.6667,1671.43,2.7081,1.8105,0.1933,1
superi0r,1200,14,9,0.6429,0.78,0.8242,1244.44,2.3026,1.8421,0.1125,0
superi0r,2400,16,3,0.1875,0.28,0.6696,2400.0,1.3863,0.6238,0.1098,0
superi0r,1400,19,11,0.5789,0.7,0.8271,1481.82,2.4849,2.1318,0.1041,0
superi0r,2000,27,27,1.0,0.42,2.0,2081.48,3.3322,6.9359,0.0,0
superi0r,2200,21,10,0.4762,0.35,1.3605,2200.0,2.3979,2.5121,0.0,0
surajchip2,2000,1120,261,0.233,0.42,0.5548,2052.49,5.5683,2.6634,0.1999,1
surajchip2,1200,349,199,0.5702,0.78,0.731,1251.76,5.2983,3.7817,0.1951,1
surajchip2,1000,218,146,0.6697,0.85,0.7879,1057.53,4.9904,3.5345,0.1622,0
surajchip2,800,349,253,0.7249,0.9,0.8055,819.76,5.5373,3.2907,0.1569,0
surajchip2,1800,921,344,0.3735,0.5,0.747,1851.16,5.8435,4.0404,0.1262,1
surajchip2,1400,430,247,0.5744,0.7,0.8206,1437.65,5.5134,4.5531,0.117,0
surajchip2,3400,5,0,0.0,0.04,0.0,3400.0,0.0,0.0,0.0717,0
surajchip2,2200,909,274,0.3014,0.35,0.8612,2253.65,5.6168,3.8156,0.05,0
surajchip2,1600,552,313,0.567,0.6,0.945,1659.42,5.7494,5.4098,0.0309,0
surajchip2,2400,1453,369,0.254,0.28,0.907,2450.41,5.9135,3.68,0.0274,0
surajchip2,3000,321,31,0.0966,0.11,0.8779,3032.26,3.4657,1.0149,0.0174,0
surajchip2,2600,615,145,0.2358,0.22,1.0717,2633.79,4.9836,3.0947,0.0,0
surajchip2,2800,542,106,0.1956,0.16,1.2223,2849.06,4.6728,2.6037,0.0,0
surajchip2,3200,26,3,0.1154,0.07,1.6484,3200.0,1.3863,0.5119,0.0,0
syysongyuyang,1000,195,84,0.4308,0.85,0.5068,1042.86,4.4427,1.9958,0.4066,1
syysongyuyang,1400,286,98,0.3427,0.7,0.4895,1437.76,4.5951,2.2638,0.3615,1
syysongyuyang,800,277,163,0.5884,0.9,0.6538,821.47,5.0999,2.4652,0.2874,1
syysongyuyang,1200,146,78,0.5342,0.78,0.6849,1255.13,4.3694,2.9299,0.2284,1
syysongyuyang,1600,296,113,0.3818,0.6,0.6363,1659.29,4.7362,3.0001,0.2166,1
syysongyuyang,2000,508,143,0.2815,0.42,0.6702,2041.26,4.9698,2.8557,0.1446,1
syysongyuyang,2200,654,148,0.2263,0.35,0.6466,2255.41,5.0039,2.554,0.1336,1
syysongyuyang,1800,404,161,0.3985,0.5,0.797,1852.8,5.0876,3.7565,0.1001,0
syysongyuyang,2800,281,34,0.121,0.16,0.7562,2826.47,3.5553,1.2159,0.0483,0
syysongyuyang,2400,531,154,0.29,0.28,1.0358,2421.43,5.0434,3.5418,0.0,0
syysongyuyang,2600,204,77,0.3775,0.22,1.7157,2637.66,4.3567,4.3375,0.0,0
syysongyuyang,3000,28,11,0.3929,0.11,2.0,3054.55,2.4849,2.9819,0.0,0
syysongyuyang,3200,28,6,0.2143,0.07,2.0,3200.0,1.9459,1.3343,0.0,0
syysongyuyang,3400,49,14,0.2857,0.04,2.0,3478.57,2.7081,2.6915,0.0,0
szh131421,1000,63,33,0.5238,0.85,0.6162,1066.67,3.5264,1.9703,0.2997,1
szh131421,800,128,83,0.6484,0.9,0.7205,816.87,4.4308,2.3469,0.2251,1
szh131421,1200,121,71,0.5868,0.78,0.7523,1271.83,4.2767,3.1916,0.1759,0
szh131421,1600,145,78,0.5379,0.6,0.8966,1658.97,4.3694,3.8994,0.0576,0
szh131421,1400,75,49,0.6533,0.7,0.9333,1467.35,3.912,3.7503,0.0411,0
szh131421,1800,191,88,0.4607,0.5,0.9215,1861.36,4.4886,3.8494,0.0376,0
szh131421,2000,321,127,0.3956,0.42,0.942,2048.03,4.852,3.9315,0.024,0
szh131421,2400,397,111,0.2796,0.28,0.9986,2465.77,4.7185,3.253,0.0004,0
szh131421,2200,263,133,0.5057,0.35,1.4449,2251.13,4.8978,5.5757,0.0,0
szh131421,2600,104,78,0.75,0.22,2.0,2638.46,4.3694,8.6465,0.0,0
szh131421,2800,151,82,0.543,0.16,2.0,2863.41,4.4188,6.8712,0.0,0
szh131421,3000,138,38,0.2754,0.11,2.0,3026.32,3.6636,3.053,0.0,0
szh131421,3200,100,37,0.37,0.07,2.0,3243.24,3.6376,4.3651,0.0,0
szh131421,3400,35,14,0.4,0.04,2.0,3471.43,2.7081,3.7603,0.0,0
t98slider,3000,6,0,0.0,0.11,0.0,3000.0,0.0,0.0,0.2141,0
t98slider,1000,1730,1097,0.6341,0.85,0.746,1039.47,7.0012,4.6148,0.2012,1
t98slider,1200,2711,1593,0.5876,0.78,0.7533,1235.72,7.374,5.3544,0.1816,0
t98slider,2600,152,14,0.0921,0.22,0.4187,2671.43,2.7081,0.6663,0.1735,1
t98slider,800,3210,2341,0.7293,0.9,0.8103,826.48,7.7588,4.6765,0.1574,0
t98slider,1400,2712,1453,0.5358,0.7,0.7654,1431.73,7.2821,5.5859,0.1568,0
t98slider,2200,2148,504,0.2346,0.35,0.6704,2230.16,6.2246,3.2572,0.1225,1
t98slider,2400,1572,274,0.1743,0.28,0.6225,2427.01,5.6168,2.3761,0.1176,1
t98slider,2000,2457,752,0.3061,0.42,0.7287,2046.68,6.6241,4.1494,0.1167,1
t98slider,1800,2850,1091,0.3828,0.5,0.7656,1861.96,6.9958,4.9864,0.1166,0
t98slider,1600,1943,971,0.4997,0.6,0.8329,1656.44,6.8794,5.6947,0.0964,0
t98slider,2800,11,4,0.3636,0.16,2.0,2800.0,1.6094,1.6387,0.0,0
tabr,800,863,711,0.8239,0.9,0.9154,820.53,6.5681,4.4401,0.068,0
tabr,1000,491,384,0.7821,0.85,0.9201,1052.86,5.9532,4.902,0.0605,0
tabr,2000,2146,822,0.383,0.42,0.912,2050.12,6.713,5.2715,0.0368,0
tabr,1200,546,422,0.7729,0.78,0.9909,1253.32,6.0474,5.858,0.0064,0
tabr,1400,829,577,0.696,0.7,0.9943,1448.53,6.3596,6.4117,0.0036,0
tabr,1600,1014,659,0.6499,0.6,1.0832,1655.24,6.4922,6.984,0.0,0
tabr,1800,1516,761,0.502,0.5,1.004,1854.01,6.6359,6.1759,0.0,0
tabr,2200,1937,794,0.4099,0.35,1.1712,2245.59,6.6783,6.1474,0.0,0
tabr,2400,2471,883,0.3573,0.28,1.2762,2448.7,6.7845,5.9366,0.0,0
tabr,2600,1937,433,0.2235,0.22,1.0161,2642.96,6.073,3.588,0.0,0
tabr,2800,625,134,0.2144,0.16,1.34,2827.61,4.9053,2.9738,0.0,0
tabr,3000,210,26,0.1238,0.11,1.1255,3023.08,3.2958,1.2336,0.0,0
tabr,3200,81,7,0.0864,0.07,1.2346,3300.0,2.0794,0.593,0.0,0
tanayy0207,1000,237,87,0.3671,0.85,0.4319,1059.77,4.4773,1.7418,0.4825,1
tanayy0207,2400,4,0,0.0,0.28,0.0,2400.0,0.0,0.0,0.4506,0
tanayy0207,800,365,192,0.526,0.9,0.5845,821.88,5.2627,2.2752,0.3525,1
tanayy0207,1800,14,3,0.2143,0.5,0.4286,1900.0,1.3863,0.5644,0.3242,0
tanayy0207,1200,63,28,0.4444,0.78,0.5698,1232.14,3.3673,1.844,0.3195,1
tanayy0207,1400,70,27,0.3857,0.7,0.551,1429.63,3.3322,1.8375,0.3092,1
tanayy0207,1600,18,6,0.3333,0.6,0.5556,1700.0,1.9459,1.1027,0.2665,0
tanayy0207,2000,6,6,1.0,0.42,2.0,2000.0,1.9459,3.8918,0.0,0
tanayy0207,2200,8,8,1.0,0.35,2.0,2300.0,2.1972,5.0536,0.0,0
tankcommander,1400,58,18,0.3103,0.7,0.4433,1411.11,2.9444,1.2895,0.4028,1
tankcommander,1000,32,19,0.5938,0.85,0.6985,1047.37,2.9957,1.863,0.2242,1
tankcommander,1200,32,21,0.6562,0.78,0.8413,1280.95,3.091,2.5984,0.1058,0
tankcommander,1800,66,31,0.4697,0.5,0.9394,1838.71,3.4657,2.9931,0.0285,0
tankcommander,800,55,52,0.9455,0.9,1.0505,815.38,3.9703,3.0607,0.0,0
tankcommander,1600,36,22,0.6111,0.6,1.0185,1686.36,3.1355,3.2313,0.0,0
tankcommander,2000,10,10,1.0,0.42,2.0,2070.0,2.3979,4.9636,0.0,0
tankcommander,2200,13,13,1.0,0.35,2.0,2200.0,2.6391,5.8059,0.0,0
tanmuling0429,1400,382,154,0.4031,0.7,0.5759,1455.19,5.0434,2.9587,0.2922,1
tanmuling0429,1800,632,198,0.3133,0.5,0.6266,1855.56,5.2933,3.0772,0.1914,1
tanmuling0429,2000,611,157,0.257,0.42,0.6118,2050.32,5.0626,2.6672,0.1726,1
tanmuling0429,1000,187,126,0.6738,0.85,0.7927,1060.32,4.8442,3.4609,0.1579,0
tanmuling0429,800,414,300,0.7246,0.9,0.8052,821.67,5.7071,3.3981,0.1576,0
tanmuling0429,1600,411,196,0.4769,0.6,0.7948,1657.65,5.2832,4.1764,0.118,0
tanmuling0429,1200,238,155,0.6513,0.78,0.8349,1251.61,5.0499,4.1163,0.1165,0
tanmuling0429,2200,540,136,0.2519,0.35,0.7196,2244.12,4.92,2.7807,0.1043,1
tanmuling0429,2800,388,47,0.1211,0.16,0.7571,2825.53,3.8712,1.325,0.0476,0
tanmuling0429,2400,609,145,0.2381,0.28,0.8503,2453.1,4.9836,2.9108,0.0449,0
tanmuling0429,2600,389,95,0.2442,0.22,1.1101,2664.21,4.5643,2.9698,0.0,0
tanmuling0429,3000,55,14,0.2545,0.11,2.0,3000.0,2.7081,2.068,0.0,0
tanmuling0429,3200,90,9,0.1,0.07,1.4286,3233.33,2.3026,0.7445,0.0,0
tanmuling0429,3400,4,1,0.25,0.04,2.0,3500.0,0.6931,0.6065,0.0,0
tch1cherin,1400,1499,629,0.4196,0.7,0.5994,1443.88,6.4457,3.9053,0.2754,1
tch1cherin,1000,1064,595,0.5592,0.85,0.6579,1054.79,6.3902,3.7693,0.2743,1
tch1cherin,800,2041,1309,0.6414,0.9,0.7126,819.79,7.1778,3.7739,0.2411,1
tch1cherin,1200,1254,672,0.5359,0.78,0.687,1252.08,6.5117,4.3692,0.2319,1
tch1cherin,1800,2507,819,0.3267,0.5,0.6534,1855.31,6.7093,4.0665,0.176,1
tch1cherin,1600,1584,688,0.4343,0.6,0.7239,1661.48,6.5352,4.7162,0.162,1
tch1cherin,2000,3597,976,0.2713,0.42,0.646,2053.18,6.8845,3.8354,0.1544,1
tch1cherin,2200,3001,792,0.2639,0.35,0.754,2237.25,6.6758,3.9416,0.0898,0
tch1cherin,2600,330,52,0.1576,0.22,0.7163,2619.23,3.9703,1.6386,0.0729,1
tch1cherin,3000,45,3,0.0667,0.11,0.6061,3000.0,1.3863,0.2773,0.0695,1
tch1cherin,2400,1805,437,0.2421,0.28,0.8647,2441.42,6.0822,3.5951,0.0401,0
tch1cherin,2800,127,27,0.2126,0.16,1.3287,2829.63,3.3322,2.0046,0.0,0
tch1cherin,3200,24,7,0.2917,0.07,2.0,3200.0,2.0794,1.9408,0.0,0
tch1cherin,3400,9,3,0.3333,0.04,2.0,3400.0,1.3863,1.5711,0.0,0
tealab,2800,9,0,0.0,0.16,0.0,2800.0,0.0,0.0,0.3684,0
tealab,1800,15,3,0.2,0.5,0.4,1800.0,1.3863,0.4991,0.3486,0
tealab,3000,10,0,0.0,0.11,0.0,3000.0,0.0,0.0,0.2638,0
tealab,1000,12,8,0.6667,0.85,0.7843,1075.0,2.1972,1.5747,0.1471,0
tealab,1200,11,7,0.6364,0.78,0.8159,1257.14,2.0794,1.6636,0.1159,0
tealab,2400,41,8,0.1951,0.28,0.6969,2412.5,2.1972,1.0343,0.0992,1
tealab,800,20,16,0.8,0.9,0.8889,812.5,2.8332,1.8416,0.0794,0
tealab,1400,5,5,1.0,0.7,1.4286,1500.0,1.7918,2.6876,0.0,0
tealab,1600,9,9,1.0,0.6,1.6667,1666.67,2.3026,3.8376,0.0,0
tealab,2000,25,18,0.72,0.42,1.7143,2072.22,2.9444,4.3931,0.0,0
tealab,2200,15,15,1.0,0.35,2.0,2260.0,2.7726,6.2661,0.0,0
teekaytai,1800,473,219,0.463,0.5,0.926,1858.9,5.3936,4.6422,0.0357,0
teekaytai,1000,166,135,0.8133,0.85,0.9568,1075.56,4.9127,4.2971,0.0318,0
teekaytai,1400,209,143,0.6842,0.7,0.9774,1432.17,4.9698,4.8699,0.0141,0
teekaytai,1200,205,158,0.7707,0.78,0.9881,1242.41,5.0689,4.8538,0.0081,0
teekaytai,2200,489,168,0.3436,0.35,0.9816,2256.55,5.1299,3.977,0.0065,0
teekaytai,800,277,248,0.8953,0.9,0.9948,816.94,5.5175,4.0355,0.0041,0
teekaytai,1600,311,203,0.6527,0.6,1.0879,1650.25,5.3181,5.7285,0.0,0
teekaytai,2000,406,213,0.5246,0.42,1.2491,2042.72,5.366,5.7506,0.0,0
teekaytai,2400,308,116,0.3766,0.28,1.3451,2464.66,4.7622,4.4205,0.0,0
teekaytai,2600,91,45,0.4945,0.22,2.0,2646.67,3.8286,5.0109,0.0,0
teekaytai,2800,222,44,0.1982,0.16,1.2387,2840.91,3.8067,2.1434,0.0,0
teekaytai,3000,4,2,0.5,0.11,2.0,3100.0,1.0986,1.7028,0.0,0
teekaytai,3200,18,3,0.1667,0.07,2.0,3200.0,1.3863,0.7394,0.0,0
tem_shett,1200,404,259,0.6411,0.78,0.8219,1250.97,5.5607,4.4596,0.1271,0
tem_shett,1600,937,443,0.4728,0.6,0.788,1663.88,6.0958,4.7953,0.1227,0
tem_shett,1400,642,366,0.5701,0.7,0.8144,1453.01,5.9054,4.8917,0.1216,0
tem_shett,2200,1497,357,0.2385,0.35,0.6814,2233.89,5.8805,3.1327,0.1185,1
tem_shett,1800,1115,452,0.4054,0.5,0.8108,1851.11,6.1159,4.5894,0.0933,0
tem_shett,1000,290,221,0.7621,0.85,0.8966,1050.68,5.4027,4.3259,0.0779,0
tem_shett,2000,1125,410,0.3644,0.42,0.8677,2053.66,6.0186,4.5046,0.0556,0
tem_shett,800,404,341,0.8441,0.9,0.9378,821.99,5.8348,4.0483,0.0491,0
tem_shett,2800,122,15,0.123,0.16,0.7684,2806.67,2.7726,0.9568,0.0473,0
tem_shett,2400,955,230,0.2408,0.28,0.8601,2450.43,5.4424,3.2119,0.0417,0
tem_shett,2600,441,81,0.1837,0.22,0.8349,2624.69,4.4067,2.1244,0.0409,0
tem_shett,3000,60,10,0.1667,0.11,1.5152,3030.0,2.3979,1.2109,0.0,0
tem_shett,3200,26,5,0.1923,0.07,2.0,3300.0,1.7918,1.1371,0.0,0
tem_shett,3400,2,2,1.0,0.04,2.0,3500.0,1.0986,3.8451,0.0,0
temporary1,1400,1488,612,0.4113,0.7,0.5876,1437.91,6.4184,3.7958,0.2843,1
temporary1,1200,560,319,0.5696,0.78,0.7303,1269.28,5.7683,4.1707,0.1967,1
temporary1,1600,1473,633,0.4297,0.6,0.7162,1651.03,6.452,4.5778,0.1667,1
temporary1,3000,3,0,0.0,0.11,0.0,3000.0,0.0,0.0,0.1525,0
temporary1,1000,176,122,0.6932,0.85,0.8155,1059.84,4.8122,3.5353,0.1397,0
temporary1,1800,1531,565,0.369,0.5,0.7381,1853.45,6.3386,4.3356,0.1309,1
temporary1,800,356,291,0.8174,0.9,0.9082,818.21,5.6768,3.7967,0.0727,0
temporary1,2000,2299,833,0.3623,0.42,0.8627,2050.18,6.7262,4.9965,0.0578,0
temporary1,3400,1,0,0.0,0.04,0.0,3400.0,0.0,0.0,0.0277,0
temporary1,2200,3874,1252,0.3232,0.35,0.9234,2257.11,7.1333,5.2034,0.0272,0
temporary1,2400,3049,1021,0.3349,0.28,1.1959,2436.04,6.9295,5.6527,0.0,0
temporary1,2600,1059,293,0.2767,0.22,1.2576,2609.9,5.6836,4.1041,0.0,0
temporary1,2800,160,35,0.2188,0.16,1.3672,2862.86,3.5835,2.2442,0.0,0
tempura0224,3200,21,0,0.0,0.07,0.0,3200.0,0.0,0.0,0.2164,1
tempura0224,1600,482,257,0.5332,0.6,0.8887,1657.2,5.553,4.9067,0.063,0
tempura0224,1000,166,133,0.8012,0.85,0.9426,1042.86,4.8978,4.0924,0.0423,0
tempura0224,2000,710,294,0.4141,0.42,0.9859,2049.32,5.687,4.8259,0.0058,0
tempura0224,800,230,206,0.8957,0.9,0.9952,829.13,5.3327,3.9601,0.0037,0
tempura0224,1200,263,217,0.8251,0.78,1.0578,1248.39,5.3845,5.5462,0.0,0
tempura0224,1400,324,240,0.7407,0.7,1.0582,1452.5,5.4848,5.9012,0.0,0
tempura0224,1800,580,374,0.6448,0.5,1.2897,1852.67,5.9269,7.0806,0.0,0
tempura0224,2200,569,236,0.4148,0.35,1.185,2253.39,5.4681,5.1106,0.0,0
tempura0224,2400,667,191,0.2864,0.28,1.0227,2440.31,5.2575,3.6739,0.0,0
tempura0224,2600,467,122,0.2612,0.22,1.1875,2645.9,4.8122,3.3263,0.0,0
tempura0224,2800,126,29,0.2302,0.16,1.4385,2848.28,3.4012,2.2297,0.0,0
tempura0224,3000,48,7,0.1458,0.11,1.3258,3071.43,2.0794,0.9314,0.0,0
testing5294,1000,54,24,0.4444,0.85,0.5229,1087.5,3.2189,1.5558,0.3852,1
testing5294,2000,71,20,0.2817,0.42,0.6707,2030.0,3.0445,1.741,0.1462,1
testing5294,800,39,31,0.7949,0.9,0.8832,800.0,3.4657,2.2039,0.0868,0
testing5294,1600,38,20,0.5263,0.6,0.8772,1650.0,3.0445,2.6439,0.0667,0
testing5294,2400,80,18,0.225,0.28,0.8036,2455.56,2.9444,1.6268,0.0613,0
testing5294,2600,43,9,0.2093,0.22,0.9514,2655.56,2.3026,1.2798,0.0123,0
testing5294,1200,38,33,0.8684,0.78,1.1134,1245.45,3.5264,3.814,0.0,0
testing5294,1400,15,11,0.7333,0.7,1.0476,1400.0,2.4849,2.5512,0.0,0
testing5294,1800,80,41,0.5125,0.5,1.025,1841.46,3.7377,3.5274,0.0,0
testing5294,2200,92,33,0.3587,0.35,1.0248,2215.15,3.5264,2.8019,0.0,0
tfg,800,935,775,0.8289,0.9,0.921,826.32,6.6542,4.5576,0.0636,0
tfg,1000,687,539,0.7846,0.85,0.923,1057.14,6.2916,5.2182,0.0586,0
tfg,1600,1940,1047,0.5397,0.6,0.8995,1653.96,6.9546,6.2079,0.0574,0
tfg,1200,1025,754,0.7356,0.78,0.9431,1252.25,6.6267,6.1043,0.0404,0
tfg,1800,2481,1209,0.4873,0.5,0.9746,1855.67,7.0984,6.4189,0.0123,0
tfg,2600,2257,496,0.2198,0.22,0.9989,2645.77,6.2086,3.6099,0.0003,0
tfg,1400,1259,893,0.7093,0.7,1.0133,1457.56,6.7957,7.0256,0.0,0
tfg,2000,2590,1194,0.461,0.42,1.0976,2049.16,7.0859,6.6939,0.0,0
tfg,2200,2360,936,0.3966,0.35,1.1332,2245.51,6.8427,6.094,0.0,0
tfg,2400,3275,952,0.2907,0.28,1.0382,2435.71,6.8596,4.8568,0.0,0
tfg,2800,1269,214,0.1686,0.16,1.054,2840.19,5.3706,2.5723,0.0,0
tfg,3000,1120,131,0.117,0.11,1.0633,3028.24,4.8828,1.7295,0.0,0
tfg,3200,546,55,0.1007,0.07,1.439,3254.55,4.0254,1.3197,0.0,0
tfg,3400,444,23,0.0518,0.04,1.295,3421.74,3.1781,0.5633,0.0,0
thangdz2k7,1400,511,130,0.2544,0.7,0.3634,1439.23,4.8752,1.785,0.4731,1
thangdz2k7,800,484,252,0.5207,0.9,0.5785,815.08,5.5334,2.3483,0.3591,1
thangdz2k7,1600,602,171,0.2841,0.6,0.4734,1670.76,5.1475,2.4429,0.329,1
thangdz2k7,1200,271,121,0.4465,0.78,0.5724,1261.16,4.804,2.7051,0.3221,1
thangdz2k7,1000,196,108,0.551,0.85,0.6483,1059.26,4.6913,2.7382,0.2775,1
thangdz2k7,1800,903,236,0.2614,0.5,0.5227,1852.97,5.4681,2.648,0.2511,1
thangdz2k7,2000,1010,255,0.2525,0.42,0.6011,2040.78,5.5452,2.8571,0.1771,1
thangdz2k7,2200,989,223,0.2255,0.35,0.6442,2255.16,5.4116,2.7518,0.134,1
thangdz2k7,2400,883,205,0.2322,0.28,0.8292,2446.34,5.3279,3.026,0.0513,0
thangdz2k7,2600,606,142,0.2343,0.22,1.0651,2629.58,4.9628,3.058,0.0,0
thangdz2k7,2800,275,86,0.3127,0.16,1.9545,2840.7,4.4659,3.9674,0.0,0
thangdz2k7,3000,388,75,0.1933,0.11,1.7573,3022.67,4.3307,2.5304,0.0,0
thangdz2k7,3200,131,29,0.2214,0.07,2.0,3255.17,3.4012,2.4509,0.0,0
thangdz2k7,3400,22,1,0.0455,0.04,1.1364,3500.0,0.6931,0.1103,0.0,0
thanos_2,1000,97,49,0.5052,0.85,0.5943,1063.27,3.912,2.1012,0.3219,1
thanos_2,1200,121,55,0.4545,0.78,0.5828,1230.91,4.0254,2.2522,0.3111,1
thanos_2,1400,124,51,0.4113,0.7,0.5876,1435.29,3.9512,2.3325,0.2815,1
thanos_2,800,164,116,0.7073,0.9,0.7859,829.31,4.7622,2.7934,0.1707,0
thanos_2,1600,134,58,0.4328,0.6,0.7214,1653.45,4.0775,2.9182,0.1615,1
thanos_2,2400,287,44,0.1533,0.28,0.5475,2477.27,3.8067,1.4457,0.1493,1
thanos_2,2000,208,63,0.3029,0.42,0.7212,2050.79,4.1589,2.5833,0.1213,1
thanos_2,1800,229,88,0.3843,0.5,0.7686,1857.95,4.4886,3.2048,0.1147,0
thanos_2,2600,86,15,0.1744,0.22,0.7928,2600.0,2.7726,1.2573,0.054,0
thanos_2,2200,84,56,0.6667,0.35,1.9048,2246.43,4.0431,6.055,0.0,0
thanos_2,2800,9,7,0.7778,0.16,2.0,2800.0,2.0794,4.5286,0.0,0
thibautblanc,1800,197,94,0.4772,0.5,0.9543,1851.06,4.5539,4.0222,0.0218,0
thibautblanc,800,216,206,0.9537,0.9,1.0597,815.05,5.3327,4.1452,0.0,0
thibautblanc,1000,125,113,0.904,0.85,1.0635,1068.14,4.7362,4.5733,0.0,0
thibautblanc,1200,148,125,0.8446,0.78,1.0828,1261.6,4.8363,5.1533,0.0,0
thibautblanc,1400,201,152,0.7562,0.7,1.0803,1458.55,5.0304,5.5485,0.0,0
thibautblanc,1600,228,173,0.7588,0.6,1.2646,1659.54,5.1591,6.4963,0.0,0
thibautblanc,2000,124,64,0.5161,0.42,1.2289,2045.31,4.1744,4.4067,0.0,0
thibautblanc,2200,99,51,0.5152,0.35,1.4719,2201.96,3.9512,4.4821,0.0,0
thibautblanc,2400,90,27,0.3,0.28,1.0714,2444.44,3.3322,2.4436,0.0,0
thibautblanc,2600,45,19,0.4222,0.22,1.9192,2636.84,2.9957,3.3352,0.0,0
thibautblanc,2800,14,5,0.3571,0.16,2.0,2900.0,1.7918,1.8558,0.0,0
thibautblanc,3000,12,4,0.3333,0.11,2.0,3100.0,1.6094,1.6631,0.0,0
thomaswmy,1200,136,63,0.4632,0.78,0.5939,1250.79,4.1589,2.4097,0.3021,1
thomaswmy,2000,878,205,0.2335,0.42,0.5559,2047.32,5.3279,2.5468,0.1998,1
thomaswmy,1000,54,34,0.6296,0.85,0.7407,1073.53,3.5553,2.4032,0.1939,1
thomaswmy,1400,116,58,0.5,0.7,0.7143,1448.28,4.0775,2.9527,0.1876,1
thomaswmy,800,78,58,0.7436,0.9,0.8262,829.31,4.0775,2.5145,0.1346,0
thomaswmy,1800,501,184,0.3673,0.5,0.7345,1867.93,5.2204,3.5813,0.1327,1
thomaswmy,2400,1395,289,0.2072,0.28,0.7399,2451.9,5.6699,2.8801,0.0791,1
thomaswmy,1600,219,113,0.516,0.6,0.86,1666.37,4.7362,4.0723,0.079,0
thomaswmy,2200,707,250,0.3536,0.35,1.0103,2271.6,5.5255,4.4383,0.0,0
thomaswmy,2600,813,222,0.2731,0.22,1.2412,2636.49,5.4072,3.8928,0.0,0
thomaswmy,2800,718,243,0.3384,0.16,2.0,2837.86,5.4972,5.2797,0.0,0
thomaswmy,3000,923,225,0.2438,0.11,2.0,3038.22,5.4205,4.0146,0.0,0
thomaswmy,3200,652,184,0.2822,0.07,2.0,3242.93,5.2204,4.7776,0.0,0
thomaswmy,3400,592,128,0.2162,0.04,2.0,3464.84,4.8598,3.6408,0.0,0
tianbincheng,3000,6,0,0.0,0.11,0.0,3000.0,0.0,0.0,0.2141,0
tianbincheng,1400,356,181,0.5084,0.7,0.7263,1455.25,5.204,3.8504,0.1815,1
tianbincheng,2600,216,29,0.1343,0.22,0.6103,2600.0,3.4012,1.1873,0.1048,1
tianbincheng,800,374,301,0.8048,0.9,0.8942,815.28,5.7104,3.7469,0.0841,0
tianbincheng,2000,530,183,0.3453,0.42,0.8221,2039.34,5.2149,3.6721,0.0754,0
tianbincheng,1800,531,226,0.4256,0.5,0.8512,1851.77,5.425,4.2756,0.0727,0
tianbincheng,1000,210,162,0.7714,0.85,0.9076,1068.52,5.0938,4.1987,0.069,0
tianbincheng,1200,246,182,0.7398,0.78,0.9485,1248.35,5.2095,4.8114,0.0356,0
tianbincheng,2200,488,154,0.3156,0.35,0.9016,2256.49,5.0434,3.5914,0.0353,0
tianbincheng,1600,355,231,0.6507,0.6,1.0845,1650.22,5.4467,5.8487,0.0,0
tianbincheng,2400,302,89,0.2947,0.28,1.0525,2437.08,4.4998,3.2318,0.0,0
tianbincheng,2800,27,9,0.3333,0.16,2.0,2866.67,2.3026,2.2002,0.0,0
tianbincheng,3200,49,9,0.1837,0.07,2.0,3300.0,2.3026,1.3956,0.0,0
timreizin,1400,1041,489,0.4697,0.7,0.6711,1451.74,6.1944,4.2242,0.2224,1
timreizin,1600,1471,602,0.4092,0.6,0.6821,1654.49,6.4019,4.3347,0.188,1
timreizin,1000,590,385,0.6525,0.85,0.7677,1053.77,5.9558,4.0954,0.1812,0
timreizin,1200,908,533,0.587,0.78,0.7526,1250.84,6.2804,4.6114,0.1806,0
timreizin,2000,2216,552,0.2491,0.42,0.5931,2050.54,6.3154,3.2258,0.18,1
timreizin,3200,11,0,0.0,0.07,0.0,3200.0,0.0,0.0,0.1739,0
timreizin,800,992,749,0.755,0.9,0.8389,822.16,6.6201,4.1095,0.1313,0
timreizin,1800,1550,584,0.3768,0.5,0.7535,1857.88,6.3716,4.4601,0.1228,0
timreizin,2400,1326,299,0.2255,0.28,0.8053,2439.13,5.7038,3.1371,0.0585,0
timreizin,2200,1556,464,0.2982,0.35,0.852,2242.89,6.142,4.108,0.0533,0
timreizin,3000,65,6,0.0923,0.11,0.8392,3066.67,1.9459,0.5508,0.0252,0
timreizin,2800,282,44,0.156,0.16,0.9752,2863.64,3.8067,1.7008,0.0047,0
timreizin,2600,381,90,0.2362,0.22,1.0737,2650.0,4.5109,2.8237,0.0,0
timreizin,3400,16,2,0.125,0.04,2.0,3400.0,1.0986,0.4669,0.0,0
tinca_matei,1000,264,162,0.6136,0.85,0.7219,1056.79,5.0938,3.3032,0.2164,1
tinca_matei,1200,354,235,0.6638,0.78,0.8511,1252.34,5.4638,4.5424,0.1055,0
tinca_matei,800,293,233,0.7952,0.9,0.8836,819.74,5.4553,3.5562,0.0923,0
tinca_matei,2000,884,304,0.3439,0.42,0.8188,2054.93,5.7203,4.0424,0.0768,0
tinca_matei,1400,321,204,0.6355,0.7,0.9079,1445.59,5.323,4.8902,0.0589,0
tinca_matei,1800,739,325,0.4398,0.5,0.8796,1851.38,5.7869,4.7117,0.0586,0
tinca_matei,1600,481,289,0.6008,0.6,1.0014,1656.75,5.6699,5.6439,0.0,0
tinca_matei,2200,512,205,0.4004,0.35,1.144,2261.95,5.3279,4.8253,0.0,0
tinca_matei,2400,735,240,0.3265,0.28,1.1662,2435.0,5.4848,4.361,0.0,0
tinca_matei,2600,318,98,0.3082,0.22,1.4008,2640.82,4.5951,3.7397,0.0,0
tinca_matei,2800,290,91,0.3138,0.16,1.9612,2845.05,4.5218,4.0369,0.0,0
tinca_matei,3000,49,23,0.4694,0.11,2.0,3017.39,3.1781,4.5012,0.0,0
tinca_matei,3200,43,9,0.2093,0.07,2.0,3255.56,2.3026,1.569,0.0,0
toam,1000,654,499,0.763,0.85,0.8976,1059.12,6.2146,5.022,0.0782,0
toam,1200,882,633,0.7177,0.78,0.9201,1252.61,6.452,5.8003,0.0567,0
toam,2000,2323,845,0.3638,0.42,0.8661,2054.67,6.7405,5.0378,0.0563,0
toam,2200,2874,888,0.309,0.35,0.8828,2245.05,6.7901,4.7101,0.0419,0
toam,2400,3248,799,0.246,0.28,0.8786,2440.43,6.6846,4.013,0.0358,0
toam,800,1112,959,0.8624,0.9,0.9582,818.77,6.8669,4.8488,0.0335,0
toam,2800,498,70,0.1406,0.16,0.8785,2838.57,4.2627,1.7008,0.0229,0
toam,1800,1545,758,0.4906,0.5,0.9812,1854.22,6.632,6.0332,0.009,0
toam,1400,816,579,0.7096,0.7,1.0137,1449.91,6.363,6.5463,0.0,0
toam,1600,1253,763,0.6089,0.6,1.0149,1654.91,6.6386,6.69,0.0,0
toam,2600,748,181,0.242,0.22,1.0999,2639.78,5.204,3.3242,0.0,0
toam,3000,112,22,0.1964,0.11,1.7857,3086.36,3.1355,1.9009,0.0,0
toam,3200,26,18,0.6923,0.07,2.0,3222.22,2.9444,6.5684,0.0,0
toku4388,1200,308,165,0.5357,0.78,0.6868,1246.06,5.112,3.4124,0.2292,1
toku4388,2400,49,6,0.1224,0.28,0.4373,2433.33,1.9459,0.5798,0.2092,1
toku4388,1600,477,189,0.3962,0.6,0.6604,1651.85,5.247,3.4342,0.2012,1
toku4388,1400,286,141,0.493,0.7,0.7043,1448.94,4.9558,3.5401,0.1967,1
toku4388,2000,382,98,0.2565,0.42,0.6108,2025.51,4.5951,2.3878,0.1738,1
toku4388,2200,341,70,0.2053,0.35,0.5865,2230.0,4.2627,1.9513,0.1605,1
toku4388,1000,242,164,0.6777,0.85,0.7973,1057.32,5.1059,3.6586,0.155,0
toku4388,1800,317,138,0.4353,0.5,0.8707,1837.68,4.9345,3.9476,0.0628,0
toku4388,800,322,268,0.8323,0.9,0.9248,815.3,5.5947,3.7964,0.0593,0
toku4388,2600,14,3,0.2143,0.22,0.974,2700.0,1.3863,0.8021,0.0065,0
toomer,1400,159,94,0.5912,0.7,0.8446,1450.0,4.5539,3.9037,0.0994,0
toomer,1800,199,81,0.407,0.5,0.8141,1864.2,4.4067,3.3438,0.0911,0
toomer,2000,356,119,0.3343,0.42,0.7959,2047.9,4.7875,3.2773,0.0871,0
toomer,1600,232,130,0.5603,0.6,0.9339,1646.15,4.8752,4.4969,0.0368,0
toomer,1000,78,65,0.8333,0.85,0.9804,1052.31,4.1897,3.674,0.014,0
toomer,800,127,116,0.9134,0.9,1.0149,818.1,4.7622,3.5585,0.0,0
toomer,1200,116,92,0.7931,0.78,1.0168,1247.83,4.5326,4.4857,0.0,0
toomer,2200,234,116,0.4957,0.35,1.4164,2229.31,4.7622,5.2628,0.0,0
toomer,2400,274,126,0.4599,0.28,1.6423,2452.38,4.8442,5.463,0.0,0
toomer,2600,91,35,0.3846,0.22,1.7483,2682.86,3.5835,3.6977,0.0,0
toomer,2800,6,3,0.5,0.16,2.0,2900.0,1.3863,2.0101,0.0,0
tourist,800,612,573,0.9363,0.9,1.0403,820.24,6.3526,4.8787,0.0,0
tourist,1000,394,377,0.9569,0.85,1.1257,1057.82,5.9349,6.0072,0.0,0
tourist,1200,562,507,0.9021,0.78,1.1566,1254.24,6.2305,7.0498,0.0,0
tourist,1400,645,558,0.8651,0.7,1.2359,1443.19,6.3261,7.8984,0.0,0
tourist,1600,1062,795,0.7486,0.6,1.2476,1654.34,6.6796,8.2721,0.0,0
tourist,1800,1189,923,0.7763,0.5,1.5526,1853.3,6.8287,9.8244,0.0,0
tourist,2000,992,822,0.8286,0.42,1.9729,2045.26,6.713,11.3768,0.0,0
tourist,2200,1101,805,0.7312,0.35,2.0,2253.66,6.6921,11.027,0.0,0
tourist,2400,1346,868,0.6449,0.28,2.0,2449.31,6.7673,10.689,0.0,0
tourist,2600,1252,579,0.4625,0.22,2.0,2644.21,6.363,7.781,0.0,0
tourist,2800,1132,508,0.4488,0.16,2.0,2839.57,6.2324,7.942,0.0,0
tourist,3000,701,330,0.4708,0.11,2.0,3048.48,5.8021,8.3266,0.0,0
tourist,3200,501,277,0.5529,0.07,2.0,3246.93,5.6276,10.1028,0.0,0
tourist,3400,945,238,0.2519,0.04,2.0,3470.59,5.4765,4.7868,0.0,0
trappedintesseract,1600,483,114,0.236,0.6,0.3934,1653.51,4.7449,1.8518,0.3917,1
trappedintesseract,2000,430,68,0.1581,0.42,0.3765,2044.12,4.2341,1.3687,0.3035,1
trappedintesseract,1800,420,112,0.2667,0.5,0.5333,1850.0,4.7274,2.3322,0.2462,1
trappedintesseract,3000,8,0,0.0,0.11,0.0,3000.0,0.0,0.0,0.2417,0
trappedintesseract,1400,242,109,0.4504,0.7,0.6434,1434.86,4.7005,3.0378,0.2405,1
trappedintesseract,1000,170,113,0.6647,0.85,0.782,1053.98,4.7362,3.3181,0.1661,0
trappedintesseract,1200,171,104,0.6082,0.78,0.7797,1260.58,4.654,3.568,0.1564,0
trappedintesseract,2200,293,74,0.2526,0.35,0.7216,2240.54,4.3175,2.4431,0.1041,1
trappedintesseract,800,284,223,0.7852,0.9,0.8725,816.59,5.4116,3.4699,0.1012,0
trappedintesseract,2400,40,23,0.575,0.28,2.0,2417.39,3.1781,4.4175,0.0,0
trappedintesseract,2600,14,8,0.5714,0.22,2.0,2637.5,2.1972,3.3115,0.0,0
trash-can,1400,242,157,0.6488,0.7,0.9268,1443.95,5.0626,4.7425,0.0464,0
trash-can,3000,33,3,0.0909,0.11,0.8264,3000.0,1.3863,0.3781,0.0282,0
trash-can,1200,183,137,0.7486,0.78,0.9598,1249.64,4.9273,4.6095,0.0276,0
trash-can,1000,218,180,0.8257,0.85,0.9714,1066.67,5.1985,4.5785,0.0211,0
trash-can,800,347,315,0.9078,0.9,1.0086,815.56,5.7557,4.2612,0.0,0
trash-can,1600,273,164,0.6007,0.6,1.0012,1657.93,5.1059,5.0854,0.0,0
trash-can,1800,321,227,0.7072,0.5,1.4143,1860.79,5.4293,7.1444,0.0,0
trash-can,2000,298,143,0.4799,0.42,1.1425,2051.75,4.9698,4.8931,0.0,0
trash-can,2200,314,147,0.4682,0.35,1.3376,2270.75,4.9972,5.3123,0.0,0
trash-can,2400,576,175,0.3038,0.28,1.0851,2451.43,5.1705,3.8509,0.0,0
trash-can,2600,223,69,0.3094,0.22,1.4064,2639.13,4.2485,3.4693,0.0,0
trash-can,2800,58,14,0.2414,0.16,1.5086,2821.43,2.7081,1.8443,0.0,0
trs719,1200,25,10,0.4,0.78,0.5128,1270.0,2.3979,1.2181,0.3644,1
trs719,2200,427,115,0.2693,0.35,0.7695,2226.09,4.7536,2.8499,0.085,0
trs719,2000,381,149,0.3911,0.42,0.9311,2068.46,5.0106,4.0532,0.0286,0
trs719,800,19,17,0.8947,0.9,0.9942,823.53,2.8904,2.1297,0.0041,0
trs719,1000,20,18,0.9,0.85,1.0588,1077.78,2.9444,2.8561,0.0,0
trs719,1400,24,17,0.7083,0.7,1.0119,1447.06,2.8904,2.9626,0.0,0
trs719,1600,55,36,0.6545,0.6,1.0909,1680.56,3.6109,3.972,0.0,0
trs719,1800,202,109,0.5396,0.5,1.0792,1818.35,4.7005,4.6121,0.0,0
trs719,2400,243,83,0.3416,0.28,1.2199,2457.83,4.4308,3.7197,0.0,0
trs719,2600,80,24,0.3,0.22,1.3636,2700.0,3.2189,2.6073,0.0,0
trs719,2800,38,11,0.2895,0.16,1.8092,2818.18,2.4849,2.0272,0.0,0
trs719,3000,39,7,0.1795,0.11,1.6317,3100.0,2.0794,1.157,0.0,0
trs719,3200,9,3,0.3333,0.07,2.0,3200.0,1.3863,1.4787,0.0,0
trs719,3400,2,2,1.0,0.04,2.0,3400.0,1.0986,3.7353,0.0,0
truongminhduc_beo,1400,139,34,0.2446,0.7,0.3494,1488.24,3.5553,1.2942,0.494,1
truongminhduc_beo,2000,50,6,0.12,0.42,0.2857,2100.0,1.9459,0.4904,0.4004,1
truongminhduc_beo,2200,102,8,0.0784,0.35,0.2241,2237.5,2.1972,0.3856,0.3937,1
truongminhduc_beo,1800,114,23,0.2018,0.5,0.4035,1843.48,3.1781,1.182,0.3387,1
truongminhduc_beo,1000,31,15,0.4839,0.85,0.5693,1073.33,2.7726,1.44,0.3363,1
truongminhduc_beo,800,48,33,0.6875,0.9,0.7639,806.06,3.5264,1.9542,0.1827,0
truongminhduc_beo,1600,28,14,0.5,0.6,0.8333,1671.43,2.7081,2.2632,0.0908,0
truongminhduc_beo,1200,26,18,0.6923,0.78,0.8876,1222.22,2.9444,2.4914,0.0733,0
truongminhduc_beo,2400,5,5,1.0,0.28,2.0,2400.0,1.7918,4.3002,0.0,0
truongminhduc_beo,2600,15,10,0.6667,0.22,2.0,2650.0,2.3979,4.2363,0.0,0
trybetter,1400,164,66,0.4024,0.7,0.5749,1440.91,4.2047,2.4382,0.2919,1
trybetter,1600,203,95,0.468,0.6,0.78,1652.63,4.5643,3.5301,0.1262,0
trybetter,2800,99,8,0.0808,0.16,0.5051,2800.0,2.1972,0.4971,0.1141,1
trybetter,2200,179,51,0.2849,0.35,0.814,2243.14,3.9512,2.5253,0.0683,0
trybetter,800,114,97,0.8509,0.9,0.9454,809.28,4.585,3.1572,0.0417,0
trybetter,2400,152,37,0.2434,0.28,0.8694,2451.35,3.6376,2.1706,0.0397,0
trybetter,1000,67,62,0.9254,0.85,1.0887,1053.23,4.1431,4.038,0.0,0
trybetter,1200,90,72,0.8,0.78,1.0256,1240.28,4.2905,4.2571,0.0,0
trybetter,1800,138,75,0.5435,0.5,1.087,1868.0,4.3307,4.3966,0.0,0
trybetter,2000,176,78,0.4432,0.42,1.0552,2056.41,4.3694,3.9822,0.0,0
trybetter,2600,53,24,0.4528,0.22,2.0,2637.5,3.2189,3.8444,0.0,0
trybetter,3000,7,4,0.5714,0.11,2.0,3000.0,1.6094,2.759,0.0,0
ttamx,800,1331,1053,0.7911,0.9,0.879,818.04,6.9603,4.5046,0.0984,0
ttamx,1200,1030,708,0.6874,0.78,0.8813,1254.94,6.5639,5.6621,0.085,0
ttamx,1000,801,608,0.7591,0.85,0.893,1063.32,6.4118,5.1751,0.0821,0
ttamx,1400,1124,726,0.6459,0.7,0.9227,1444.08,6.5889,6.1458,0.0501,0
ttamx,1600,1498,881,0.5881,0.6,0.9802,1656.87,6.7822,6.6088,0.0112,0
ttamx,1800,2075,1015,0.4892,0.5,0.9783,1856.95,6.9236,6.289,0.0105,0
ttamx,2000,2082,1028,0.4938,0.42,1.1756,2047.96,6.9363,7.014,0.0,0
ttamx,2200,2641,977,0.3699,0.35,1.057,2245.24,6.8855,5.7191,0.0,0
ttamx,2400,2772,1021,0.3683,0.28,1.3155,2450.44,6.9295,6.2543,0.0,0
ttamx,2600,1716,512,0.2984,0.22,1.3562,2645.51,6.2403,4.9257,0.0,0
ttamx,2800,649,240,0.3698,0.16,2.0,2835.0,5.4848,5.7502,0.0,0
ttamx,3000,509,116,0.2279,0.11,2.0,3032.76,4.7622,3.2914,0.0,0
ttamx,3200,164,23,0.1402,0.07,2.0,3256.52,3.1781,1.4514,0.0,0
ttamx,3400,139,38,0.2734,0.04,2.0,3457.89,3.6636,3.4633,0.0,0
turmax,1200,784,443,0.5651,0.78,0.7244,1248.08,6.0958,4.299,0.2019,1
turmax,800,735,587,0.7986,0.9,0.8874,823.0,6.3767,4.1913,0.0907,0
turmax,1800,2207,919,0.4164,0.5,0.8328,1849.4,6.8244,5.2554,0.0823,0
turmax,1600,1318,701,0.5319,0.6,0.8864,1659.34,6.5539,5.7842,0.0648,0
turmax,1400,970,618,0.6371,0.7,0.9102,1446.28,6.4281,5.9231,0.0582,0
turmax,2400,4206,981,0.2332,0.28,0.833,2446.69,6.8896,3.9316,0.0495,0
turmax,2600,3301,601,0.1821,0.22,0.8276,2648.59,6.4003,3.0863,0.0415,0
turmax,2800,2722,412,0.1514,0.16,0.946,2839.08,6.0234,2.5884,0.0097,0
turmax,2200,2478,846,0.3414,0.35,0.9754,2245.27,6.7417,5.1678,0.0087,0
turmax,1000,415,351,0.8458,0.85,0.995,1052.71,5.8636,5.2208,0.0037,0
turmax,2000,2097,945,0.4506,0.42,1.073,2048.47,6.8522,6.3255,0.0,0
turmax,3000,1957,257,0.1313,0.11,1.1938,3040.86,5.553,2.2175,0.0,0
turmax,3200,1307,123,0.0941,0.07,1.3444,3260.98,4.8203,1.4793,0.0,0
turmax,3400,1445,122,0.0844,0.04,2.0,3473.77,4.8122,1.4114,0.0,0
turneja,1000,218,137,0.6284,0.85,0.7393,1056.93,4.9273,3.2728,0.2014,1
turneja,1200,327,222,0.6789,0.78,0.8704,1254.95,5.4072,4.6068,0.0914,0
turneja,1800,585,241,0.412,0.5,0.8239,1861.41,5.4889,4.2091,0.0865,0
turneja,1400,356,227,0.6376,0.7,0.9109,1454.19,5.4293,5.0343,0.057,0
turneja,800,291,249,0.8557,0.9,0.9507,826.91,5.5215,3.9068,0.0386,0
turneja,1600,408,246,0.6029,0.6,1.0049,1650.0,5.5094,5.481,0.0,0
turneja,2000,474,218,0.4599,0.42,1.095,2049.54,5.3891,5.0798,0.0,0
turneja,2200,469,253,0.5394,0.35,1.5413,2258.5,5.5373,6.7463,0.0,0
turneja,2400,740,289,0.3905,0.28,1.3948,2452.25,5.6699,5.4301,0.0,0
turneja,2600,640,160,0.25,0.22,1.1364,2655.0,5.0814,3.3728,0.0,0
turneja,2800,273,106,0.3883,0.16,2.0,2842.45,4.6728,5.1572,0.0,0
turneja,3000,274,63,0.2299,0.11,2.0,3025.4,4.1589,2.893,0.0,0
turneja,3400,38,11,0.2895,0.04,2.0,3463.64,2.4849,2.4914,0.0,0
turska,1200,613,322,0.5253,0.78,0.6734,1259.94,5.7777,3.8238,0.2413,1
turska,1000,342,206,0.6023,0.85,0.7086,1070.87,5.3327,3.4398,0.2283,1
turska,1400,843,425,0.5042,0.7,0.7202,1446.82,6.0544,4.4162,0.1871,1
turska,800,500,374,0.748,0.9,0.8311,814.97,5.9269,3.6131,0.1364,0
turska,1600,1294,640,0.4946,0.6,0.8243,1656.41,6.463,5.2948,0.1012,0
turska,1800,1910,858,0.4492,0.5,0.8984,1843.94,6.7558,5.596,0.0495,0
turska,2000,1821,756,0.4152,0.42,0.9885,2052.78,6.6294,5.6497,0.0048,0
turska,2200,1402,582,0.4151,0.35,1.1861,2254.98,6.3682,5.9612,0.0,0
turska,2400,1504,461,0.3065,0.28,1.0947,2462.26,6.1356,4.6306,0.0,0
turska,2600,881,231,0.2622,0.22,1.1918,2619.48,5.4467,3.741,0.0,0
turska,2800,199,47,0.2362,0.16,1.4761,2838.3,3.8712,2.5951,0.0,0
turska,3000,44,11,0.25,0.11,2.0,3063.64,2.4849,1.9032,0.0,0
turska,3200,62,5,0.0806,0.07,1.1521,3300.0,1.7918,0.4768,0.0,0
tute7627,800,1145,1055,0.9214,0.9,1.0238,824.74,6.9622,5.2907,0.0,0
tute7627,1000,714,614,0.8599,0.85,1.0117,1053.26,6.4216,5.8163,0.0,0
tute7627,1200,1019,860,0.844,0.78,1.082,1251.4,6.7581,7.1374,0.0,0
tute7627,1400,1270,1026,0.8079,0.7,1.1541,1450.29,6.9344,8.1247,0.0,0
tute7627,1600,1741,1223,0.7025,0.6,1.1708,1658.05,7.1099,8.2811,0.0,0
tute7627,1800,2034,1297,0.6377,0.5,1.2753,1854.05,7.1686,8.4751,0.0,0
tute7627,2000,2349,1241,0.5283,0.42,1.2579,2049.4,7.1245,7.7138,0.0,0
tute7627,2200,2585,1217,0.4708,0.35,1.3451,2247.17,7.105,7.5167,0.0,0
tute7627,2400,3020,1333,0.4414,0.28,1.5764,2450.26,7.1959,7.7826,0.0,0
tute7627,2600,2078,747,0.3595,0.22,1.634,2641.23,6.6174,6.283,0.0,0
tute7627,2800,958,381,0.3977,0.16,2.0,2840.16,5.9454,6.7156,0.0,0
tute7627,3000,520,157,0.3019,0.11,2.0,3047.77,5.0626,4.6586,0.0,0
tute7627,3200,189,54,0.2857,0.07,2.0,3233.33,4.0073,3.702,0.0,0
tute7627,3400,85,16,0.1882,0.04,2.0,3425.0,2.8332,1.8266,0.0,0
txngled,1200,82,43,0.5244,0.78,0.6723,1262.79,3.7842,2.5059,0.2361,1
txngled,1800,131,42,0.3206,0.5,0.6412,1852.38,3.7612,2.2338,0.184,1
txngled,2000,93,26,0.2796,0.42,0.6656,2053.85,3.2958,1.8924,0.1485,1
txngled,1000,48,34,0.7083,0.85,0.8333,1050.0,3.5553,2.6443,0.121,0
txngled,2200,89,22,0.2472,0.35,0.7063,2222.73,3.1355,1.7228,0.1119,1
txngled,800,73,66,0.9041,0.9,1.0046,807.58,4.2047,3.07,0.0,0
txngled,1400,55,42,0.7636,0.7,1.0909,1457.14,3.7612,4.1852,0.0,0
txngled,1600,41,34,0.8293,0.6,1.3821,1638.24,3.5553,4.8301,0.0,0
txngled,2400,42,19,0.4524,0.28,1.6156,2478.95,2.9957,3.3595,0.0,0
txngled,3000,3,3,1.0,0.11,2.0,3100.0,1.3863,4.2975,0.0,0
tychoelling,1200,1047,527,0.5033,0.78,0.6453,1250.09,6.2691,3.9447,0.2647,1
tychoelling,1000,754,439,0.5822,0.85,0.685,1057.4,6.0868,3.7473,0.2504,1
tychoelling,1400,1301,661,0.5081,0.7,0.7258,1442.36,6.4953,4.7599,0.1836,1
tychoelling,800,1256,880,0.7006,0.9,0.7785,817.27,6.7811,3.8829,0.1828,0
tychoelling,1800,2737,1273,0.4651,0.5,0.9302,1858.76,7.1499,6.1813,0.0339,0
tychoelling,1600,1462,847,0.5793,0.6,0.9656,1663.16,6.7429,6.4971,0.0194,0
tychoelling,2000,2203,920,0.4176,0.42,0.9943,2045.43,6.8255,5.8303,0.0023,0
tychoelling,2200,1294,672,0.5193,0.35,1.4838,2243.75,6.5117,7.5876,0.0,0
tychoelling,2400,816,497,0.6091,0.28,2.0,2442.45,6.2106,9.239,0.0,0
tychoelling,2600,405,165,0.4074,0.22,1.8519,2640.0,5.112,5.4982,0.0,0
tychoelling,2800,173,63,0.3642,0.16,2.0,2817.46,4.1589,4.2671,0.0,0
tychoelling,3000,191,23,0.1204,0.11,1.0947,3047.83,3.1781,1.1664,0.0,0
tychoelling,3200,2,2,1.0,0.07,2.0,3200.0,1.0986,3.5156,0.0,0
tychoelling,3400,3,1,0.3333,0.04,2.0,3400.0,0.6931,0.7856,0.0,0
tymond,1000,592,301,0.5084,0.85,0.5982,1062.46,5.7104,3.0848,0.325,1
tymond,1200,524,284,0.542,0.78,0.6949,1249.65,5.6525,3.8284,0.2241,1
tymond,800,957,645,0.674,0.9,0.7489,820.16,6.4708,3.5769,0.2077,1
tymond,1400,563,280,0.4973,0.7,0.7105,1445.71,5.6384,4.054,0.1934,1
tymond,1800,1535,634,0.413,0.5,0.8261,1868.45,6.4536,4.9804,0.0856,0
tymond,1600,682,351,0.5147,0.6,0.8578,1663.25,5.8636,5.0193,0.0811,0
tymond,2600,315,56,0.1778,0.22,0.8081,2614.29,4.0431,1.8791,0.0482,0
tymond,2200,661,213,0.3222,0.35,0.9207,2253.99,5.366,3.8974,0.0283,0
tymond,2000,740,341,0.4608,0.42,1.0972,2039.59,5.8348,5.4839,0.0,0
tymond,2400,716,219,0.3059,0.28,1.0924,2445.66,5.3936,4.0347,0.0,0
tymond,2800,241,46,0.1909,0.16,1.1929,2845.65,3.8501,2.0912,0.0,0
tymond,3000,91,34,0.3736,0.11,2.0,3035.29,3.5553,4.032,0.0,0
tymond,3200,73,9,0.1233,0.07,1.7613,3288.89,2.3026,0.9337,0.0,0
ub33,1400,887,540,0.6088,0.7,0.8697,1449.63,6.2934,5.5541,0.0849,0
ub33,1200,629,455,0.7234,0.78,0.9274,1254.07,6.1225,5.554,0.0512,0
ub33,800,890,755,0.8483,0.9,0.9426,823.58,6.628,4.6307,0.046,0
ub33,1000,499,399,0.7996,0.85,0.9407,1056.64,5.9915,5.0621,0.0448,0
ub33,1600,997,590,0.5918,0.6,0.9863,1661.19,6.3818,6.2736,0.0077,0
ub33,1800,1280,654,0.5109,0.5,1.0219,1856.12,6.4846,6.1498,0.0,0
ub33,2000,1188,560,0.4714,0.42,1.1223,2050.54,6.3297,6.1182,0.0,0
ub33,2200,1089,456,0.4187,0.35,1.1964,2244.96,6.1247,5.7574,0.0,0
ub33,2400,1220,560,0.459,0.28,1.6393,2441.79,6.3297,7.0945,0.0,0
ub33,2600,612,205,0.335,0.22,1.5226,2635.61,5.3279,4.7037,0.0,0
ub33,2800,229,80,0.3493,0.16,2.0,2847.5,4.3944,4.3714,0.0,0
ub33,3000,282,47,0.1667,0.11,1.5152,3038.3,3.8712,1.9603,0.0,0
ub33,3200,42,24,0.5714,0.07,2.0,3254.17,3.2189,5.9856,0.0,0
ub33,3400,107,20,0.1869,0.04,2.0,3485.0,3.0445,1.9832,0.0,0
ukbwyx,1000,252,156,0.619,0.85,0.7283,1065.38,5.0562,3.3347,0.211,1
ukbwyx,1200,358,234,0.6536,0.78,0.838,1253.42,5.4596,4.4729,0.1151,0
ukbwyx,1400,421,243,0.5772,0.7,0.8246,1446.09,5.4972,4.5884,0.1143,0
ukbwyx,1800,1169,458,0.3918,0.5,0.7836,1860.26,6.1291,4.467,0.1072,0
ukbwyx,800,412,337,0.818,0.9,0.9088,820.47,5.823,3.9079,0.0724,0
ukbwyx,2000,1443,520,0.3604,0.42,0.858,2047.31,6.2558,4.6153,0.0598,0
ukbwyx,1600,649,358,0.5516,0.6,0.9194,1656.98,5.8833,5.3775,0.0455,0
ukbwyx,2200,1264,388,0.307,0.35,0.877,2248.45,5.9636,4.116,0.0441,0
ukbwyx,2400,1106,265,0.2396,0.28,0.8557,2445.28,5.5835,3.2713,0.043,0
ukbwyx,2800,604,87,0.144,0.16,0.9002,2811.49,4.4773,1.8132,0.0187,0
ukbwyx,2600,577,127,0.2201,0.22,1.0005,2636.22,4.852,2.8154,0.0,0
ukbwyx,3000,207,23,0.1111,0.11,1.0101,3065.22,3.1781,1.0824,0.0,0
ukbwyx,3200,26,9,0.3462,0.07,2.0,3200.0,2.3026,2.5506,0.0,0
ukbwyx,3400,25,5,0.2,0.04,2.0,3440.0,1.7918,1.2327,0.0,0
umbrella-leaf,1200,316,144,0.4557,0.78,0.5842,1245.14,4.9767,2.8238,0.3125,1
umbrella-leaf,800,413,242,0.586,0.9,0.6511,819.42,5.4931,2.6375,0.2914,1
umbrella-leaf,1000,210,132,0.6286,0.85,0.7395,1057.58,4.8903,3.2509,0.2012,1
umbrella-leaf,1400,367,181,0.4932,0.7,0.7046,1446.96,5.204,3.7137,0.1969,1
umbrella-leaf,1600,437,212,0.4851,0.6,0.8085,1659.43,5.3613,4.316,0.1098,0
umbrella-leaf,1800,530,251,0.4736,0.5,0.9472,1862.15,5.5294,4.8763,0.0254,0
umbrella-leaf,2000,646,309,0.4783,0.42,1.1389,2053.72,5.7366,5.6353,0.0,0
umbrella-leaf,2200,777,347,0.4466,0.35,1.276,2253.31,5.8522,5.8891,0.0,0
umbrella-leaf,2400,1138,457,0.4016,0.28,1.4342,2448.36,6.1269,6.024,0.0,0
umbrella-leaf,2600,1863,722,0.3875,0.22,1.7616,2649.72,6.5834,6.7605,0.0,0
umbrella-leaf,2800,1354,514,0.3796,0.16,2.0,2836.38,6.2442,6.7233,0.0,0
umbrella-leaf,3000,727,308,0.4237,0.11,2.0,3036.04,5.7333,7.3745,0.0,0
umbrella-leaf,3200,653,206,0.3155,0.07,2.0,3234.95,5.3327,5.4421,0.0,0
umbrella-leaf,3400,278,92,0.3309,0.04,2.0,3451.09,4.5326,5.1766,0.0,0
umnov.max55,2400,22,0,0.0,0.28,0.0,2400.0,0.0,0.0,0.8779,1
umnov.max55,1000,151,60,0.3974,0.85,0.4675,1053.33,4.1109,1.7206,0.4449,1
umnov.max55,2200,90,10,0.1111,0.35,0.3175,2200.0,2.3979,0.5862,0.3171,1
umnov.max55,1400,72,30,0.4167,0.7,0.5952,1466.67,3.434,2.0985,0.2742,1
umnov.max55,800,230,154,0.6696,0.9,0.744,811.04,5.0434,2.7388,0.2075,1
umnov.max55,1200,100,60,0.6,0.78,0.7692,1258.33,4.1109,3.1037,0.1625,0
umnov.max55,1600,68,32,0.4706,0.6,0.7843,1678.12,3.4965,2.7612,0.1219,0
umnov.max55,2000,43,16,0.3721,0.42,0.8859,2056.25,2.8332,2.1677,0.0473,0
umnov.max55,1800,14,11,0.7857,0.5,1.5714,1800.0,2.4849,3.5144,0.0,0
umnov.max55,3000,4,1,0.25,0.11,2.0,3000.0,0.6931,0.5199,0.0,0
under1oop,2800,5,0,0.0,0.16,0.0,2800.0,0.0,0.0,0.2867,0
under1oop,1600,179,63,0.352,0.6,0.5866,1657.14,4.1589,2.4256,0.2497,1
under1oop,1400,124,60,0.4839,0.7,0.6912,1441.67,4.1109,2.8677,0.2042,1
under1oop,1800,185,70,0.3784,0.5,0.7568,1830.0,4.2627,2.9516,0.1208,0
under1oop,2000,214,75,0.3505,0.42,0.8344,2061.33,4.3307,3.1287,0.0701,0
under1oop,1000,52,43,0.8269,0.85,0.9729,1062.79,3.7842,3.3257,0.0192,0
under1oop,2200,155,52,0.3355,0.35,0.9585,2265.38,3.9703,3.0174,0.0147,0
under1oop,800,80,73,0.9125,0.9,1.0139,812.33,4.3041,3.1904,0.0,0
under1oop,1200,73,60,0.8219,0.78,1.0537,1263.33,4.1109,4.2686,0.0,0
under1oop,2400,42,13,0.3095,0.28,1.1054,2446.15,2.6391,1.9981,0.0,0
urosk,1000,704,255,0.3622,0.85,0.4261,1054.12,5.5452,2.1172,0.4888,1
urosk,1400,1292,370,0.2864,0.7,0.4091,1454.86,5.9162,2.4649,0.4285,1
urosk,1200,723,287,0.397,0.78,0.5089,1247.04,5.663,2.8033,0.3785,1
urosk,1600,1106,316,0.2857,0.6,0.4762,1654.43,5.7589,2.7222,0.3259,1
urosk,1800,861,214,0.2485,0.5,0.4971,1848.6,5.3706,2.4676,0.2668,1
urosk,2200,698,91,0.1304,0.35,0.3725,2241.76,4.5218,1.3216,0.2605,1
urosk,800,745,473,0.6349,0.9,0.7054,824.1,6.1612,3.2237,0.2449,1
urosk,2000,1177,274,0.2328,0.42,0.5543,2027.74,5.6168,2.6514,0.2001,1
urosk,2400,2346,369,0.1573,0.28,0.5617,2438.21,5.9135,2.2679,0.1378,1
urosk,2800,437,37,0.0847,0.16,0.5292,2829.73,3.6376,0.8715,0.0988,1
urosk,2600,328,53,0.1616,0.22,0.7345,2647.17,3.989,1.7063,0.0679,1
urosk,3000,451,30,0.0665,0.11,0.6047,3043.33,3.434,0.6952,0.06,1
urosk,3200,26,10,0.3846,0.07,2.0,3200.0,2.3979,2.9513,0.0,0
urosk,3400,74,9,0.1216,0.04,2.0,3500.0,2.3026,0.9802,0.0,0
va1bh3v,1000,71,58,0.8169,0.85,0.9611,1062.07,4.0775,3.5377,0.0279,0
va1bh3v,800,63,57,0.9048,0.9,1.0053,814.04,4.0604,2.9905,0.0,0
va1bh3v,1200,73,65,0.8904,0.78,1.1416,1256.92,4.1897,4.689,0.0,0
va1bh3v,1400,74,70,0.9459,0.7,1.3514,1461.43,4.2627,5.8929,0.0,0
va1bh3v,1600,118,88,0.7458,0.6,1.2429,1657.95,4.4886,5.5499,0.0,0
va1bh3v,1800,181,140,0.7735,0.5,1.547,1850.0,4.9488,7.0814,0.0,0
va1bh3v,2000,189,129,0.6825,0.42,1.6251,2051.16,4.8675,6.8145,0.0,0
va1bh3v,2200,224,108,0.4821,0.35,1.3776,2245.37,4.6913,5.0788,0.0,0
va1bh3v,2400,142,60,0.4225,0.28,1.5091,2443.33,4.1109,4.244,0.0,0
va1bh3v,2600,83,28,0.3373,0.22,1.5334,2639.29,3.3673,2.9981,0.0,0
va1bh3v,2800,143,26,0.1818,0.16,1.1364,2869.23,3.2958,1.7194,0.0,0
va1bh3v,3000,30,6,0.2,0.11,1.8182,3000.0,1.9459,1.1675,0.0,0
va1bh3v,3200,32,3,0.0938,0.07,1.3393,3300.0,1.3863,0.4289,0.0,0
va1bh3v,3400,22,6,0.2727,0.04,2.0,3500.0,1.9459,1.8575,0.0,0
vako_P,1200,806,400,0.4963,0.78,0.6363,1250.75,5.994,3.7206,0.2715,1
vako_P,1400,874,414,0.4737,0.7,0.6767,1447.34,6.0283,4.1329,0.2181,1
vako_P,1000,467,327,0.7002,0.85,0.8238,1063.3,5.793,4.3131,0.1356,0
vako_P,1600,908,465,0.5121,0.6,0.8535,1655.27,6.1442,5.2083,0.0838,0
vako_P,800,837,684,0.8172,0.9,0.908,819.74,6.5294,4.374,0.074,0
vako_P,2600,661,109,0.1649,0.22,0.7496,2655.05,4.7005,2.058,0.0628,1
vako_P,3200,1,0,0.0,0.07,0.0,3200.0,0.0,0.0,0.0485,0
vako_P,1800,986,446,0.4523,0.5,0.9047,1857.4,6.1026,5.1271,0.0463,0
vako_P,2200,1251,387,0.3094,0.35,0.8839,2243.93,5.961,4.1379,0.0416,0
vako_P,2400,836,211,0.2524,0.28,0.9014,2442.18,5.3566,3.3017,0.0292,0
vako_P,2000,813,330,0.4059,0.42,0.9664,2047.27,5.8021,4.8215,0.0139,0
vako_P,2800,119,45,0.3782,0.16,2.0,2815.56,3.8286,4.0764,0.0,0
vako_P,3000,15,6,0.4,0.11,2.0,3000.0,1.9459,2.3351,0.0,0
valavshonok,1000,1932,1166,0.6035,0.85,0.71,1042.2,7.0622,4.442,0.2313,1
valavshonok,1400,2966,1400,0.472,0.7,0.6743,1455.29,7.2449,4.9767,0.2211,1
valavshonok,1200,2241,1238,0.5524,0.78,0.7082,1252.1,7.1221,4.9263,0.2162,1
valavshonok,800,2986,2003,0.6708,0.9,0.7453,835.3,7.6029,4.26,0.2132,1
valavshonok,1600,3352,1617,0.4824,0.6,0.804,1651.58,7.3889,5.8869,0.1138,0
valavshonok,1800,2872,1167,0.4063,0.5,0.8127,1849.96,7.063,5.3093,0.0925,0
valavshonok,2000,2602,1041,0.4001,0.42,0.9526,2045.92,6.9489,5.6878,0.0197,0
valavshonok,2200,1849,751,0.4062,0.35,1.1605,2241.28,6.6227,6.0289,0.0,0
valavshonok,2400,1586,511,0.3222,0.28,1.1507,2430.53,6.2383,4.8852,0.0,0
valavshonok,2600,645,159,0.2465,0.22,1.1205,2653.46,5.0752,3.3197,0.0,0
valavshonok,2800,224,78,0.3482,0.16,2.0,2855.13,4.3694,4.3441,0.0,0
valavshonok,3000,126,19,0.1508,0.11,1.3709,3010.53,2.9957,1.36,0.0,0
valavshonok,3200,12,4,0.3333,0.07,2.0,3200.0,1.6094,1.7167,0.0,0
valavshonok,3400,148,10,0.0676,0.04,1.6892,3500.0,2.3979,0.5671,0.0,0
variance,1400,438,249,0.5685,0.7,0.8121,1442.17,5.5215,4.5268,0.1227,0
variance,1000,287,217,0.7561,0.85,0.8895,1056.22,5.3845,4.3001,0.0833,0
variance,1600,447,251,0.5615,0.6,0.9359,1651.39,5.5294,5.1274,0.036,0
variance,1800,376,178,0.4734,0.5,0.9468,1862.36,5.1874,4.5735,0.0255,0
variance,1200,302,231,0.7649,0.78,0.9806,1252.81,5.4467,5.2195,0.0134,0
variance,2200,317,108,0.3407,0.35,0.9734,2245.37,4.6913,3.5888,0.0094,0
variance,800,439,396,0.9021,0.9,1.0023,822.73,5.9839,4.4409,0.0,0
variance,2000,388,176,0.4536,0.42,1.08,2049.43,5.1761,4.812,0.0,0
variance,2400,478,148,0.3096,0.28,1.1058,2448.65,5.0039,3.7938,0.0,0
variance,2600,102,45,0.4412,0.22,2.0,2631.11,3.8286,4.4442,0.0,0
variance,2800,24,18,0.75,0.16,2.0,2816.67,2.9444,6.2201,0.0,0
variance,3000,25,5,0.2,0.11,1.8182,3100.0,1.7918,1.1109,0.0,0
vegemite,1000,99,51,0.5152,0.85,0.6061,1054.9,3.9512,2.1472,0.3114,1
vegemite,1200,142,73,0.5141,0.78,0.6591,1254.79,4.3041,2.7764,0.2488,1
vegemite,800,380,268,0.7053,0.9,0.7836,813.43,5.5947,3.2096,0.1755,0
vegemite,1600,266,120,0.4511,0.6,0.7519,1655.0,4.7958,3.5806,0.1435,0
vegemite,1400,175,99,0.5657,0.7,0.8082,1441.41,4.6052,3.7552,0.1239,0
vegemite,1800,292,118,0.4041,0.5,0.8082,1855.08,4.7791,3.5827,0.0942,0
vegemite,2400,329,84,0.2553,0.28,0.9119,2455.95,4.4427,2.7858,0.0263,0
vegemite,2000,256,118,0.4609,0.42,1.0975,2046.61,4.7791,4.5084,0.0,0
vegemite,2200,208,83,0.399,0.35,1.1401,2244.58,4.4308,3.9686,0.0,0
vegemite,2600,39,23,0.5897,0.22,2.0,2617.39,3.1781,4.9056,0.0,0
vegemite,2800,18,12,0.6667,0.16,2.0,2800.0,2.5649,4.7879,0.0,0
vid,1200,547,310,0.5667,0.78,0.7266,1248.71,5.7398,4.0619,0.1996,1
vid,1000,288,198,0.6875,0.85,0.8088,1056.57,5.2933,3.845,0.1463,0
vid,1400,742,413,0.5566,0.7,0.7951,1454.48,6.0259,4.8784,0.1349,0
vid,1600,931,429,0.4608,0.6,0.768,1658.04,6.0638,4.6328,0.1347,0
vid,800,376,305,0.8112,0.9,0.9013,820.33,5.7236,3.8086,0.0784,0
vid,1800,924,416,0.4502,0.5,0.9004,1858.41,6.0331,5.0478,0.0483,0
vid,2000,697,311,0.4462,0.42,1.0624,2037.62,5.743,5.2214,0.0,0
vid,2200,354,140,0.3955,0.35,1.1299,2227.86,4.9488,4.3602,0.0,0
vid,2400,130,48,0.3692,0.28,1.3187,2418.75,3.8918,3.4757,0.0,0
vid,2600,6,3,0.5,0.22,2.0,2600.0,1.3863,1.8022,0.0,0
vid,3000,8,2,0.25,0.11,2.0,3100.0,1.0986,0.8514,0.0,0
wabca,1000,129,86,0.6667,0.85,0.7843,1050.0,4.4659,3.1261,0.1633,0
wabca,1200,155,101,0.6516,0.78,0.8354,1254.46,4.625,3.7805,0.1153,0
wabca,1600,231,119,0.5152,0.6,0.8586,1667.23,4.7875,4.1119,0.0799,0
wabca,800,221,183,0.8281,0.9,0.9201,812.57,5.2149,3.5089,0.0625,0
wabca,1400,163,103,0.6319,0.7,0.9027,1439.81,4.6444,4.2255,0.0615,0
wabca,1800,261,130,0.4981,0.5,0.9962,1838.46,4.8752,4.4643,0.0018,0
wabca,2000,302,139,0.4603,0.42,1.0959,2041.73,4.9416,4.6438,0.0,0
wabca,2200,462,232,0.5022,0.35,1.4348,2248.28,5.451,6.1542,0.0,0
wabca,2400,421,211,0.5012,0.28,1.79,2453.55,5.3566,6.5869,0.0,0
wabca,2600,250,129,0.516,0.22,2.0,2637.21,4.8675,6.6237,0.0,0
wabca,2800,253,72,0.2846,0.16,1.7787,2854.17,4.2905,3.4849,0.0,0
wabca,3000,147,52,0.3537,0.11,2.0,3032.69,3.9703,4.2593,0.0,0
wabca,3200,36,25,0.6944,0.07,2.0,3216.0,3.2581,7.2764,0.0,0
wabca,3400,18,6,0.3333,0.04,2.0,3433.33,1.9459,2.227,0.0,0
wamachine_,2000,11,0,0.0,0.42,0.0,2000.0,0.0,0.0,1.0437,0
wamachine_,2600,4,0,0.0,0.22,0.0,2600.0,0.0,0.0,0.3541,0
wamachine_,2200,34,5,0.1471,0.35,0.4202,2200.0,1.7918,0.5797,0.2584,1
wamachine_,800,17,11,0.6471,0.9,0.719,809.09,2.4849,1.3009,0.2098,0
wamachine_,1400,10,6,0.6,0.7,0.8571,1400.0,1.9459,1.6346,0.0814,0
wamachine_,1200,9,7,0.7778,0.78,0.9972,1300.0,2.0794,2.1025,0.0017,0
wamachine_,1000,12,12,1.0,0.85,1.1765,1083.33,2.5649,2.7787,0.0,0
wamachine_,1600,7,7,1.0,0.6,1.6667,1600.0,2.0794,3.3271,0.0,0
wamachine_,1800,18,18,1.0,0.5,2.0,1816.67,2.9444,5.3491,0.0,0
wamachine_,2400,8,4,0.5,0.28,1.7857,2400.0,1.6094,1.9313,0.0,0
wangzeyu2013,1400,389,78,0.2005,0.7,0.2864,1456.41,4.3694,1.276,0.555,1
wangzeyu2013,2600,8,0,0.0,0.22,0.0,2600.0,0.0,0.0,0.4834,0
wangzeyu2013,1200,186,62,0.3333,0.78,0.4274,1262.9,4.1431,1.7441,0.4543,1
wangzeyu2013,1000,171,71,0.4152,0.85,0.4885,1039.44,4.2767,1.8457,0.4242,1
wangzeyu2013,800,225,117,0.52,0.9,0.5778,826.5,4.7707,2.0503,0.3569,1
wangzeyu2013,1600,158,58,0.3671,0.6,0.6118,1667.24,4.0775,2.4956,0.2325,1
wangzeyu2013,1800,117,35,0.2991,0.5,0.5983,1834.29,3.5835,1.9663,0.2091,1
wangzeyu2013,2200,100,20,0.2,0.35,0.5714,2220.0,3.0445,1.3518,0.1712,1
wangzeyu2013,2000,75,20,0.2667,0.42,0.6349,2070.0,3.0445,1.6806,0.1642,1
wangzeyu2013,2400,30,8,0.2667,0.28,0.9524,2400.0,2.1972,1.4062,0.0143,0
waste_f,1000,199,87,0.4372,0.85,0.5143,1078.16,4.4773,2.1104,0.3993,1
waste_f,1200,228,88,0.386,0.78,0.4948,1247.73,4.4886,2.1616,0.3901,1
waste_f,1800,494,123,0.249,0.5,0.498,1850.41,4.8203,2.2208,0.2676,1
waste_f,1400,139,65,0.4676,0.7,0.668,1430.77,4.1897,2.8032,0.2213,1
waste_f,2000,344,104,0.3023,0.42,0.7198,2038.46,4.654,2.8681,0.1216,1
waste_f,2600,153,21,0.1373,0.22,0.6239,2642.86,3.091,1.1213,0.1019,1
waste_f,1600,175,87,0.4971,0.6,0.8286,1650.57,4.4773,3.674,0.0971,0
waste_f,2400,230,49,0.213,0.28,0.7609,2469.39,3.912,2.0581,0.0742,0
waste_f,800,170,139,0.8176,0.9,0.9085,815.11,4.9416,3.2935,0.0713,0
waste_f,2200,340,99,0.2912,0.35,0.8319,2251.52,4.6052,3.0191,0.0612,0
waste_f,2800,86,16,0.186,0.16,1.1628,2862.5,2.8332,1.5089,0.0,0
waste_f,3000,6,1,0.1667,0.11,1.5152,3100.0,0.6931,0.3581,0.0,0
waste_f,3200,5,3,0.6,0.07,2.0,3300.0,1.3863,2.7449,0.0,0
weirdflexbutok,1200,1562,731,0.468,0.78,0.6,1252.39,6.5958,3.8658,0.3021,1
weirdflexbutok,1000,1109,630,0.5681,0.85,0.6683,1056.83,6.4473,3.8707,0.2654,1
weirdflexbutok,1600,2738,1005,0.3671,0.6,0.6118,1655.32,6.9137,4.2008,0.233,1
weirdflexbutok,1800,3801,1053,0.277,0.5,0.5541,1857.64,6.9603,3.582,0.2309,1
weirdflexbutok,1400,2044,971,0.475,0.7,0.6786,1448.51,6.8794,4.7338,0.2176,1
weirdflexbutok,2000,2558,616,0.2408,0.42,0.5734,2047.56,6.4249,3.168,0.1894,1
weirdflexbutok,800,1555,1101,0.708,0.9,0.7867,818.53,7.0049,4.0597,0.1763,0
weirdflexbutok,2200,3792,845,0.2228,0.35,0.6367,2259.88,6.7405,3.3944,0.1354,1
weirdflexbutok,2400,3833,823,0.2147,0.28,0.7668,2442.41,6.7142,3.521,0.0698,0
weirdflexbutok,2800,292,41,0.1404,0.16,0.8776,2846.34,3.7377,1.4938,0.0235,0
weirdflexbutok,3000,492,52,0.1057,0.11,0.9608,3007.69,3.9703,1.2621,0.0054,0
weirdflexbutok,2600,1443,356,0.2467,0.22,1.1214,2651.97,5.8777,3.8456,0.0,0
weirdflexbutok,3200,35,3,0.0857,0.07,1.2245,3200.0,1.3863,0.3802,0.0,0
weirdflexbutok,3400,71,4,0.0563,0.04,1.4085,3400.0,1.6094,0.3083,0.0,0
wenqizhi,1600,467,222,0.4754,0.6,0.7923,1652.7,5.4072,4.2482,0.1196,0
wenqizhi,1200,287,187,0.6516,0.78,0.8353,1258.29,5.2364,4.2932,0.1166,0
wenqizhi,1400,309,212,0.6861,0.7,0.9801,1446.7,5.3613,5.3214,0.0125,0
wenqizhi,800,440,391,0.8886,0.9,0.9874,813.55,5.9713,4.317,0.0099,0
wenqizhi,1000,222,189,0.8514,0.85,1.0016,1062.43,5.247,4.746,0.0,0
wenqizhi,1800,703,388,0.5519,0.5,1.1038,1865.72,5.9636,6.1409,0.0,0
wenqizhi,2000,1055,466,0.4417,0.42,1.0517,2055.58,6.1463,5.5806,0.0,0
wenqizhi,2200,1371,512,0.3735,0.35,1.067,2244.92,6.2403,5.2316,0.0,0
wenqizhi,2400,1046,512,0.4895,0.28,1.7482,2445.7,6.2403,7.4704,0.0,0
wenqizhi,2600,888,298,0.3356,0.22,1.5254,2658.39,5.7004,5.0855,0.0,0
wenqizhi,2800,633,218,0.3444,0.16,2.0,2825.23,5.3891,5.2435,0.0,0
wenqizhi,3000,340,86,0.2529,0.11,2.0,3027.91,4.4659,3.4204,0.0,0
wenqizhi,3200,122,47,0.3852,0.07,2.0,3223.4,3.8712,4.8073,0.0,0
wenqizhi,3400,35,18,0.5143,0.04,2.0,3472.22,2.9444,5.2579,0.0,0
wind_cross,1000,315,151,0.4794,0.85,0.564,1066.89,5.0239,2.5694,0.3541,1
wind_cross,1800,1292,304,0.2353,0.5,0.4706,1862.83,5.7203,2.5073,0.2822,1
wind_cross,1400,557,230,0.4129,0.7,0.5899,1440.43,5.4424,3.2371,0.2818,1
wind_cross,1200,429,220,0.5128,0.78,0.6575,1246.82,5.3982,3.4516,0.2532,1
wind_cross,800,522,327,0.6264,0.9,0.696,818.65,5.793,2.9709,0.2521,1
wind_cross,1600,682,280,0.4106,0.6,0.6843,1658.57,5.6384,3.8394,0.1863,1
wind_cross,2000,814,235,0.2887,0.42,0.6874,2051.49,5.4638,3.236,0.1362,1
wind_cross,2200,909,231,0.2541,0.35,0.7261,2252.38,5.4467,3.1176,0.1013,1
wind_cross,2400,1287,254,0.1974,0.28,0.7049,2441.73,5.5413,2.6703,0.0905,1
wind_cross,2800,626,69,0.1102,0.16,0.6889,2847.83,4.2485,1.3336,0.0611,1
wind_cross,2600,303,87,0.2871,0.22,1.3051,2648.28,4.4773,3.4045,0.0,0
wind_cross,3000,101,23,0.2277,0.11,2.0,3056.52,3.1781,2.2121,0.0,0
wind_cross,3200,60,7,0.1167,0.07,1.6667,3242.86,2.0794,0.7867,0.0,0
wind_cross,3400,77,24,0.3117,0.04,2.0,3475.0,3.2189,3.4864,0.0,0
wjyhz,1400,269,77,0.2862,0.7,0.4089,1431.17,4.3567,1.7848,0.4324,1
wjyhz,2600,6,0,0.0,0.22,0.0,2600.0,0.0,0.0,0.4281,0
wjyhz,1200,136,74,0.5441,0.78,0.6976,1264.86,4.3175,2.9714,0.2182,1
wjyhz,1000,144,94,0.6528,0.85,0.768,1058.51,4.5539,3.1466,0.1767,0
wjyhz,1800,140,58,0.4143,0.5,0.8286,1851.72,4.0775,3.1281,0.0835,0
wjyhz,800,213,182,0.8545,0.9,0.9494,819.23,5.2095,3.6466,0.0394,0
wjyhz,3400,1,0,0.0,0.04,0.0,3400.0,0.0,0.0,0.0277,0
wjyhz,1600,120,82,0.6833,0.6,1.1389,1643.9,4.4188,4.9638,0.0,0
wjyhz,2000,98,44,0.449,0.42,1.069,2056.82,3.8067,3.5153,0.0,0
wjyhz,2200,68,36,0.5294,0.35,1.5126,2200.0,3.6109,4.2057,0.0,0
wjyhz,2400,6,3,0.5,0.28,1.7857,2400.0,1.3863,1.6636,0.0,0
wuyuetong,1200,432,159,0.3681,0.78,0.4719,1252.2,5.0752,2.339,0.4116,1
wuyuetong,1000,364,157,0.4313,0.85,0.5074,1061.78,5.0626,2.3185,0.4074,1
wuyuetong,1400,349,117,0.3352,0.7,0.4789,1442.74,4.7707,2.3074,0.3703,1
wuyuetong,800,664,345,0.5196,0.9,0.5773,818.55,5.8464,2.4865,0.3612,1
wuyuetong,1600,256,97,0.3789,0.6,0.6315,1655.67,4.585,2.8764,0.2197,1
wuyuetong,1800,248,113,0.4556,0.5,0.9113,1853.98,4.7362,4.0009,0.0427,0
wuyuetong,2200,213,69,0.3239,0.35,0.9256,2244.93,4.2485,3.0896,0.0266,0
wuyuetong,2800,14,2,0.1429,0.16,0.8929,2800.0,1.0986,0.4394,0.0221,0
wuyuetong,2000,245,114,0.4653,0.42,1.1079,2041.23,4.7449,4.5067,0.0,0
wuyuetong,2400,58,24,0.4138,0.28,1.4778,2441.67,3.2189,3.2522,0.0,0
wuyuetong,2600,32,10,0.3125,0.22,1.4205,2670.0,2.3979,2.0007,0.0,0
wuyuetong,3000,4,2,0.5,0.11,2.0,3100.0,1.0986,1.7028,0.0,0
www.com,1600,1524,408,0.2677,0.6,0.4462,1656.37,6.0137,2.6667,0.3473,1
www.com,1800,2437,468,0.192,0.5,0.3841,1858.12,6.1506,2.1947,0.3359,1
www.com,1400,777,291,0.3745,0.7,0.535,1444.33,5.6768,3.0707,0.3245,1
www.com,1200,632,307,0.4858,0.78,0.6228,1248.86,5.7301,3.4761,0.282,1
www.com,2000,2689,509,0.1893,0.42,0.4507,2041.85,6.2344,2.4096,0.2519,1
www.com,1000,416,256,0.6154,0.85,0.724,1065.62,5.5491,3.6389,0.2161,1
www.com,2200,1826,291,0.1594,0.35,0.4553,2248.11,5.6768,2.0338,0.2144,1
www.com,2400,2113,234,0.1107,0.28,0.3955,2450.43,5.4596,1.4816,0.2006,1
www.com,800,738,509,0.6897,0.9,0.7663,818.07,6.2344,3.5176,0.192,0
www.com,3000,155,7,0.0452,0.11,0.4106,3057.14,2.0794,0.2871,0.1063,1
www.com,2600,938,141,0.1503,0.22,0.6833,2643.26,4.9558,1.9691,0.0801,1
www.com,2800,615,66,0.1073,0.16,0.6707,2857.58,4.2047,1.2894,0.065,1
www.com,3200,119,11,0.0924,0.07,1.3205,3236.36,2.4849,0.7434,0.0,0
www.com,3400,30,2,0.0667,0.04,1.6667,3400.0,1.0986,0.249,0.0,0
www_bilibili_com,1800,599,213,0.3556,0.5,0.7112,1857.75,5.366,3.5448,0.1451,1
www_bilibili_com,1200,178,112,0.6292,0.78,0.8067,1258.04,4.7274,3.7421,0.1366,0
www_bilibili_com,1600,236,109,0.4619,0.6,0.7698,1651.38,4.7005,3.5851,0.1325,0
www_bilibili_com,800,179,135,0.7542,0.9,0.838,813.33,4.9127,3.0135,0.1281,0
www_bilibili_com,1400,210,118,0.5619,0.7,0.8027,1450.0,4.7791,3.8938,0.1279,0
www_bilibili_com,2000,509,151,0.2967,0.42,0.7063,2044.37,5.0239,3.0469,0.1277,1
www_bilibili_com,1000,115,85,0.7391,0.85,0.8696,1067.06,4.4543,3.5131,0.0966,0
www_bilibili_com,2800,514,58,0.1128,0.16,0.7053,2825.86,4.0775,1.3002,0.058,1
www_bilibili_com,2200,414,171,0.413,0.35,1.1801,2250.88,5.1475,4.7857,0.0,0
www_bilibili_com,2400,633,210,0.3318,0.28,1.1848,2470.0,5.3519,4.3855,0.0,0
www_bilibili_com,2600,314,100,0.3185,0.22,1.4476,2643.0,4.6151,3.8846,0.0,0
www_bilibili_com,3000,79,18,0.2278,0.11,2.0,3027.78,2.9444,2.0313,0.0,0
www_bilibili_com,3200,59,17,0.2881,0.07,2.0,3229.41,2.8904,2.6895,0.0,0
www_bilibili_com,3400,44,8,0.1818,0.04,2.0,3500.0,2.1972,1.3982,0.0,0
x3x3,1400,833,397,0.4766,0.7,0.6808,1446.6,5.9865,4.1273,0.2151,1
x3x3,1600,1205,473,0.3925,0.6,0.6542,1653.28,6.1612,3.9984,0.2056,1
x3x3,1000,423,285,0.6738,0.85,0.7927,1054.74,5.656,4.0194,0.1602,0
x3x3,1800,1865,651,0.3491,0.5,0.6981,1861.75,6.48,4.2112,0.152,1
x3x3,1200,691,432,0.6252,0.78,0.8015,1256.94,6.0707,4.7705,0.1432,0
x3x3,2000,1431,466,0.3256,0.42,0.7753,2048.5,6.1463,4.1001,0.0959,0
x3x3,800,644,562,0.8727,0.9,0.9696,817.26,6.3333,4.5169,0.0241,0
x3x3,2200,1250,569,0.4552,0.35,1.3006,2249.38,6.3456,6.4974,0.0,0
x3x3,2400,2136,688,0.3221,0.28,1.1503,2449.13,6.5352,5.1554,0.0,0
x3x3,2600,1168,402,0.3442,0.22,1.5644,2641.29,5.9989,5.4535,0.0,0
x3x3,2800,814,244,0.2998,0.16,1.8735,2837.3,5.5013,4.6788,0.0,0
x3x3,3000,156,32,0.2051,0.11,1.8648,3000.0,3.4965,2.1517,0.0,0
xiaoxiaobaozi,1000,316,215,0.6804,0.85,0.8004,1052.56,5.3753,3.8494,0.1532,0
xiaoxiaobaozi,1200,265,167,0.6302,0.78,0.8079,1246.71,5.124,4.0257,0.1366,0
xiaoxiaobaozi,1400,392,218,0.5561,0.7,0.7945,1456.88,5.3891,4.3662,0.1345,0
xiaoxiaobaozi,1600,542,292,0.5387,0.6,0.8979,1651.03,5.6802,5.0524,0.0577,0
xiaoxiaobaozi,800,394,332,0.8426,0.9,0.9363,822.59,5.8081,4.0259,0.0504,0
xiaoxiaobaozi,1800,546,249,0.456,0.5,0.9121,1846.99,5.5215,4.6508,0.0425,0
xiaoxiaobaozi,2000,564,250,0.4433,0.42,1.0554,2040.8,5.5255,4.9984,0.0,0
xiaoxiaobaozi,2200,615,258,0.4195,0.35,1.1986,2250.78,5.5568,5.2469,0.0,0
xiaoxiaobaozi,2400,534,184,0.3446,0.28,1.2306,2454.35,5.2204,4.4148,0.0,0
xiaoxiaobaozi,2600,153,58,0.3791,0.22,1.7231,2622.41,4.0775,4.0536,0.0,0
xiaoxiaobaozi,2800,132,23,0.1742,0.16,1.089,2860.87,3.1781,1.5842,0.0,0
xiaoxiaobaozi,3000,64,11,0.1719,0.11,1.5625,3000.0,2.4849,1.2813,0.0,0
xiaoxiaobaozi,3200,34,11,0.3235,0.07,2.0,3300.0,2.4849,2.653,0.0,0
xiaoxiaobaozi,3400,28,7,0.25,0.04,2.0,3400.0,2.0794,1.7675,0.0,0
xiaoyezi2007,1000,205,136,0.6634,0.85,0.7805,1069.12,4.92,3.4896,0.1679,0
xiaoyezi2007,1200,247,154,0.6235,0.78,0.7993,1238.31,5.0434,3.8939,0.1428,0
xiaoyezi2007,1600,360,165,0.4583,0.6,0.7639,1650.91,5.112,3.8681,0.1365,0
xiaoyezi2007,1800,283,115,0.4064,0.5,0.8127,1867.83,4.7536,3.608,0.0919,0
xiaoyezi2007,800,372,308,0.828,0.9,0.92,815.91,5.7333,3.8731,0.0634,0
xiaoyezi2007,1400,195,125,0.641,0.7,0.9158,1448.8,4.8363,4.4915,0.0533,0
xiaoyezi2007,2000,183,71,0.388,0.42,0.9238,2028.17,4.2767,3.3652,0.0316,0
xiaoyezi2007,2200,73,29,0.3973,0.35,1.135,2248.28,3.4012,3.0378,0.0,0
xiaoyezi2007,2400,92,49,0.5326,0.28,1.9022,2440.82,3.912,5.0856,0.0,0
xiaoyezi2007,2600,22,18,0.8182,0.22,2.0,2644.44,2.9444,6.3707,0.0,0
xiaoyezi2007,2800,34,12,0.3529,0.16,2.0,2825.0,2.5649,2.5574,0.0,0
xiaoyezi2007,3000,11,7,0.6364,0.11,2.0,3057.14,2.0794,4.0455,0.0,0
xiaoyezi2007,3400,6,3,0.5,0.04,2.0,3500.0,1.3863,2.426,0.0,0
xly_tyty,1400,291,168,0.5773,0.7,0.8247,1448.21,5.1299,4.289,0.1136,0
xly_tyty,1200,273,181,0.663,0.78,0.85,1242.54,5.204,4.2871,0.1059,0
xly_tyty,800,323,266,0.8235,0.9,0.915,813.91,5.5872,3.745,0.0671,0
xly_tyty,1000,211,164,0.7773,0.85,0.9144,1054.88,5.1059,4.1864,0.0638,0
xly_tyty,1800,892,395,0.4428,0.5,0.8857,1863.04,5.9814,4.9347,0.0556,0
xly_tyty,1600,398,231,0.5804,0.6,0.9673,1650.65,5.4467,5.2182,0.0182,0
xly_tyty,2000,1154,470,0.4073,0.42,0.9697,2055.32,6.1549,5.1522,0.0125,0
xly_tyty,2200,1627,717,0.4407,0.35,1.2591,2250.21,6.5765,6.5215,0.0,0
xly_tyty,2400,1690,664,0.3929,0.28,1.4032,2442.62,6.4998,6.2379,0.0,0
xly_tyty,2600,1030,348,0.3379,0.22,1.5357,2647.7,5.8551,5.2377,0.0,0
xly_tyty,2800,435,179,0.4115,0.16,2.0,2834.64,5.193,6.0573,0.0,0
xly_tyty,3000,85,40,0.4706,0.11,2.0,3017.5,3.7136,5.2733,0.0,0
xly_tyty,3200,77,18,0.2338,0.07,2.0,3227.78,2.9444,2.2217,0.0,0
xyyjy,1400,27,2,0.0741,0.7,0.1058,1400.0,1.0986,0.1139,0.9939,1
xyyjy,2400,5,0,0.0,0.28,0.0,2400.0,0.0,0.0,0.5017,0
xyyjy,800,52,29,0.5577,0.9,0.6197,837.93,3.4012,1.5894,0.3088,1
xyyjy,2600,27,4,0.1481,0.22,0.6734,2600.0,1.6094,0.6199,0.0918,1
xyyjy,1000,7,7,1.0,0.85,1.1765,1028.57,2.0794,2.1389,0.0,0
xyyjy,1200,11,9,0.8182,0.78,1.049,1233.33,2.3026,2.3235,0.0,0
xyyjy,1800,10,5,0.5,0.5,1.0,1860.0,1.7918,1.6663,0.0,0
xyyjy,2000,21,13,0.619,0.42,1.4739,2053.85,2.6391,3.3554,0.0,0
xyyjy,2200,13,13,1.0,0.35,2.0,2261.54,2.6391,5.9683,0.0,0
ya_ssh,1000,85,54,0.6353,0.85,0.7474,1059.26,4.0073,2.6967,0.191,1
ya_ssh,800,82,64,0.7805,0.9,0.8672,818.75,4.1744,2.6675,0.1021,0
ya_ssh,1200,159,116,0.7296,0.78,0.9353,1275.86,4.7622,4.4327,0.0444,0
ya_ssh,1400,90,74,0.8222,0.7,1.1746,1468.92,4.3175,5.2146,0.0,0
ya_ssh,1600,109,88,0.8073,0.6,1.3456,1651.14,4.4886,5.9835,0.0,0
ya_ssh,1800,127,99,0.7795,0.5,1.5591,1839.39,4.6052,6.6032,0.0,0
ya_ssh,2000,133,83,0.6241,0.42,1.4859,2054.22,4.4308,5.6801,0.0,0
ya_ssh,2200,150,62,0.4133,0.35,1.181,2241.94,4.1431,3.8393,0.0,0
ya_ssh,2400,93,59,0.6344,0.28,2.0,2442.37,4.0943,6.344,0.0,0
ya_ssh,2600,36,20,0.5556,0.22,2.0,2620.0,3.0445,4.4315,0.0,0
ya_ssh,2800,56,23,0.4107,0.16,2.0,2878.26,3.1781,3.7569,0.0,0
ya_ssh,3000,131,17,0.1298,0.11,1.1797,3000.0,2.8904,1.1253,0.0,0
yanb0,1000,53,33,0.6226,0.85,0.7325,1078.79,3.5264,2.3686,0.2004,1
yanb0,2600,56,5,0.0893,0.22,0.4058,2600.0,1.7918,0.4159,0.1893,1
yanb0,1600,97,44,0.4536,0.6,0.756,1679.55,3.8067,2.9001,0.1396,0
yanb0,1800,147,62,0.4218,0.5,0.8435,1854.84,4.1431,3.2412,0.076,0
yanb0,1400,91,57,0.6264,0.7,0.8948,1459.65,4.0604,3.7124,0.0658,0
yanb0,1200,109,77,0.7064,0.78,0.9057,1262.34,4.3567,3.8851,0.0646,0
yanb0,2200,123,40,0.3252,0.35,0.9292,2212.5,3.7136,2.672,0.0254,0
yanb0,800,120,108,0.9,0.9,1.0,813.89,4.6913,3.4364,0.0,0
yanb0,2000,92,51,0.5543,0.42,1.3199,2074.51,3.9512,4.5439,0.0,0
yanb0,2400,38,17,0.4474,0.28,1.5977,2482.35,2.8904,3.2098,0.0,0
yanchengzhi,1000,208,96,0.4615,0.85,0.543,1057.29,4.5747,2.2324,0.3723,1
yanchengzhi,800,357,205,0.5742,0.9,0.638,816.59,5.3279,2.4983,0.3027,1
yanchengzhi,1200,178,95,0.5337,0.78,0.6842,1256.84,4.5643,3.0617,0.2296,1
yanchengzhi,1400,355,182,0.5127,0.7,0.7324,1443.41,5.2095,3.855,0.1772,1
yanchengzhi,1800,651,244,0.3748,0.5,0.7496,1855.33,5.5013,3.8255,0.1248,1
yanchengzhi,1600,445,215,0.4831,0.6,0.8052,1656.74,5.3753,4.3026,0.1118,0
yanchengzhi,2000,610,252,0.4131,0.42,0.9836,2044.44,5.5334,4.6734,0.0068,0
yanchengzhi,2200,698,249,0.3567,0.35,1.0192,2257.03,5.5215,4.4456,0.0,0
yanchengzhi,2400,1060,369,0.3481,0.28,1.2433,2445.53,5.9135,5.0343,0.0,0
yanchengzhi,2600,704,260,0.3693,0.22,1.6787,2640.38,5.5645,5.4262,0.0,0
yanchengzhi,2800,485,171,0.3526,0.16,2.0,2842.69,5.1475,5.1592,0.0,0
yanchengzhi,3000,1284,262,0.204,0.11,1.855,3030.92,5.5722,3.4461,0.0,0
yanchengzhi,3200,341,73,0.2141,0.07,2.0,3230.14,4.3041,2.9762,0.0,0
yanchengzhi,3400,228,44,0.193,0.04,2.0,3456.82,3.8067,2.5394,0.0,0
yang114514,1000,105,62,0.5905,0.85,0.6947,1070.97,4.1431,2.62,0.2353,1
yang114514,800,188,129,0.6862,0.9,0.7624,824.03,4.8675,2.7522,0.191,0
yang114514,1200,139,80,0.5755,0.78,0.7379,1247.5,4.3944,3.1552,0.1873,1
yang114514,1800,262,88,0.3359,0.5,0.6718,1870.45,4.4886,2.82,0.1666,1
yang114514,1400,175,92,0.5257,0.7,0.751,1444.57,4.5326,3.4422,0.1629,0
yang114514,2000,344,95,0.2762,0.42,0.6575,2037.89,4.5643,2.5688,0.1511,1
yang114514,1600,268,120,0.4478,0.6,0.7463,1635.0,4.7958,3.5109,0.147,1
yang114514,2600,60,11,0.1833,0.22,0.8333,2618.18,2.4849,1.1928,0.0433,0
yang114514,2200,230,119,0.5174,0.35,1.4783,2252.1,4.7875,5.5785,0.0,0
yang114514,2400,263,76,0.289,0.28,1.032,2434.21,4.3438,3.0555,0.0,0
yang114514,2800,82,24,0.2927,0.16,1.8293,2850.0,3.2189,2.685,0.0,0
yang114514,3000,22,3,0.1364,0.11,1.2397,3033.33,1.3863,0.5734,0.0,0
yang114514,3200,4,4,1.0,0.07,2.0,3200.0,1.6094,5.1502,0.0,0
yangchang,1600,132,53,0.4015,0.6,0.6692,1669.81,3.989,2.6744,0.1946,1
yangchang,2000,360,109,0.3028,0.42,0.7209,2047.71,4.7005,2.9143,0.1211,1
yangchang,2400,988,252,0.2551,0.28,0.9109,2436.11,5.5334,3.4382,0.0263,0
yangchang,800,65,57,0.8769,0.9,0.9744,821.05,4.0604,2.9235,0.0191,0
yangchang,1800,218,106,0.4862,0.5,0.9725,1876.42,4.6728,4.2634,0.0131,0
yangchang,1400,73,51,0.6986,0.7,0.998,1435.29,3.9512,3.9621,0.0012,0
yangchang,1000,26,23,0.8846,0.85,1.0407,1039.13,3.1781,2.9214,0.0,0
yangchang,1200,44,36,0.8182,0.78,1.049,1238.89,3.6109,3.6602,0.0,0
yangchang,2200,639,230,0.3599,0.35,1.0284,2263.04,5.4424,4.4331,0.0,0
yangchang,2600,622,175,0.2814,0.22,1.2789,2637.14,5.1705,3.8363,0.0,0
yangchang,2800,716,146,0.2039,0.16,1.2744,2848.63,4.9904,2.8988,0.0,0
yangchang,3000,492,103,0.2093,0.11,1.9032,3039.81,4.6444,2.9556,0.0,0
yangchang,3200,489,130,0.2658,0.07,2.0,3248.46,4.8752,4.2102,0.0,0
yangchang,3400,306,50,0.1634,0.04,2.0,3458.0,3.9318,2.2216,0.0,0
yarolox,1400,14,6,0.4286,0.7,0.6122,1400.0,1.9459,1.1675,0.2495,0
yarolox,2400,1,0,0.0,0.28,0.0,2400.0,0.0,0.0,0.1941,0
yarolox,800,19,15,0.7895,0.9,0.8772,820.0,2.7726,1.7949,0.0878,0
yarolox,1200,7,5,0.7143,0.78,0.9158,1260.0,1.7918,1.6126,0.0489,0
yarolox,1000,8,8,1.0,0.85,1.1765,1075.0,2.1972,2.362,0.0,0
yarolox,1800,19,12,0.6316,0.5,1.2632,1800.0,2.5649,2.9159,0.0,0
yarolox,2000,17,14,0.8235,0.42,1.9608,2100.0,2.7081,4.6833,0.0,0
yarolox,2200,35,19,0.5429,0.35,1.551,2200.0,2.9957,3.5778,0.0,0
yarolox,2600,4,4,1.0,0.22,2.0,2700.0,1.6094,4.3455,0.0,0
yjx120921,1000,106,69,0.6509,0.85,0.7658,1078.26,4.2485,2.982,0.1772,0
yjx120921,1800,558,203,0.3638,0.5,0.7276,1845.32,5.3181,3.5702,0.1364,1
yjx120921,1400,133,74,0.5564,0.7,0.7948,1439.19,4.3175,3.4572,0.1323,0
yjx120921,1200,167,116,0.6946,0.78,0.8905,1256.03,4.7622,4.1548,0.0759,0
yjx120921,1600,249,134,0.5382,0.6,0.8969,1654.48,4.9053,4.3675,0.0578,0
yjx120921,800,190,162,0.8526,0.9,0.9474,822.22,5.0938,3.571,0.0408,0
yjx120921,2000,377,172,0.4562,0.42,1.0863,2041.28,5.1533,4.7993,0.0,0
yjx120921,2200,448,208,0.4643,0.35,1.3265,2257.21,5.3423,5.5987,0.0,0
yjx120921,2400,763,252,0.3303,0.28,1.1796,2448.02,5.5334,4.4739,0.0,0
yjx120921,2600,674,171,0.2537,0.22,1.1532,2643.86,5.1475,3.4528,0.0,0
yjx120921,2800,345,127,0.3681,0.16,2.0,2849.61,4.852,5.0897,0.0,0
yjx120921,3000,371,131,0.3531,0.11,2.0,3031.3,4.8828,5.2263,0.0,0
yjx120921,3200,163,52,0.319,0.07,2.0,3244.23,3.9703,4.1091,0.0,0
yjx120921,3400,77,27,0.3506,0.04,2.0,3466.67,3.3322,4.0506,0.0,0
ym_fan,800,25,23,0.92,0.9,1.0222,834.78,3.1781,2.4407,0.0,0
ym_fan,1000,10,10,1.0,0.85,1.1765,1060.0,2.3979,2.5418,0.0,0
ym_fan,1200,9,9,1.0,0.78,1.2821,1266.67,2.3026,2.9166,0.0,0
ym_fan,1400,17,17,1.0,0.7,1.4286,1464.71,2.8904,4.2335,0.0,0
ym_fan,1600,3,3,1.0,0.6,1.6667,1700.0,1.3863,2.3567,0.0,0
ym_fan,1800,19,16,0.8421,0.5,1.6842,1850.0,2.8332,4.4138,0.0,0
ym_fan,2000,11,11,1.0,0.42,2.0,2000.0,2.4849,4.9698,0.0,0
ym_fan,2200,61,31,0.5082,0.35,1.452,2225.81,3.4657,3.9203,0.0,0
ym_fan,2400,12,12,1.0,0.28,2.0,2466.67,2.5649,6.3269,0.0,0
ym_fan,2800,5,5,1.0,0.16,2.0,2800.0,1.7918,5.0169,0.0,0
yuki_neko,1800,8,2,0.25,0.5,0.5,1800.0,1.0986,0.4944,0.2617,0
yuki_neko,1200,10,5,0.5,0.78,0.641,1260.0,1.7918,1.1288,0.2405,0
yuki_neko,1400,4,2,0.5,0.7,0.7143,1400.0,1.0986,0.769,0.1534,0
yuki_neko,800,20,16,0.8,0.9,0.8889,825.0,2.8332,1.8699,0.0794,0
yuki_neko,1000,4,4,1.0,0.85,1.1765,1050.0,1.6094,1.6899,0.0,0
yuki_neko,1600,2,2,1.0,0.6,1.6667,1700.0,1.0986,1.8676,0.0,0
yuki_neko,2000,16,7,0.4375,0.42,1.0417,2100.0,2.0794,1.9105,0.0,0
yuki_neko,2200,5,5,1.0,0.35,2.0,2200.0,1.7918,3.9419,0.0,0
yunz_qiao,1200,911,273,0.2997,0.78,0.3842,1250.92,5.6131,2.1042,0.495,1
yunz_qiao,1600,1996,392,0.1964,0.6,0.3273,1646.94,5.9738,1.9322,0.4398,1
yunz_qiao,1000,496,226,0.4556,0.85,0.5361,1057.08,5.425,2.6129,0.3811,1
yunz_qiao,1400,797,303,0.3802,0.7,0.5431,1450.83,5.717,3.1533,0.3182,1
yunz_qiao,1800,1269,265,0.2088,0.5,0.4177,1841.51,5.5835,2.1472,0.3161,1
yunz_qiao,800,504,315,0.625,0.9,0.6944,827.3,5.7557,2.9761,0.2534,1
yunz_qiao,2000,537,109,0.203,0.42,0.4833,2052.29,4.7005,1.9581,0.2394,1
yunz_qiao,2400,137,20,0.146,0.28,0.5214,2400.0,3.0445,1.0667,0.1633,1
yunz_qiao,2200,143,30,0.2098,0.35,0.5994,2243.33,3.434,1.6161,0.1572,1
yunz_qiao,2600,6,3,0.5,0.22,2.0,2600.0,1.3863,1.8022,0.0,0
yunz_qiao,2800,2,2,1.0,0.16,2.0,2800.0,1.0986,3.0761,0.0,0
yutabi,800,321,237,0.7383,0.9,0.8204,816.88,5.4723,3.3004,0.1443,0
yutabi,1400,245,154,0.6286,0.7,0.898,1440.91,5.0434,4.5679,0.0651,0
yutabi,1600,333,180,0.5405,0.6,0.9009,1668.33,5.1985,4.688,0.0557,0
yutabi,1200,226,163,0.7212,0.78,0.9247,1244.79,5.0999,4.5786,0.0523,0
yutabi,1000,155,130,0.8387,0.85,0.9867,1056.92,4.8752,4.3216,0.0097,0
yutabi,1800,344,174,0.5058,0.5,1.0116,1858.62,5.1648,4.8555,0.0,0
yutabi,2000,379,164,0.4327,0.42,1.0303,2040.85,5.1059,4.5091,0.0,0
yutabi,2200,178,94,0.5281,0.35,1.5088,2250.0,4.5539,5.4109,0.0,0
yutabi,2400,238,80,0.3361,0.28,1.2005,2463.75,4.3944,3.6393,0.0,0
yutabi,2600,76,26,0.3421,0.22,1.555,2607.69,3.2958,2.9402,0.0,0
yutabi,2800,36,6,0.1667,0.16,1.0417,2850.0,1.9459,0.9243,0.0,0
yutabi,3000,13,13,1.0,0.11,2.0,3030.77,2.6391,7.9984,0.0,0
yutabi,3400,9,6,0.6667,0.04,2.0,3500.0,1.9459,4.5405,0.0,0
yuto1115,1000,205,161,0.7854,0.85,0.924,1055.9,5.0876,4.219,0.0566,0
yuto1115,800,272,238,0.875,0.9,0.9722,817.65,5.4765,3.9181,0.0217,0
yuto1115,1200,299,241,0.806,0.78,1.0334,1247.72,5.4889,5.5201,0.0,0
yuto1115,1400,366,282,0.7705,0.7,1.1007,1441.13,5.6454,6.2686,0.0,0
yuto1115,1600,474,361,0.7616,0.6,1.2693,1662.88,5.8916,7.4615,0.0,0
yuto1115,1800,609,417,0.6847,0.5,1.3695,1857.31,6.0355,7.6757,0.0,0
yuto1115,2000,637,402,0.6311,0.42,1.5026,2053.98,5.9989,7.776,0.0,0
yuto1115,2200,673,365,0.5423,0.35,1.5496,2261.92,5.9026,7.241,0.0,0
yuto1115,2400,753,323,0.429,0.28,1.532,2449.54,5.7807,6.074,0.0,0
yuto1115,2600,495,261,0.5273,0.22,2.0,2634.87,5.5683,7.7361,0.0,0
yuto1115,2800,330,182,0.5515,0.16,2.0,2853.3,5.2095,8.1978,0.0,0
yuto1115,3000,427,128,0.2998,0.11,2.0,3049.22,4.8598,4.4421,0.0,0
yuto1115,3200,150,45,0.3,0.07,2.0,3257.78,3.8286,3.7419,0.0,0
yuto1115,3400,78,16,0.2051,0.04,2.0,3475.0,2.8332,2.0196,0.0,0
zabiyakaubivaka,3000,15,0,0.0,0.11,0.0,3000.0,0.0,0.0,0.305,0
zabiyakaubivaka,2400,133,10,0.0752,0.28,0.2685,2400.0,2.3979,0.4327,0.2952,1
zabiyakaubivaka,1800,495,141,0.2848,0.5,0.5697,1852.48,4.9558,2.6151,0.2242,1
zabiyakaubivaka,1000,297,182,0.6128,0.85,0.7209,1062.64,5.2095,3.3923,0.2176,1
zabiyakaubivaka,1400,380,181,0.4763,0.7,0.6805,1432.6,5.204,3.551,0.2143,1
zabiyakaubivaka,2000,431,104,0.2413,0.42,0.5745,2051.92,4.654,2.3043,0.1918,1
zabiyakaubivaka,2600,33,3,0.0909,0.22,0.4132,2600.0,1.3863,0.3277,0.1908,1
zabiyakaubivaka,800,384,284,0.7396,0.9,0.8218,815.85,5.6525,3.4106,0.1436,0
zabiyakaubivaka,1200,273,182,0.6667,0.78,0.8547,1250.0,5.2095,4.3412,0.1024,0
zabiyakaubivaka,1600,327,169,0.5168,0.6,0.8614,1659.17,5.1358,4.4039,0.0785,0
zabiyakaubivaka,2200,147,55,0.3741,0.35,1.069,2247.27,4.0254,3.3846,0.0,0
zabiyakaubivaka,2800,11,4,0.3636,0.16,2.0,2825.0,1.6094,1.6533,0.0,0
zacharychao,1000,1231,655,0.5321,0.85,0.626,1051.15,6.4862,3.6277,0.3022,1
zacharychao,1200,1252,718,0.5735,0.78,0.7352,1251.25,6.5779,4.7201,0.1944,1
zacharychao,1400,1259,642,0.5099,0.7,0.7285,1442.99,6.4661,4.7579,0.1817,1
zacharychao,800,1432,1083,0.7563,0.9,0.8403,818.93,6.9884,4.3282,0.1307,0
zacharychao,1600,1125,580,0.5156,0.6,0.8593,1649.14,6.3648,5.4115,0.0806,0
zacharychao,3000,162,15,0.0926,0.11,0.8418,3046.67,2.7726,0.7821,0.0235,0
zacharychao,2000,1103,454,0.4116,0.42,0.98,2047.36,6.1203,5.1576,0.0083,0
zacharychao,1800,967,498,0.515,0.5,1.03,1851.0,6.2126,5.9222,0.0,0
zacharychao,2200,1160,432,0.3724,0.35,1.064,2248.61,6.0707,5.0837,0.0,0
zacharychao,2400,1246,384,0.3082,0.28,1.1007,2442.71,5.9532,4.4817,0.0,0
zacharychao,2600,268,106,0.3955,0.22,1.7978,2643.4,4.6728,4.8855,0.0,0
zacharychao,2800,167,70,0.4192,0.16,2.0,2820.0,4.2627,5.0386,0.0,0
zacharychao,3200,11,8,0.7273,0.07,2.0,3200.0,2.1972,5.1135,0.0,0
zacharychao,3400,12,4,0.3333,0.04,2.0,3400.0,1.6094,1.824,0.0,0
zakI98,1200,684,191,0.2792,0.78,0.358,1256.54,5.2575,1.8447,0.5225,1
zakI98,1400,1440,378,0.2625,0.7,0.375,1459.52,5.9375,2.2748,0.4587,1
zakI98,1000,339,138,0.4071,0.85,0.4789,1062.32,4.9345,2.1339,0.435,1
zakI98,800,594,271,0.4562,0.9,0.5069,821.03,5.6058,2.0998,0.4292,1
zakI98,1600,2062,551,0.2672,0.6,0.4454,1654.45,6.3135,2.7912,0.3473,1
zakI98,3000,11,0,0.0,0.11,0.0,3000.0,0.0,0.0,0.2733,0
zakI98,2800,114,3,0.0263,0.16,0.1645,2800.0,1.3863,0.1021,0.2658,1
zakI98,1800,2183,573,0.2625,0.5,0.525,1843.8,6.3526,3.0745,0.2484,1
zakI98,2000,2006,570,0.2841,0.42,0.6765,2069.82,6.3474,3.7331,0.1406,1
zakI98,2400,504,101,0.2004,0.28,0.7157,2439.6,4.625,2.2611,0.0881,1
zakI98,3200,1,0,0.0,0.07,0.0,3200.0,0.0,0.0,0.0485,0
zakI98,2200,1092,398,0.3645,0.35,1.0413,2229.9,5.989,4.8674,0.0,0
zakI98,2600,111,43,0.3874,0.22,1.7609,2625.58,3.7842,3.849,0.0,0
zcz0263,1000,109,65,0.5963,0.85,0.7016,1073.85,4.1897,2.6829,0.2298,1
zcz0263,1800,288,98,0.3403,0.5,0.6806,1838.78,4.5951,2.8751,0.1618,1
zcz0263,1400,92,50,0.5435,0.7,0.7764,1442.0,3.9318,3.0814,0.1439,0
zcz0263,800,192,149,0.776,0.9,0.8623,822.15,5.0106,3.1969,0.1085,0
zcz0263,1200,104,75,0.7212,0.78,0.9246,1262.67,4.3307,3.9435,0.0514,0
zcz0263,1600,170,96,0.5647,0.6,0.9412,1669.79,4.5747,4.3137,0.0326,0
zcz0263,2000,198,78,0.3939,0.42,0.938,2056.41,4.3694,3.5397,0.0257,0
zcz0263,2600,201,42,0.209,0.22,0.9498,2633.33,3.7612,2.0696,0.0123,0
zcz0263,3000,553,57,0.1031,0.11,0.937,3026.32,4.0604,1.2666,0.0086,0
zcz0263,2200,243,105,0.4321,0.35,1.2346,2246.67,4.6634,4.5272,0.0,0
zcz0263,2400,346,107,0.3092,0.28,1.1045,2446.73,4.6821,3.5427,0.0,0
zcz0263,2800,253,41,0.1621,0.16,1.0128,2858.54,3.7377,1.7314,0.0,0
zcz0263,3200,88,15,0.1705,0.07,2.0,3233.33,2.7726,1.5281,0.0,0
zdc123456,1400,731,344,0.4706,0.7,0.6723,1441.28,5.8435,3.9634,0.2211,1
zdc123456,2000,1910,540,0.2827,0.42,0.6731,2054.07,6.2934,3.6548,0.1422,1
zdc123456,1000,351,250,0.7123,0.85,0.8379,1056.0,5.5255,4.1559,0.1238,0
zdc123456,800,746,591,0.7922,0.9,0.8803,817.6,6.3835,4.1347,0.0966,0
zdc123456,1200,488,335,0.6865,0.78,0.8801,1246.57,5.8171,4.9779,0.085,0
zdc123456,1800,1006,416,0.4135,0.5,0.827,1859.86,6.0331,4.64,0.085,0
zdc123456,1600,818,439,0.5367,0.6,0.8945,1661.05,6.0868,5.426,0.0599,0
zdc123456,2200,1551,600,0.3868,0.35,1.1053,2250.83,6.3986,5.5714,0.0,0
zdc123456,2400,1399,504,0.3603,0.28,1.2866,2449.21,6.2246,5.4922,0.0,0
zdc123456,2600,1225,436,0.3559,0.22,1.6178,2633.72,6.0799,5.6993,0.0,0
zdc123456,2800,1126,323,0.2869,0.16,1.7929,2840.25,5.7807,4.7098,0.0,0
zdc123456,3000,789,245,0.3105,0.11,2.0,3037.55,5.5053,5.1927,0.0,0
zdc123456,3200,671,195,0.2906,0.07,2.0,3244.1,5.2781,4.9761,0.0,0
zdc123456,3400,781,163,0.2087,0.04,2.0,3466.87,5.0999,3.6901,0.0,0
zhangtianhan,2800,54,3,0.0556,0.16,0.3472,2800.0,1.3863,0.2156,0.1754,1
zhangtianhan,2400,481,66,0.1372,0.28,0.4901,2428.79,4.2047,1.4013,0.1695,1
zhangtianhan,1200,395,240,0.6076,0.78,0.779,1260.42,5.4848,4.2004,0.159,0
zhangtianhan,2000,440,120,0.2727,0.42,0.6494,2048.33,4.7958,2.6791,0.1547,1
zhangtianhan,800,439,345,0.7859,0.9,0.8732,816.23,5.8464,3.7502,0.1015,0
zhangtianhan,1000,257,191,0.7432,0.85,0.8743,1070.16,5.2575,4.1814,0.0948,0
zhangtianhan,1800,642,261,0.4065,0.5,0.8131,1851.34,5.5683,4.191,0.092,0
zhangtianhan,2200,418,110,0.2632,0.35,0.7519,2244.55,4.7095,2.7818,0.0918,0
zhangtianhan,1400,275,171,0.6218,0.7,0.8883,1447.95,5.1475,4.6346,0.0715,0
zhangtianhan,1600,351,190,0.5413,0.6,0.9022,1653.68,5.2523,4.7016,0.055,0
zhangtianhan,2600,15,6,0.4,0.22,1.8182,2600.0,1.9459,2.0237,0.0,0
zhenghanyun2,1000,69,49,0.7101,0.85,0.8355,1059.18,3.912,2.9425,0.121,0
zhenghanyun2,800,99,81,0.8182,0.9,0.9091,808.64,4.4067,2.9156,0.0697,0
zhenghanyun2,1400,102,68,0.6667,0.7,0.9524,1447.06,4.2341,4.0847,0.0295,0
zhenghanyun2,1200,80,66,0.825,0.78,1.0577,1239.39,4.2047,4.2993,0.0,0
zhenghanyun2,1600,95,65,0.6842,0.6,1.1404,1661.54,4.1897,4.763,0.0,0
zhenghanyun2,1800,106,72,0.6792,0.5,1.3585,1854.17,4.2905,5.4036,0.0,0
zhenghanyun2,2000,122,70,0.5738,0.42,1.3661,2058.57,4.2627,5.0349,0.0,0
zhenghanyun2,2200,349,156,0.447,0.35,1.2771,2264.1,5.0562,5.1171,0.0,0
zhenghanyun2,2400,956,444,0.4644,0.28,1.6587,2446.4,6.0981,6.9286,0.0,0
zhenghanyun2,2600,1086,362,0.3333,0.22,1.5152,2637.29,5.8944,5.1818,0.0,0
zhenghanyun2,2800,364,134,0.3681,0.16,2.0,2829.1,4.9053,5.1088,0.0,0
zhenghanyun2,3000,74,32,0.4324,0.11,2.0,3043.75,3.4965,4.6022,0.0,0
zhenghanyun2,3200,19,7,0.3684,0.07,2.0,3200.0,2.0794,2.4516,0.0,0
zhenghanyun2,3400,43,19,0.4419,0.04,2.0,3478.95,2.9957,4.6051,0.0,0
zhuchenyao,1400,408,144,0.3529,0.7,0.5042,1458.33,4.9767,2.5616,0.3492,1
zhuchenyao,800,203,136,0.67,0.9,0.7444,819.85,4.92,2.7024,0.2067,1
zhuchenyao,1200,144,83,0.5764,0.78,0.739,1262.65,4.4308,3.2247,0.1866,1
zhuchenyao,1800,546,179,0.3278,0.5,0.6557,1856.42,5.193,3.1605,0.1753,1
zhuchenyao,1600,365,156,0.4274,0.6,0.7123,1660.9,5.0562,3.5892,0.1682,1
zhuchenyao,2200,1226,263,0.2145,0.35,0.6129,2253.99,5.5759,2.6961,0.1465,1
zhuchenyao,2000,737,223,0.3026,0.42,0.7204,2042.15,5.4116,3.3439,0.1209,1
zhuchenyao,1000,97,73,0.7526,0.85,0.8854,1068.49,4.3041,3.461,0.0842,0
zhuchenyao,2600,901,161,0.1787,0.22,0.8122,2644.72,5.0876,2.4043,0.0462,0
zhuchenyao,2400,979,234,0.239,0.28,0.8536,2445.3,5.4596,3.191,0.0437,0
zhuchenyao,2800,752,132,0.1755,0.16,1.0971,2827.27,4.8903,2.427,0.0,0
zhuchenyao,3000,81,27,0.3333,0.11,2.0,3022.22,3.3322,3.3569,0.0,0
zhuchenyao,3200,155,27,0.1742,0.07,2.0,3248.15,3.3322,1.8854,0.0,0
zhuchenyao,3400,111,23,0.2072,0.04,2.0,3430.43,3.1781,2.259,0.0,0
zhuzeyu,1200,139,54,0.3885,0.78,0.4981,1261.11,4.0073,1.9633,0.3864,1
zhuzeyu,1800,261,46,0.1762,0.5,0.3525,1856.52,3.8501,1.2598,0.3717,1
zhuzeyu,2400,160,9,0.0562,0.28,0.2009,2400.0,2.3026,0.3108,0.3443,1
zhuzeyu,1600,164,57,0.3476,0.6,0.5793,1652.63,4.0604,2.3323,0.2547,1
zhuzeyu,2000,141,29,0.2057,0.42,0.4897,2044.83,3.4012,1.4304,0.2413,1
zhuzeyu,1400,109,52,0.4771,0.7,0.6815,1453.85,3.9703,2.7537,0.2108,1
zhuzeyu,1000,128,81,0.6328,0.85,0.7445,1055.56,4.4067,2.9436,0.1952,1
zhuzeyu,800,165,117,0.7091,0.9,0.7879,817.95,4.7707,2.767,0.1691,0
zhuzeyu,2200,161,40,0.2484,0.35,0.7098,2227.5,3.7136,2.0552,0.1096,1
zhuzeyu,2600,11,8,0.7273,0.22,2.0,2687.5,2.1972,4.2946,0.0,0
zhuzeyu,3000,12,6,0.5,0.11,2.0,3000.0,1.9459,2.9189,0.0,0
zhy1206,1400,448,161,0.3594,0.7,0.5134,1446.58,5.0876,2.6449,0.3417,1
zhy1206,1000,309,152,0.4919,0.85,0.5787,1068.42,5.0304,2.6438,0.3406,1
zhy1206,1800,1768,372,0.2104,0.5,0.4208,1863.98,5.9216,2.3224,0.3129,1
zhy1206,800,532,310,0.5827,0.9,0.6475,821.29,5.7398,2.7469,0.2956,1
zhy1206,1200,381,185,0.4856,0.78,0.6225,1256.76,5.2257,3.1889,0.2812,1
zhy1206,1600,718,242,0.337,0.6,0.5617,1648.76,5.4931,3.0526,0.2664,1
zhy1206,2000,3014,557,0.1848,0.42,0.44,2051.17,6.3244,2.3973,0.2573,1
zhy1206,2200,3686,655,0.1777,0.35,0.5077,2243.97,6.4862,2.5864,0.189,1
zhy1206,2400,2474,382,0.1544,0.28,0.5514,2438.48,5.948,2.2395,0.1412,1
zhy1206,2600,767,111,0.1447,0.22,0.6578,2645.95,4.7185,1.8068,0.0875,1
zhy1206,2800,440,61,0.1386,0.16,0.8665,2839.34,4.1271,1.6246,0.0254,0
zhy1206,3000,303,47,0.1551,0.11,1.4101,3031.91,3.8712,1.8206,0.0,0
zhy1206,3200,164,14,0.0854,0.07,1.2195,3257.14,2.7081,0.753,0.0,0
zhy1206,3400,32,6,0.1875,0.04,2.0,3433.33,1.9459,1.2527,0.0,0
zjwwjhy,1400,412,225,0.5461,0.7,0.7802,1452.44,5.4205,4.2996,0.1444,0
zjwwjhy,1000,231,160,0.6926,0.85,0.8149,1063.12,5.0814,3.7418,0.1409,0
zjwwjhy,1600,527,256,0.4858,0.6,0.8096,1651.95,5.5491,4.4529,0.1093,0
zjwwjhy,1800,749,305,0.4072,0.5,0.8144,1860.0,5.7236,4.3351,0.0914,0
zjwwjhy,2000,975,359,0.3682,0.42,0.8767,2052.37,5.8861,4.4481,0.0518,0
zjwwjhy,1200,267,195,0.7303,0.78,0.9363,1257.95,5.2781,4.8491,0.0442,0
zjwwjhy,800,324,283,0.8735,0.9,0.9705,818.73,5.649,4.0397,0.0231,0
zjwwjhy,2200,2242,764,0.3408,0.35,0.9736,2254.32,6.6399,5.1007,0.0093,0
zjwwjhy,2600,742,158,0.2129,0.22,0.9679,2630.38,5.0689,2.8391,0.0077,0
zjwwjhy,2400,2050,662,0.3229,0.28,1.1533,2438.67,6.4968,5.1163,0.0,0
zjwwjhy,2800,213,59,0.277,0.16,1.7312,2838.98,4.0943,3.2197,0.0,0
zjwwjhy,3000,37,5,0.1351,0.11,1.2285,3000.0,1.7918,0.7264,0.0,0
zltzlt,800,3209,1779,0.5544,0.9,0.616,821.3,7.4844,3.4077,0.3289,1
zltzlt,1000,1807,930,0.5147,0.85,0.6055,1056.67,6.8363,3.7178,0.3209,1
zltzlt,1200,2201,1161,0.5275,0.78,0.6763,1253.06,7.0579,4.6651,0.2412,1
zltzlt,1400,2763,1299,0.4701,0.7,0.6716,1450.73,7.1701,4.8904,0.2229,1
zltzlt,1600,3369,1560,0.463,0.6,0.7717,1658.72,7.3531,5.6476,0.1332,0
zltzlt,1800,4454,1951,0.438,0.5,0.8761,1855.82,7.5766,6.1591,0.0607,0
zltzlt,2000,4423,1745,0.3945,0.42,0.9394,2049.17,7.4651,6.0352,0.0253,0
zltzlt,2200,4537,1854,0.4086,0.35,1.1675,2247.46,7.5256,6.9116,0.0,0
zltzlt,2400,6488,2006,0.3092,0.28,1.1042,2450.3,7.6044,5.7611,0.0,0
zltzlt,2600,4128,1295,0.3137,0.22,1.426,2646.95,7.167,5.9513,0.0,0
zltzlt,2800,2417,851,0.3521,0.16,2.0,2841.25,6.7476,6.7501,0.0,0
zltzlt,3000,1919,569,0.2965,0.11,2.0,3038.66,6.3456,5.7174,0.0,0
zltzlt,3200,1529,419,0.274,0.07,2.0,3242.72,6.0403,5.3675,0.0,0
zltzlt,3400,1358,354,0.2607,0.04,2.0,3466.38,5.8721,5.3061,0.0,0
zlxFTH,800,535,306,0.572,0.9,0.6355,815.69,5.7268,2.6718,0.3064,1
zlxFTH,1000,285,153,0.5368,0.85,0.6316,1059.48,5.037,2.8649,0.2934,1
zlxFTH,1200,345,176,0.5101,0.78,0.654,1259.09,5.1761,3.3247,0.2554,1
zlxFTH,1400,501,225,0.4491,0.7,0.6416,1437.78,5.4205,3.5001,0.243,1
zlxFTH,1600,646,304,0.4706,0.6,0.7843,1663.49,5.7203,4.478,0.1246,0
zlxFTH,1800,786,328,0.4173,0.5,0.8346,1849.7,5.7961,4.4739,0.0811,0
zlxFTH,2000,749,342,0.4566,0.42,1.0872,2046.2,5.8377,5.4543,0.0,0
zlxFTH,2200,756,273,0.3611,0.35,1.0317,2267.4,5.6131,4.5959,0.0,0
zlxFTH,2400,1674,611,0.365,0.28,1.3036,2446.64,6.4167,5.7302,0.0,0
zlxFTH,2600,803,358,0.4458,0.22,2.0,2643.85,5.8833,6.9347,0.0,0
zlxFTH,2800,567,252,0.4444,0.16,2.0,2830.95,5.5334,6.9621,0.0,0
zlxFTH,3000,315,125,0.3968,0.11,2.0,3035.2,4.8363,5.825,0.0,0
zlxFTH,3200,382,84,0.2199,0.07,2.0,3254.76,4.4427,3.1796,0.0,0
zlxFTH,3400,347,67,0.1931,0.04,2.0,3461.19,4.2195,2.8199,0.0,0
zoutong,1200,115,65,0.5652,0.78,0.7246,1244.62,4.1897,2.9473,0.1967,1
zoutong,1600,289,128,0.4429,0.6,0.7382,1664.06,4.8598,3.5818,0.152,1
zoutong,1400,146,87,0.5959,0.7,0.8513,1458.62,4.4773,3.8916,0.0949,0
zoutong,1000,63,47,0.746,0.85,0.8777,1055.32,3.8712,3.0478,0.0888,0
zoutong,1800,372,161,0.4328,0.5,0.8656,1855.28,5.0876,4.0851,0.0654,0
zoutong,800,134,111,0.8284,0.9,0.9204,821.62,4.7185,3.2114,0.0615,0
zoutong,2800,246,30,0.122,0.16,0.7622,2853.33,3.434,1.1949,0.0473,0
zoutong,2400,158,39,0.2468,0.28,0.8816,2438.46,3.6889,2.2203,0.0359,0
zoutong,2000,303,131,0.4323,0.42,1.0294,2045.04,4.8828,4.3172,0.0,0
zoutong,2200,127,45,0.3543,0.35,1.0124,2228.89,3.8286,3.0237,0.0,0
zoutong,2600,96,24,0.25,0.22,1.1364,2625.0,3.2189,2.1124,0.0,0
zoutong,3000,173,42,0.2428,0.11,2.0,3040.48,3.7612,2.7763,0.0,0
zoutong,3200,13,9,0.6923,0.07,2.0,3200.0,2.3026,5.1011,0.0,0
zoutong,3400,8,4,0.5,0.04,2.0,3500.0,1.6094,2.8165,0.0,0
zsmihaly,1000,143,63,0.4406,0.85,0.5183,1041.27,4.1589,1.9079,0.3944,1
zsmihaly,1200,243,102,0.4198,0.78,0.5381,1235.29,4.6347,2.4032,0.3515,1
zsmihaly,1400,210,80,0.381,0.7,0.5442,1443.75,4.3944,2.4169,0.3165,1
zsmihaly,1600,347,131,0.3775,0.6,0.6292,1639.69,4.8828,3.0226,0.2213,1
zsmihaly,800,181,134,0.7403,0.9,0.8226,827.61,4.9053,3.0055,0.1407,0
zsmihaly,2200,332,77,0.2319,0.35,0.6627,2244.16,4.3567,2.2676,0.128,1
zsmihaly,2000,318,95,0.2987,0.42,0.7113,2049.47,4.5643,2.7946,0.1256,1
zsmihaly,1800,263,105,0.3992,0.5,0.7985,1862.86,4.6634,3.4683,0.0992,0
zsmihaly,2400,197,62,0.3147,0.28,1.124,2430.65,4.1431,3.1694,0.0,0
zsmihaly,2600,41,21,0.5122,0.22,2.0,2623.81,3.091,4.1541,0.0,0
zsmihaly,2800,111,31,0.2793,0.16,1.7455,2861.29,3.4657,2.7695,0.0,0
zsmihaly,3200,12,4,0.3333,0.07,2.0,3300.0,1.6094,1.7704,0.0,0
zyadhany,1400,1316,638,0.4848,0.7,0.6926,1454.7,6.4599,4.5558,0.2072,1
zyadhany,1000,968,629,0.6498,0.85,0.7645,1060.1,6.4457,4.4401,0.1849,0
zyadhany,1200,1060,635,0.5991,0.78,0.768,1251.81,6.4552,4.8408,0.1691,0
zyadhany,800,1645,1208,0.7343,0.9,0.8159,814.65,7.0975,4.246,0.1515,0
zyadhany,1800,1762,646,0.3666,0.5,0.7333,1855.11,6.4723,4.4021,0.1334,1
zyadhany,3200,4,0,0.0,0.07,0.0,3200.0,0.0,0.0,0.1127,0
zyadhany,1600,1386,716,0.5166,0.6,0.861,1659.22,6.5751,5.6358,0.0797,0
zyadhany,2200,1456,404,0.2775,0.35,0.7928,2251.98,6.0039,3.7516,0.0754,0
zyadhany,2400,1255,306,0.2438,0.28,0.8708,2443.14,5.7268,3.4115,0.0384,0
zyadhany,2000,1331,536,0.4027,0.42,0.9588,2052.05,6.286,5.1946,0.0171,0
zyadhany,2600,328,97,0.2957,0.22,1.3442,2641.24,4.585,3.5813,0.0,0
zyadhany,2800,125,27,0.216,0.16,1.35,2811.11,3.3322,2.0233,0.0,0
zyadhany,3000,31,5,0.1613,0.11,1.4663,3100.0,1.7918,0.8959,0.0,0
zyc2745518585,1400,3,0,0.0,0.7,0.0,1400.0,0.0,0.0,0.9704,0
zyc2745518585,1000,14,4,0.2857,0.85,0.3361,1100.0,1.6094,0.5058,0.5856,0
zyc2745518585,2600,10,0,0.0,0.22,0.0,2600.0,0.0,0.0,0.5275,0
zyc2745518585,1800,49,10,0.2041,0.5,0.4082,1870.0,2.3979,0.9151,0.3407,1
zyc2745518585,2000,43,9,0.2093,0.42,0.4983,2066.67,2.3026,0.996,0.2414,1
zyc2745518585,800,25,16,0.64,0.9,0.7111,837.5,2.8332,1.5186,0.221,1
zyc2745518585,1600,27,11,0.4074,0.6,0.679,1636.36,2.4849,1.6566,0.1842,1
zyc2745518585,2400,81,16,0.1975,0.28,0.7055,2456.25,2.8332,1.3746,0.0948,1
zyc2745518585,1200,9,9,1.0,0.78,1.2821,1244.44,2.3026,2.8654,0.0,0
zyc2745518585,2200,12,8,0.6667,0.35,1.9048,2200.0,2.1972,3.2226,0.0,0
zzuqy,800,1225,963,0.7861,0.9,0.8735,811.01,6.8711,4.3807,0.1029,0
zzuqy,1200,560,385,0.6875,0.78,0.8814,1246.23,5.9558,5.1029,0.0842,0
zzuqy,1000,380,292,0.7684,0.85,0.904,1068.49,5.6802,4.6637,0.0726,0
zzuqy,2000,2363,866,0.3665,0.42,0.8726,2044.34,6.765,5.0685,0.0535,0
zzuqy,1400,458,297,0.6485,0.7,0.9264,1449.83,5.6971,5.3563,0.0472,0
zzuqy,1600,1121,647,0.5772,0.6,0.9619,1632.3,6.4739,6.0991,0.0215,0
zzuqy,1800,1200,591,0.4925,0.5,0.985,1836.55,6.3835,5.7739,0.0072,0
zzuqy,2200,545,191,0.3505,0.35,1.0013,2231.41,5.2575,4.1115,0.0,0
zzuqy,2400,1902,570,0.2997,0.28,1.0703,2424.39,6.3474,4.6117,0.0,0
zzuqy,2600,171,45,0.2632,0.22,1.1962,2655.56,3.8286,2.6756,0.0,0
zzuqy,2800,40,7,0.175,0.16,1.0938,2842.86,2.0794,1.0345,0.0,0
zzuqy,3000,13,5,0.3846,0.11,2.0,3040.0,1.7918,2.095,0.0,0
zzuqy,3200,22,6,0.2727,0.07,2.0,3200.0,1.9459,1.6982,0.0,0
zzz13579zzz,1600,507,105,0.2071,0.6,0.3452,1642.86,4.6634,1.5867,0.4322,1
zzz13579zzz,1000,181,76,0.4199,0.85,0.494,1052.63,4.3438,1.9199,0.4189,1
zzz13579zzz,1200,238,94,0.395,0.78,0.5064,1238.3,4.5539,2.2272,0.3797,1
zzz13579zzz,1800,360,81,0.225,0.5,0.45,1859.26,4.4067,1.8435,0.2995,1
zzz13579zzz,1400,219,94,0.4292,0.7,0.6132,1450.0,4.5539,2.8342,0.263,1
zzz13579zzz,2000,429,94,0.2191,0.42,0.5217,2061.7,4.5539,2.0572,0.2193,1
zzz13579zzz,800,247,175,0.7085,0.9,0.7872,815.43,5.1705,2.9872,0.1711,0
zzz13579zzz,2600,281,43,0.153,0.22,0.6956,2655.81,3.7842,1.5379,0.079,1
zzz13579zzz,2400,269,65,0.2416,0.28,0.863,2452.31,4.1897,2.4826,0.0414,0
zzz13579zzz,2200,173,80,0.4624,0.35,1.3212,2263.75,4.3944,4.6002,0.0,0
zzz13579zzz,2800,144,26,0.1806,0.16,1.1285,2834.62,3.2958,1.6868,0.0,0
zzz13579zzz,3000,39,17,0.4359,0.11,2.0,3035.29,2.8904,3.8242,0.0,0
zzz13579zzz,3200,27,9,0.3333,0.07,2.0,3222.22,2.3026,2.4731,0.0,0
zzz13579zzz,3400,8,4,0.5,0.04,2.0,3500.0,1.6094,2.8165,0.0,0
